g,N,E0,E1,gap,xi_gap,xi_corr,m_corr,xi_transfer,m_transfer,i0,comp_i,comp_j,r,corr,abs_corr,log_abs_corr,rMin,rMax
0.4,135,-199.39757268839,nan,nan,nan,66.166612067411,0.015113362597154,nan,nan,17,2,2,1,0.11084706750853,0.11084706750853,-2.1996037978613,1,101
0.4,135,-199.39757268839,nan,nan,nan,66.166612067411,0.015113362597154,nan,nan,17,2,2,2,0.11027750583362,0.11027750583362,-2.2047553097524,1,101
0.4,135,-199.39757268839,nan,nan,nan,66.166612067411,0.015113362597154,nan,nan,17,2,2,3,0.10947657680456,0.10947657680456,-2.2120446630683,1,101
0.4,135,-199.39757268839,nan,nan,nan,66.166612067411,0.015113362597154,nan,nan,17,2,2,4,0.1085483570433,0.1085483570433,-2.2205595182555,1,101
0.4,135,-199.39757268839,nan,nan,nan,66.166612067411,0.015113362597154,nan,nan,17,2,2,5,0.10751387413084,0.10751387413084,-2.23013537806,1,101
0.4,135,-199.39757268839,nan,nan,nan,66.166612067411,0.015113362597154,nan,nan,17,2,2,6,0.10643633660409,0.10643633660409,-2.2402082509387,1,101
0.4,135,-199.39757268839,nan,nan,nan,66.166612067411,0.015113362597154,nan,nan,17,2,2,7,0.105340806586,0.105340806586,-2.2505544079788,1,101
0.4,135,-199.39757268839,nan,nan,nan,66.166612067411,0.015113362597154,nan,nan,17,2,2,8,0.10422389369608,0.10422389369608,-2.261213869845,1,101
0.4,135,-199.39757268839,nan,nan,nan,66.166612067411,0.015113362597154,nan,nan,17,2,2,9,0.10309112978049,0.10309112978049,-2.2721419267672,1,101
0.4,135,-199.39757268839,nan,nan,nan,66.166612067411,0.015113362597154,nan,nan,17,2,2,10,0.10195102811691,0.10195102811691,-2.2832626974915,1,101
0.4,135,-199.39757268839,nan,nan,nan,66.166612067411,0.015113362597154,nan,nan,17,2,2,11,0.10079660217771,0.10079660217771,-2.2946506324675,1,101
0.4,135,-199.39757268839,nan,nan,nan,66.166612067411,0.015113362597154,nan,nan,17,2,2,12,0.099632931971913,0.099632931971913,-2.3062625267534,1,101
0.4,135,-199.39757268839,nan,nan,nan,66.166612067411,0.015113362597154,nan,nan,17,2,2,13,0.098455075946838,0.098455075946838,-2.318154916599,1,101
0.4,135,-199.39757268839,nan,nan,nan,66.166612067411,0.015113362597154,nan,nan,17,2,2,14,0.097265279506902,0.097265279506902,-2.3303131930728,1,101
0.4,135,-199.39757268839,nan,nan,nan,66.166612067411,0.015113362597154,nan,nan,17,2,2,15,0.096062661905615,0.096062661905615,-2.3427545722652,1,101
0.4,135,-199.39757268839,nan,nan,nan,66.166612067411,0.015113362597154,nan,nan,17,2,2,16,0.0948534184842,0.0948534184842,-2.3554225422996,1,101
0.4,135,-199.39757268839,nan,nan,nan,66.166612067411,0.015113362597154,nan,nan,17,2,2,17,0.093630276705719,0.093630276705719,-2.3684014787252,1,101
0.4,135,-199.39757268839,nan,nan,nan,66.166612067411,0.015113362597154,nan,nan,17,2,2,18,0.092399284577884,0.092399284577884,-2.3816360430281,1,101
0.4,135,-199.39757268839,nan,nan,nan,66.166612067411,0.015113362597154,nan,nan,17,2,2,19,0.091160132774299,0.091160132774299,-2.3951376181084,1,101
0.4,135,-199.39757268839,nan,nan,nan,66.166612067411,0.015113362597154,nan,nan,17,2,2,20,0.08991292523938,0.08991292523938,-2.4089135743197,1,101
0.4,135,-199.39757268839,nan,nan,nan,66.166612067411,0.015113362597154,nan,nan,17,2,2,21,0.08866415753312,0.08866415753312,-2.4228995577676,1,101
0.4,135,-199.39757268839,nan,nan,nan,66.166612067411,0.015113362597154,nan,nan,17,2,2,22,0.087416323536063,0.087416323536063,-2.4370732456125,1,101
0.4,135,-199.39757268839,nan,nan,nan,66.166612067411,0.015113362597154,nan,nan,17,2,2,23,0.086164756069757,0.086164756069757,-2.4514940472193,1,101
0.4,135,-199.39757268839,nan,nan,nan,66.166612067411,0.015113362597154,nan,nan,17,2,2,24,0.084912835136793,0.084912835136793,-2.4661300176238,1,101
0.4,135,-199.39757268839,nan,nan,nan,66.166612067411,0.015113362597154,nan,nan,17,2,2,25,0.083660841080202,0.083660841080202,-2.4809842594661,1,101
0.4,135,-199.39757268839,nan,nan,nan,66.166612067411,0.015113362597154,nan,nan,17,2,2,26,0.082412206622776,0.082412206622776,-2.4960217144122,1,101
0.4,135,-199.39757268839,nan,nan,nan,66.166612067411,0.015113362597154,nan,nan,17,2,2,27,0.081175540520204,0.081175540520204,-2.5111413023125,1,101
0.4,135,-199.39757268839,nan,nan,nan,66.166612067411,0.015113362597154,nan,nan,17,2,2,28,0.07994614910965,0.07994614910965,-2.5264020070955,1,101
0.4,135,-199.39757268839,nan,nan,nan,66.166612067411,0.015113362597154,nan,nan,17,2,2,29,0.078723841712775,0.078723841712775,-2.5418092251833,1,101
0.4,135,-199.39757268839,nan,nan,nan,66.166612067411,0.015113362597154,nan,nan,17,2,2,30,0.077510178575352,0.077510178575352,-2.5573460147906,1,101
0.4,135,-199.39757268839,nan,nan,nan,66.166612067411,0.015113362597154,nan,nan,17,2,2,31,0.076308471731379,0.076308471731379,-2.5729713149893,1,101
0.4,135,-199.39757268839,nan,nan,nan,66.166612067411,0.015113362597154,nan,nan,17,2,2,32,0.075121833361524,0.075121833361524,-2.5886440386089,1,101
0.4,135,-199.39757268839,nan,nan,nan,66.166612067411,0.015113362597154,nan,nan,17,2,2,33,0.073951280268713,0.073951280268713,-2.6043487773489,1,101
0.4,135,-199.39757268839,nan,nan,nan,66.166612067411,0.015113362597154,nan,nan,17,2,2,34,0.072796553086578,0.072796553086578,-2.6200866726123,1,101
0.4,135,-199.39757268839,nan,nan,nan,66.166612067411,0.015113362597154,nan,nan,17,2,2,35,0.071663663933526,0.071663663933526,-2.6357714390023,1,101
0.4,135,-199.39757268839,nan,nan,nan,66.166612067411,0.015113362597154,nan,nan,17,2,2,36,0.070547899098707,0.070547899098707,-2.6514633800253,1,101
0.4,135,-199.39757268839,nan,nan,nan,66.166612067411,0.015113362597154,nan,nan,17,2,2,37,0.069445976613786,0.069445976613786,-2.6672061435868,1,101
0.4,135,-199.39757268839,nan,nan,nan,66.166612067411,0.015113362597154,nan,nan,17,2,2,38,0.068362119451269,0.068362119451269,-2.6829364169546,1,101
0.4,135,-199.39757268839,nan,nan,nan,66.166612067411,0.015113362597154,nan,nan,17,2,2,39,0.067298226412434,0.067298226412434,-2.6986213961344,1,101
0.4,135,-199.39757268839,nan,nan,nan,66.166612067411,0.015113362597154,nan,nan,17,2,2,40,0.066254741104299,0.066254741104299,-2.7142482528379,1,101
0.4,135,-199.39757268839,nan,nan,nan,66.166612067411,0.015113362597154,nan,nan,17,2,2,41,0.065231526676063,0.065231526676063,-2.7298123889399,1,101
0.4,135,-199.39757268839,nan,nan,nan,66.166612067411,0.015113362597154,nan,nan,17,2,2,42,0.064227404018211,0.064227404018211,-2.7453253054962,1,101
0.4,135,-199.39757268839,nan,nan,nan,66.166612067411,0.015113362597154,nan,nan,17,2,2,43,0.063242780163313,0.063242780163313,-2.7607743055054,1,101
0.4,135,-199.39757268839,nan,nan,nan,66.166612067411,0.015113362597154,nan,nan,17,2,2,44,0.062275968501378,0.062275968501378,-2.7761796659455,1,101
0.4,135,-199.39757268839,nan,nan,nan,66.166612067411,0.015113362597154,nan,nan,17,2,2,45,0.061323537187366,0.061323537187366,-2.791591542569,1,101
0.4,135,-199.39757268839,nan,nan,nan,66.166612067411,0.015113362597154,nan,nan,17,2,2,46,0.060388013920037,0.060388013920037,-2.8069646387667,1,101
0.4,135,-199.39757268839,nan,nan,nan,66.166612067411,0.015113362597154,nan,nan,17,2,2,47,0.059467805100256,0.059467805100256,-2.822320203625,1,101
0.4,135,-199.39757268839,nan,nan,nan,66.166612067411,0.015113362597154,nan,nan,17,2,2,48,0.058560450040228,0.058560450040228,-2.8376957242454,1,101
0.4,135,-199.39757268839,nan,nan,nan,66.166612067411,0.015113362597154,nan,nan,17,2,2,49,0.057667126028424,0.057667126028424,-2.8530680073734,1,101
0.4,135,-199.39757268839,nan,nan,nan,66.166612067411,0.015113362597154,nan,nan,17,2,2,50,0.056786521339883,0.056786521339883,-2.8684562817694,1,101
0.4,135,-199.39757268839,nan,nan,nan,66.166612067411,0.015113362597154,nan,nan,17,2,2,51,0.055919952903935,0.055919952903935,-2.8838340232613,1,101
0.4,135,-199.39757268839,nan,nan,nan,66.166612067411,0.015113362597154,nan,nan,17,2,2,52,0.055066180580401,0.055066180580401,-2.8992195338348,1,101
0.4,135,-199.39757268839,nan,nan,nan,66.166612067411,0.015113362597154,nan,nan,17,2,2,53,0.054224960469345,0.054224960469345,-2.9146139512811,1,101
0.4,135,-199.39757268839,nan,nan,nan,66.166612067411,0.015113362597154,nan,nan,17,2,2,54,0.053396645331828,0.053396645331828,-2.9300073564907,1,101
0.4,135,-199.39757268839,nan,nan,nan,66.166612067411,0.015113362597154,nan,nan,17,2,2,55,0.052580099958257,0.052580099958257,-2.9454175586123,1,101
0.4,135,-199.39757268839,nan,nan,nan,66.166612067411,0.015113362597154,nan,nan,17,2,2,56,0.051773615634044,0.051773615634044,-2.960874610174,1,101
0.4,135,-199.39757268839,nan,nan,nan,66.166612067411,0.015113362597154,nan,nan,17,2,2,57,0.050975200976567,0.050975200976567,-2.9764160198797,1,101
0.4,135,-199.39757268839,nan,nan,nan,66.166612067411,0.015113362597154,nan,nan,17,2,2,58,0.050185141618393,0.050185141618393,-2.9920362797936,1,101
0.4,135,-199.39757268839,nan,nan,nan,66.166612067411,0.015113362597154,nan,nan,17,2,2,59,0.049404547813872,0.049404547813872,-3.0077127980161,1,101
0.4,135,-199.39757268839,nan,nan,nan,66.166612067411,0.015113362597154,nan,nan,17,2,2,60,0.048632813289627,0.048632813289627,-3.0234568053323,1,101
0.4,135,-199.39757268839,nan,nan,nan,66.166612067411,0.015113362597154,nan,nan,17,2,2,61,0.047870151546125,0.047870151546125,-3.0392631097978,1,101
0.4,135,-199.39757268839,nan,nan,nan,66.166612067411,0.015113362597154,nan,nan,17,2,2,62,0.047118525842721,0.047118525842721,-3.0550890252996,1,101
0.4,135,-199.39757268839,nan,nan,nan,66.166612067411,0.015113362597154,nan,nan,17,2,2,63,0.046376720031054,0.046376720031054,-3.0709576691239,1,101
0.4,135,-199.39757268839,nan,nan,nan,66.166612067411,0.015113362597154,nan,nan,17,2,2,64,0.045645367841992,0.045645367841992,-3.0868531482399,1,101
0.4,135,-199.39757268839,nan,nan,nan,66.166612067411,0.015113362597154,nan,nan,17,2,2,65,0.044921246428872,0.044921246428872,-3.1028444017482,1,101
0.4,135,-199.39757268839,nan,nan,nan,66.166612067411,0.015113362597154,nan,nan,17,2,2,66,0.044202453361939,0.044202453361939,-3.1189749855127,1,101
0.4,135,-199.39757268839,nan,nan,nan,66.166612067411,0.015113362597154,nan,nan,17,2,2,67,0.043491346625263,0.043491346625263,-3.1351932888312,1,101
0.4,135,-199.39757268839,nan,nan,nan,66.166612067411,0.015113362597154,nan,nan,17,2,2,68,0.042788840631538,0.042788840631538,-3.1514779432991,1,101
0.4,135,-199.39757268839,nan,nan,nan,66.166612067411,0.015113362597154,nan,nan,17,2,2,69,0.042094031078823,0.042094031078823,-3.1678493279459,1,101
0.4,135,-199.39757268839,nan,nan,nan,66.166612067411,0.015113362597154,nan,nan,17,2,2,70,0.04141071990699,0.04141071990699,-3.1842154967173,1,101
0.4,135,-199.39757268839,nan,nan,nan,66.166612067411,0.015113362597154,nan,nan,17,2,2,71,0.040740895833757,0.040740895833757,-3.2005228793787,1,101
0.4,135,-199.39757268839,nan,nan,nan,66.166612067411,0.015113362597154,nan,nan,17,2,2,72,0.040084668912963,0.040084668912963,-3.2167613391455,1,101
0.4,135,-199.39757268839,nan,nan,nan,66.166612067411,0.015113362597154,nan,nan,17,2,2,73,0.039441112806662,0.039441112806662,-3.2329465344667,1,101
0.4,135,-199.39757268839,nan,nan,nan,66.166612067411,0.015113362597154,nan,nan,17,2,2,74,0.038806729545748,0.038806729545748,-3.2491616054915,1,101
0.4,135,-199.39757268839,nan,nan,nan,66.166612067411,0.015113362597154,nan,nan,17,2,2,75,0.038185579256602,0.038185579256602,-3.2652973410148,1,101
0.4,135,-199.39757268839,nan,nan,nan,66.166612067411,0.015113362597154,nan,nan,17,2,2,76,0.037575365799802,0.037575365799802,-3.2814066081995,1,101
0.4,135,-199.39757268839,nan,nan,nan,66.166612067411,0.015113362597154,nan,nan,17,2,2,77,0.036975774063068,0.036975774063068,-3.2974923358358,1,101
0.4,135,-199.39757268839,nan,nan,nan,66.166612067411,0.015113362597154,nan,nan,17,2,2,78,0.036390911623349,0.036390911623349,-3.3134362161921,1,101
0.4,135,-199.39757268839,nan,nan,nan,66.166612067411,0.015113362597154,nan,nan,17,2,2,79,0.035819590110812,0.035819590110812,-3.329260325441,1,101
0.4,135,-199.39757268839,nan,nan,nan,66.166612067411,0.015113362597154,nan,nan,17,2,2,80,0.035262023966116,0.035262023966116,-3.3449487024654,1,101
0.4,135,-199.39757268839,nan,nan,nan,66.166612067411,0.015113362597154,nan,nan,17,2,2,81,0.034719087455193,0.034719087455193,-3.360465672508,1,101
0.4,135,-199.39757268839,nan,nan,nan,66.166612067411,0.015113362597154,nan,nan,17,2,2,82,0.034190173580932,0.034190173580932,-3.3758169983935,1,101
0.4,135,-199.39757268839,nan,nan,nan,66.166612067411,0.015113362597154,nan,nan,17,2,2,83,0.033675966826818,0.033675966826818,-3.3909708465761,1,101
0.4,135,-199.39757268839,nan,nan,nan,66.166612067411,0.015113362597154,nan,nan,17,2,2,84,0.033176799378087,0.033176799378087,-3.405904461257,1,101
0.4,135,-199.39757268839,nan,nan,nan,66.166612067411,0.015113362597154,nan,nan,17,2,2,85,0.032689523952998,0.032689523952998,-3.4207006208177,1,101
0.4,135,-199.39757268839,nan,nan,nan,66.166612067411,0.015113362597154,nan,nan,17,2,2,86,0.032214878248046,0.032214878248046,-3.4353268757547,1,101
0.4,135,-199.39757268839,nan,nan,nan,66.166612067411,0.015113362597154,nan,nan,17,2,2,87,0.031751707997079,0.031751707997079,-3.4498087599068,1,101
0.4,135,-199.39757268839,nan,nan,nan,66.166612067411,0.015113362597154,nan,nan,17,2,2,88,0.031300447233386,0.031300447233386,-3.4641228929315,1,101
0.4,135,-199.39757268839,nan,nan,nan,66.166612067411,0.015113362597154,nan,nan,17,2,2,89,0.030859800540469,0.030859800540469,-3.4783008954358,1,101
0.4,135,-199.39757268839,nan,nan,nan,66.166612067411,0.015113362597154,nan,nan,17,2,2,90,0.03042928675479,0.03042928675479,-3.492349754231,1,101
0.4,135,-199.39757268839,nan,nan,nan,66.166612067411,0.015113362597154,nan,nan,17,2,2,91,0.030011256055287,0.030011256055287,-3.5061827658477,1,101
0.4,135,-199.39757268839,nan,nan,nan,66.166612067411,0.015113362597154,nan,nan,17,2,2,92,0.029603914830369,0.029603914830369,-3.5198486686147,1,101
0.4,135,-199.39757268839,nan,nan,nan,66.166612067411,0.015113362597154,nan,nan,17,2,2,93,0.02920464827166,0.02920464827166,-3.5334273949913,1,101
0.4,135,-199.39757268839,nan,nan,nan,66.166612067411,0.015113362597154,nan,nan,17,2,2,94,0.028817093639659,0.028817093639659,-3.5467865387542,1,101
0.4,135,-199.39757268839,nan,nan,nan,66.166612067411,0.015113362597154,nan,nan,17,2,2,95,0.028441049888266,0.028441049888266,-3.559921758826,1,101
0.4,135,-199.39757268839,nan,nan,nan,66.166612067411,0.015113362597154,nan,nan,17,2,2,96,0.028077949963201,0.028077949963201,-3.5727707094982,1,101
0.4,135,-199.39757268839,nan,nan,nan,66.166612067411,0.015113362597154,nan,nan,17,2,2,97,0.027729026807132,0.027729026807132,-3.5852755152775,1,101
0.4,135,-199.39757268839,nan,nan,nan,66.166612067411,0.015113362597154,nan,nan,17,2,2,98,0.027395464351376,0.027395464351376,-3.5973778139118,1,101
0.4,135,-199.39757268839,nan,nan,nan,66.166612067411,0.015113362597154,nan,nan,17,2,2,99,0.027075352290861,0.027075352290861,-3.6091314745136,1,101
0.4,135,-199.39757268839,nan,nan,nan,66.166612067411,0.015113362597154,nan,nan,17,2,2,100,0.026769147302362,0.026769147302362,-3.6205052746893,1,101
0.4,135,-199.39757268839,nan,nan,nan,66.166612067411,0.015113362597154,nan,nan,17,2,2,101,0.026475342464455,0.026475342464455,-3.6315414521881,1,101
0.45,135,-153.11370857314,nan,nan,nan,61.977763056615,0.016134819178397,nan,nan,17,2,2,1,0.11058008227703,0.11058008227703,-2.2020152940228,1,101
0.45,135,-153.11370857314,nan,nan,nan,61.977763056615,0.016134819178397,nan,nan,17,2,2,2,0.10950637294031,0.10950637294031,-2.2117725310511,1,101
0.45,135,-153.11370857314,nan,nan,nan,61.977763056615,0.016134819178397,nan,nan,17,2,2,3,0.1081065713836,0.1081065713836,-2.224637766327,1,101
0.45,135,-153.11370857314,nan,nan,nan,61.977763056615,0.016134819178397,nan,nan,17,2,2,4,0.10654212541019,0.10654212541019,-2.2392148282818,1,101
0.45,135,-153.11370857314,nan,nan,nan,61.977763056615,0.016134819178397,nan,nan,17,2,2,5,0.10491241937692,0.10491241937692,-2.2546293780527,1,101
0.45,135,-153.11370857314,nan,nan,nan,61.977763056615,0.016134819178397,nan,nan,17,2,2,6,0.10327122919416,0.10327122919416,-2.2703964586471,1,101
0.45,135,-153.11370857314,nan,nan,nan,61.977763056615,0.016134819178397,nan,nan,17,2,2,7,0.10165841568794,0.10165841568794,-2.286136951504,1,101
0.45,135,-153.11370857314,nan,nan,nan,61.977763056615,0.016134819178397,nan,nan,17,2,2,8,0.10008054008038,0.10008054008038,-2.3017800163515,1,101
0.45,135,-153.11370857314,nan,nan,nan,61.977763056615,0.016134819178397,nan,nan,17,2,2,9,0.098547606751066,0.098547606751066,-2.3172155302946,1,101
0.45,135,-153.11370857314,nan,nan,nan,61.977763056615,0.016134819178397,nan,nan,17,2,2,10,0.09705918486489,0.09705918486489,-2.3324343333003,1,101
0.45,135,-153.11370857314,nan,nan,nan,61.977763056615,0.016134819178397,nan,nan,17,2,2,11,0.095604024526852,0.095604024526852,-2.3475403622496,1,101
0.45,135,-153.11370857314,nan,nan,nan,61.977763056615,0.016134819178397,nan,nan,17,2,2,12,0.094175099561124,0.094175099561124,-2.3625994682119,1,101
0.45,135,-153.11370857314,nan,nan,nan,61.977763056615,0.016134819178397,nan,nan,17,2,2,13,0.092777478170393,0.092777478170393,-2.3775513607739,1,101
0.45,135,-153.11370857314,nan,nan,nan,61.977763056615,0.016134819178397,nan,nan,17,2,2,14,0.091401423232822,0.091401423232822,-2.3924942291682,1,101
0.45,135,-153.11370857314,nan,nan,nan,61.977763056615,0.016134819178397,nan,nan,17,2,2,15,0.090046352196857,0.090046352196857,-2.4074307168219,1,101
0.45,135,-153.11370857314,nan,nan,nan,61.977763056615,0.016134819178397,nan,nan,17,2,2,16,0.088707128277691,0.088707128277691,-2.4224150289983,1,101
0.45,135,-153.11370857314,nan,nan,nan,61.977763056615,0.016134819178397,nan,nan,17,2,2,17,0.087386095367353,0.087386095367353,-2.4374191008838,1,101
0.45,135,-153.11370857314,nan,nan,nan,61.977763056615,0.016134819178397,nan,nan,17,2,2,18,0.086075014581906,0.086075014581906,-2.4525361003483,1,101
0.45,135,-153.11370857314,nan,nan,nan,61.977763056615,0.016134819178397,nan,nan,17,2,2,19,0.084772797892009,0.084772797892009,-2.4677805672204,1,101
0.45,135,-153.11370857314,nan,nan,nan,61.977763056615,0.016134819178397,nan,nan,17,2,2,20,0.08347557671996,0.08347557671996,-2.4832011842819,1,101
0.45,135,-153.11370857314,nan,nan,nan,61.977763056615,0.016134819178397,nan,nan,17,2,2,21,0.082193309033485,0.082193309033485,-2.4986813788525,1,101
0.45,135,-153.11370857314,nan,nan,nan,61.977763056615,0.016134819178397,nan,nan,17,2,2,22,0.08092023689429,0.08092023689429,-2.5142913391746,1,101
0.45,135,-153.11370857314,nan,nan,nan,61.977763056615,0.016134819178397,nan,nan,17,2,2,23,0.079659021543425,0.079659021543425,-2.5299999842136,1,101
0.45,135,-153.11370857314,nan,nan,nan,61.977763056615,0.016134819178397,nan,nan,17,2,2,24,0.078408657660122,0.078408657660122,-2.5458209283844,1,101
0.45,135,-153.11370857314,nan,nan,nan,61.977763056615,0.016134819178397,nan,nan,17,2,2,25,0.077172881505623,0.077172881505623,-2.5617071594971,1,101
0.45,135,-153.11370857314,nan,nan,nan,61.977763056615,0.016134819178397,nan,nan,17,2,2,26,0.075947517507597,0.075947517507597,-2.5777127363521,1,101
0.45,135,-153.11370857314,nan,nan,nan,61.977763056615,0.016134819178397,nan,nan,17,2,2,27,0.074735705182785,0.074735705182785,-2.593797320012,1,101
0.45,135,-153.11370857314,nan,nan,nan,61.977763056615,0.016134819178397,nan,nan,17,2,2,28,0.073537588341699,0.073537588341699,-2.6099585974773,1,101
0.45,135,-153.11370857314,nan,nan,nan,61.977763056615,0.016134819178397,nan,nan,17,2,2,29,0.072355072136636,0.072355072136636,-2.6261697228106,1,101
0.45,135,-153.11370857314,nan,nan,nan,61.977763056615,0.016134819178397,nan,nan,17,2,2,30,0.071183070687702,0.071183070687702,-2.6425002600764,1,101
0.45,135,-153.11370857314,nan,nan,nan,61.977763056615,0.016134819178397,nan,nan,17,2,2,31,0.070025374436722,0.070025374436722,-2.6588976106639,1,101
0.45,135,-153.11370857314,nan,nan,nan,61.977763056615,0.016134819178397,nan,nan,17,2,2,32,0.068884040492597,0.068884040492597,-2.6753307607022,1,101
0.45,135,-153.11370857314,nan,nan,nan,61.977763056615,0.016134819178397,nan,nan,17,2,2,33,0.067762371502275,0.067762371502275,-2.691748230693,1,101
0.45,135,-153.11370857314,nan,nan,nan,61.977763056615,0.016134819178397,nan,nan,17,2,2,34,0.066651767356784,0.066651767356784,-2.708273715728,1,101
0.45,135,-153.11370857314,nan,nan,nan,61.977763056615,0.016134819178397,nan,nan,17,2,2,35,0.065550804960458,0.065550804960458,-2.7249297887493,1,101
0.45,135,-153.11370857314,nan,nan,nan,61.977763056615,0.016134819178397,nan,nan,17,2,2,36,0.064472222463071,0.064472222463071,-2.7415208074281,1,101
0.45,135,-153.11370857314,nan,nan,nan,61.977763056615,0.016134819178397,nan,nan,17,2,2,37,0.063407973069719,0.063407973069719,-2.7581656672484,1,101
0.45,135,-153.11370857314,nan,nan,nan,61.977763056615,0.016134819178397,nan,nan,17,2,2,38,0.062360156240128,0.062360156240128,-2.7748287293414,1,101
0.45,135,-153.11370857314,nan,nan,nan,61.977763056615,0.016134819178397,nan,nan,17,2,2,39,0.061332654570073,0.061332654570073,-2.7914428768948,1,101
0.45,135,-153.11370857314,nan,nan,nan,61.977763056615,0.016134819178397,nan,nan,17,2,2,40,0.060321300689099,0.060321300689099,-2.8080699923667,1,101
0.45,135,-153.11370857314,nan,nan,nan,61.977763056615,0.016134819178397,nan,nan,17,2,2,41,0.059330151464395,0.059330151464395,-2.8246376458007,1,101
0.45,135,-153.11370857314,nan,nan,nan,61.977763056615,0.016134819178397,nan,nan,17,2,2,42,0.058354247378979,0.058354247378979,-2.8412231314852,1,101
0.45,135,-153.11370857314,nan,nan,nan,61.977763056615,0.016134819178397,nan,nan,17,2,2,43,0.057405784348859,0.057405784348859,-2.8576102081056,1,101
0.45,135,-153.11370857314,nan,nan,nan,61.977763056615,0.016134819178397,nan,nan,17,2,2,44,0.056474935431656,0.056474935431656,-2.8739583599372,1,101
0.45,135,-153.11370857314,nan,nan,nan,61.977763056615,0.016134819178397,nan,nan,17,2,2,45,0.05556253859965,0.05556253859965,-2.8902460710014,1,101
0.45,135,-153.11370857314,nan,nan,nan,61.977763056615,0.016134819178397,nan,nan,17,2,2,46,0.054671641020237,0.054671641020237,-2.9064101496931,1,101
0.45,135,-153.11370857314,nan,nan,nan,61.977763056615,0.016134819178397,nan,nan,17,2,2,47,0.053795116210176,0.053795116210176,-2.9225725926974,1,101
0.45,135,-153.11370857314,nan,nan,nan,61.977763056615,0.016134819178397,nan,nan,17,2,2,48,0.052937159295758,0.052937159295758,-2.9386497425621,1,101
0.45,135,-153.11370857314,nan,nan,nan,61.977763056615,0.016134819178397,nan,nan,17,2,2,49,0.052097495424362,0.052097495424362,-2.9546384038474,1,101
0.45,135,-153.11370857314,nan,nan,nan,61.977763056615,0.016134819178397,nan,nan,17,2,2,50,0.051271449590082,0.051271449590082,-2.9706212199353,1,101
0.45,135,-153.11370857314,nan,nan,nan,61.977763056615,0.016134819178397,nan,nan,17,2,2,51,0.050456223140924,0.050456223140924,-2.9866491871452,1,101
0.45,135,-153.11370857314,nan,nan,nan,61.977763056615,0.016134819178397,nan,nan,17,2,2,52,0.049656169457138,0.049656169457138,-3.002632637255,1,101
0.45,135,-153.11370857314,nan,nan,nan,61.977763056615,0.016134819178397,nan,nan,17,2,2,53,0.048872190731569,0.048872190731569,-3.0185467409665,1,101
0.45,135,-153.11370857314,nan,nan,nan,61.977763056615,0.016134819178397,nan,nan,17,2,2,54,0.048103102856407,0.048103102856407,-3.0344085955018,1,101
0.45,135,-153.11370857314,nan,nan,nan,61.977763056615,0.016134819178397,nan,nan,17,2,2,55,0.047343189352813,0.047343189352813,-3.0503323059613,1,101
0.45,135,-153.11370857314,nan,nan,nan,61.977763056615,0.016134819178397,nan,nan,17,2,2,56,0.046594851692641,0.046594851692641,-3.0662652226525,1,101
0.45,135,-153.11370857314,nan,nan,nan,61.977763056615,0.016134819178397,nan,nan,17,2,2,57,0.045858552231188,0.045858552231188,-3.0821935713663,1,101
0.45,135,-153.11370857314,nan,nan,nan,61.977763056615,0.016134819178397,nan,nan,17,2,2,58,0.045128171097781,0.045128171097781,-3.0982485911631,1,101
0.45,135,-153.11370857314,nan,nan,nan,61.977763056615,0.016134819178397,nan,nan,17,2,2,59,0.044405782318296,0.044405782318296,-3.1143855856294,1,101
0.45,135,-153.11370857314,nan,nan,nan,61.977763056615,0.016134819178397,nan,nan,17,2,2,60,0.043689685755714,0.043689685755714,-3.1306432286353,1,101
0.45,135,-153.11370857314,nan,nan,nan,61.977763056615,0.016134819178397,nan,nan,17,2,2,61,0.042982359838111,0.042982359838111,-3.1469654837815,1,101
0.45,135,-153.11370857314,nan,nan,nan,61.977763056615,0.016134819178397,nan,nan,17,2,2,62,0.042281157835674,0.042281157835674,-3.1634137334053,1,101
0.45,135,-153.11370857314,nan,nan,nan,61.977763056615,0.016134819178397,nan,nan,17,2,2,63,0.041588908576957,0.041588908576957,-3.1799217680108,1,101
0.45,135,-153.11370857314,nan,nan,nan,61.977763056615,0.016134819178397,nan,nan,17,2,2,64,0.040907450425083,0.040907450425083,-3.1964430705404,1,101
0.45,135,-153.11370857314,nan,nan,nan,61.977763056615,0.016134819178397,nan,nan,17,2,2,65,0.040233500729808,0.040233500729808,-3.213055278914,1,101
0.45,135,-153.11370857314,nan,nan,nan,61.977763056615,0.016134819178397,nan,nan,17,2,2,66,0.039568518875681,0.039568518875681,-3.229721454771,1,101
0.45,135,-153.11370857314,nan,nan,nan,61.977763056615,0.016134819178397,nan,nan,17,2,2,67,0.038915402920427,0.038915402920427,-3.2463651447653,1,101
0.45,135,-153.11370857314,nan,nan,nan,61.977763056615,0.016134819178397,nan,nan,17,2,2,68,0.038273019166183,0.038273019166183,-3.2630100914574,1,101
0.45,135,-153.11370857314,nan,nan,nan,61.977763056615,0.016134819178397,nan,nan,17,2,2,69,0.037639862969285,0.037639862969285,-3.2796916048326,1,101
0.45,135,-153.11370857314,nan,nan,nan,61.977763056615,0.016134819178397,nan,nan,17,2,2,70,0.037015777885416,0.037015777885416,-3.2964110278975,1,101
0.45,135,-153.11370857314,nan,nan,nan,61.977763056615,0.016134819178397,nan,nan,17,2,2,71,0.03640033934346,0.03640033934346,-3.3131771817604,1,101
0.45,135,-153.11370857314,nan,nan,nan,61.977763056615,0.016134819178397,nan,nan,17,2,2,72,0.035795442353286,0.035795442353286,-3.3299347022473,1,101
0.45,135,-153.11370857314,nan,nan,nan,61.977763056615,0.016134819178397,nan,nan,17,2,2,73,0.035197560965449,0.035197560965449,-3.3467784895331,1,101
0.45,135,-153.11370857314,nan,nan,nan,61.977763056615,0.016134819178397,nan,nan,17,2,2,74,0.034608603611071,0.034608603611071,-3.3636529685495,1,101
0.45,135,-153.11370857314,nan,nan,nan,61.977763056615,0.016134819178397,nan,nan,17,2,2,75,0.034030319702127,0.034030319702127,-3.3805033957992,1,101
0.45,135,-153.11370857314,nan,nan,nan,61.977763056615,0.016134819178397,nan,nan,17,2,2,76,0.033461693056943,0.033461693056943,-3.3973539852731,1,101
0.45,135,-153.11370857314,nan,nan,nan,61.977763056615,0.016134819178397,nan,nan,17,2,2,77,0.032901335149244,0.032901335149244,-3.4142420399903,1,101
0.45,135,-153.11370857314,nan,nan,nan,61.977763056615,0.016134819178397,nan,nan,17,2,2,78,0.032349739329967,0.032349739329967,-3.431149315874,1,101
0.45,135,-153.11370857314,nan,nan,nan,61.977763056615,0.016134819178397,nan,nan,17,2,2,79,0.031809167651251,0.031809167651251,-3.448000739824,1,101
0.45,135,-153.11370857314,nan,nan,nan,61.977763056615,0.016134819178397,nan,nan,17,2,2,80,0.03127790400474,0.03127790400474,-3.4648433730712,1,101
0.45,135,-153.11370857314,nan,nan,nan,61.977763056615,0.016134819178397,nan,nan,17,2,2,81,0.030757439835487,0.030757439835487,-3.4816233681243,1,101
0.45,135,-153.11370857314,nan,nan,nan,61.977763056615,0.016134819178397,nan,nan,17,2,2,82,0.030249795384126,0.030249795384126,-3.4982658586893,1,101
0.45,135,-153.11370857314,nan,nan,nan,61.977763056615,0.016134819178397,nan,nan,17,2,2,83,0.029753886507894,0.029753886507894,-3.5147955166022,1,101
0.45,135,-153.11370857314,nan,nan,nan,61.977763056615,0.016134819178397,nan,nan,17,2,2,84,0.029273691457484,0.029273691457484,-3.53106606879,1,101
0.45,135,-153.11370857314,nan,nan,nan,61.977763056615,0.016134819178397,nan,nan,17,2,2,85,0.028807255035031,0.028807255035031,-3.5471280126259,1,101
0.45,135,-153.11370857314,nan,nan,nan,61.977763056615,0.016134819178397,nan,nan,17,2,2,86,0.028353715941998,0.028353715941998,-3.562997183606,1,101
0.45,135,-153.11370857314,nan,nan,nan,61.977763056615,0.016134819178397,nan,nan,17,2,2,87,0.027910757430956,0.027910757430956,-3.5787430934662,1,101
0.45,135,-153.11370857314,nan,nan,nan,61.977763056615,0.016134819178397,nan,nan,17,2,2,88,0.027478709296511,0.027478709296511,-3.5943437815625,1,101
0.45,135,-153.11370857314,nan,nan,nan,61.977763056615,0.016134819178397,nan,nan,17,2,2,89,0.027059917887646,0.027059917887646,-3.6097016906992,1,101
0.45,135,-153.11370857314,nan,nan,nan,61.977763056615,0.016134819178397,nan,nan,17,2,2,90,0.026652923944757,0.026652923944757,-3.6248564178875,1,101
0.45,135,-153.11370857314,nan,nan,nan,61.977763056615,0.016134819178397,nan,nan,17,2,2,91,0.026256361348273,0.026256361348273,-3.6398469822263,1,101
0.45,135,-153.11370857314,nan,nan,nan,61.977763056615,0.016134819178397,nan,nan,17,2,2,92,0.025871543628462,0.025871543628462,-3.6546116158955,1,101
0.45,135,-153.11370857314,nan,nan,nan,61.977763056615,0.016134819178397,nan,nan,17,2,2,93,0.025498246562192,0.025498246562192,-3.669145591449,1,101
0.45,135,-153.11370857314,nan,nan,nan,61.977763056615,0.016134819178397,nan,nan,17,2,2,94,0.025137217502789,0.025137217502789,-3.6834057620255,1,101
0.45,135,-153.11370857314,nan,nan,nan,61.977763056615,0.016134819178397,nan,nan,17,2,2,95,0.024786945395383,0.024786945395383,-3.6974381597533,1,101
0.45,135,-153.11370857314,nan,nan,nan,61.977763056615,0.016134819178397,nan,nan,17,2,2,96,0.024449573844706,0.024449573844706,-3.7111424928775,1,101
0.45,135,-153.11370857314,nan,nan,nan,61.977763056615,0.016134819178397,nan,nan,17,2,2,97,0.024121907638005,0.024121907638005,-3.724634820781,1,101
0.45,135,-153.11370857314,nan,nan,nan,61.977763056615,0.016134819178397,nan,nan,17,2,2,98,0.023804086490012,0.023804086490012,-3.7378980117827,1,101
0.45,135,-153.11370857314,nan,nan,nan,61.977763056615,0.016134819178397,nan,nan,17,2,2,99,0.023496260966849,0.023496260966849,-3.7509139782847,1,101
0.45,135,-153.11370857314,nan,nan,nan,61.977763056615,0.016134819178397,nan,nan,17,2,2,100,0.02319723106392,0.02319723106392,-3.7637223581258,1,101
0.45,135,-153.11370857314,nan,nan,nan,61.977763056615,0.016134819178397,nan,nan,17,2,2,101,0.022906762192142,0.022906762192142,-3.7763231197789,1,101
0.5,135,-119.22755943426,nan,nan,nan,52.431047992619,0.019072668548238,nan,nan,17,2,2,1,0.11013961522493,0.11013961522493,-2.2060064886628,1,101
0.5,135,-119.22755943426,nan,nan,nan,52.431047992619,0.019072668548238,nan,nan,17,2,2,2,0.10818026504675,0.10818026504675,-2.2239563224887,1,101
0.5,135,-119.22755943426,nan,nan,nan,52.431047992619,0.019072668548238,nan,nan,17,2,2,3,0.10578238060888,0.10578238060888,-2.2463713083141,1,101
0.5,135,-119.22755943426,nan,nan,nan,52.431047992619,0.019072668548238,nan,nan,17,2,2,4,0.10324872355299,0.10324872355299,-2.2706144099003,1,101
0.5,135,-119.22755943426,nan,nan,nan,52.431047992619,0.019072668548238,nan,nan,17,2,2,5,0.10073780539733,0.10073780539733,-2.295234123721,1,101
0.5,135,-119.22755943426,nan,nan,nan,52.431047992619,0.019072668548238,nan,nan,17,2,2,6,0.098330734254078,0.098330734254078,-2.3194186429742,1,101
0.5,135,-119.22755943426,nan,nan,nan,52.431047992619,0.019072668548238,nan,nan,17,2,2,7,0.096050521979125,0.096050521979125,-2.3428809553302,1,101
0.5,135,-119.22755943426,nan,nan,nan,52.431047992619,0.019072668548238,nan,nan,17,2,2,8,0.093907140937675,0.093907140937675,-2.3654488473349,1,101
0.5,135,-119.22755943426,nan,nan,nan,52.431047992619,0.019072668548238,nan,nan,17,2,2,9,0.091907323966926,0.091907323966926,-2.3869745578349,1,101
0.5,135,-119.22755943426,nan,nan,nan,52.431047992619,0.019072668548238,nan,nan,17,2,2,10,0.090016307679677,0.090016307679677,-2.4077644286251,1,101
0.5,135,-119.22755943426,nan,nan,nan,52.431047992619,0.019072668548238,nan,nan,17,2,2,11,0.088238361525183,0.088238361525183,-2.4277134726002,1,101
0.5,135,-119.22755943426,nan,nan,nan,52.431047992619,0.019072668548238,nan,nan,17,2,2,12,0.086544985971557,0.086544985971557,-2.447090931198,1,101
0.5,135,-119.22755943426,nan,nan,nan,52.431047992619,0.019072668548238,nan,nan,17,2,2,13,0.084938472775088,0.084938472775088,-2.4658281343024,1,101
0.5,135,-119.22755943426,nan,nan,nan,52.431047992619,0.019072668548238,nan,nan,17,2,2,14,0.083393875836403,0.083393875836403,-2.4841804035318,1,101
0.5,135,-119.22755943426,nan,nan,nan,52.431047992619,0.019072668548238,nan,nan,17,2,2,15,0.081905424579519,0.081905424579519,-2.5021900561343,1,101
0.5,135,-119.22755943426,nan,nan,nan,52.431047992619,0.019072668548238,nan,nan,17,2,2,16,0.08047427667017,0.08047427667017,-2.5198176900928,1,101
0.5,135,-119.22755943426,nan,nan,nan,52.431047992619,0.019072668548238,nan,nan,17,2,2,17,0.079074117189534,0.079074117189534,-2.5373696740698,1,101
0.5,135,-119.22755943426,nan,nan,nan,52.431047992619,0.019072668548238,nan,nan,17,2,2,18,0.077712227092807,0.077712227092807,-2.554742671147,1,101
0.5,135,-119.22755943426,nan,nan,nan,52.431047992619,0.019072668548238,nan,nan,17,2,2,19,0.07637969623477,0.07637969623477,-2.5720383742185,1,101
0.5,135,-119.22755943426,nan,nan,nan,52.431047992619,0.019072668548238,nan,nan,17,2,2,20,0.075073088840619,0.075073088840619,-2.5892931221052,1,101
0.5,135,-119.22755943426,nan,nan,nan,52.431047992619,0.019072668548238,nan,nan,17,2,2,21,0.073793664979231,0.073793664979231,-2.60648239145,1,101
0.5,135,-119.22755943426,nan,nan,nan,52.431047992619,0.019072668548238,nan,nan,17,2,2,22,0.07252361956342,0.07252361956342,-2.6238429830969,1,101
0.5,135,-119.22755943426,nan,nan,nan,52.431047992619,0.019072668548238,nan,nan,17,2,2,23,0.071269330403213,0.071269330403213,-2.6412891927249,1,101
0.5,135,-119.22755943426,nan,nan,nan,52.431047992619,0.019072668548238,nan,nan,17,2,2,24,0.070026033105948,0.070026033105948,-2.6588882045575,1,101
0.5,135,-119.22755943426,nan,nan,nan,52.431047992619,0.019072668548238,nan,nan,17,2,2,25,0.068796644014115,0.068796644014115,-2.6766003140972,1,101
0.5,135,-119.22755943426,nan,nan,nan,52.431047992619,0.019072668548238,nan,nan,17,2,2,26,0.067581870863782,0.067581870863782,-2.694415514389,1,101
0.5,135,-119.22755943426,nan,nan,nan,52.431047992619,0.019072668548238,nan,nan,17,2,2,27,0.066380540304199,0.066380540304199,-2.7123513331603,1,101
0.5,135,-119.22755943426,nan,nan,nan,52.431047992619,0.019072668548238,nan,nan,17,2,2,28,0.065184663845418,0.065184663845418,-2.7305310548122,1,101
0.5,135,-119.22755943426,nan,nan,nan,52.431047992619,0.019072668548238,nan,nan,17,2,2,29,0.06400516762853,0.06400516762853,-2.7487914546863,1,101
0.5,135,-119.22755943426,nan,nan,nan,52.431047992619,0.019072668548238,nan,nan,17,2,2,30,0.062829803337903,0.062829803337903,-2.767325742639,1,101
0.5,135,-119.22755943426,nan,nan,nan,52.431047992619,0.019072668548238,nan,nan,17,2,2,31,0.061670279196633,0.061670279196633,-2.7859531627207,1,101
0.5,135,-119.22755943426,nan,nan,nan,52.431047992619,0.019072668548238,nan,nan,17,2,2,32,0.060523589734729,0.060523589734729,-2.8047220769709,1,101
0.5,135,-119.22755943426,nan,nan,nan,52.431047992619,0.019072668548238,nan,nan,17,2,2,33,0.059398189410172,0.059398189410172,-2.8234915343883,1,101
0.5,135,-119.22755943426,nan,nan,nan,52.431047992619,0.019072668548238,nan,nan,17,2,2,34,0.058281757365067,0.058281757365067,-2.8424661442822,1,101
0.5,135,-119.22755943426,nan,nan,nan,52.431047992619,0.019072668548238,nan,nan,17,2,2,35,0.057179140590398,0.057179140590398,-2.8615661220995,1,101
0.5,135,-119.22755943426,nan,nan,nan,52.431047992619,0.019072668548238,nan,nan,17,2,2,36,0.056097556872453,0.056097556872453,-2.8806630169124,1,101
0.5,135,-119.22755943426,nan,nan,nan,52.431047992619,0.019072668548238,nan,nan,17,2,2,37,0.055035126804358,0.055035126804358,-2.8997836284419,1,101
0.5,135,-119.22755943426,nan,nan,nan,52.431047992619,0.019072668548238,nan,nan,17,2,2,38,0.053992102797181,0.053992102797181,-2.9189174876093,1,101
0.5,135,-119.22755943426,nan,nan,nan,52.431047992619,0.019072668548238,nan,nan,17,2,2,39,0.052961964344798,0.052961964344798,-2.9381812769386,1,101
0.5,135,-119.22755943426,nan,nan,nan,52.431047992619,0.019072668548238,nan,nan,17,2,2,40,0.051954758964148,0.051954758964148,-2.9573819590079,1,101
0.5,135,-119.22755943426,nan,nan,nan,52.431047992619,0.019072668548238,nan,nan,17,2,2,41,0.050961721204927,0.050961721204927,-2.9766804926817,1,101
0.5,135,-119.22755943426,nan,nan,nan,52.431047992619,0.019072668548238,nan,nan,17,2,2,42,0.049991374109245,0.049991374109245,-2.995904806252,1,101
0.5,135,-119.22755943426,nan,nan,nan,52.431047992619,0.019072668548238,nan,nan,17,2,2,43,0.049033327292602,0.049033327292602,-3.0152550632393,1,101
0.5,135,-119.22755943426,nan,nan,nan,52.431047992619,0.019072668548238,nan,nan,17,2,2,44,0.048095671452034,0.048095671452034,-3.034563096522,1,101
0.5,135,-119.22755943426,nan,nan,nan,52.431047992619,0.019072668548238,nan,nan,17,2,2,45,0.047177747477726,0.047177747477726,-3.053832949302,1,101
0.5,135,-119.22755943426,nan,nan,nan,52.431047992619,0.019072668548238,nan,nan,17,2,2,46,0.046272821341587,0.046272821341587,-3.0732005023097,1,101
0.5,135,-119.22755943426,nan,nan,nan,52.431047992619,0.019072668548238,nan,nan,17,2,2,47,0.045379974936141,0.045379974936141,-3.0926843519413,1,101
0.5,135,-119.22755943426,nan,nan,nan,52.431047992619,0.019072668548238,nan,nan,17,2,2,48,0.044501700842229,0.044501700842229,-3.1122278693667,1,101
0.5,135,-119.22755943426,nan,nan,nan,52.431047992619,0.019072668548238,nan,nan,17,2,2,49,0.043648013928111,0.043648013928111,-3.1315974976604,1,101
0.5,135,-119.22755943426,nan,nan,nan,52.431047992619,0.019072668548238,nan,nan,17,2,2,50,0.042810885251674,0.042810885251674,-3.1509628804202,1,101
0.5,135,-119.22755943426,nan,nan,nan,52.431047992619,0.019072668548238,nan,nan,17,2,2,51,0.041986697376824,0.041986697376824,-3.1704024399913,1,101
0.5,135,-119.22755943426,nan,nan,nan,52.431047992619,0.019072668548238,nan,nan,17,2,2,52,0.04117569812589,0.04117569812589,-3.1899070479707,1,101
0.5,135,-119.22755943426,nan,nan,nan,52.431047992619,0.019072668548238,nan,nan,17,2,2,53,0.040379488298559,0.040379488298559,-3.2094333383283,1,101
0.5,135,-119.22755943426,nan,nan,nan,52.431047992619,0.019072668548238,nan,nan,17,2,2,54,0.039599670786087,0.039599670786087,-3.2289344742389,1,101
0.5,135,-119.22755943426,nan,nan,nan,52.431047992619,0.019072668548238,nan,nan,17,2,2,55,0.038833369504107,0.038833369504107,-3.2484753632087,1,101
0.5,135,-119.22755943426,nan,nan,nan,52.431047992619,0.019072668548238,nan,nan,17,2,2,56,0.038078610802341,0.038078610802341,-3.2681025507554,1,101
0.5,135,-119.22755943426,nan,nan,nan,52.431047992619,0.019072668548238,nan,nan,17,2,2,57,0.0373372767331,0.0373372767331,-3.2877630751538,1,101
0.5,135,-119.22755943426,nan,nan,nan,52.431047992619,0.019072668548238,nan,nan,17,2,2,58,0.036607183650888,0.036607183650888,-3.3075107832197,1,101
0.5,135,-119.22755943426,nan,nan,nan,52.431047992619,0.019072668548238,nan,nan,17,2,2,59,0.035887860929421,0.035887860929421,-3.3273561763394,1,101
0.5,135,-119.22755943426,nan,nan,nan,52.431047992619,0.019072668548238,nan,nan,17,2,2,60,0.035173545870608,0.035173545870608,-3.347461016691,1,101
0.5,135,-119.22755943426,nan,nan,nan,52.431047992619,0.019072668548238,nan,nan,17,2,2,61,0.034473799214656,0.034473799214656,-3.3675556865212,1,101
0.5,135,-119.22755943426,nan,nan,nan,52.431047992619,0.019072668548238,nan,nan,17,2,2,62,0.033785391169675,0.033785391169675,-3.3877267838395,1,101
0.5,135,-119.22755943426,nan,nan,nan,52.431047992619,0.019072668548238,nan,nan,17,2,2,63,0.033106386050252,0.033106386050252,-3.4080290831763,1,101
0.5,135,-119.22755943426,nan,nan,nan,52.431047992619,0.019072668548238,nan,nan,17,2,2,64,0.032438134219665,0.032438134219665,-3.4284205661958,1,101
0.5,135,-119.22755943426,nan,nan,nan,52.431047992619,0.019072668548238,nan,nan,17,2,2,65,0.031784027459467,0.031784027459467,-3.4487913965303,1,101
0.5,135,-119.22755943426,nan,nan,nan,52.431047992619,0.019072668548238,nan,nan,17,2,2,66,0.031143865652109,0.031143865652109,-3.4691379824481,1,101
0.5,135,-119.22755943426,nan,nan,nan,52.431047992619,0.019072668548238,nan,nan,17,2,2,67,0.030521260254267,0.030521260254267,-3.4893317806836,1,101
0.5,135,-119.22755943426,nan,nan,nan,52.431047992619,0.019072668548238,nan,nan,17,2,2,68,0.029913573731546,0.029913573731546,-3.5094429306444,1,101
0.5,135,-119.22755943426,nan,nan,nan,52.431047992619,0.019072668548238,nan,nan,17,2,2,69,0.029315801119452,0.029315801119452,-3.529628620969,1,101
0.5,135,-119.22755943426,nan,nan,nan,52.431047992619,0.019072668548238,nan,nan,17,2,2,70,0.028733769002647,0.028733769002647,-3.5496822275904,1,101
0.5,135,-119.22755943426,nan,nan,nan,52.431047992619,0.019072668548238,nan,nan,17,2,2,71,0.028167800437851,0.028167800437851,-3.5695757818658,1,101
0.5,135,-119.22755943426,nan,nan,nan,52.431047992619,0.019072668548238,nan,nan,17,2,2,72,0.027612921897712,0.027612921897712,-3.5894714311236,1,101
0.5,135,-119.22755943426,nan,nan,nan,52.431047992619,0.019072668548238,nan,nan,17,2,2,73,0.02707171601213,0.02707171601213,-3.609265785709,1,101
0.5,135,-119.22755943426,nan,nan,nan,52.431047992619,0.019072668548238,nan,nan,17,2,2,74,0.02654132018981,0.02654132018981,-3.6290525079162,1,101
0.5,135,-119.22755943426,nan,nan,nan,52.431047992619,0.019072668548238,nan,nan,17,2,2,75,0.02602381144578,0.02602381144578,-3.6487433352347,1,101
0.5,135,-119.22755943426,nan,nan,nan,52.431047992619,0.019072668548238,nan,nan,17,2,2,76,0.025515033196789,0.025515033196789,-3.6684874633975,1,101
0.5,135,-119.22755943426,nan,nan,nan,52.431047992619,0.019072668548238,nan,nan,17,2,2,77,0.025018815615123,0.025018815615123,-3.6881271125889,1,101
0.5,135,-119.22755943426,nan,nan,nan,52.431047992619,0.019072668548238,nan,nan,17,2,2,78,0.024534684999649,0.024534684999649,-3.7076674483387,1,101
0.5,135,-119.22755943426,nan,nan,nan,52.431047992619,0.019072668548238,nan,nan,17,2,2,79,0.024064594426804,0.024064594426804,-3.727013629608,1,101
0.5,135,-119.22755943426,nan,nan,nan,52.431047992619,0.019072668548238,nan,nan,17,2,2,80,0.023603560370267,0.023603560370267,-3.7463577151823,1,101
0.5,135,-119.22755943426,nan,nan,nan,52.431047992619,0.019072668548238,nan,nan,17,2,2,81,0.023156938093567,0.023156938093567,-3.7654608416855,1,101
0.5,135,-119.22755943426,nan,nan,nan,52.431047992619,0.019072668548238,nan,nan,17,2,2,82,0.022721902574414,0.022721902574414,-3.7844259485641,1,101
0.5,135,-119.22755943426,nan,nan,nan,52.431047992619,0.019072668548238,nan,nan,17,2,2,83,0.022299659962732,0.022299659962732,-3.8031838489403,1,101
0.5,135,-119.22755943426,nan,nan,nan,52.431047992619,0.019072668548238,nan,nan,17,2,2,84,0.02189014663582,0.02189014663582,-3.8217186687115,1,101
0.5,135,-119.22755943426,nan,nan,nan,52.431047992619,0.019072668548238,nan,nan,17,2,2,85,0.021493141911349,0.021493141911349,-3.8400213756012,1,101
0.5,135,-119.22755943426,nan,nan,nan,52.431047992619,0.019072668548238,nan,nan,17,2,2,86,0.02111119095602,0.02111119095602,-3.8579520020378,1,101
0.5,135,-119.22755943426,nan,nan,nan,52.431047992619,0.019072668548238,nan,nan,17,2,2,87,0.020742951065354,0.020742951065354,-3.8755487977129,1,101
0.5,135,-119.22755943426,nan,nan,nan,52.431047992619,0.019072668548238,nan,nan,17,2,2,88,0.020386924921714,0.020386924921714,-3.8928615188288,1,101
0.5,135,-119.22755943426,nan,nan,nan,52.431047992619,0.019072668548238,nan,nan,17,2,2,89,0.020046186203692,0.020046186203692,-3.9097163576023,1,101
0.5,135,-119.22755943426,nan,nan,nan,52.431047992619,0.019072668548238,nan,nan,17,2,2,90,0.019715683206451,0.019715683206451,-3.9263408581089,1,101
0.5,135,-119.22755943426,nan,nan,nan,52.431047992619,0.019072668548238,nan,nan,17,2,2,91,0.019400410378597,0.019400410378597,-3.9424610596007,1,101
0.5,135,-119.22755943426,nan,nan,nan,52.431047992619,0.019072668548238,nan,nan,17,2,2,92,0.019096188721838,0.019096188721838,-3.9582665072002,1,101
0.5,135,-119.22755943426,nan,nan,nan,52.431047992619,0.019072668548238,nan,nan,17,2,2,93,0.018802547979932,0.018802547979932,-3.9737628874822,1,101
0.5,135,-119.22755943426,nan,nan,nan,52.431047992619,0.019072668548238,nan,nan,17,2,2,94,0.018519400306091,0.018519400306091,-3.988936431169,1,101
0.5,135,-119.22755943426,nan,nan,nan,52.431047992619,0.019072668548238,nan,nan,17,2,2,95,0.018246965190618,0.018246965190618,-4.0037565037065,1,101
0.5,135,-119.22755943426,nan,nan,nan,52.431047992619,0.019072668548238,nan,nan,17,2,2,96,0.017983211779019,0.017983211779019,-4.018316635245,1,101
0.5,135,-119.22755943426,nan,nan,nan,52.431047992619,0.019072668548238,nan,nan,17,2,2,97,0.017726730274819,0.017726730274819,-4.032681593567,1,101
0.5,135,-119.22755943426,nan,nan,nan,52.431047992619,0.019072668548238,nan,nan,17,2,2,98,0.017478471524773,0.017478471524773,-4.0467853539525,1,101
0.5,135,-119.22755943426,nan,nan,nan,52.431047992619,0.019072668548238,nan,nan,17,2,2,99,0.017236963379458,0.017236963379458,-4.0606991673432,1,101
0.5,135,-119.22755943426,nan,nan,nan,52.431047992619,0.019072668548238,nan,nan,17,2,2,100,0.01700172801076,0.01700172801076,-4.0744402923999,1,101
0.5,135,-119.22755943426,nan,nan,nan,52.431047992619,0.019072668548238,nan,nan,17,2,2,101,0.016773433286541,0.016773433286541,-4.0879589962213,1,101
0.55,135,-93.483424391975,nan,nan,nan,49.93185759024,0.020027294161703,nan,nan,17,2,2,1,0.10929353753783,0.10929353753783,-2.2137180114596,1,101
0.55,135,-93.483424391975,nan,nan,nan,49.93185759024,0.020027294161703,nan,nan,17,2,2,2,0.10590449592352,0.10590449592352,-2.2452175728518,1,101
0.55,135,-93.483424391975,nan,nan,nan,49.93185759024,0.020027294161703,nan,nan,17,2,2,3,0.10204052441813,0.10204052441813,-2.282385246383,1,101
0.55,135,-93.483424391975,nan,nan,nan,49.93185759024,0.020027294161703,nan,nan,17,2,2,4,0.098201308915365,0.098201308915365,-2.3207357346335,1,101
0.55,135,-93.483424391975,nan,nan,nan,49.93185759024,0.020027294161703,nan,nan,17,2,2,5,0.094594932882726,0.094594932882726,-2.3581513679664,1,101
0.55,135,-93.483424391975,nan,nan,nan,49.93185759024,0.020027294161703,nan,nan,17,2,2,6,0.091289977524205,0.091289977524205,-2.3937142726073,1,101
0.55,135,-93.483424391975,nan,nan,nan,49.93185759024,0.020027294161703,nan,nan,17,2,2,7,0.088285579812496,0.088285579812496,-2.4271784937404,1,101
0.55,135,-93.483424391975,nan,nan,nan,49.93185759024,0.020027294161703,nan,nan,17,2,2,8,0.08556393732855,0.08556393732855,-2.458491377494,1,101
0.55,135,-93.483424391975,nan,nan,nan,49.93185759024,0.020027294161703,nan,nan,17,2,2,9,0.083086104349248,0.083086104349248,-2.4878778071168,1,101
0.55,135,-93.483424391975,nan,nan,nan,49.93185759024,0.020027294161703,nan,nan,17,2,2,10,0.080828290658837,0.080828290658837,-2.5154282428207,1,101
0.55,135,-93.483424391975,nan,nan,nan,49.93185759024,0.020027294161703,nan,nan,17,2,2,11,0.078747137120494,0.078747137120494,-2.5415133559627,1,101
0.55,135,-93.483424391975,nan,nan,nan,49.93185759024,0.020027294161703,nan,nan,17,2,2,12,0.076835398441145,0.076835398441145,-2.5660898278158,1,101
0.55,135,-93.483424391975,nan,nan,nan,49.93185759024,0.020027294161703,nan,nan,17,2,2,13,0.075040967947945,0.075040967947945,-2.5897210752743,1,101
0.55,135,-93.483424391975,nan,nan,nan,49.93185759024,0.020027294161703,nan,nan,17,2,2,14,0.073373613288806,0.073373613288806,-2.6121908999725,1,101
0.55,135,-93.483424391975,nan,nan,nan,49.93185759024,0.020027294161703,nan,nan,17,2,2,15,0.071798982045829,0.071798982045829,-2.6338849806632,1,101
0.55,135,-93.483424391975,nan,nan,nan,49.93185759024,0.020027294161703,nan,nan,17,2,2,16,0.070320039939056,0.070320039939056,-2.6546984576438,1,101
0.55,135,-93.483424391975,nan,nan,nan,49.93185759024,0.020027294161703,nan,nan,17,2,2,17,0.068915259003851,0.068915259003851,-2.674877659534,1,101
0.55,135,-93.483424391975,nan,nan,nan,49.93185759024,0.020027294161703,nan,nan,17,2,2,18,0.06757658549916,0.06757658549916,-2.6944937242882,1,101
0.55,135,-93.483424391975,nan,nan,nan,49.93185759024,0.020027294161703,nan,nan,17,2,2,19,0.066295663194574,0.066295663194574,-2.7136307957763,1,101
0.55,135,-93.483424391975,nan,nan,nan,49.93185759024,0.020027294161703,nan,nan,17,2,2,20,0.065072845778401,0.065072845778401,-2.7322479323237,1,101
0.55,135,-93.483424391975,nan,nan,nan,49.93185759024,0.020027294161703,nan,nan,17,2,2,21,0.06387727822364,0.06387727822364,-2.750791564188,1,101
0.55,135,-93.483424391975,nan,nan,nan,49.93185759024,0.020027294161703,nan,nan,17,2,2,22,0.062720193192043,0.062720193192043,-2.7690718227145,1,101
0.55,135,-93.483424391975,nan,nan,nan,49.93185759024,0.020027294161703,nan,nan,17,2,2,23,0.061583700502027,0.061583700502027,-2.7873580456958,1,101
0.55,135,-93.483424391975,nan,nan,nan,49.93185759024,0.020027294161703,nan,nan,17,2,2,24,0.06046406946063,0.06046406946063,-2.8057059835825,1,101
0.55,135,-93.483424391975,nan,nan,nan,49.93185759024,0.020027294161703,nan,nan,17,2,2,25,0.059382161424789,0.059382161424789,-2.8237614104304,1,101
0.55,135,-93.483424391975,nan,nan,nan,49.93185759024,0.020027294161703,nan,nan,17,2,2,26,0.058315926113703,0.058315926113703,-2.8418800477391,1,101
0.55,135,-93.483424391975,nan,nan,nan,49.93185759024,0.020027294161703,nan,nan,17,2,2,27,0.057269859662964,0.057269859662964,-2.8599808030253,1,101
0.55,135,-93.483424391975,nan,nan,nan,49.93185759024,0.020027294161703,nan,nan,17,2,2,28,0.056232088249178,0.056232088249178,-2.8782677197333,1,101
0.55,135,-93.483424391975,nan,nan,nan,49.93185759024,0.020027294161703,nan,nan,17,2,2,29,0.055211711258112,0.055211711258112,-2.8965801877289,1,101
0.55,135,-93.483424391975,nan,nan,nan,49.93185759024,0.020027294161703,nan,nan,17,2,2,30,0.054193648701632,0.054193648701632,-2.9151915600297,1,101
0.55,135,-93.483424391975,nan,nan,nan,49.93185759024,0.020027294161703,nan,nan,17,2,2,31,0.053185272833959,0.053185272833959,-2.9339737473874,1,101
0.55,135,-93.483424391975,nan,nan,nan,49.93185759024,0.020027294161703,nan,nan,17,2,2,32,0.052175550149655,0.052175550149655,-2.9531412817591,1,101
0.55,135,-93.483424391975,nan,nan,nan,49.93185759024,0.020027294161703,nan,nan,17,2,2,33,0.051177050232604,0.051177050232604,-2.9724640850697,1,101
0.55,135,-93.483424391975,nan,nan,nan,49.93185759024,0.020027294161703,nan,nan,17,2,2,34,0.050189058001959,0.050189058001959,-2.9919582441314,1,101
0.55,135,-93.483424391975,nan,nan,nan,49.93185759024,0.020027294161703,nan,nan,17,2,2,35,0.049212444100219,0.049212444100219,-3.0116087585987,1,101
0.55,135,-93.483424391975,nan,nan,nan,49.93185759024,0.020027294161703,nan,nan,17,2,2,36,0.048244530510201,0.048244530510201,-3.0314728149241,1,101
0.55,135,-93.483424391975,nan,nan,nan,49.93185759024,0.020027294161703,nan,nan,17,2,2,37,0.047287859534287,0.047287859534287,-3.0515016858949,1,101
0.55,135,-93.483424391975,nan,nan,nan,49.93185759024,0.020027294161703,nan,nan,17,2,2,38,0.04634691260425,0.04634691260425,-3.0716005996689,1,101
0.55,135,-93.483424391975,nan,nan,nan,49.93185759024,0.020027294161703,nan,nan,17,2,2,39,0.045416887691525,0.045416887691525,-3.0918712675163,1,101
0.55,135,-93.483424391975,nan,nan,nan,49.93185759024,0.020027294161703,nan,nan,17,2,2,40,0.044512506769312,0.044512506769312,-3.1119850783016,1,101
0.55,135,-93.483424391975,nan,nan,nan,49.93185759024,0.020027294161703,nan,nan,17,2,2,41,0.043613628578325,0.043613628578325,-3.1323855953991,1,101
0.55,135,-93.483424391975,nan,nan,nan,49.93185759024,0.020027294161703,nan,nan,17,2,2,42,0.04273431727794,0.04273431727794,-3.152752998204,1,101
0.55,135,-93.483424391975,nan,nan,nan,49.93185759024,0.020027294161703,nan,nan,17,2,2,43,0.041875377521761,0.041875377521761,-3.1730572734325,1,101
0.55,135,-93.483424391975,nan,nan,nan,49.93185759024,0.020027294161703,nan,nan,17,2,2,44,0.041030376451294,0.041030376451294,-3.1934425975447,1,101
0.55,135,-93.483424391975,nan,nan,nan,49.93185759024,0.020027294161703,nan,nan,17,2,2,45,0.040199632525507,0.040199632525507,-3.2138974245555,1,101
0.55,135,-93.483424391975,nan,nan,nan,49.93185759024,0.020027294161703,nan,nan,17,2,2,46,0.039387857067832,0.039387857067832,-3.2342977064284,1,101
0.55,135,-93.483424391975,nan,nan,nan,49.93185759024,0.020027294161703,nan,nan,17,2,2,47,0.038588090048416,0.038588090048416,-3.2548115980906,1,101
0.55,135,-93.483424391975,nan,nan,nan,49.93185759024,0.020027294161703,nan,nan,17,2,2,48,0.037801370006195,0.037801370006195,-3.2754099334633,1,101
0.55,135,-93.483424391975,nan,nan,nan,49.93185759024,0.020027294161703,nan,nan,17,2,2,49,0.037032758973375,0.037032758973375,-3.2959523803947,1,101
0.55,135,-93.483424391975,nan,nan,nan,49.93185759024,0.020027294161703,nan,nan,17,2,2,50,0.036279039341362,0.036279039341362,-3.3165151331001,1,101
0.55,135,-93.483424391975,nan,nan,nan,49.93185759024,0.020027294161703,nan,nan,17,2,2,51,0.035539063439202,0.035539063439202,-3.3371228089044,1,101
0.55,135,-93.483424391975,nan,nan,nan,49.93185759024,0.020027294161703,nan,nan,17,2,2,52,0.034809830607302,0.034809830607302,-3.3578554433786,1,101
0.55,135,-93.483424391975,nan,nan,nan,49.93185759024,0.020027294161703,nan,nan,17,2,2,53,0.034095710345525,0.034095710345525,-3.3785836989246,1,101
0.55,135,-93.483424391975,nan,nan,nan,49.93185759024,0.020027294161703,nan,nan,17,2,2,54,0.033391711079218,0.033391711079218,-3.39944758108,1,101
0.55,135,-93.483424391975,nan,nan,nan,49.93185759024,0.020027294161703,nan,nan,17,2,2,55,0.032698569352858,0.032698569352858,-3.4204239527131,1,101
0.55,135,-93.483424391975,nan,nan,nan,49.93185759024,0.020027294161703,nan,nan,17,2,2,56,0.032020951256516,0.032020951256516,-3.4413648636563,1,101
0.55,135,-93.483424391975,nan,nan,nan,49.93185759024,0.020027294161703,nan,nan,17,2,2,57,0.031353753996829,0.031353753996829,-3.4624212743566,1,101
0.55,135,-93.483424391975,nan,nan,nan,49.93185759024,0.020027294161703,nan,nan,17,2,2,58,0.030701413332249,0.030701413332249,-3.4834465885676,1,101
0.55,135,-93.483424391975,nan,nan,nan,49.93185759024,0.020027294161703,nan,nan,17,2,2,59,0.030067575917286,0.030067575917286,-3.5043078998875,1,101
0.55,135,-93.483424391975,nan,nan,nan,49.93185759024,0.020027294161703,nan,nan,17,2,2,60,0.029445121184065,0.029445121184065,-3.5252270469865,1,101
0.55,135,-93.483424391975,nan,nan,nan,49.93185759024,0.020027294161703,nan,nan,17,2,2,61,0.028838612221074,0.028838612221074,-3.5460400876582,1,101
0.55,135,-93.483424391975,nan,nan,nan,49.93185759024,0.020027294161703,nan,nan,17,2,2,62,0.028246835243615,0.028246835243615,-3.5667738544398,1,101
0.55,135,-93.483424391975,nan,nan,nan,49.93185759024,0.020027294161703,nan,nan,17,2,2,63,0.027670482883751,0.027670482883751,-3.5873890338086,1,101
0.55,135,-93.483424391975,nan,nan,nan,49.93185759024,0.020027294161703,nan,nan,17,2,2,64,0.027108684283149,0.027108684283149,-3.6079011491779,1,101
0.55,135,-93.483424391975,nan,nan,nan,49.93185759024,0.020027294161703,nan,nan,17,2,2,65,0.026561068130247,0.026561068130247,-3.6283087394353,1,101
0.55,135,-93.483424391975,nan,nan,nan,49.93185759024,0.020027294161703,nan,nan,17,2,2,66,0.026026048920831,0.026026048920831,-3.6486573609386,1,101
0.55,135,-93.483424391975,nan,nan,nan,49.93185759024,0.020027294161703,nan,nan,17,2,2,67,0.02550588804316,0.02550588804316,-3.6688459498186,1,101
0.55,135,-93.483424391975,nan,nan,nan,49.93185759024,0.020027294161703,nan,nan,17,2,2,68,0.025000855179479,0.025000855179479,-3.6888452475198,1,101
0.55,135,-93.483424391975,nan,nan,nan,49.93185759024,0.020027294161703,nan,nan,17,2,2,69,0.024511264063611,0.024511264063611,-3.7086225093892,1,101
0.55,135,-93.483424391975,nan,nan,nan,49.93185759024,0.020027294161703,nan,nan,17,2,2,70,0.02403275757481,0.02403275757481,-3.7283374803116,1,101
0.55,135,-93.483424391975,nan,nan,nan,49.93185759024,0.020027294161703,nan,nan,17,2,2,71,0.023566320835487,0.023566320835487,-3.7479366694458,1,101
0.55,135,-93.483424391975,nan,nan,nan,49.93185759024,0.020027294161703,nan,nan,17,2,2,72,0.023111729396903,0.023111729396903,-3.7674150242243,1,101
0.55,135,-93.483424391975,nan,nan,nan,49.93185759024,0.020027294161703,nan,nan,17,2,2,73,0.022669916027358,0.022669916027358,-3.7867165186002,1,101
0.55,135,-93.483424391975,nan,nan,nan,49.93185759024,0.020027294161703,nan,nan,17,2,2,74,0.022237697280976,0.022237697280976,-3.8059663544848,1,101
0.55,135,-93.483424391975,nan,nan,nan,49.93185759024,0.020027294161703,nan,nan,17,2,2,75,0.02181689171171,0.02181689171171,-3.8250707600667,1,101
0.55,135,-93.483424391975,nan,nan,nan,49.93185759024,0.020027294161703,nan,nan,17,2,2,76,0.021408075189859,0.021408075189859,-3.8439870828106,1,101
0.55,135,-93.483424391975,nan,nan,nan,49.93185759024,0.020027294161703,nan,nan,17,2,2,77,0.021008876867615,0.021008876867615,-3.8628102225929,1,101
0.55,135,-93.483424391975,nan,nan,nan,49.93185759024,0.020027294161703,nan,nan,17,2,2,78,0.020620696318416,0.020620696318416,-3.8814600318842,1,101
0.55,135,-93.483424391975,nan,nan,nan,49.93185759024,0.020027294161703,nan,nan,17,2,2,79,0.020239420598104,0.020239420598104,-3.9001230615485,1,101
0.55,135,-93.483424391975,nan,nan,nan,49.93185759024,0.020027294161703,nan,nan,17,2,2,80,0.019869586204973,0.019869586204973,-3.9185650477499,1,101
0.55,135,-93.483424391975,nan,nan,nan,49.93185759024,0.020027294161703,nan,nan,17,2,2,81,0.019508038531259,0.019508038531259,-3.9369286659846,1,101
0.55,135,-93.483424391975,nan,nan,nan,49.93185759024,0.020027294161703,nan,nan,17,2,2,82,0.019154436616244,0.019154436616244,-3.9552209131,1,101
0.55,135,-93.483424391975,nan,nan,nan,49.93185759024,0.020027294161703,nan,nan,17,2,2,83,0.018809275637589,0.018809275637589,-3.9734051458424,1,101
0.55,135,-93.483424391975,nan,nan,nan,49.93185759024,0.020027294161703,nan,nan,17,2,2,84,0.018472484737635,0.018472484737635,-3.9914729655227,1,101
0.55,135,-93.483424391975,nan,nan,nan,49.93185759024,0.020027294161703,nan,nan,17,2,2,85,0.018142273725941,0.018142273725941,-4.0095104989338,1,101
0.55,135,-93.483424391975,nan,nan,nan,49.93185759024,0.020027294161703,nan,nan,17,2,2,86,0.017819347971273,0.017819347971273,-4.0274704473242,1,101
0.55,135,-93.483424391975,nan,nan,nan,49.93185759024,0.020027294161703,nan,nan,17,2,2,87,0.017503142653529,0.017503142653529,-4.0453748339736,1,101
0.55,135,-93.483424391975,nan,nan,nan,49.93185759024,0.020027294161703,nan,nan,17,2,2,88,0.01719675151007,0.01719675151007,-4.0630347786937,1,101
0.55,135,-93.483424391975,nan,nan,nan,49.93185759024,0.020027294161703,nan,nan,17,2,2,89,0.016897569778079,0.016897569778079,-4.080585467507,1,101
0.55,135,-93.483424391975,nan,nan,nan,49.93185759024,0.020027294161703,nan,nan,17,2,2,90,0.016605588870443,0.016605588870443,-4.098015961341,1,101
0.55,135,-93.483424391975,nan,nan,nan,49.93185759024,0.020027294161703,nan,nan,17,2,2,91,0.016321247502298,0.016321247502298,-4.1152874922758,1,101
0.55,135,-93.483424391975,nan,nan,nan,49.93185759024,0.020027294161703,nan,nan,17,2,2,92,0.016044789719444,0.016044789719444,-4.1323711101813,1,101
0.55,135,-93.483424391975,nan,nan,nan,49.93185759024,0.020027294161703,nan,nan,17,2,2,93,0.015775247749111,0.015775247749111,-4.1493131655047,1,101
0.55,135,-93.483424391975,nan,nan,nan,49.93185759024,0.020027294161703,nan,nan,17,2,2,94,0.015511879478793,0.015511879478793,-4.1661491306186,1,101
0.55,135,-93.483424391975,nan,nan,nan,49.93185759024,0.020027294161703,nan,nan,17,2,2,95,0.015255031904361,0.015255031904361,-4.1828458694122,1,101
0.55,135,-93.483424391975,nan,nan,nan,49.93185759024,0.020027294161703,nan,nan,17,2,2,96,0.015003969787105,0.015003969787105,-4.1994404604205,1,101
0.55,135,-93.483424391975,nan,nan,nan,49.93185759024,0.020027294161703,nan,nan,17,2,2,97,0.014759098190432,0.014759098190432,-4.2158955598856,1,101
0.55,135,-93.483424391975,nan,nan,nan,49.93185759024,0.020027294161703,nan,nan,17,2,2,98,0.01451840199977,0.01451840199977,-4.2323383307542,1,101
0.55,135,-93.483424391975,nan,nan,nan,49.93185759024,0.020027294161703,nan,nan,17,2,2,99,0.014282096966891,0.014282096966891,-4.2487484864307,1,101
0.55,135,-93.483424391975,nan,nan,nan,49.93185759024,0.020027294161703,nan,nan,17,2,2,100,0.014049725207943,0.014049725207943,-4.2651524415472,1,101
0.55,135,-93.483424391975,nan,nan,nan,49.93185759024,0.020027294161703,nan,nan,17,2,2,101,0.013820717093738,0.013820717093738,-4.2815865738745,1,101
0.6,135,-73.371126603294,nan,nan,nan,40.728541515446,0.024552806528089,nan,nan,17,2,2,1,0.10779222106506,0.10779222106506,-2.2275497839174,1,101
0.6,135,-73.371126603294,nan,nan,nan,40.728541515446,0.024552806528089,nan,nan,17,2,2,2,0.1020700779316,0.1020700779316,-2.2820956630557,1,101
0.6,135,-73.371126603294,nan,nan,nan,40.728541515446,0.024552806528089,nan,nan,17,2,2,3,0.0960196173888,0.0960196173888,-2.3432027605905,1,101
0.6,135,-73.371126603294,nan,nan,nan,40.728541515446,0.024552806528089,nan,nan,17,2,2,4,0.090359692390723,0.090359692390723,-2.4039569916519,1,101
0.6,135,-73.371126603294,nan,nan,nan,40.728541515446,0.024552806528089,nan,nan,17,2,2,5,0.085291878810871,0.085291878810871,-2.4616760363925,1,101
0.6,135,-73.371126603294,nan,nan,nan,40.728541515446,0.024552806528089,nan,nan,17,2,2,6,0.080815472293451,0.080815472293451,-2.5155868430064,1,101
0.6,135,-73.371126603294,nan,nan,nan,40.728541515446,0.024552806528089,nan,nan,17,2,2,7,0.076863903541054,0.076863903541054,-2.5657189074555,1,101
0.6,135,-73.371126603294,nan,nan,nan,40.728541515446,0.024552806528089,nan,nan,17,2,2,8,0.073358248642425,0.073358248642425,-2.6124003247864,1,101
0.6,135,-73.371126603294,nan,nan,nan,40.728541515446,0.024552806528089,nan,nan,17,2,2,9,0.070224626728097,0.070224626728097,-2.6560562213766,1,101
0.6,135,-73.371126603294,nan,nan,nan,40.728541515446,0.024552806528089,nan,nan,17,2,2,10,0.067403265240576,0.067403265240576,-2.6970618165315,1,101
0.6,135,-73.371126603294,nan,nan,nan,40.728541515446,0.024552806528089,nan,nan,17,2,2,11,0.064844409419242,0.064844409419242,-2.7357645798118,1,101
0.6,135,-73.371126603294,nan,nan,nan,40.728541515446,0.024552806528089,nan,nan,17,2,2,12,0.062503922443333,0.062503922443333,-2.7725259651157,1,101
0.6,135,-73.371126603294,nan,nan,nan,40.728541515446,0.024552806528089,nan,nan,17,2,2,13,0.060359984860752,0.060359984860752,-2.8074288958984,1,101
0.6,135,-73.371126603294,nan,nan,nan,40.728541515446,0.024552806528089,nan,nan,17,2,2,14,0.058371817425774,0.058371817425774,-2.8409220839521,1,101
0.6,135,-73.371126603294,nan,nan,nan,40.728541515446,0.024552806528089,nan,nan,17,2,2,15,0.056531839016715,0.056531839016715,-2.8729512771291,1,101
0.6,135,-73.371126603294,nan,nan,nan,40.728541515446,0.024552806528089,nan,nan,17,2,2,16,0.054809895603617,0.054809895603617,-2.9038845246218,1,101
0.6,135,-73.371126603294,nan,nan,nan,40.728541515446,0.024552806528089,nan,nan,17,2,2,17,0.053206746635143,0.053206746635143,-2.933570074225,1,101
0.6,135,-73.371126603294,nan,nan,nan,40.728541515446,0.024552806528089,nan,nan,17,2,2,18,0.051695361326119,0.051695361326119,-2.9623872243922,1,101
0.6,135,-73.371126603294,nan,nan,nan,40.728541515446,0.024552806528089,nan,nan,17,2,2,19,0.050273087232159,0.050273087232159,-2.9902853901504,1,101
0.6,135,-73.371126603294,nan,nan,nan,40.728541515446,0.024552806528089,nan,nan,17,2,2,20,0.048933269825993,0.048933269825993,-3.0172977493046,1,101
0.6,135,-73.371126603294,nan,nan,nan,40.728541515446,0.024552806528089,nan,nan,17,2,2,21,0.047659487790276,0.047659487790276,-3.0436735545309,1,101
0.6,135,-73.371126603294,nan,nan,nan,40.728541515446,0.024552806528089,nan,nan,17,2,2,22,0.046443947978076,0.046443947978076,-3.069509113318,1,101
0.6,135,-73.371126603294,nan,nan,nan,40.728541515446,0.024552806528089,nan,nan,17,2,2,23,0.045286839334103,0.045286839334103,-3.0947388111289,1,101
0.6,135,-73.371126603294,nan,nan,nan,40.728541515446,0.024552806528089,nan,nan,17,2,2,24,0.044178020078127,0.044178020078127,-3.1195278968851,1,101
0.6,135,-73.371126603294,nan,nan,nan,40.728541515446,0.024552806528089,nan,nan,17,2,2,25,0.043113220070888,0.043113220070888,-3.1439255987215,1,101
0.6,135,-73.371126603294,nan,nan,nan,40.728541515446,0.024552806528089,nan,nan,17,2,2,26,0.042086518288858,0.042086518288858,-3.168027820247,1,101
0.6,135,-73.371126603294,nan,nan,nan,40.728541515446,0.024552806528089,nan,nan,17,2,2,27,0.041098549417886,0.041098549417886,-3.1917824520715,1,101
0.6,135,-73.371126603294,nan,nan,nan,40.728541515446,0.024552806528089,nan,nan,17,2,2,28,0.040141407721295,0.040141407721295,-3.2153468659425,1,101
0.6,135,-73.371126603294,nan,nan,nan,40.728541515446,0.024552806528089,nan,nan,17,2,2,29,0.039214767142938,0.039214767142938,-3.2387018902941,1,101
0.6,135,-73.371126603294,nan,nan,nan,40.728541515446,0.024552806528089,nan,nan,17,2,2,30,0.038312665435842,0.038312665435842,-3.2619747472306,1,101
0.6,135,-73.371126603294,nan,nan,nan,40.728541515446,0.024552806528089,nan,nan,17,2,2,31,0.037437239741922,0.037437239741922,-3.2850893549324,1,101
0.6,135,-73.371126603294,nan,nan,nan,40.728541515446,0.024552806528089,nan,nan,17,2,2,32,0.036587480294501,0.036587480294501,-3.3080491655498,1,101
0.6,135,-73.371126603294,nan,nan,nan,40.728541515446,0.024552806528089,nan,nan,17,2,2,33,0.035759217406701,0.035759217406701,-3.3309472135164,1,101
0.6,135,-73.371126603294,nan,nan,nan,40.728541515446,0.024552806528089,nan,nan,17,2,2,34,0.034951363041421,0.034951363041421,-3.3537978113083,1,101
0.6,135,-73.371126603294,nan,nan,nan,40.728541515446,0.024552806528089,nan,nan,17,2,2,35,0.034165934489209,0.034165934489209,-3.3765261988855,1,101
0.6,135,-73.371126603294,nan,nan,nan,40.728541515446,0.024552806528089,nan,nan,17,2,2,36,0.033395134792869,0.033395134792869,-3.3993450544938,1,101
0.6,135,-73.371126603294,nan,nan,nan,40.728541515446,0.024552806528089,nan,nan,17,2,2,37,0.032646553626774,0.032646553626774,-3.4220159839069,1,101
0.6,135,-73.371126603294,nan,nan,nan,40.728541515446,0.024552806528089,nan,nan,17,2,2,38,0.031913175090646,0.031913175090646,-3.4447363422115,1,101
0.6,135,-73.371126603294,nan,nan,nan,40.728541515446,0.024552806528089,nan,nan,17,2,2,39,0.031199844728603,0.031199844728603,-3.4673421608264,1,101
0.6,135,-73.371126603294,nan,nan,nan,40.728541515446,0.024552806528089,nan,nan,17,2,2,40,0.030499688414709,0.030499688414709,-3.4900388113321,1,101
0.6,135,-73.371126603294,nan,nan,nan,40.728541515446,0.024552806528089,nan,nan,17,2,2,41,0.029818239131737,0.029818239131737,-3.5126350212973,1,101
0.6,135,-73.371126603294,nan,nan,nan,40.728541515446,0.024552806528089,nan,nan,17,2,2,42,0.029149403879084,0.029149403879084,-3.5353208165119,1,101
0.6,135,-73.371126603294,nan,nan,nan,40.728541515446,0.024552806528089,nan,nan,17,2,2,43,0.02849435621107,0.02849435621107,-3.5580492389994,1,101
0.6,135,-73.371126603294,nan,nan,nan,40.728541515446,0.024552806528089,nan,nan,17,2,2,44,0.027853857897745,0.027853857897745,-3.5807837980464,1,101
0.6,135,-73.371126603294,nan,nan,nan,40.728541515446,0.024552806528089,nan,nan,17,2,2,45,0.02722637193926,0.02722637193926,-3.6035692188061,1,101
0.6,135,-73.371126603294,nan,nan,nan,40.728541515446,0.024552806528089,nan,nan,17,2,2,46,0.026614394555855,0.026614394555855,-3.6263030608463,1,101
0.6,135,-73.371126603294,nan,nan,nan,40.728541515446,0.024552806528089,nan,nan,17,2,2,47,0.026016152327498,0.026016152327498,-3.6490376904871,1,101
0.6,135,-73.371126603294,nan,nan,nan,40.728541515446,0.024552806528089,nan,nan,17,2,2,48,0.025429011291322,0.025429011291322,-3.6718645799216,1,101
0.6,135,-73.371126603294,nan,nan,nan,40.728541515446,0.024552806528089,nan,nan,17,2,2,49,0.024857774699881,0.024857774699881,-3.6945847101853,1,101
0.6,135,-73.371126603294,nan,nan,nan,40.728541515446,0.024552806528089,nan,nan,17,2,2,50,0.024299138308453,0.024299138308453,-3.7173143898219,1,101
0.6,135,-73.371126603294,nan,nan,nan,40.728541515446,0.024552806528089,nan,nan,17,2,2,51,0.023753331709846,0.023753331709846,-3.7400324758203,1,101
0.6,135,-73.371126603294,nan,nan,nan,40.728541515446,0.024552806528089,nan,nan,17,2,2,52,0.023220566127323,0.023220566127323,-3.762716921988,1,101
0.6,135,-73.371126603294,nan,nan,nan,40.728541515446,0.024552806528089,nan,nan,17,2,2,53,0.022703149641504,0.022703149641504,-3.7852516133927,1,101
0.6,135,-73.371126603294,nan,nan,nan,40.728541515446,0.024552806528089,nan,nan,17,2,2,54,0.022201513747728,0.022201513747728,-3.8075948055939,1,101
0.6,135,-73.371126603294,nan,nan,nan,40.728541515446,0.024552806528089,nan,nan,17,2,2,55,0.021708912176812,0.021708912176812,-3.8300324033574,1,101
0.6,135,-73.371126603294,nan,nan,nan,40.728541515446,0.024552806528089,nan,nan,17,2,2,56,0.021230110234211,0.021230110234211,-3.8523348109012,1,101
0.6,135,-73.371126603294,nan,nan,nan,40.728541515446,0.024552806528089,nan,nan,17,2,2,57,0.020760042964625,0.020760042964625,-3.8747251510997,1,101
0.6,135,-73.371126603294,nan,nan,nan,40.728541515446,0.024552806528089,nan,nan,17,2,2,58,0.020300279539596,0.020300279539596,-3.8971206226058,1,101
0.6,135,-73.371126603294,nan,nan,nan,40.728541515446,0.024552806528089,nan,nan,17,2,2,59,0.019846037982276,0.019846037982276,-3.9197508896415,1,101
0.6,135,-73.371126603294,nan,nan,nan,40.728541515446,0.024552806528089,nan,nan,17,2,2,60,0.019404293476841,0.019404293476841,-3.9422609241598,1,101
0.6,135,-73.371126603294,nan,nan,nan,40.728541515446,0.024552806528089,nan,nan,17,2,2,61,0.018966852034244,0.018966852034244,-3.9650624532312,1,101
0.6,135,-73.371126603294,nan,nan,nan,40.728541515446,0.024552806528089,nan,nan,17,2,2,62,0.018538928937652,0.018538928937652,-3.9878824908664,1,101
0.6,135,-73.371126603294,nan,nan,nan,40.728541515446,0.024552806528089,nan,nan,17,2,2,63,0.018117418611256,0.018117418611256,-4.0108814492633,1,101
0.6,135,-73.371126603294,nan,nan,nan,40.728541515446,0.024552806528089,nan,nan,17,2,2,64,0.017706529032795,0.017706529032795,-4.0338218355095,1,101
0.6,135,-73.371126603294,nan,nan,nan,40.728541515446,0.024552806528089,nan,nan,17,2,2,65,0.017301325326722,0.017301325326722,-4.0569721719317,1,101
0.6,135,-73.371126603294,nan,nan,nan,40.728541515446,0.024552806528089,nan,nan,17,2,2,66,0.016906609973673,0.016906609973673,-4.0800506108191,1,101
0.6,135,-73.371126603294,nan,nan,nan,40.728541515446,0.024552806528089,nan,nan,17,2,2,67,0.016517043053213,0.016517043053213,-4.1033625188465,1,101
0.6,135,-73.371126603294,nan,nan,nan,40.728541515446,0.024552806528089,nan,nan,17,2,2,68,0.016136878214956,0.016136878214956,-4.1266480539959,1,101
0.6,135,-73.371126603294,nan,nan,nan,40.728541515446,0.024552806528089,nan,nan,17,2,2,69,0.015762149773057,0.015762149773057,-4.1501437969351,1,101
0.6,135,-73.371126603294,nan,nan,nan,40.728541515446,0.024552806528089,nan,nan,17,2,2,70,0.015396574918756,0.015396574918756,-4.1736102021718,1,101
0.6,135,-73.371126603294,nan,nan,nan,40.728541515446,0.024552806528089,nan,nan,17,2,2,71,0.015037713855246,0.015037713855246,-4.1971939763197,1,101
0.6,135,-73.371126603294,nan,nan,nan,40.728541515446,0.024552806528089,nan,nan,17,2,2,72,0.014686432827831,0.014686432827831,-4.2208311482482,1,101
0.6,135,-73.371126603294,nan,nan,nan,40.728541515446,0.024552806528089,nan,nan,17,2,2,73,0.01434020404241,0.01434020404241,-4.244688215013,1,101
0.6,135,-73.371126603294,nan,nan,nan,40.728541515446,0.024552806528089,nan,nan,17,2,2,74,0.014001438016112,0.014001438016112,-4.2685952392052,1,101
0.6,135,-73.371126603294,nan,nan,nan,40.728541515446,0.024552806528089,nan,nan,17,2,2,75,0.013669738352629,0.013669738352629,-4.2925707686907,1,101
0.6,135,-73.371126603294,nan,nan,nan,40.728541515446,0.024552806528089,nan,nan,17,2,2,76,0.013345740156056,0.013345740156056,-4.3165580344898,1,101
0.6,135,-73.371126603294,nan,nan,nan,40.728541515446,0.024552806528089,nan,nan,17,2,2,77,0.013026746964507,0.013026746964507,-4.3407505763821,1,101
0.6,135,-73.371126603294,nan,nan,nan,40.728541515446,0.024552806528089,nan,nan,17,2,2,78,0.012715068904079,0.012715068904079,-4.3649674610053,1,101
0.6,135,-73.371126603294,nan,nan,nan,40.728541515446,0.024552806528089,nan,nan,17,2,2,79,0.012410918457086,0.012410918457086,-4.3891786730694,1,101
0.6,135,-73.371126603294,nan,nan,nan,40.728541515446,0.024552806528089,nan,nan,17,2,2,80,0.012112024787902,0.012112024787902,-4.4135565357319,1,101
0.6,135,-73.371126603294,nan,nan,nan,40.728541515446,0.024552806528089,nan,nan,17,2,2,81,0.01182207453756,0.01182207453756,-4.4377867716125,1,101
0.6,135,-73.371126603294,nan,nan,nan,40.728541515446,0.024552806528089,nan,nan,17,2,2,82,0.01153628825571,0.01153628825571,-4.4622577112596,1,101
0.6,135,-73.371126603294,nan,nan,nan,40.728541515446,0.024552806528089,nan,nan,17,2,2,83,0.011256765115458,0.011256765115458,-4.4867859874701,1,101
0.6,135,-73.371126603294,nan,nan,nan,40.728541515446,0.024552806528089,nan,nan,17,2,2,84,0.010984646285426,0.010984646285426,-4.5112567734431,1,101
0.6,135,-73.371126603294,nan,nan,nan,40.728541515446,0.024552806528089,nan,nan,17,2,2,85,0.010719941712243,0.010719941712243,-4.535649560645,1,101
0.6,135,-73.371126603294,nan,nan,nan,40.728541515446,0.024552806528089,nan,nan,17,2,2,86,0.010460000282352,0.010460000282352,-4.5601967933519,1,101
0.6,135,-73.371126603294,nan,nan,nan,40.728541515446,0.024552806528089,nan,nan,17,2,2,87,0.010207629196798,0.010207629196798,-4.5846198778045,1,101
0.6,135,-73.371126603294,nan,nan,nan,40.728541515446,0.024552806528089,nan,nan,17,2,2,88,0.0099613658265775,0.0099613658265775,-4.6090410856048,1,101
0.6,135,-73.371126603294,nan,nan,nan,40.728541515446,0.024552806528089,nan,nan,17,2,2,89,0.0097223364721087,0.0097223364721087,-4.6333293116069,1,101
0.6,135,-73.371126603294,nan,nan,nan,40.728541515446,0.024552806528089,nan,nan,17,2,2,90,0.0094904069950065,0.0094904069950065,-4.6574737805564,1,101
0.6,135,-73.371126603294,nan,nan,nan,40.728541515446,0.024552806528089,nan,nan,17,2,2,91,0.009264279241549,0.009264279241549,-4.6815892159515,1,101
0.6,135,-73.371126603294,nan,nan,nan,40.728541515446,0.024552806528089,nan,nan,17,2,2,92,0.0090444085563449,0.0090444085563449,-4.7056085512894,1,101
0.6,135,-73.371126603294,nan,nan,nan,40.728541515446,0.024552806528089,nan,nan,17,2,2,93,0.0088300061347501,0.0088300061347501,-4.7295995696043,1,101
0.6,135,-73.371126603294,nan,nan,nan,40.728541515446,0.024552806528089,nan,nan,17,2,2,94,0.0086199431668361,0.0086199431668361,-4.7536767875027,1,101
0.6,135,-73.371126603294,nan,nan,nan,40.728541515446,0.024552806528089,nan,nan,17,2,2,95,0.0084145606333294,0.0084145606333294,-4.7777916650222,1,101
0.6,135,-73.371126603294,nan,nan,nan,40.728541515446,0.024552806528089,nan,nan,17,2,2,96,0.0082136522285073,0.0082136522285073,-4.8019576032159,1,101
0.6,135,-73.371126603294,nan,nan,nan,40.728541515446,0.024552806528089,nan,nan,17,2,2,97,0.0080171532572411,0.0080171532572411,-4.8261718755715,1,101
0.6,135,-73.371126603294,nan,nan,nan,40.728541515446,0.024552806528089,nan,nan,17,2,2,98,0.0078248327592689,0.0078248327592689,-4.8504529154017,1,101
0.6,135,-73.371126603294,nan,nan,nan,40.728541515446,0.024552806528089,nan,nan,17,2,2,99,0.0076363468182979,0.0076363468182979,-4.8748359553054,1,101
0.6,135,-73.371126603294,nan,nan,nan,40.728541515446,0.024552806528089,nan,nan,17,2,2,100,0.0074514949537598,0.0074514949537598,-4.899340601787,1,101
0.6,135,-73.371126603294,nan,nan,nan,40.728541515446,0.024552806528089,nan,nan,17,2,2,101,0.0072699895813012,0.0072699895813012,-4.9240004205462,1,101
0.65,135,-57.393933735496,nan,nan,nan,22.190420823691,0.045064490121448,nan,nan,17,2,2,1,0.10509582152128,0.10509582152128,-2.252882759061,1,101
0.65,135,-57.393933735496,nan,nan,nan,22.190420823691,0.045064490121448,nan,nan,17,2,2,2,0.095453957474041,0.095453957474041,-2.3491112684437,1,101
0.65,135,-57.393933735496,nan,nan,nan,22.190420823691,0.045064490121448,nan,nan,17,2,2,3,0.086039047101332,0.086039047101332,-2.4529540497098,1,101
0.65,135,-57.393933735496,nan,nan,nan,22.190420823691,0.045064490121448,nan,nan,17,2,2,4,0.077756400539264,0.077756400539264,-2.5541744092627,1,101
0.65,135,-57.393933735496,nan,nan,nan,22.190420823691,0.045064490121448,nan,nan,17,2,2,5,0.070675408467511,0.070675408467511,-2.6496575959001,1,101
0.65,135,-57.393933735496,nan,nan,nan,22.190420823691,0.045064490121448,nan,nan,17,2,2,6,0.064633640337695,0.064633640337695,-2.7390202554744,1,101
0.65,135,-57.393933735496,nan,nan,nan,22.190420823691,0.045064490121448,nan,nan,17,2,2,7,0.059439328727379,0.059439328727379,-2.8227991719174,1,101
0.65,135,-57.393933735496,nan,nan,nan,22.190420823691,0.045064490121448,nan,nan,17,2,2,8,0.054927003873659,0.054927003873659,-2.9017501775598,1,101
0.65,135,-57.393933735496,nan,nan,nan,22.190420823691,0.045064490121448,nan,nan,17,2,2,9,0.050965858745939,0.050965858745939,-2.9765993067845,1,101
0.65,135,-57.393933735496,nan,nan,nan,22.190420823691,0.045064490121448,nan,nan,17,2,2,10,0.047455141452046,0.047455141452046,-3.0479704046424,1,101
0.65,135,-57.393933735496,nan,nan,nan,22.190420823691,0.045064490121448,nan,nan,17,2,2,11,0.044317372099609,0.044317372099609,-3.1163785320824,1,101
0.65,135,-57.393933735496,nan,nan,nan,22.190420823691,0.045064490121448,nan,nan,17,2,2,12,0.041492479441797,0.041492479441797,-3.1822430864375,1,101
0.65,135,-57.393933735496,nan,nan,nan,22.190420823691,0.045064490121448,nan,nan,17,2,2,13,0.038933300528262,0.038933300528262,-3.2459053398525,1,101
0.65,135,-57.393933735496,nan,nan,nan,22.190420823691,0.045064490121448,nan,nan,17,2,2,14,0.036602285681355,0.036602285681355,-3.3076445902145,1,101
0.65,135,-57.393933735496,nan,nan,nan,22.190420823691,0.045064490121448,nan,nan,17,2,2,15,0.034469120863797,0.034469120863797,-3.3676914031651,1,101
0.65,135,-57.393933735496,nan,nan,nan,22.190420823691,0.045064490121448,nan,nan,17,2,2,16,0.03250904414658,0.03250904414658,-3.4262369469263,1,101
0.65,135,-57.393933735496,nan,nan,nan,22.190420823691,0.045064490121448,nan,nan,17,2,2,17,0.030701561841507,0.030701561841507,-3.4834417513669,1,101
0.65,135,-57.393933735496,nan,nan,nan,22.190420823691,0.045064490121448,nan,nan,17,2,2,18,0.029029559028467,0.029029559028467,-3.5394406912619,1,101
0.65,135,-57.393933735496,nan,nan,nan,22.190420823691,0.045064490121448,nan,nan,17,2,2,19,0.027478542053829,0.027478542053829,-3.5943498678452,1,101
0.65,135,-57.393933735496,nan,nan,nan,22.190420823691,0.045064490121448,nan,nan,17,2,2,20,0.026036196837261,0.026036196837261,-3.6482675231047,1,101
0.65,135,-57.393933735496,nan,nan,nan,22.190420823691,0.045064490121448,nan,nan,17,2,2,21,0.024691906033703,0.024691906033703,-3.7012797799938,1,101
0.65,135,-57.393933735496,nan,nan,nan,22.190420823691,0.045064490121448,nan,nan,17,2,2,22,0.023436497249188,0.023436497249188,-3.7534607602014,1,101
0.65,135,-57.393933735496,nan,nan,nan,22.190420823691,0.045064490121448,nan,nan,17,2,2,23,0.022261961820871,0.022261961820871,-3.8048758049035,1,101
0.65,135,-57.393933735496,nan,nan,nan,22.190420823691,0.045064490121448,nan,nan,17,2,2,24,0.021161286324487,0.021161286324487,-3.8555818834575,1,101
0.65,135,-57.393933735496,nan,nan,nan,22.190420823691,0.045064490121448,nan,nan,17,2,2,25,0.02012828393598,0.02012828393598,-3.9056292920463,1,101
0.65,135,-57.393933735496,nan,nan,nan,22.190420823691,0.045064490121448,nan,nan,17,2,2,26,0.019157381231471,0.019157381231471,-3.9550671947228,1,101
0.65,135,-57.393933735496,nan,nan,nan,22.190420823691,0.045064490121448,nan,nan,17,2,2,27,0.018243732674483,0.018243732674483,-4.0039336730309,1,101
0.65,135,-57.393933735496,nan,nan,nan,22.190420823691,0.045064490121448,nan,nan,17,2,2,28,0.017382910989666,0.017382910989666,-4.0522676823951,1,101
0.65,135,-57.393933735496,nan,nan,nan,22.190420823691,0.045064490121448,nan,nan,17,2,2,29,0.016570978750708,0.016570978750708,-4.1001023816533,1,101
0.65,135,-57.393933735496,nan,nan,nan,22.190420823691,0.045064490121448,nan,nan,17,2,2,30,0.015804381577805,0.015804381577805,-4.147468062343,1,101
0.65,135,-57.393933735496,nan,nan,nan,22.190420823691,0.045064490121448,nan,nan,17,2,2,31,0.015079866905132,0.015079866905132,-4.1943947423609,1,101
0.65,135,-57.393933735496,nan,nan,nan,22.190420823691,0.045064490121448,nan,nan,17,2,2,32,0.014394508863385,0.014394508863385,-4.2409084740562,1,101
0.65,135,-57.393933735496,nan,nan,nan,22.190420823691,0.045064490121448,nan,nan,17,2,2,33,0.013745676363631,0.013745676363631,-4.2870309505995,1,101
0.65,135,-57.393933735496,nan,nan,nan,22.190420823691,0.045064490121448,nan,nan,17,2,2,34,0.013130864672837,0.013130864672837,-4.3327897380881,1,101
0.65,135,-57.393933735496,nan,nan,nan,22.190420823691,0.045064490121448,nan,nan,17,2,2,35,0.012547907391843,0.012547907391843,-4.3782013689931,1,101
0.65,135,-57.393933735496,nan,nan,nan,22.190420823691,0.045064490121448,nan,nan,17,2,2,36,0.011994732449192,0.011994732449192,-4.4232876881337,1,101
0.65,135,-57.393933735496,nan,nan,nan,22.190420823691,0.045064490121448,nan,nan,17,2,2,37,0.011469460166418,0.011469460166418,-4.4680674137769,1,101
0.65,135,-57.393933735496,nan,nan,nan,22.190420823691,0.045064490121448,nan,nan,17,2,2,38,0.010970362886501,0.010970362886501,-4.5125579253423,1,101
0.65,135,-57.393933735496,nan,nan,nan,22.190420823691,0.045064490121448,nan,nan,17,2,2,39,0.010495853965735,0.010495853965735,-4.5567749602027,1,101
0.65,135,-57.393933735496,nan,nan,nan,22.190420823691,0.045064490121448,nan,nan,17,2,2,40,0.010044466927149,0.010044466927149,-4.6007333506003,1,101
0.65,135,-57.393933735496,nan,nan,nan,22.190420823691,0.045064490121448,nan,nan,17,2,2,41,0.0096148313744998,0.0096148313744998,-4.6444484378487,1,101
0.65,135,-57.393933735496,nan,nan,nan,22.190420823691,0.045064490121448,nan,nan,17,2,2,42,0.009205675870121,0.009205675870121,-4.6879350427534,1,101
0.65,135,-57.393933735496,nan,nan,nan,22.190420823691,0.045064490121448,nan,nan,17,2,2,43,0.0088158647735029,0.0088158647735029,-4.731202365448,1,101
0.65,135,-57.393933735496,nan,nan,nan,22.190420823691,0.045064490121448,nan,nan,17,2,2,44,0.0084442573281627,0.0084442573281627,-4.7742686747846,1,101
0.65,135,-57.393933735496,nan,nan,nan,22.190420823691,0.045064490121448,nan,nan,17,2,2,45,0.0080899063927755,0.0080899063927755,-4.817138118711,1,101
0.65,135,-57.393933735496,nan,nan,nan,22.190420823691,0.045064490121448,nan,nan,17,2,2,46,0.0077518126057769,0.0077518126057769,-4.8598285783472,1,101
0.65,135,-57.393933735496,nan,nan,nan,22.190420823691,0.045064490121448,nan,nan,17,2,2,47,0.0074291394686886,0.0074291394686886,-4.9023452454406,1,101
0.65,135,-57.393933735496,nan,nan,nan,22.190420823691,0.045064490121448,nan,nan,17,2,2,48,0.0071210504758449,0.0071210504758449,-4.9447000256988,1,101
0.65,135,-57.393933735496,nan,nan,nan,22.190420823691,0.045064490121448,nan,nan,17,2,2,49,0.006826775670708,0.006826775670708,-4.9869028002176,1,101
0.65,135,-57.393933735496,nan,nan,nan,22.190420823691,0.045064490121448,nan,nan,17,2,2,50,0.0065456043068848,0.0065456043068848,-5.0289615528077,1,101
0.65,135,-57.393933735496,nan,nan,nan,22.190420823691,0.045064490121448,nan,nan,17,2,2,51,0.0062768935445971,0.0062768935445971,-5.0708800793895,1,101
0.65,135,-57.393933735496,nan,nan,nan,22.190420823691,0.045064490121448,nan,nan,17,2,2,52,0.0060199617334492,0.0060199617334492,-5.1126743762515,1,101
0.65,135,-57.393933735496,nan,nan,nan,22.190420823691,0.045064490121448,nan,nan,17,2,2,53,0.0057742725107544,0.0057742725107544,-5.1543430026732,1,101
0.65,135,-57.393933735496,nan,nan,nan,22.190420823691,0.045064490121448,nan,nan,17,2,2,54,0.0055392434299046,0.0055392434299046,-5.195897352548,1,101
0.65,135,-57.393933735496,nan,nan,nan,22.190420823691,0.045064490121448,nan,nan,17,2,2,55,0.0053143523113055,0.0053143523113055,-5.2373441351396,1,101
0.65,135,-57.393933735496,nan,nan,nan,22.190420823691,0.045064490121448,nan,nan,17,2,2,56,0.0050991262170323,0.0050991262170323,-5.2786860839242,1,101
0.65,135,-57.393933735496,nan,nan,nan,22.190420823691,0.045064490121448,nan,nan,17,2,2,57,0.0048930877128713,0.0048930877128713,-5.319931740641,1,101
0.65,135,-57.393933735496,nan,nan,nan,22.190420823691,0.045064490121448,nan,nan,17,2,2,58,0.0046958080550758,0.0046958080550758,-5.3610850714238,1,101
0.65,135,-57.393933735496,nan,nan,nan,22.190420823691,0.045064490121448,nan,nan,17,2,2,59,0.0045068800942544,0.0045068800942544,-5.4021501399642,1,101
0.65,135,-57.393933735496,nan,nan,nan,22.190420823691,0.045064490121448,nan,nan,17,2,2,60,0.0043259020012106,0.0043259020012106,-5.4431346051497,1,101
0.65,135,-57.393933735496,nan,nan,nan,22.190420823691,0.045064490121448,nan,nan,17,2,2,61,0.0041525093439717,0.0041525093439717,-5.4840424662755,1,101
0.65,135,-57.393933735496,nan,nan,nan,22.190420823691,0.045064490121448,nan,nan,17,2,2,62,0.0039863526093245,0.0039863526093245,-5.5248785991561,1,101
0.65,135,-57.393933735496,nan,nan,nan,22.190420823691,0.045064490121448,nan,nan,17,2,2,63,0.0038270959924152,0.0038270959924152,-5.5656489899122,1,101
0.65,135,-57.393933735496,nan,nan,nan,22.190420823691,0.045064490121448,nan,nan,17,2,2,64,0.0036744325332494,0.0036744325332494,-5.6063565709615,1,101
0.65,135,-57.393933735496,nan,nan,nan,22.190420823691,0.045064490121448,nan,nan,17,2,2,65,0.0035280669865616,0.0035280669865616,-5.6470051538972,1,101
0.65,135,-57.393933735496,nan,nan,nan,22.190420823691,0.045064490121448,nan,nan,17,2,2,66,0.0033877135408101,0.0033877135408101,-5.6876000568856,1,101
0.65,135,-57.393933735496,nan,nan,nan,22.190420823691,0.045064490121448,nan,nan,17,2,2,67,0.0032531053651746,0.0032531053651746,-5.7281452418604,1,101
0.65,135,-57.393933735496,nan,nan,nan,22.190420823691,0.045064490121448,nan,nan,17,2,2,68,0.0031239894263306,0.0031239894263306,-5.7686444316677,1,101
0.65,135,-57.393933735496,nan,nan,nan,22.190420823691,0.045064490121448,nan,nan,17,2,2,69,0.0030001237133567,0.0030001237133567,-5.8091017533787,1,101
0.65,135,-57.393933735496,nan,nan,nan,22.190420823691,0.045064490121448,nan,nan,17,2,2,70,0.0028812825151313,0.0028812825151313,-5.8495197662049,1,101
0.65,135,-57.393933735496,nan,nan,nan,22.190420823691,0.045064490121448,nan,nan,17,2,2,71,0.002767233235768,0.002767233235768,-5.8899072898006,1,101
0.65,135,-57.393933735496,nan,nan,nan,22.190420823691,0.045064490121448,nan,nan,17,2,2,72,0.0026577814650718,0.0026577814650718,-5.9302635398771,1,101
0.65,135,-57.393933735496,nan,nan,nan,22.190420823691,0.045064490121448,nan,nan,17,2,2,73,0.0025527238395513,0.0025527238395513,-5.9705943175289,1,101
0.65,135,-57.393933735496,nan,nan,nan,22.190420823691,0.045064490121448,nan,nan,17,2,2,74,0.0024518745564792,0.0024518745564792,-6.0109024218909,1,101
0.65,135,-57.393933735496,nan,nan,nan,22.190420823691,0.045064490121448,nan,nan,17,2,2,75,0.0023550494577002,0.0023550494577002,-6.0511935505877,1,101
0.65,135,-57.393933735496,nan,nan,nan,22.190420823691,0.045064490121448,nan,nan,17,2,2,76,0.0022620792105113,0.0022620792105113,-6.0914708839918,1,101
0.65,135,-57.393933735496,nan,nan,nan,22.190420823691,0.045064490121448,nan,nan,17,2,2,77,0.0021728047667132,0.0021728047667132,-6.131736426791,1,101
0.65,135,-57.393933735496,nan,nan,nan,22.190420823691,0.045064490121448,nan,nan,17,2,2,78,0.002087060995515,0.002087060995515,-6.1719984249055,1,101
0.65,135,-57.393933735496,nan,nan,nan,22.190420823691,0.045064490121448,nan,nan,17,2,2,79,0.002004698151722,0.002004698151722,-6.2122617773266,1,101
0.65,135,-57.393933735496,nan,nan,nan,22.190420823691,0.045064490121448,nan,nan,17,2,2,80,0.0019255801639574,0.0019255801639574,-6.2525279727754,1,101
0.65,135,-57.393933735496,nan,nan,nan,22.190420823691,0.045064490121448,nan,nan,17,2,2,81,0.0018495610294814,0.0018495610294814,-6.292806949409,1,101
0.65,135,-57.393933735496,nan,nan,nan,22.190420823691,0.045064490121448,nan,nan,17,2,2,82,0.0017765095598992,0.0017765095598992,-6.3331047612065,1,101
0.65,135,-57.393933735496,nan,nan,nan,22.190420823691,0.045064490121448,nan,nan,17,2,2,83,0.0017063021647459,0.0017063021647459,-6.3734267267535,1,101
0.65,135,-57.393933735496,nan,nan,nan,22.190420823691,0.045064490121448,nan,nan,17,2,2,84,0.0016388195919416,0.0016388195919416,-6.4137790573096,1,101
0.65,135,-57.393933735496,nan,nan,nan,22.190420823691,0.045064490121448,nan,nan,17,2,2,85,0.0015739411012656,0.0015739411012656,-6.4541725494675,1,101
0.65,135,-57.393933735496,nan,nan,nan,22.190420823691,0.045064490121448,nan,nan,17,2,2,86,0.0015115623404133,0.0015115623404133,-6.4946115005243,1,101
0.65,135,-57.393933735496,nan,nan,nan,22.190420823691,0.045064490121448,nan,nan,17,2,2,87,0.0014515720073441,0.0014515720073441,-6.5351081668123,1,101
0.65,135,-57.393933735496,nan,nan,nan,22.190420823691,0.045064490121448,nan,nan,17,2,2,88,0.001393871150488,0.001393871150488,-6.5756704024166,1,101
0.65,135,-57.393933735496,nan,nan,nan,22.190420823691,0.045064490121448,nan,nan,17,2,2,89,0.0013383593146377,0.0013383593146377,-6.6163108072611,1,101
0.65,135,-57.393933735496,nan,nan,nan,22.190420823691,0.045064490121448,nan,nan,17,2,2,90,0.0012849441111318,0.0012849441111318,-6.6570400548635,1,101
0.65,135,-57.393933735496,nan,nan,nan,22.190420823691,0.045064490121448,nan,nan,17,2,2,91,0.0012335327118222,0.0012335327118222,-6.6978731028311,1,101
0.65,135,-57.393933735496,nan,nan,nan,22.190420823691,0.045064490121448,nan,nan,17,2,2,92,0.0011840392970512,0.0011840392970512,-6.7388235529941,1,101
0.65,135,-57.393933735496,nan,nan,nan,22.190420823691,0.045064490121448,nan,nan,17,2,2,93,0.0011363772834572,0.0011363772834572,-6.779909898102,1,101
0.65,135,-57.393933735496,nan,nan,nan,22.190420823691,0.045064490121448,nan,nan,17,2,2,94,0.0010904627483044,0.0010904627483044,-6.8211531331038,1,101
0.65,135,-57.393933735496,nan,nan,nan,22.190420823691,0.045064490121448,nan,nan,17,2,2,95,0.0010462162211303,0.0010462162211303,-6.8625752223398,1,101
0.65,135,-57.393933735496,nan,nan,nan,22.190420823691,0.045064490121448,nan,nan,17,2,2,96,0.0010035605914242,0.0010035605914242,-6.9042010114568,1,101
0.65,135,-57.393933735496,nan,nan,nan,22.190420823691,0.045064490121448,nan,nan,17,2,2,97,0.00096242070391743,0.00096242070391743,-6.9460588807365,1,101
0.65,135,-57.393933735496,nan,nan,nan,22.190420823691,0.045064490121448,nan,nan,17,2,2,98,0.00092272256671319,0.00092272256671319,-6.9881819464195,1,101
0.65,135,-57.393933735496,nan,nan,nan,22.190420823691,0.045064490121448,nan,nan,17,2,2,99,0.00088439163814042,0.00088439163814042,-7.0306105638646,1,101
0.65,135,-57.393933735496,nan,nan,nan,22.190420823691,0.045064490121448,nan,nan,17,2,2,100,0.00084735508721405,0.00084735508721405,-7.0733907218679,1,101
0.65,135,-57.393933735496,nan,nan,nan,22.190420823691,0.045064490121448,nan,nan,17,2,2,101,0.00081154038880974,0.00081154038880974,-7.1165764016878,1,101
0.7,135,-44.67397144823,nan,nan,nan,9.4986486528097,0.10527813340103,nan,nan,17,2,2,1,0.10058745822112,0.10058745822112,-2.2967276988586,1,101
0.7,135,-44.67397144823,nan,nan,nan,9.4986486528097,0.10527813340103,nan,nan,17,2,2,2,0.084931005470618,0.084931005470618,-2.4659160524446,1,101
0.7,135,-44.67397144823,nan,nan,nan,9.4986486528097,0.10527813340103,nan,nan,17,2,2,3,0.071030657032983,0.071030657032983,-2.644643705938,1,101
0.7,135,-44.67397144823,nan,nan,nan,9.4986486528097,0.10527813340103,nan,nan,17,2,2,4,0.059709169105163,0.059709169105163,-2.8182696840256,1,101
0.7,135,-44.67397144823,nan,nan,nan,9.4986486528097,0.10527813340103,nan,nan,17,2,2,5,0.05062167533499,0.05062167533499,-2.9833754281072,1,101
0.7,135,-44.67397144823,nan,nan,nan,9.4986486528097,0.10527813340103,nan,nan,17,2,2,6,0.043276609659057,0.043276609659057,-3.1401429825618,1,101
0.7,135,-44.67397144823,nan,nan,nan,9.4986486528097,0.10527813340103,nan,nan,17,2,2,7,0.037265167318155,0.037265167318155,-3.289696240704,1,101
0.7,135,-44.67397144823,nan,nan,nan,9.4986486528097,0.10527813340103,nan,nan,17,2,2,8,0.032282585599581,0.032282585599581,-3.4332273396685,1,101
0.7,135,-44.67397144823,nan,nan,nan,9.4986486528097,0.10527813340103,nan,nan,17,2,2,9,0.028106315162768,0.028106315162768,-3.5717609890039,1,101
0.7,135,-44.67397144823,nan,nan,nan,9.4986486528097,0.10527813340103,nan,nan,17,2,2,10,0.02457254339327,0.02457254339327,-3.7061255815969,1,101
0.7,135,-44.67397144823,nan,nan,nan,9.4986486528097,0.10527813340103,nan,nan,17,2,2,11,0.021558616118627,0.021558616118627,-3.8369797224492,1,101
0.7,135,-44.67397144823,nan,nan,nan,9.4986486528097,0.10527813340103,nan,nan,17,2,2,12,0.018970952175374,0.018970952175374,-3.9648463025482,1,101
0.7,135,-44.67397144823,nan,nan,nan,9.4986486528097,0.10527813340103,nan,nan,17,2,2,13,0.016736840572933,0.016736840572933,-4.0901429669227,1,101
0.7,135,-44.67397144823,nan,nan,nan,9.4986486528097,0.10527813340103,nan,nan,17,2,2,14,0.014798852804673,0.014798852804673,-4.2132056144141,1,101
0.7,135,-44.67397144823,nan,nan,nan,9.4986486528097,0.10527813340103,nan,nan,17,2,2,15,0.013110962015801,0.013110962015801,-4.3343066035935,1,101
0.7,135,-44.67397144823,nan,nan,nan,9.4986486528097,0.10527813340103,nan,nan,17,2,2,16,0.011635782203252,0.011635782203252,-4.4536702560173,1,101
0.7,135,-44.67397144823,nan,nan,nan,9.4986486528097,0.10527813340103,nan,nan,17,2,2,17,0.010342600952959,0.010342600952959,-4.5714838986941,1,101
0.7,135,-44.67397144823,nan,nan,nan,9.4986486528097,0.10527813340103,nan,nan,17,2,2,18,0.0092059433571729,0.0092059433571729,-4.6879059864223,1,101
0.7,135,-44.67397144823,nan,nan,nan,9.4986486528097,0.10527813340103,nan,nan,17,2,2,19,0.0082045072433792,0.0082045072433792,-4.803071611895,1,101
0.7,135,-44.67397144823,nan,nan,nan,9.4986486528097,0.10527813340103,nan,nan,17,2,2,20,0.0073203432352257,0.0073203432352257,-4.9170980620501,1,101
0.7,135,-44.67397144823,nan,nan,nan,9.4986486528097,0.10527813340103,nan,nan,17,2,2,21,0.006538237715105,0.006538237715105,-5.0300876123467,1,101
0.7,135,-44.67397144823,nan,nan,nan,9.4986486528097,0.10527813340103,nan,nan,17,2,2,22,0.005845225216865,0.005845225216865,-5.1421301532581,1,101
0.7,135,-44.67397144823,nan,nan,nan,9.4986486528097,0.10527813340103,nan,nan,17,2,2,23,0.0052302029304463,0.0052302029304463,-5.2533052004255,1,101
0.7,135,-44.67397144823,nan,nan,nan,9.4986486528097,0.10527813340103,nan,nan,17,2,2,24,0.0046836220500667,0.0046836220500667,-5.3636835260696,1,101
0.7,135,-44.67397144823,nan,nan,nan,9.4986486528097,0.10527813340103,nan,nan,17,2,2,25,0.0041972382918865,0.0041972382918865,-5.4733285195242,1,101
0.7,135,-44.67397144823,nan,nan,nan,9.4986486528097,0.10527813340103,nan,nan,17,2,2,26,0.0037639087167169,0.0037639087167169,-5.5822973092223,1,101
0.7,135,-44.67397144823,nan,nan,nan,9.4986486528097,0.10527813340103,nan,nan,17,2,2,27,0.0033774253545685,0.0033774253545685,-5.6906415891681,1,101
0.7,135,-44.67397144823,nan,nan,nan,9.4986486528097,0.10527813340103,nan,nan,17,2,2,28,0.0030323766925887,0.0030323766925887,-5.7984085799386,1,101
0.7,135,-44.67397144823,nan,nan,nan,9.4986486528097,0.10527813340103,nan,nan,17,2,2,29,0.0027240340603846,0.0027240340603846,-5.9056413869608,1,101
0.7,135,-44.67397144823,nan,nan,nan,9.4986486528097,0.10527813340103,nan,nan,17,2,2,30,0.0024482550820069,0.0024482550820069,-6.0123797195943,1,101
0.7,135,-44.67397144823,nan,nan,nan,9.4986486528097,0.10527813340103,nan,nan,17,2,2,31,0.0022014033634822,0.0022014033634822,-6.1186602294929,1,101
0.7,135,-44.67397144823,nan,nan,nan,9.4986486528097,0.10527813340103,nan,nan,17,2,2,32,0.0019802804574806,0.0019802804574806,-6.2245167991142,1,101
0.7,135,-44.67397144823,nan,nan,nan,9.4986486528097,0.10527813340103,nan,nan,17,2,2,33,0.0017820679785682,0.0017820679785682,-6.3299808033165,1,101
0.7,135,-44.67397144823,nan,nan,nan,9.4986486528097,0.10527813340103,nan,nan,17,2,2,34,0.0016042782107516,0.0016042782107516,-6.4350813364787,1,101
0.7,135,-44.67397144823,nan,nan,nan,9.4986486528097,0.10527813340103,nan,nan,17,2,2,35,0.0014447118253298,0.0014447118253298,-6.5398454061438,1,101
0.7,135,-44.67397144823,nan,nan,nan,9.4986486528097,0.10527813340103,nan,nan,17,2,2,36,0.0013014215670019,0.0013014215670019,-6.6442980988862,1,101
0.7,135,-44.67397144823,nan,nan,nan,9.4986486528097,0.10527813340103,nan,nan,17,2,2,37,0.0011726809696399,0.0011726809696399,-6.7484627244452,1,101
0.7,135,-44.67397144823,nan,nan,nan,9.4986486528097,0.10527813340103,nan,nan,17,2,2,38,0.0010569573286654,0.0010569573286654,-6.8523609431404,1,101
0.7,135,-44.67397144823,nan,nan,nan,9.4986486528097,0.10527813340103,nan,nan,17,2,2,39,0.00095288829030446,0.00095288829030446,-6.9560128801687,1,101
0.7,135,-44.67397144823,nan,nan,nan,9.4986486528097,0.10527813340103,nan,nan,17,2,2,40,0.00085926152494437,0.00085926152494437,-7.059437229529,1,101
0.7,135,-44.67397144823,nan,nan,nan,9.4986486528097,0.10527813340103,nan,nan,17,2,2,41,0.00077499703888185,0.00077499703888185,-7.1626513494158,1,101
0.7,135,-44.67397144823,nan,nan,nan,9.4986486528097,0.10527813340103,nan,nan,17,2,2,42,0.00069913174960257,0.00069913174960257,-7.2656713505118,1,101
0.7,135,-44.67397144823,nan,nan,nan,9.4986486528097,0.10527813340103,nan,nan,17,2,2,43,0.00063080600816131,0.00063080600816131,-7.3685121782516,1,101
0.7,135,-44.67397144823,nan,nan,nan,9.4986486528097,0.10527813340103,nan,nan,17,2,2,44,0.00056925180070533,0.00056925180070533,-7.471187689731,1,101
0.7,135,-44.67397144823,nan,nan,nan,9.4986486528097,0.10527813340103,nan,nan,17,2,2,45,0.00051378240132084,0.00051378240132084,-7.5737107258781,1,101
0.7,135,-44.67397144823,nan,nan,nan,9.4986486528097,0.10527813340103,nan,nan,17,2,2,46,0.00046378328206409,0.00046378328206409,-7.6760931793637,1,101
0.7,135,-44.67397144823,nan,nan,nan,9.4986486528097,0.10527813340103,nan,nan,17,2,2,47,0.00041870411435492,0.00041870411435492,-7.778346058489,1,101
0.7,135,-44.67397144823,nan,nan,nan,9.4986486528097,0.10527813340103,nan,nan,17,2,2,48,0.00037805171959202,0.00037805171959202,-7.8804795473868,1,101
0.7,135,-44.67397144823,nan,nan,nan,9.4986486528097,0.10527813340103,nan,nan,17,2,2,49,0.00034138384700617,0.00034138384700617,-7.9825030627064,1,101
0.7,135,-44.67397144823,nan,nan,nan,9.4986486528097,0.10527813340103,nan,nan,17,2,2,50,0.00030830367374423,0.00030830367374423,-8.0844253070088,1,101
0.7,135,-44.67397144823,nan,nan,nan,9.4986486528097,0.10527813340103,nan,nan,17,2,2,51,0.00027845493667232,0.00027845493667232,-8.1862543189699,1,101
0.7,135,-44.67397144823,nan,nan,nan,9.4986486528097,0.10527813340103,nan,nan,17,2,2,52,0.00025151761765468,0.00025151761765468,-8.2879975205611,1,101
0.7,135,-44.67397144823,nan,nan,nan,9.4986486528097,0.10527813340103,nan,nan,17,2,2,53,0.00022720411457016,0.00022720411457016,-8.3896617613774,1,101
0.7,135,-44.67397144823,nan,nan,nan,9.4986486528097,0.10527813340103,nan,nan,17,2,2,54,0.00020525583933407,0.00020525583933407,-8.491253360175,1,101
0.7,135,-44.67397144823,nan,nan,nan,9.4986486528097,0.10527813340103,nan,nan,17,2,2,55,0.00018544019185228,0.00018544019185228,-8.5927781437946,1,101
0.7,135,-44.67397144823,nan,nan,nan,9.4986486528097,0.10527813340103,nan,nan,17,2,2,56,0.00016754786546509,0.00016754786546509,-8.6942414835512,1,101
0.7,135,-44.67397144823,nan,nan,nan,9.4986486528097,0.10527813340103,nan,nan,17,2,2,57,0.00015139044509944,0.00015139044509944,-8.79564832926,1,101
0.7,135,-44.67397144823,nan,nan,nan,9.4986486528097,0.10527813340103,nan,nan,17,2,2,58,0.00013679826426009,0.00013679826426009,-8.8970032410135,1,101
0.7,135,-44.67397144823,nan,nan,nan,9.4986486528097,0.10527813340103,nan,nan,17,2,2,59,0.00012361849122129,0.00012361849122129,-8.9983104187802,1,101
0.7,135,-44.67397144823,nan,nan,nan,9.4986486528097,0.10527813340103,nan,nan,17,2,2,60,0.00011171341842058,0.00011171341842058,-9.0995737300031,1,101
0.7,135,-44.67397144823,nan,nan,nan,9.4986486528097,0.10527813340103,nan,nan,17,2,2,61,0.00010095893223687,0.00010095893223687,-9.200796735328,1,101
0.7,135,-44.67397144823,nan,nan,nan,9.4986486528097,0.10527813340103,nan,nan,17,2,2,62,9.124314309394e-05,9.124314309394e-05,-9.3019827125011,1,101
0.7,135,-44.67397144823,nan,nan,nan,9.4986486528097,0.10527813340103,nan,nan,17,2,2,63,8.246515820304e-05,8.246515820304e-05,-9.4031346786395,1,101
0.7,135,-44.67397144823,nan,nan,nan,9.4986486528097,0.10527813340103,nan,nan,17,2,2,64,7.4533981360031e-05,7.4533981360031e-05,-9.5042554109344,1,101
0.7,135,-44.67397144823,nan,nan,nan,9.4986486528097,0.10527813340103,nan,nan,17,2,2,65,6.7367526018736e-05,6.7367526018736e-05,-9.6053474659647,1,101
0.7,135,-44.67397144823,nan,nan,nan,9.4986486528097,0.10527813340103,nan,nan,17,2,2,66,6.0891729466771e-05,6.0891729466771e-05,-9.7064131976141,1,101
0.7,135,-44.67397144823,nan,nan,nan,9.4986486528097,0.10527813340103,nan,nan,17,2,2,67,5.5039757299894e-05,5.5039757299894e-05,-9.8074547738712,1,101
0.7,135,-44.67397144823,nan,nan,nan,9.4986486528097,0.10527813340103,nan,nan,17,2,2,68,4.9751288636008e-05,4.9751288636008e-05,-9.9084741924638,1,101
0.7,135,-44.67397144823,nan,nan,nan,9.4986486528097,0.10527813340103,nan,nan,17,2,2,69,4.4971873562637e-05,4.4971873562637e-05,-10.009473295549,1,101
0.7,135,-44.67397144823,nan,nan,nan,9.4986486528097,0.10527813340103,nan,nan,17,2,2,70,4.0652355264468e-05,4.0652355264468e-05,-10.110453783564,1,101
0.7,135,-44.67397144823,nan,nan,nan,9.4986486528097,0.10527813340103,nan,nan,17,2,2,71,3.6748350108728e-05,3.6748350108728e-05,-10.211417228314,1,101
0.7,135,-44.67397144823,nan,nan,nan,9.4986486528097,0.10527813340103,nan,nan,17,2,2,72,3.3219779695828e-05,3.3219779695828e-05,-10.312365085474,1,101
0.7,135,-44.67397144823,nan,nan,nan,9.4986486528097,0.10527813340103,nan,nan,17,2,2,73,3.0030449532362e-05,3.0030449532362e-05,-10.413298706638,1,101
0.7,135,-44.67397144823,nan,nan,nan,9.4986486528097,0.10527813340103,nan,nan,17,2,2,74,2.714766955899e-05,2.714766955899e-05,-10.514219351033,1,101
0.7,135,-44.67397144823,nan,nan,nan,9.4986486528097,0.10527813340103,nan,nan,17,2,2,75,2.454191226832e-05,2.454191226832e-05,-10.615128197173,1,101
0.7,135,-44.67397144823,nan,nan,nan,9.4986486528097,0.10527813340103,nan,nan,17,2,2,76,2.2186504607138e-05,2.2186504607138e-05,-10.716026354512,1,101
0.7,135,-44.67397144823,nan,nan,nan,9.4986486528097,0.10527813340103,nan,nan,17,2,2,77,2.0057350248557e-05,2.0057350248557e-05,-10.816914875454,1,101
0.7,135,-44.67397144823,nan,nan,nan,9.4986486528097,0.10527813340103,nan,nan,17,2,2,78,1.8132679181623e-05,1.8132679181623e-05,-10.917794767964,1,101
0.7,135,-44.67397144823,nan,nan,nan,9.4986486528097,0.10527813340103,nan,nan,17,2,2,79,1.6392821872414e-05,1.6392821872414e-05,-11.018667009655,1,101
0.7,135,-44.67397144823,nan,nan,nan,9.4986486528097,0.10527813340103,nan,nan,17,2,2,80,1.4820005632741e-05,1.4820005632741e-05,-11.119532558019,1,101
0.7,135,-44.67397144823,nan,nan,nan,9.4986486528097,0.10527813340103,nan,nan,17,2,2,81,1.3398170683822e-05,1.3398170683822e-05,-11.220392376459,1,101
0.7,135,-44.67397144823,nan,nan,nan,9.4986486528097,0.10527813340103,nan,nan,17,2,2,82,1.2112804259998e-05,1.2112804259998e-05,-11.321247461558,1,101
0.7,135,-44.67397144823,nan,nan,nan,9.4986486528097,0.10527813340103,nan,nan,17,2,2,83,1.0950791738652e-05,1.0950791738652e-05,-11.422098799416,1,101
0.7,135,-44.67397144823,nan,nan,nan,9.4986486528097,0.10527813340103,nan,nan,17,2,2,84,9.9002783347734e-06,9.9002783347734e-06,-11.522947686595,1,101
0.7,135,-44.67397144823,nan,nan,nan,9.4986486528097,0.10527813340103,nan,nan,17,2,2,85,8.9505519830517e-06,8.9505519830517e-06,-11.623795353495,1,101
0.7,135,-44.67397144823,nan,nan,nan,9.4986486528097,0.10527813340103,nan,nan,17,2,2,86,8.0919316750929e-06,8.0919316750929e-06,-11.724643082207,1,101
0.7,135,-44.67397144823,nan,nan,nan,9.4986486528097,0.10527813340103,nan,nan,17,2,2,87,7.3156669930889e-06,7.3156669930889e-06,-11.825492346092,1,101
0.7,135,-44.67397144823,nan,nan,nan,9.4986486528097,0.10527813340103,nan,nan,17,2,2,88,6.6138483861164e-06,6.6138483861164e-06,-11.926344866843,1,101
0.7,135,-44.67397144823,nan,nan,nan,9.4986486528097,0.10527813340103,nan,nan,17,2,2,89,5.9793233007678e-06,5.9793233007678e-06,-12.027203156812,1,101
0.7,135,-44.67397144823,nan,nan,nan,9.4986486528097,0.10527813340103,nan,nan,17,2,2,90,5.4056355479762e-06,5.4056355479762e-06,-12.128068528591,1,101
0.7,135,-44.67397144823,nan,nan,nan,9.4986486528097,0.10527813340103,nan,nan,17,2,2,91,4.8869210628468e-06,4.8869210628468e-06,-12.228948092283,1,101
0.7,135,-44.67397144823,nan,nan,nan,9.4986486528097,0.10527813340103,nan,nan,17,2,2,92,4.4179274554058e-06,4.4179274554058e-06,-12.329839873335,1,101
0.7,135,-44.67397144823,nan,nan,nan,9.4986486528097,0.10527813340103,nan,nan,17,2,2,93,3.9938911922342e-06,3.9938911922342e-06,-12.430744566147,1,101
0.7,135,-44.67397144823,nan,nan,nan,9.4986486528097,0.10527813340103,nan,nan,17,2,2,94,3.6104930261213e-06,3.6104930261213e-06,-12.531666222612,1,101
0.7,135,-44.67397144823,nan,nan,nan,9.4986486528097,0.10527813340103,nan,nan,17,2,2,95,3.2638043666558e-06,3.2638043666558e-06,-12.632617059345,1,101
0.7,135,-44.67397144823,nan,nan,nan,9.4986486528097,0.10527813340103,nan,nan,17,2,2,96,2.9502693821531e-06,2.9502693821531e-06,-12.733614075798,1,101
0.7,135,-44.67397144823,nan,nan,nan,9.4986486528097,0.10527813340103,nan,nan,17,2,2,97,2.6667018073583e-06,2.6667018073583e-06,-12.83466812728,1,101
0.7,135,-44.67397144823,nan,nan,nan,9.4986486528097,0.10527813340103,nan,nan,17,2,2,98,2.4102381627648e-06,2.4102381627648e-06,-12.93578499262,1,101
0.7,135,-44.67397144823,nan,nan,nan,9.4986486528097,0.10527813340103,nan,nan,17,2,2,99,2.1782643258367e-06,2.1782643258367e-06,-13.036982179092,1,101
0.7,135,-44.67397144823,nan,nan,nan,9.4986486528097,0.10527813340103,nan,nan,17,2,2,100,1.968410034945e-06,1.968410034945e-06,-13.138284429946,1,101
0.7,135,-44.67397144823,nan,nan,nan,9.4986486528097,0.10527813340103,nan,nan,17,2,2,101,1.7785141059035e-06,1.7785141059035e-06,-13.239732314241,1,101
0.75,135,-34.635836535849,nan,nan,nan,4.916141113854,0.20341157359823,nan,nan,17,2,2,1,0.094337796844552,0.094337796844552,-2.360873354753,1,101
0.75,135,-34.635836535849,nan,nan,nan,4.916141113854,0.20341157359823,nan,nan,17,2,2,2,0.071658189153884,0.071658189153884,-2.6358478373955,1,101
0.75,135,-34.635836535849,nan,nan,nan,4.916141113854,0.20341157359823,nan,nan,17,2,2,3,0.053839165994904,0.053839165994904,-2.921754084202,1,101
0.75,135,-34.635836535849,nan,nan,nan,4.916141113854,0.20341157359823,nan,nan,17,2,2,4,0.040778460834662,0.040778460834662,-3.1996012576903,1,101
0.75,135,-34.635836535849,nan,nan,nan,4.916141113854,0.20341157359823,nan,nan,17,2,2,5,0.031237842341992,0.031237842341992,-3.4661250235537,1,101
0.75,135,-34.635836535849,nan,nan,nan,4.916141113854,0.20341157359823,nan,nan,17,2,2,6,0.024178370708488,0.024178370708488,-3.7222968178487,1,101
0.75,135,-34.635836535849,nan,nan,nan,4.916141113854,0.20341157359823,nan,nan,17,2,2,7,0.01887570669935,0.01887570669935,-3.9698795435228,1,101
0.75,135,-34.635836535849,nan,nan,nan,4.916141113854,0.20341157359823,nan,nan,17,2,2,8,0.014839231724667,0.014839231724667,-4.210480813158,1,101
0.75,135,-34.635836535849,nan,nan,nan,4.916141113854,0.20341157359823,nan,nan,17,2,2,9,0.011732503139815,0.011732503139815,-4.4453922426789,1,101
0.75,135,-34.635836535849,nan,nan,nan,4.916141113854,0.20341157359823,nan,nan,17,2,2,10,0.0093197886258874,0.0093197886258874,-4.6756153301676,1,101
0.75,135,-34.635836535849,nan,nan,nan,4.916141113854,0.20341157359823,nan,nan,17,2,2,11,0.0074322926648961,0.0074322926648961,-4.9019208992233,1,101
0.75,135,-34.635836535849,nan,nan,nan,4.916141113854,0.20341157359823,nan,nan,17,2,2,12,0.0059467699456498,0.0059467699456498,-5.1249070731072,1,101
0.75,135,-34.635836535849,nan,nan,nan,4.916141113854,0.20341157359823,nan,nan,17,2,2,13,0.0047717284048934,0.0047717284048934,-5.3450466906802,1,101
0.75,135,-34.635836535849,nan,nan,nan,4.916141113854,0.20341157359823,nan,nan,17,2,2,14,0.0038383119220586,0.0038383119220586,-5.5627226126671,1,101
0.75,135,-34.635836535849,nan,nan,nan,4.916141113854,0.20341157359823,nan,nan,17,2,2,15,0.0030941177489175,0.0030941177489175,-5.7782524703746,1,101
0.75,135,-34.635836535849,nan,nan,nan,4.916141113854,0.20341157359823,nan,nan,17,2,2,16,0.0024988981114068,0.0024988981114068,-5.9919053997065,1,101
0.75,135,-34.635836535849,nan,nan,nan,4.916141113854,0.20341157359823,nan,nan,17,2,2,17,0.0020215046116484,0.0020215046116484,-6.2039131875858,1,101
0.75,135,-34.635836535849,nan,nan,nan,4.916141113854,0.20341157359823,nan,nan,17,2,2,18,0.0016376749893064,0.0016376749893064,-6.4144777324658,1,101
0.75,135,-34.635836535849,nan,nan,nan,4.916141113854,0.20341157359823,nan,nan,17,2,2,19,0.0013284051928502,0.0013284051928502,-6.623776159368,1,101
0.75,135,-34.635836535849,nan,nan,nan,4.916141113854,0.20341157359823,nan,nan,17,2,2,20,0.0010787368841235,0.0010787368841235,-6.8319644740429,1,101
0.75,135,-34.635836535849,nan,nan,nan,4.916141113854,0.20341157359823,nan,nan,17,2,2,21,0.00087684500524041,0.00087684500524041,-7.0391803141184,1,101
0.75,135,-34.635836535849,nan,nan,nan,4.916141113854,0.20341157359823,nan,nan,17,2,2,22,0.00071334517592537,0.00071334517592537,-7.2455451369898,1,101
0.75,135,-34.635836535849,nan,nan,nan,4.916141113854,0.20341157359823,nan,nan,17,2,2,23,0.00058076401992789,0.00058076401992789,-7.4511660455326,1,101
0.75,135,-34.635836535849,nan,nan,nan,4.916141113854,0.20341157359823,nan,nan,17,2,2,24,0.00047313141847765,0.00047313141847765,-7.6561373677295,1,101
0.75,135,-34.635836535849,nan,nan,nan,4.916141113854,0.20341157359823,nan,nan,17,2,2,25,0.00038566476279439,0.00038566476279439,-7.8605420560255,1,101
0.75,135,-34.635836535849,nan,nan,nan,4.916141113854,0.20341157359823,nan,nan,17,2,2,26,0.00031452312868487,0.00031452312868487,-8.0644529433994,1,101
0.75,135,-34.635836535849,nan,nan,nan,4.916141113854,0.20341157359823,nan,nan,17,2,2,27,0.00025661494184474,0.00025661494184474,-8.2679338773738,1,101
0.75,135,-34.635836535849,nan,nan,nan,4.916141113854,0.20341157359823,nan,nan,17,2,2,28,0.000209446809182,0.000209446809182,-8.471040744958,1,101
0.75,135,-34.635836535849,nan,nan,nan,4.916141113854,0.20341157359823,nan,nan,17,2,2,29,0.00017100420732533,0.00017100420732533,-8.6738223975226,1,101
0.75,135,-34.635836535849,nan,nan,nan,4.916141113854,0.20341157359823,nan,nan,17,2,2,30,0.00013965695233574,0.00013965695233574,-8.8763214828112,1,101
0.75,135,-34.635836535849,nan,nan,nan,4.916141113854,0.20341157359823,nan,nan,17,2,2,31,0.00011408403971564,0.00011408403971564,-9.0785751906731,1,101
0.75,135,-34.635836535849,nan,nan,nan,4.916141113854,0.20341157359823,nan,nan,17,2,2,32,9.3213693698252e-05,9.3213693698252e-05,-9.2806159189728,1,101
0.75,135,-34.635836535849,nan,nan,nan,4.916141113854,0.20341157359823,nan,nan,17,2,2,33,7.617540884198e-05,7.617540884198e-05,-9.4824718659657,1,101
0.75,135,-34.635836535849,nan,nan,nan,4.916141113854,0.20341157359823,nan,nan,17,2,2,34,6.2261484136375e-05,6.2261484136375e-05,-9.6841675555161,1,101
0.75,135,-34.635836535849,nan,nan,nan,4.916141113854,0.20341157359823,nan,nan,17,2,2,35,5.0896097803581e-05,5.0896097803581e-05,-9.8857243013234,1,101
0.75,135,-34.635836535849,nan,nan,nan,4.916141113854,0.20341157359823,nan,nan,17,2,2,36,4.1610391923637e-05,4.1610391923637e-05,-10.087160616037,1,101
0.75,135,-34.635836535849,nan,nan,nan,4.916141113854,0.20341157359823,nan,nan,17,2,2,37,3.4022361068917e-05,3.4022361068917e-05,-10.288492571026,1,101
0.75,135,-34.635836535849,nan,nan,nan,4.916141113854,0.20341157359823,nan,nan,17,2,2,38,2.7820591444596e-05,2.7820591444596e-05,-10.489734112004,1,101
0.75,135,-34.635836535849,nan,nan,nan,4.916141113854,0.20341157359823,nan,nan,17,2,2,39,2.2751093782193e-05,2.2751093782193e-05,-10.690897335385,1,101
0.75,135,-34.635836535849,nan,nan,nan,4.916141113854,0.20341157359823,nan,nan,17,2,2,40,1.8606627379775e-05,1.8606627379775e-05,-10.891992729968,1,101
0.75,135,-34.635836535849,nan,nan,nan,4.916141113854,0.20341157359823,nan,nan,17,2,2,41,1.521803397177e-05,1.521803397177e-05,-11.093029387871,1,101
0.75,135,-34.635836535849,nan,nan,nan,4.916141113854,0.20341157359823,nan,nan,17,2,2,42,1.2447195910123e-05,1.2447195910123e-05,-11.294015188524,1,101
0.75,135,-34.635836535849,nan,nan,nan,4.916141113854,0.20341157359823,nan,nan,17,2,2,43,1.0181309109826e-05,1.0181309109826e-05,-11.49495695886,1,101
0.75,135,-34.635836535849,nan,nan,nan,4.916141113854,0.20341157359823,nan,nan,17,2,2,44,8.3282216432182e-06,8.3282216432182e-06,-11.695860612786,1,101
0.75,135,-34.635836535849,nan,nan,nan,4.916141113854,0.20341157359823,nan,nan,17,2,2,45,6.8126371066426e-06,6.8126371066426e-06,-11.896731272432,1,101
0.75,135,-34.635836535849,nan,nan,nan,4.916141113854,0.20341157359823,nan,nan,17,2,2,46,5.5730204855974e-06,5.5730204855974e-06,-12.097573373518,1,101
0.75,135,-34.635836535849,nan,nan,nan,4.916141113854,0.20341157359823,nan,nan,17,2,2,47,4.5590752235186e-06,4.5590752235186e-06,-12.298390756865,1,101
0.75,135,-34.635836535849,nan,nan,nan,4.916141113854,0.20341157359823,nan,nan,17,2,2,48,3.7296851136813e-06,3.7296851136813e-06,-12.499186747797,1,101
0.75,135,-34.635836535849,nan,nan,nan,4.916141113854,0.20341157359823,nan,nan,17,2,2,49,3.0512347137163e-06,3.0512347137163e-06,-12.699964225095,1,101
0.75,135,-34.635836535849,nan,nan,nan,4.916141113854,0.20341157359823,nan,nan,17,2,2,50,2.4962381964466e-06,2.4962381964466e-06,-12.900725680742,1,101
0.75,135,-34.635836535849,nan,nan,nan,4.916141113854,0.20341157359823,nan,nan,17,2,2,51,2.0422196625859e-06,2.0422196625859e-06,-13.101473271732,1,101
0.75,135,-34.635836535849,nan,nan,nan,4.916141113854,0.20341157359823,nan,nan,17,2,2,52,1.6707985619695e-06,1.6707985619695e-06,-13.302208865008,1,101
0.75,135,-34.635836535849,nan,nan,nan,4.916141113854,0.20341157359823,nan,nan,17,2,2,53,1.3669424831211e-06,1.3669424831211e-06,-13.502934076367,1,101
0.75,135,-34.635836535849,nan,nan,nan,4.916141113854,0.20341157359823,nan,nan,17,2,2,54,1.1183565636075e-06,1.1183565636075e-06,-13.703650304197,1,101
0.75,135,-34.635836535849,nan,nan,nan,4.916141113854,0.20341157359823,nan,nan,17,2,2,55,9.1498445703085e-07,9.1498445703085e-07,-13.904358758667,1,101
0.75,135,-34.635836535849,nan,nan,nan,4.916141113854,0.20341157359823,nan,nan,17,2,2,56,7.4860041506799e-07,7.4860041506799e-07,-14.105060487017,1,101
0.75,135,-34.635836535849,nan,nan,nan,4.916141113854,0.20341157359823,nan,nan,17,2,2,57,6.1247580613274e-07,6.1247580613274e-07,-14.305756395499,1,101
0.75,135,-34.635836535849,nan,nan,nan,4.916141113854,0.20341157359823,nan,nan,17,2,2,58,5.0110645755072e-07,5.0110645755072e-07,-14.506447268313,1,101
0.75,135,-34.635836535849,nan,nan,nan,4.916141113854,0.20341157359823,nan,nan,17,2,2,59,4.0998970634727e-07,4.0998970634727e-07,-14.707133784033,1,101
0.75,135,-34.635836535849,nan,nan,nan,4.916141113854,0.20341157359823,nan,nan,17,2,2,60,3.3544208116374e-07,3.3544208116374e-07,-14.907816529823,1,101
0.75,135,-34.635836535849,nan,nan,nan,4.916141113854,0.20341157359823,nan,nan,17,2,2,61,2.7445019985106e-07,2.7445019985106e-07,-15.108496013763,1,101
0.75,135,-34.635836535849,nan,nan,nan,4.916141113854,0.20341157359823,nan,nan,17,2,2,62,2.2454882380008e-07,2.2454882380008e-07,-15.309172675458,1,101
0.75,135,-34.635836535849,nan,nan,nan,4.916141113854,0.20341157359823,nan,nan,17,2,2,63,1.8372111742406e-07,1.8372111742406e-07,-15.509846895295,1,101
0.75,135,-34.635836535849,nan,nan,nan,4.916141113854,0.20341157359823,nan,nan,17,2,2,64,1.5031706570056e-07,1.5031706570056e-07,-15.710519002385,1,101
0.75,135,-34.635836535849,nan,nan,nan,4.916141113854,0.20341157359823,nan,nan,17,2,2,65,1.22986741323e-07,1.22986741323e-07,-15.911189281506,1,101
0.75,135,-34.635836535849,nan,nan,nan,4.916141113854,0.20341157359823,nan,nan,17,2,2,66,1.0062571666975e-07,1.0062571666975e-07,-16.111857979049,1,101
0.75,135,-34.635836535849,nan,nan,nan,4.916141113854,0.20341157359823,nan,nan,17,2,2,67,8.2330408969731e-08,8.2330408969731e-08,-16.312525308204,1,101
0.75,135,-34.635836535849,nan,nan,nan,4.916141113854,0.20341157359823,nan,nan,17,2,2,68,6.7361550212728e-08,6.7361550212728e-08,-16.51319145343,1,101
0.75,135,-34.635836535849,nan,nan,nan,4.916141113854,0.20341157359823,nan,nan,17,2,2,69,5.5114302866347e-08,5.5114302866347e-08,-16.713856574321,1,101
0.75,135,-34.635836535849,nan,nan,nan,4.916141113854,0.20341157359823,nan,nan,17,2,2,70,4.5093811868668e-08,4.5093811868668e-08,-16.914520808972,1,101
0.75,135,-34.635836535849,nan,nan,nan,4.916141113854,0.20341157359823,nan,nan,17,2,2,71,3.6895203645552e-08,3.6895203645552e-08,-17.115184276854,1,101
0.75,135,-34.635836535849,nan,nan,nan,4.916141113854,0.20341157359823,nan,nan,17,2,2,72,3.0187223006467e-08,3.0187223006467e-08,-17.315847081345,1,101
0.75,135,-34.635836535849,nan,nan,nan,4.916141113854,0.20341157359823,nan,nan,17,2,2,73,2.4698846077566e-08,2.4698846077566e-08,-17.516509311911,1,101
0.75,135,-34.635836535849,nan,nan,nan,4.916141113854,0.20341157359823,nan,nan,17,2,2,74,2.0208327885101e-08,2.0208327885101e-08,-17.71717104596,1,101
0.75,135,-34.635836535849,nan,nan,nan,4.916141113854,0.20341157359823,nan,nan,17,2,2,75,1.6534241722587e-08,1.6534241722587e-08,-17.917832350495,1,101
0.75,135,-34.635836535849,nan,nan,nan,4.916141113854,0.20341157359823,nan,nan,17,2,2,76,1.3528148021934e-08,1.3528148021934e-08,-18.118493283517,1,101
0.75,135,-34.635836535849,nan,nan,nan,4.916141113854,0.20341157359823,nan,nan,17,2,2,77,1.1068596357206e-08,1.1068596357206e-08,-18.319153895266,1,101
0.75,135,-34.635836535849,nan,nan,nan,4.916141113854,0.20341157359823,nan,nan,17,2,2,78,9.0562181272955e-09,9.0562181272955e-09,-18.519814229281,1,101
0.75,135,-34.635836535849,nan,nan,nan,4.916141113854,0.20341157359823,nan,nan,17,2,2,79,7.4097115660249e-09,7.4097115660249e-09,-18.720474323359,1,101
0.75,135,-34.635836535849,nan,nan,nan,4.916141113854,0.20341157359823,nan,nan,17,2,2,80,6.0625568077557e-09,6.0625568077557e-09,-18.921134210375,1,101
0.75,135,-34.635836535849,nan,nan,nan,4.916141113854,0.20341157359823,nan,nan,17,2,2,81,4.9603282496004e-09,4.9603282496004e-09,-19.121793919044,1,101
0.75,135,-34.635836535849,nan,nan,nan,4.916141113854,0.20341157359823,nan,nan,17,2,2,82,4.0584955969546e-09,4.0584955969546e-09,-19.322453474623,1,101
0.75,135,-34.635836535849,nan,nan,nan,4.916141113854,0.20341157359823,nan,nan,17,2,2,83,3.3206247315427e-09,3.3206247315427e-09,-19.523112899569,1,101
0.75,135,-34.635836535849,nan,nan,nan,4.916141113854,0.20341157359823,nan,nan,17,2,2,84,2.7169057006761e-09,2.7169057006761e-09,-19.723772214254,1,101
0.75,135,-34.635836535849,nan,nan,nan,4.916141113854,0.20341157359823,nan,nan,17,2,2,85,2.2229483475576e-09,2.2229483475576e-09,-19.924431437701,1,101
0.75,135,-34.635836535849,nan,nan,nan,4.916141113854,0.20341157359823,nan,nan,17,2,2,86,1.8187969179996e-09,1.8187969179996e-09,-20.125090588503,1,101
0.75,135,-34.635836535849,nan,nan,nan,4.916141113854,0.20341157359823,nan,nan,17,2,2,87,1.4881238284028e-09,1.4881238284028e-09,-20.325749685985,1,101
0.75,135,-34.635836535849,nan,nan,nan,4.916141113854,0.20341157359823,nan,nan,17,2,2,88,1.2175700195422e-09,1.2175700195422e-09,-20.526408751708,1,101
0.75,135,-34.635836535849,nan,nan,nan,4.916141113854,0.20341157359823,nan,nan,17,2,2,89,9.9620524357934e-10,9.9620524357934e-10,-20.727067811722,1,101
0.75,135,-34.635836535849,nan,nan,nan,4.916141113854,0.20341157359823,nan,nan,17,2,2,90,8.1508647848396e-10,8.1508647848396e-10,-20.927726899748,1,101
0.75,135,-34.635836535849,nan,nan,nan,4.916141113854,0.20341157359823,nan,nan,17,2,2,91,6.6689662841029e-10,6.6689662841029e-10,-21.128386061918,1,101
0.75,135,-34.635836535849,nan,nan,nan,4.916141113854,0.20341157359823,nan,nan,17,2,2,92,5.4564891279072e-10,5.4564891279072e-10,-21.329045363874,1,101
0.75,135,-34.635836535849,nan,nan,nan,4.916141113854,0.20341157359823,nan,nan,17,2,2,93,4.4644500090053e-10,4.4644500090053e-10,-21.529704901473,1,101
0.75,135,-34.635836535849,nan,nan,nan,4.916141113854,0.20341157359823,nan,nan,17,2,2,94,3.6527712016888e-10,3.6527712016888e-10,-21.730364817078,1,101
0.75,135,-34.635836535849,nan,nan,nan,4.916141113854,0.20341157359823,nan,nan,17,2,2,95,2.9886614323307e-10,2.9886614323307e-10,-21.931025324272,1,101
0.75,135,-34.635836535849,nan,nan,nan,4.916141113854,0.20341157359823,nan,nan,17,2,2,96,2.445291122243e-10,2.445291122243e-10,-22.1316867457,1,101
0.75,135,-34.635836535849,nan,nan,nan,4.916141113854,0.20341157359823,nan,nan,17,2,2,97,2.0007084824852e-10,2.0007084824852e-10,-22.332349570867,1,101
0.75,135,-34.635836535849,nan,nan,nan,4.916141113854,0.20341157359823,nan,nan,17,2,2,98,1.6369526693572e-10,1.6369526693572e-10,-22.533014545007,1,101
0.75,135,-34.635836535849,nan,nan,nan,4.916141113854,0.20341157359823,nan,nan,17,2,2,99,1.3393281721759e-10,1.3393281721759e-10,-22.73368280575,1,101
0.75,135,-34.635836535849,nan,nan,nan,4.916141113854,0.20341157359823,nan,nan,17,2,2,100,1.0958111176027e-10,1.0958111176027e-10,-22.93435609422,1,101
0.75,135,-34.635836535849,nan,nan,nan,4.916141113854,0.20341157359823,nan,nan,17,2,2,101,8.9656350456846e-11,8.9656350456846e-11,-23.135037082281,1,101
0.8,135,-26.795137328485,nan,nan,nan,3.0230129294423,0.33079580648187,nan,nan,17,2,2,1,0.086962376015408,0.086962376015408,-2.4422797134582,1,101
0.8,135,-26.795137328485,nan,nan,nan,3.0230129294423,0.33079580648187,nan,nan,17,2,2,2,0.057941679029675,0.057941679029675,-2.8483183082953,1,101
0.8,135,-26.795137328485,nan,nan,nan,3.0230129294423,0.33079580648187,nan,nan,17,2,2,3,0.038208258181261,0.038208258181261,-3.2647036039782,1,101
0.8,135,-26.795137328485,nan,nan,nan,3.0230129294423,0.33079580648187,nan,nan,17,2,2,4,0.025487069010627,0.025487069010627,-3.6695840530577,1,101
0.8,135,-26.795137328485,nan,nan,nan,3.0230129294423,0.33079580648187,nan,nan,17,2,2,5,0.017240554380993,0.017240554380993,-4.0604908575935,1,101
0.8,135,-26.795137328485,nan,nan,nan,3.0230129294423,0.33079580648187,nan,nan,17,2,2,6,0.011803011755913,0.011803011755913,-4.4394005465251,1,101
0.8,135,-26.795137328485,nan,nan,nan,3.0230129294423,0.33079580648187,nan,nan,17,2,2,7,0.0081587061324041,0.0081587061324041,-4.8086696847838,1,101
0.8,135,-26.795137328485,nan,nan,nan,3.0230129294423,0.33079580648187,nan,nan,17,2,2,8,0.0056832005888663,0.0056832005888663,-5.1702407209912,1,101
0.8,135,-26.795137328485,nan,nan,nan,3.0230129294423,0.33079580648187,nan,nan,17,2,2,9,0.0039833753925696,0.0039833753925696,-5.5256257305244,1,101
0.8,135,-26.795137328485,nan,nan,nan,3.0230129294423,0.33079580648187,nan,nan,17,2,2,10,0.0028059769586693,0.0028059769586693,-5.8760035087863,1,101
0.8,135,-26.795137328485,nan,nan,nan,3.0230129294423,0.33079580648187,nan,nan,17,2,2,11,0.0019846611488859,0.0019846611488859,-6.2223070852658,1,101
0.8,135,-26.795137328485,nan,nan,nan,3.0230129294423,0.33079580648187,nan,nan,17,2,2,12,0.0014084198425447,0.0014084198425447,-6.5652868820687,1,101
0.8,135,-26.795137328485,nan,nan,nan,3.0230129294423,0.33079580648187,nan,nan,17,2,2,13,0.0010022040281301,0.0010022040281301,-6.9055536761591,1,101
0.8,135,-26.795137328485,nan,nan,nan,3.0230129294423,0.33079580648187,nan,nan,17,2,2,14,0.00071472841401052,0.00071472841401052,-7.2436079279727,1,101
0.8,135,-26.795137328485,nan,nan,nan,3.0230129294423,0.33079580648187,nan,nan,17,2,2,15,0.00051063234929173,0.00051063234929173,-7.5798606997158,1,101
0.8,135,-26.795137328485,nan,nan,nan,3.0230129294423,0.33079580648187,nan,nan,17,2,2,16,0.00036535192460268,0.00036535192460268,-7.9146494919082,1,101
0.8,135,-26.795137328485,nan,nan,nan,3.0230129294423,0.33079580648187,nan,nan,17,2,2,17,0.00026171593164199,0.00026171593164199,-8.2482508727802,1,101
0.8,135,-26.795137328485,nan,nan,nan,3.0230129294423,0.33079580648187,nan,nan,17,2,2,18,0.00018765772012511,0.00018765772012511,-8.5808908921418,1,101
0.8,135,-26.795137328485,nan,nan,nan,3.0230129294423,0.33079580648187,nan,nan,17,2,2,19,0.00013466049405366,0.00013466049405366,-8.9127538059569,1,101
0.8,135,-26.795137328485,nan,nan,nan,3.0230129294423,0.33079580648187,nan,nan,17,2,2,20,9.6691078790419e-05,9.6691078790419e-05,-9.2439894163233,1,101
0.8,135,-26.795137328485,nan,nan,nan,3.0230129294423,0.33079580648187,nan,nan,17,2,2,21,6.9462797719257e-05,6.9462797719257e-05,-9.5747192333245,1,101
0.8,135,-26.795137328485,nan,nan,nan,3.0230129294423,0.33079580648187,nan,nan,17,2,2,22,4.992235686455e-05,4.992235686455e-05,-9.9050416221861,1,101
0.8,135,-26.795137328485,nan,nan,nan,3.0230129294423,0.33079580648187,nan,nan,17,2,2,23,3.5890566161185e-05,3.5890566161185e-05,-10.235036078028,1,101
0.8,135,-26.795137328485,nan,nan,nan,3.0230129294423,0.33079580648187,nan,nan,17,2,2,24,2.580952995662e-05,2.580952995662e-05,-10.564766756076,1,101
0.8,135,-26.795137328485,nan,nan,nan,3.0230129294423,0.33079580648187,nan,nan,17,2,2,25,1.8564017903573e-05,1.8564017903573e-05,-10.894285372161,1,101
0.8,135,-26.795137328485,nan,nan,nan,3.0230129294423,0.33079580648187,nan,nan,17,2,2,26,1.3354814846629e-05,1.3354814846629e-05,-11.223633575472,1,101
0.8,135,-26.795137328485,nan,nan,nan,3.0230129294423,0.33079580648187,nan,nan,17,2,2,27,9.6086686513799e-06,9.6086686513799e-06,-11.552844882417,1,101
0.8,135,-26.795137328485,nan,nan,nan,3.0230129294423,0.33079580648187,nan,nan,17,2,2,28,6.9141104066694e-06,6.9141104066694e-06,-11.881946248026,1,101
0.8,135,-26.795137328485,nan,nan,nan,3.0230129294423,0.33079580648187,nan,nan,17,2,2,29,4.9756261319855e-06,4.9756261319855e-06,-12.210959339597,1,101
0.8,135,-26.795137328485,nan,nan,nan,3.0230129294423,0.33079580648187,nan,nan,17,2,2,30,3.5808814707699e-06,3.5808814707699e-06,-12.539901566974,1,101
0.8,135,-26.795137328485,nan,nan,nan,3.0230129294423,0.33079580648187,nan,nan,17,2,2,31,2.5772518154323e-06,2.5772518154323e-06,-12.868786914563,1,101
0.8,135,-26.795137328485,nan,nan,nan,3.0230129294423,0.33079580648187,nan,nan,17,2,2,32,1.8549986078631e-06,1.8549986078631e-06,-13.197626612383,1,101
0.8,135,-26.795137328485,nan,nan,nan,3.0230129294423,0.33079580648187,nan,nan,17,2,2,33,1.3351997168246e-06,1.3351997168246e-06,-13.526429676683,1,101
0.8,135,-26.795137328485,nan,nan,nan,3.0230129294423,0.33079580648187,nan,nan,17,2,2,34,9.6108465135581e-07,9.6108465135581e-07,-13.855203345117,1,101
0.8,135,-26.795137328485,nan,nan,nan,3.0230129294423,0.33079580648187,nan,nan,17,2,2,35,6.9181073242055e-07,6.9181073242055e-07,-14.183953426802,1,101
0.8,135,-26.795137328485,nan,nan,nan,3.0230129294423,0.33079580648187,nan,nan,17,2,2,36,4.97990625793e-07,4.97990625793e-07,-14.512684583808,1,101
0.8,135,-26.795137328485,nan,nan,nan,3.0230129294423,0.33079580648187,nan,nan,17,2,2,37,3.5847727885059e-07,3.5847727885059e-07,-14.841400557296,1,101
0.8,135,-26.795137328485,nan,nan,nan,3.0230129294423,0.33079580648187,nan,nan,17,2,2,38,2.5805209618415e-07,2.5805209618415e-07,-15.170104349214,1,101
0.8,135,-26.795137328485,nan,nan,nan,3.0230129294423,0.33079580648187,nan,nan,17,2,2,39,1.8576221998345e-07,1.8576221998345e-07,-15.498798368253,1,101
0.8,135,-26.795137328485,nan,nan,nan,3.0230129294423,0.33079580648187,nan,nan,17,2,2,40,1.3372444337758e-07,1.3372444337758e-07,-15.827484546979,1,101
0.8,135,-26.795137328485,nan,nan,nan,3.0230129294423,0.33079580648187,nan,nan,17,2,2,41,9.6264672302461e-08,9.6264672302461e-08,-16.15616443589,1,101
0.8,135,-26.795137328485,nan,nan,nan,3.0230129294423,0.33079580648187,nan,nan,17,2,2,42,6.9298728482283e-08,6.9298728482283e-08,-16.484839278938,1,101
0.8,135,-26.795137328485,nan,nan,nan,3.0230129294423,0.33079580648187,nan,nan,17,2,2,43,4.9886766283959e-08,4.9886766283959e-08,-16.813510074092,1,101
0.8,135,-26.795137328485,nan,nan,nan,3.0230129294423,0.33079580648187,nan,nan,17,2,2,44,3.5912600220366e-08,3.5912600220366e-08,-17.142177621963,1,101
0.8,135,-26.795137328485,nan,nan,nan,3.0230129294423,0.33079580648187,nan,nan,17,2,2,45,2.5852912713681e-08,2.5852912713681e-08,-17.470842564828,1,101
0.8,135,-26.795137328485,nan,nan,nan,3.0230129294423,0.33079580648187,nan,nan,17,2,2,46,1.8611141727819e-08,1.8611141727819e-08,-17.799505417942,1,101
0.8,135,-26.795137328485,nan,nan,nan,3.0230129294423,0.33079580648187,nan,nan,17,2,2,47,1.3397916935307e-08,1.3397916935307e-08,-18.128166594663,1,101
0.8,135,-26.795137328485,nan,nan,nan,3.0230129294423,0.33079580648187,nan,nan,17,2,2,48,9.6449977238915e-09,9.6449977238915e-09,-18.456826426577,1,101
0.8,135,-26.795137328485,nan,nan,nan,3.0230129294423,0.33079580648187,nan,nan,17,2,2,49,6.9433242421107e-09,6.9433242421107e-09,-18.785485179688,1,101
0.8,135,-26.795137328485,nan,nan,nan,3.0230129294423,0.33079580648187,nan,nan,17,2,2,50,4.9984245338321e-09,4.9984245338321e-09,-19.114143067398,1,101
0.8,135,-26.795137328485,nan,nan,nan,3.0230129294423,0.33079580648187,nan,nan,17,2,2,51,3.5983146247796e-09,3.5983146247796e-09,-19.442800260889,1,101
0.8,135,-26.795137328485,nan,nan,nan,3.0230129294423,0.33079580648187,nan,nan,17,2,2,52,2.590391284674e-09,2.590391284674e-09,-19.771456897482,1,101
0.8,135,-26.795137328485,nan,nan,nan,3.0230129294423,0.33079580648187,nan,nan,17,2,2,53,1.8647980249317e-09,1.8647980249317e-09,-20.100113087339,1,101
0.8,135,-26.795137328485,nan,nan,nan,3.0230129294423,0.33079580648187,nan,nan,17,2,2,54,1.3424508261025e-09,1.3424508261025e-09,-20.428768918818,1,101
0.8,135,-26.795137328485,nan,nan,nan,3.0230129294423,0.33079580648187,nan,nan,17,2,2,55,9.6641819355544e-10,9.6641819355544e-10,-20.757424462812,1,101
0.8,135,-26.795137328485,nan,nan,nan,3.0230129294423,0.33079580648187,nan,nan,17,2,2,56,6.9571586687932e-10,6.9571586687932e-10,-21.086079776188,1,101
0.8,135,-26.795137328485,nan,nan,nan,3.0230129294423,0.33079580648187,nan,nan,17,2,2,57,5.0083976087672e-10,5.0083976087672e-10,-21.414734904572,1,101
0.8,135,-26.795137328485,nan,nan,nan,3.0230129294423,0.33079580648187,nan,nan,17,2,2,58,3.6055021200747e-10,3.6055021200747e-10,-21.743389884555,1,101
0.8,135,-26.795137328485,nan,nan,nan,3.0230129294423,0.33079580648187,nan,nan,17,2,2,59,2.5955701006165e-10,2.5955701006165e-10,-22.072044745499,1,101
0.8,135,-26.795137328485,nan,nan,nan,3.0230129294423,0.33079580648187,nan,nan,17,2,2,60,1.8685288667672e-10,1.8685288667672e-10,-22.40069951095,1,101
0.8,135,-26.795137328485,nan,nan,nan,3.0230129294423,0.33079580648187,nan,nan,17,2,2,61,1.3451381615729e-10,1.3451381615729e-10,-22.729354199803,1,101
0.8,135,-26.795137328485,nan,nan,nan,3.0230129294423,0.33079580648187,nan,nan,17,2,2,62,9.6835366960691e-11,9.6835366960691e-11,-23.05800882721,1,101
0.8,135,-26.795137328485,nan,nan,nan,3.0230129294423,0.33079580648187,nan,nan,17,2,2,63,6.9710971144185e-11,6.9710971144185e-11,-23.386663405324,1,101
0.8,135,-26.795137328485,nan,nan,nan,3.0230129294423,0.33079580648187,nan,nan,17,2,2,64,5.0184347336768e-11,5.0184347336768e-11,-23.715317943893,1,101
0.8,135,-26.795137328485,nan,nan,nan,3.0230129294423,0.33079580648187,nan,nan,17,2,2,65,3.6127294688195e-11,3.6127294688195e-11,-24.043972450733,1,101
0.8,135,-26.795137328485,nan,nan,nan,3.0230129294423,0.33079580648187,nan,nan,17,2,2,66,2.6007739942193e-11,2.6007739942193e-11,-24.372626932124,1,101
0.8,135,-26.795137328485,nan,nan,nan,3.0230129294423,0.33079580648187,nan,nan,17,2,2,67,1.8722756756163e-11,1.8722756756163e-11,-24.701281393106,1,101
0.8,135,-26.795137328485,nan,nan,nan,3.0230129294423,0.33079580648187,nan,nan,17,2,2,68,1.3478357868451e-11,1.3478357868451e-11,-25.029935837713,1,101
0.8,135,-26.795137328485,nan,nan,nan,3.0230129294423,0.33079580648187,nan,nan,17,2,2,69,9.7029585750898e-12,9.7029585750898e-12,-25.358590269183,1,101
0.8,135,-26.795137328485,nan,nan,nan,3.0230129294423,0.33079580648187,nan,nan,17,2,2,70,6.9850798606719e-12,6.9850798606719e-12,-25.687244690118,1,101
0.8,135,-26.795137328485,nan,nan,nan,3.0230129294423,0.33079580648187,nan,nan,17,2,2,71,5.0285014302178e-12,5.0285014302178e-12,-26.015899102604,1,101
0.8,135,-26.795137328485,nan,nan,nan,3.0230129294423,0.33079580648187,nan,nan,17,2,2,72,3.6199767661303e-12,3.6199767661303e-12,-26.344553508308,1,101
0.8,135,-26.795137328485,nan,nan,nan,3.0230129294423,0.33079580648187,nan,nan,17,2,2,73,2.6059914749082e-12,2.6059914749082e-12,-26.673207908563,1,101
0.8,135,-26.795137328485,nan,nan,nan,3.0230129294423,0.33079580648187,nan,nan,17,2,2,74,1.8760318189e-12,1.8760318189e-12,-27.001862304454,1,101
0.8,135,-26.795137328485,nan,nan,nan,3.0230129294423,0.33079580648187,nan,nan,17,2,2,75,1.3505398738787e-12,1.3505398738787e-12,-27.330516696843,1,101
0.8,135,-26.795137328485,nan,nan,nan,3.0230129294423,0.33079580648187,nan,nan,17,2,2,76,9.7224254817429e-13,9.7224254817429e-13,-27.65917108642,1,101
0.8,135,-26.795137328485,nan,nan,nan,3.0230129294423,0.33079580648187,nan,nan,17,2,2,77,6.9990941614748e-13,6.9990941614748e-13,-27.987825473744,1,101
0.8,135,-26.795137328485,nan,nan,nan,3.0230129294423,0.33079580648187,nan,nan,17,2,2,78,5.0385903457693e-13,5.0385903457693e-13,-28.316479859261,1,101
0.8,135,-26.795137328485,nan,nan,nan,3.0230129294423,0.33079580648187,nan,nan,17,2,2,79,3.627239771829e-13,3.627239771829e-13,-28.645134243327,1,101
0.8,135,-26.795137328485,nan,nan,nan,3.0230129294423,0.33079580648187,nan,nan,17,2,2,80,2.611220098235e-13,2.611220098235e-13,-28.97378862623,1,101
0.8,135,-26.795137328485,nan,nan,nan,3.0230129294423,0.33079580648187,nan,nan,17,2,2,81,1.8797958879701e-13,1.8797958879701e-13,-29.302443008204,1,101
0.8,135,-26.795137328485,nan,nan,nan,3.0230129294423,0.33079580648187,nan,nan,17,2,2,82,1.3532496113433e-13,1.3532496113433e-13,-29.63109738943,1,101
0.8,135,-26.795137328485,nan,nan,nan,3.0230129294423,0.33079580648187,nan,nan,17,2,2,83,9.7419327460716e-14,9.7419327460716e-14,-29.959751770059,1,101
0.8,135,-26.795137328485,nan,nan,nan,3.0230129294423,0.33079580648187,nan,nan,17,2,2,84,7.0131373309736e-14,7.0131373309736e-14,-30.28840615021,1,101
0.8,135,-26.795137328485,nan,nan,nan,3.0230129294423,0.33079580648187,nan,nan,17,2,2,85,5.0486999370713e-14,5.0486999370713e-14,-30.617060529976,1,101
0.8,135,-26.795137328485,nan,nan,nan,3.0230129294423,0.33079580648187,nan,nan,17,2,2,86,3.6345176002336e-14,3.6345176002336e-14,-30.94571490944,1,101
0.8,135,-26.795137328485,nan,nan,nan,3.0230129294423,0.33079580648187,nan,nan,17,2,2,87,2.6164593567057e-14,2.6164593567057e-14,-31.274369288666,1,101
0.8,135,-26.795137328485,nan,nan,nan,3.0230129294423,0.33079580648187,nan,nan,17,2,2,88,1.8835675925787e-14,1.8835675925787e-14,-31.603023667722,1,101
0.8,135,-26.795137328485,nan,nan,nan,3.0230129294423,0.33079580648187,nan,nan,17,2,2,89,1.3559648336483e-14,1.3559648336483e-14,-31.931678046622,1,101
0.8,135,-26.795137328485,nan,nan,nan,3.0230129294423,0.33079580648187,nan,nan,17,2,2,90,9.7614794257788e-15,9.7614794257788e-15,-32.260332425463,1,101
0.8,135,-26.795137328485,nan,nan,nan,3.0230129294423,0.33079580648187,nan,nan,17,2,2,91,7.0272088339807e-15,7.0272088339807e-15,-32.588986804346,1,101
0.8,135,-26.795137328485,nan,nan,nan,3.0230129294423,0.33079580648187,nan,nan,17,2,2,92,5.0588298998267e-15,5.0588298998267e-15,-32.917641183446,1,101
0.8,135,-26.795137328485,nan,nan,nan,3.0230129294423,0.33079580648187,nan,nan,17,2,2,93,3.6418100765942e-15,3.6418100765942e-15,-33.246295563072,1,101
0.8,135,-26.795137328485,nan,nan,nan,3.0230129294423,0.33079580648187,nan,nan,17,2,2,94,2.6217091465567e-15,2.6217091465567e-15,-33.574949943809,1,101
0.8,135,-26.795137328485,nan,nan,nan,3.0230129294423,0.33079580648187,nan,nan,17,2,2,95,1.887346865747e-15,1.887346865747e-15,-33.903604326791,1,101
0.8,135,-26.795137328485,nan,nan,nan,3.0230129294423,0.33079580648187,nan,nan,17,2,2,96,1.358685489728e-15,1.358685489728e-15,-34.232258714246,1,101
0.8,135,-26.795137328485,nan,nan,nan,3.0230129294423,0.33079580648187,nan,nan,17,2,2,97,9.7810650346002e-16,9.7810650346002e-16,-34.560913110544,1,101
0.8,135,-26.795137328485,nan,nan,nan,3.0230129294423,0.33079580648187,nan,nan,17,2,2,98,7.0413081073815e-16,7.0413081073815e-16,-34.889567524288,1,101
0.8,135,-26.795137328485,nan,nan,nan,3.0230129294423,0.33079580648187,nan,nan,17,2,2,99,5.0689795009942e-16,5.0689795009942e-16,-35.218221972417,1,101
0.8,135,-26.795137328485,nan,nan,nan,3.0230129294423,0.33079580648187,nan,nan,17,2,2,100,3.6491161937997e-16,3.6491161937997e-16,-35.546876488316,1,101
0.8,135,-26.795137328485,nan,nan,nan,3.0230129294423,0.33079580648187,nan,nan,17,2,2,101,2.626968054103e-16,2.626968054103e-16,-35.875531137876,1,101
0.85,135,-20.717708374429,nan,nan,nan,2.0994428527885,0.47631684695384,nan,nan,17,2,2,1,0.079058865181053,0.079058865181053,-2.5375625751117,1,101
0.85,135,-20.717708374429,nan,nan,nan,2.0994428527885,0.47631684695384,nan,nan,17,2,2,2,0.045395357514578,0.045395357514578,-3.0923454365516,1,101
0.85,135,-20.717708374429,nan,nan,nan,2.0994428527885,0.47631684695384,nan,nan,17,2,2,3,0.025875513265528,0.025875513265528,-3.6544581912444,1,101
0.85,135,-20.717708374429,nan,nan,nan,2.0994428527885,0.47631684695384,nan,nan,17,2,2,4,0.014975783983283,0.014975783983283,-4.2013207835441,1,101
0.85,135,-20.717708374429,nan,nan,nan,2.0994428527885,0.47631684695384,nan,nan,17,2,2,5,0.0088097295573539,0.0088097295573539,-4.7318985367409,1,101
0.85,135,-20.717708374429,nan,nan,nan,2.0994428527885,0.47631684695384,nan,nan,17,2,2,6,0.0052520726577896,0.0052520726577896,-5.2491324883285,1,101
0.85,135,-20.717708374429,nan,nan,nan,2.0994428527885,0.47631684695384,nan,nan,17,2,2,7,0.0031639434191675,0.0031639434191675,-5.7559361119271,1,101
0.85,135,-20.717708374429,nan,nan,nan,2.0994428527885,0.47631684695384,nan,nan,17,2,2,8,0.0019215601096744,0.0019215601096744,-6.2546178657662,1,101
0.85,135,-20.717708374429,nan,nan,nan,2.0994428527885,0.47631684695384,nan,nan,17,2,2,9,0.0011743789293852,0.0011743789293852,-6.7470158418648,1,101
0.85,135,-20.717708374429,nan,nan,nan,2.0994428527885,0.47631684695384,nan,nan,17,2,2,10,0.00072119268305185,0.00072119268305185,-7.2346042122054,1,101
0.85,135,-20.717708374429,nan,nan,nan,2.0994428527885,0.47631684695384,nan,nan,17,2,2,11,0.00044450444264593,0.00044450444264593,-7.7185505083563,1,101
0.85,135,-20.717708374429,nan,nan,nan,2.0994428527885,0.47631684695384,nan,nan,17,2,2,12,0.00027471878944209,0.00027471878944209,-8.1997625673402,1,101
0.85,135,-20.717708374429,nan,nan,nan,2.0994428527885,0.47631684695384,nan,nan,17,2,2,13,0.00017013228856757,0.00017013228856757,-8.6789342554852,1,101
0.85,135,-20.717708374429,nan,nan,nan,2.0994428527885,0.47631684695384,nan,nan,17,2,2,14,0.00010552218333055,0.00010552218333055,-9.1565893586155,1,101
0.85,135,-20.717708374429,nan,nan,nan,2.0994428527885,0.47631684695384,nan,nan,17,2,2,15,6.5522160912339e-05,6.5522160912339e-05,-9.6331221380058,1,101
0.85,135,-20.717708374429,nan,nan,nan,2.0994428527885,0.47631684695384,nan,nan,17,2,2,16,4.0721493628309e-05,4.0721493628309e-05,-10.108754505935,1,101
0.85,135,-20.717708374429,nan,nan,nan,2.0994428527885,0.47631684695384,nan,nan,17,2,2,17,2.5325685474342e-05,2.5325685474342e-05,-10.583691441094,1,101
0.85,135,-20.717708374429,nan,nan,nan,2.0994428527885,0.47631684695384,nan,nan,17,2,2,18,1.5758848796485e-05,1.5758848796485e-05,-11.058108522111,1,101
0.85,135,-20.717708374429,nan,nan,nan,2.0994428527885,0.47631684695384,nan,nan,17,2,2,19,9.8096754202523e-06,9.8096754202523e-06,-11.532141371555,1,101
0.85,135,-20.717708374429,nan,nan,nan,2.0994428527885,0.47631684695384,nan,nan,17,2,2,20,6.1080911888259e-06,6.1080911888259e-06,-12.005896241311,1,101
0.85,135,-20.717708374429,nan,nan,nan,2.0994428527885,0.47631684695384,nan,nan,17,2,2,21,3.8039852223776e-06,3.8039852223776e-06,-12.479461298047,1,101
0.85,135,-20.717708374429,nan,nan,nan,2.0994428527885,0.47631684695384,nan,nan,17,2,2,22,2.369287107129e-06,2.369287107129e-06,-12.952921446746,1,101
0.85,135,-20.717708374429,nan,nan,nan,2.0994428527885,0.47631684695384,nan,nan,17,2,2,23,1.4757548335561e-06,1.4757548335561e-06,-13.426340947509,1,101
0.85,135,-20.717708374429,nan,nan,nan,2.0994428527885,0.47631684695384,nan,nan,17,2,2,24,9.1920548487158e-07,9.1920548487158e-07,-13.899756143424,1,101
0.85,135,-20.717708374429,nan,nan,nan,2.0994428527885,0.47631684695384,nan,nan,17,2,2,25,5.7253904956365e-07,5.7253904956365e-07,-14.373184894999,1,101
0.85,135,-20.717708374429,nan,nan,nan,2.0994428527885,0.47631684695384,nan,nan,17,2,2,26,3.5660689680449e-07,3.5660689680449e-07,-14.846631791254,1,101
0.85,135,-20.717708374429,nan,nan,nan,2.0994428527885,0.47631684695384,nan,nan,17,2,2,27,2.2210985957706e-07,2.2210985957706e-07,-15.320093714519,1,101
0.85,135,-20.717708374429,nan,nan,nan,2.0994428527885,0.47631684695384,nan,nan,17,2,2,28,1.3833787989001e-07,1.3833787989001e-07,-15.793566739249,1,101
0.85,135,-20.717708374429,nan,nan,nan,2.0994428527885,0.47631684695384,nan,nan,17,2,2,29,8.6160867160783e-08,8.6160867160783e-08,-16.267049739609,1,101
0.85,135,-20.717708374429,nan,nan,nan,2.0994428527885,0.47631684695384,nan,nan,17,2,2,30,5.3662854348914e-08,5.3662854348914e-08,-16.74054480013,1,101
0.85,135,-20.717708374429,nan,nan,nan,2.0994428527885,0.47631684695384,nan,nan,17,2,2,31,3.3421817038946e-08,3.3421817038946e-08,-17.21405694545,1,101
0.85,135,-20.717708374429,nan,nan,nan,2.0994428527885,0.47631684695384,nan,nan,17,2,2,32,2.0815071057882e-08,2.0815071057882e-08,-17.687588542523,1,101
0.85,135,-20.717708374429,nan,nan,nan,2.0994428527885,0.47631684695384,nan,nan,17,2,2,33,1.2963386957504e-08,1.2963386957504e-08,-18.161136840852,1,101
0.85,135,-20.717708374429,nan,nan,nan,2.0994428527885,0.47631684695384,nan,nan,17,2,2,34,8.073405881539e-09,8.073405881539e-09,-18.634690401377,1,101
0.85,135,-20.717708374429,nan,nan,nan,2.0994428527885,0.47631684695384,nan,nan,17,2,2,35,5.0280377079534e-09,5.0280377079534e-09,-19.108236046654,1,101
0.85,135,-20.717708374429,nan,nan,nan,2.0994428527885,0.47631684695384,nan,nan,17,2,2,36,3.131463702037e-09,3.131463702037e-09,-19.581765305269,1,101
0.85,135,-20.717708374429,nan,nan,nan,2.0994428527885,0.47631684695384,nan,nan,17,2,2,37,1.9503142597725e-09,1.9503142597725e-09,-20.055275318498,1,101
0.85,135,-20.717708374429,nan,nan,nan,2.0994428527885,0.47631684695384,nan,nan,17,2,2,38,1.2147016019975e-09,1.2147016019975e-09,-20.528767385381,1,101
0.85,135,-20.717708374429,nan,nan,nan,2.0994428527885,0.47631684695384,nan,nan,17,2,2,39,7.5655552860988e-10,7.5655552860988e-10,-21.002245183398,1,101
0.85,135,-20.717708374429,nan,nan,nan,2.0994428527885,0.47631684695384,nan,nan,17,2,2,40,4.7121185621601e-10,4.7121185621601e-10,-21.475713322159,1,101
0.85,135,-20.717708374429,nan,nan,nan,2.0994428527885,0.47631684695384,nan,nan,17,2,2,41,2.9349034629359e-10,2.9349034629359e-10,-21.949176368876,1,101
0.85,135,-20.717708374429,nan,nan,nan,2.0994428527885,0.47631684695384,nan,nan,17,2,2,42,1.8279819938774e-10,1.8279819938774e-10,-22.422638307133,1,101
0.85,135,-20.717708374429,nan,nan,nan,2.0994428527885,0.47631684695384,nan,nan,17,2,2,43,1.1385421091005e-10,1.1385421091005e-10,-22.896102337629,1,101
0.85,135,-20.717708374429,nan,nan,nan,2.0994428527885,0.47631684695384,nan,nan,17,2,2,44,7.0912745345339e-11,7.0912745345339e-11,-23.36957093345,1,101
0.85,135,-20.717708374429,nan,nan,nan,2.0994428527885,0.47631684695384,nan,nan,17,2,2,45,4.4166872664443e-11,4.4166872664443e-11,-23.843046095081,1,101
0.85,135,-20.717708374429,nan,nan,nan,2.0994428527885,0.47631684695384,nan,nan,17,2,2,46,2.7508403587594e-11,2.7508403587594e-11,-24.316529572934,1,101
0.85,135,-20.717708374429,nan,nan,nan,2.0994428527885,0.47631684695384,nan,nan,17,2,2,47,1.7132884086286e-11,1.7132884086286e-11,-24.790021453124,1,101
0.85,135,-20.717708374429,nan,nan,nan,2.0994428527885,0.47631684695384,nan,nan,17,2,2,48,1.0670727541784e-11,1.0670727541784e-11,-25.263516867205,1,101
0.85,135,-20.717708374429,nan,nan,nan,2.0994428527885,0.47631684695384,nan,nan,17,2,2,49,6.6460812187274e-12,6.6460812187274e-12,-25.736993725378,1,101
0.85,135,-20.717708374429,nan,nan,nan,2.0994428527885,0.47631684695384,nan,nan,17,2,2,50,4.1393328949742e-12,4.1393328949742e-12,-26.210486477555,1,101
0.85,135,-20.717708374429,nan,nan,nan,2.0994428527885,0.47631684695384,nan,nan,17,2,2,51,2.5780349699293e-12,2.5780349699293e-12,-26.683993646752,1,101
0.85,135,-20.717708374429,nan,nan,nan,2.0994428527885,0.47631684695384,nan,nan,17,2,2,52,1.6056031149146e-12,1.6056031149146e-12,-27.157521657399,1,101
0.85,135,-20.717708374429,nan,nan,nan,2.0994428527885,0.47631684695384,nan,nan,17,2,2,53,9.9991697652831e-13,9.9991697652831e-13,-27.631104142847,1,101
0.85,135,-20.717708374429,nan,nan,nan,2.0994428527885,0.47631684695384,nan,nan,17,2,2,54,6.2268809612775e-13,6.2268809612775e-13,-28.104730649759,1,101
0.85,135,-20.717708374429,nan,nan,nan,2.0994428527885,0.47631684695384,nan,nan,17,2,2,55,3.8776422788129e-13,3.8776422788129e-13,-28.578378900087,1,101
0.85,135,-20.717708374429,nan,nan,nan,2.0994428527885,0.47631684695384,nan,nan,17,2,2,56,2.4146932480847e-13,2.4146932480847e-13,-29.052033949312,1,101
0.85,135,-20.717708374429,nan,nan,nan,2.0994428527885,0.47631684695384,nan,nan,17,2,2,57,1.5036856850397e-13,1.5036856850397e-13,-29.525686991246,1,101
0.85,135,-20.717708374429,nan,nan,nan,2.0994428527885,0.47631684695384,nan,nan,17,2,2,58,9.3638815472063e-14,9.3638815472063e-14,-29.999331402175,1,101
0.85,135,-20.717708374429,nan,nan,nan,2.0994428527885,0.47631684695384,nan,nan,17,2,2,59,5.8312347246289e-14,5.8312347246289e-14,-30.472962535877,1,101
0.85,135,-20.717708374429,nan,nan,nan,2.0994428527885,0.47631684695384,nan,nan,17,2,2,60,3.6313756465943e-14,3.6313756465943e-14,-30.946579759425,1,101
0.85,135,-20.717708374429,nan,nan,nan,2.0994428527885,0.47631684695384,nan,nan,17,2,2,61,2.2614448463025e-14,2.2614448463025e-14,-31.420187380382,1,101
0.85,135,-20.717708374429,nan,nan,nan,2.0994428527885,0.47631684695384,nan,nan,17,2,2,62,1.408321771909e-14,1.408321771909e-14,-31.893792539105,1,101
0.85,135,-20.717708374429,nan,nan,nan,2.0994428527885,0.47631684695384,nan,nan,17,2,2,63,8.7703403365486e-15,8.7703403365486e-15,-32.367400782376,1,101
0.85,135,-20.717708374429,nan,nan,nan,2.0994428527885,0.47631684695384,nan,nan,17,2,2,64,5.4617150130518e-15,5.4617150130518e-15,-32.84101354952,1,101
0.85,135,-20.717708374429,nan,nan,nan,2.0994428527885,0.47631684695384,nan,nan,17,2,2,65,3.4012679466499e-15,3.4012679466499e-15,-33.314628107323,1,101
0.85,135,-20.717708374429,nan,nan,nan,2.0994428527885,0.47631684695384,nan,nan,17,2,2,66,2.1181412262789e-15,2.1181412262789e-15,-33.78823747088,1,101
0.85,135,-20.717708374429,nan,nan,nan,2.0994428527885,0.47631684695384,nan,nan,17,2,2,67,1.3190964182197e-15,1.3190964182197e-15,-34.261829424363,1,101
0.85,135,-20.717708374429,nan,nan,nan,2.0994428527885,0.47631684695384,nan,nan,17,2,2,68,8.2150817930368e-16,8.2150817930368e-16,-34.735389779918,1,101
0.85,135,-20.717708374429,nan,nan,nan,2.0994428527885,0.47631684695384,nan,nan,17,2,2,69,5.1163892194713e-16,5.1163892194713e-16,-35.208912528217,1,101
0.85,135,-20.717708374429,nan,nan,nan,2.0994428527885,0.47631684695384,nan,nan,17,2,2,70,3.1866121902399e-16,3.1866121902399e-16,-35.682403144769,1,101
0.85,135,-20.717708374429,nan,nan,nan,2.0994428527885,0.47631684695384,nan,nan,17,2,2,71,1.9847397894628e-16,1.9847397894628e-16,-36.15587367079,1,101
0.85,135,-20.717708374429,nan,nan,nan,2.0994428527885,0.47631684695384,nan,nan,17,2,2,72,1.2361770104874e-16,1.2361770104874e-16,-36.629337926755,1,101
0.85,135,-20.717708374429,nan,nan,nan,2.0994428527885,0.47631684695384,nan,nan,17,2,2,73,7.6993609460026e-17,7.6993609460026e-17,-37.102809249509,1,101
0.85,135,-20.717708374429,nan,nan,nan,2.0994428527885,0.47631684695384,nan,nan,17,2,2,74,4.7952831886322e-17,4.7952831886322e-17,-37.576313815156,1,101
0.85,135,-20.717708374429,nan,nan,nan,2.0994428527885,0.47631684695384,nan,nan,17,2,2,75,2.9864433102645e-17,2.9864433102645e-17,-38.049863429886,1,101
0.85,135,-20.717708374429,nan,nan,nan,2.0994428527885,0.47631684695384,nan,nan,17,2,2,76,1.8599108166248e-17,1.8599108166248e-17,-38.523418042374,1,101
0.85,135,-20.717708374429,nan,nan,nan,2.0994428527885,0.47631684695384,nan,nan,17,2,2,77,1.1584189363841e-17,1.1584189363841e-17,-38.996890491366,1,101
0.85,135,-20.717708374429,nan,nan,nan,2.0994428527885,0.47631684695384,nan,nan,17,2,2,78,7.2159079549086e-18,7.2159079549086e-18,-39.470243646908,1,101
0.85,135,-20.717708374429,nan,nan,nan,2.0994428527885,0.47631684695384,nan,nan,17,2,2,79,4.4953437307411e-18,4.4953437307411e-18,-39.943489539318,1,101
0.85,135,-20.717708374429,nan,nan,nan,2.0994428527885,0.47631684695384,nan,nan,17,2,2,80,2.800722995484e-18,2.800722995484e-18,-40.41665407737,1,101
0.85,135,-20.717708374429,nan,nan,nan,2.0994428527885,0.47631684695384,nan,nan,17,2,2,81,1.745024819083e-18,1.745024819083e-18,-40.889762895369,1,101
0.85,135,-20.717708374429,nan,nan,nan,2.0994428527885,0.47631684695384,nan,nan,17,2,2,82,1.0873165693985e-18,1.0873165693985e-18,-41.362818875956,1,101
0.85,135,-20.717708374429,nan,nan,nan,2.0994428527885,0.47631684695384,nan,nan,17,2,2,83,6.7748366627181e-19,6.7748366627181e-19,-41.835901509236,1,101
0.85,135,-20.717708374429,nan,nan,nan,2.0994428527885,0.47631684695384,nan,nan,17,2,2,84,4.2210461572812e-19,4.2210461572812e-19,-42.309033764993,1,101
0.85,135,-20.717708374429,nan,nan,nan,2.0994428527885,0.47631684695384,nan,nan,17,2,2,85,2.6297749452796e-19,2.6297749452796e-19,-42.782218496496,1,101
0.85,135,-20.717708374429,nan,nan,nan,2.0994428527885,0.47631684695384,nan,nan,17,2,2,86,1.6382953372472e-19,1.6382953372472e-19,-43.255460494139,1,101
0.85,135,-20.717708374429,nan,nan,nan,2.0994428527885,0.47631684695384,nan,nan,17,2,2,87,1.0205611234785e-19,1.0205611234785e-19,-43.728764169794,1,101
0.85,135,-20.717708374429,nan,nan,nan,2.0994428527885,0.47631684695384,nan,nan,17,2,2,88,6.3571091160604e-20,6.3571091160604e-20,-44.202128127364,1,101
0.85,135,-20.717708374429,nan,nan,nan,2.0994428527885,0.47631684695384,nan,nan,17,2,2,89,3.9596569607153e-20,3.9596569607153e-20,-44.675544464449,1,101
0.85,135,-20.717708374429,nan,nan,nan,2.0994428527885,0.47631684695384,nan,nan,17,2,2,90,2.4662552582312e-20,2.4662552582312e-20,-45.149000949453,1,101
0.85,135,-20.717708374429,nan,nan,nan,2.0994428527885,0.47631684695384,nan,nan,17,2,2,91,1.5360567961277e-20,1.5360567961277e-20,-45.622483249193,1,101
0.85,135,-20.717708374429,nan,nan,nan,2.0994428527885,0.47631684695384,nan,nan,17,2,2,92,9.5669067837581e-21,9.5669067837581e-21,-46.095977019745,1,101
0.85,135,-20.717708374429,nan,nan,nan,2.0994428527885,0.47631684695384,nan,nan,17,2,2,93,5.9584879101265e-21,5.9584879101265e-21,-46.569470210341,1,101
0.85,135,-20.717708374429,nan,nan,nan,2.0994428527885,0.47631684695384,nan,nan,17,2,2,94,3.711114090338e-21,3.711114090338e-21,-47.042954827443,1,101
0.85,135,-20.717708374429,nan,nan,nan,2.0994428527885,0.47631684695384,nan,nan,17,2,2,95,2.3114138315025e-21,2.3114138315025e-21,-47.516427567297,1,101
0.85,135,-20.717708374429,nan,nan,nan,2.0994428527885,0.47631684695384,nan,nan,17,2,2,96,1.4396458935915e-21,1.4396458935915e-21,-47.989889776755,1,101
0.85,135,-20.717708374429,nan,nan,nan,2.0994428527885,0.47631684695384,nan,nan,17,2,2,97,8.9667694012671e-22,8.9667694012671e-22,-48.463346590605,1,101
0.85,135,-20.717708374429,nan,nan,nan,2.0994428527885,0.47631684695384,nan,nan,17,2,2,98,5.5849124169535e-22,5.5849124169535e-22,-48.936803295305,1,101
0.85,135,-20.717708374429,nan,nan,nan,2.0994428527885,0.47631684695384,nan,nan,17,2,2,99,3.4785326644451e-22,3.4785326644451e-22,-49.410261489149,1,101
0.85,135,-20.717708374429,nan,nan,nan,2.0994428527885,0.47631684695384,nan,nan,17,2,2,100,2.166585103913e-22,2.166585103913e-22,-49.883719802692,1,101
0.85,135,-20.717708374429,nan,nan,nan,2.0994428527885,0.47631684695384,nan,nan,17,2,2,101,1.3494478552685e-22,1.3494478552685e-22,-50.357176533178,1,101
0.9,135,-16.031426904464,nan,nan,nan,1.5970854545824,0.62614057195922,nan,nan,17,2,2,1,0.071074012344464,0.071074012344464,-2.6440335175041,1,101
0.9,135,-16.031426904464,nan,nan,nan,1.5970854545824,0.62614057195922,nan,nan,17,2,2,2,0.034761841734488,0.034761841734488,-3.3592349956822,1,101
0.9,135,-16.031426904464,nan,nan,nan,1.5970854545824,0.62614057195922,nan,nan,17,2,2,3,0.016967531645808,0.016967531645808,-4.0764536643044,1,101
0.9,135,-16.031426904464,nan,nan,nan,1.5970854545824,0.62614057195922,nan,nan,17,2,2,4,0.0084415426371738,0.0084415426371738,-4.7745902101596,1,101
0.9,135,-16.031426904464,nan,nan,nan,1.5970854545824,0.62614057195922,nan,nan,17,2,2,5,0.0042774482430722,0.0042774482430722,-5.4543986520789,1,101
0.9,135,-16.031426904464,nan,nan,nan,1.5970854545824,0.62614057195922,nan,nan,17,2,2,6,0.002198768292946,0.002198768292946,-6.1198579422446,1,101
0.9,135,-16.031426904464,nan,nan,nan,1.5970854545824,0.62614057195922,nan,nan,17,2,2,7,0.0011427252574063,0.0011427252574063,-6.7743392927862,1,101
0.9,135,-16.031426904464,nan,nan,nan,1.5970854545824,0.62614057195922,nan,nan,17,2,2,8,0.00059890129808254,0.00059890129808254,-7.4204137512517,1,101
0.9,135,-16.031426904464,nan,nan,nan,1.5970854545824,0.62614057195922,nan,nan,17,2,2,9,0.00031589882029966,0.00031589882029966,-8.0600885845739,1,101
0.9,135,-16.031426904464,nan,nan,nan,1.5970854545824,0.62614057195922,nan,nan,17,2,2,10,0.00016743070007623,0.00016743070007623,-8.6949410231976,1,101
0.9,135,-16.031426904464,nan,nan,nan,1.5970854545824,0.62614057195922,nan,nan,17,2,2,11,8.9060461586428e-05,8.9060461586428e-05,-9.3261950752139,1,101
0.9,135,-16.031426904464,nan,nan,nan,1.5970854545824,0.62614057195922,nan,nan,17,2,2,12,4.7499796688203e-05,4.7499796688203e-05,-9.9547851271812,1,101
0.9,135,-16.031426904464,nan,nan,nan,1.5970854545824,0.62614057195922,nan,nan,17,2,2,13,2.5383416511249e-05,2.5383416511249e-05,-10.581414490425,1,101
0.9,135,-16.031426904464,nan,nan,nan,1.5970854545824,0.62614057195922,nan,nan,17,2,2,14,1.3584149090325e-05,1.3584149090325e-05,-11.206606953019,1,101
0.9,135,-16.031426904464,nan,nan,nan,1.5970854545824,0.62614057195922,nan,nan,17,2,2,15,7.2773074309582e-06,7.2773074309582e-06,-11.830749622555,1,101
0.9,135,-16.031426904464,nan,nan,nan,1.5970854545824,0.62614057195922,nan,nan,17,2,2,16,3.9015875306344e-06,3.9015875306344e-06,-12.454127028518,1,101
0.9,135,-16.031426904464,nan,nan,nan,1.5970854545824,0.62614057195922,nan,nan,17,2,2,17,2.0929259671347e-06,2.0929259671347e-06,-13.076947486777,1,101
0.9,135,-16.031426904464,nan,nan,nan,1.5970854545824,0.62614057195922,nan,nan,17,2,2,18,1.1231614948396e-06,1.1231614948396e-06,-13.699363085922,1,101
0.9,135,-16.031426904464,nan,nan,nan,1.5970854545824,0.62614057195922,nan,nan,17,2,2,19,6.0291799826492e-07,6.0291799826492e-07,-14.321484639077,1,101
0.9,135,-16.031426904464,nan,nan,nan,1.5970854545824,0.62614057195922,nan,nan,17,2,2,20,3.2371809890164e-07,3.2371809890164e-07,-14.943392764999,1,101
0.9,135,-16.031426904464,nan,nan,nan,1.5970854545824,0.62614057195922,nan,nan,17,2,2,21,1.738372997773e-07,1.738372997773e-07,-15.565146033923,1,101
0.9,135,-16.031426904464,nan,nan,nan,1.5970854545824,0.62614057195922,nan,nan,17,2,2,22,9.3361483086799e-08,9.3361483086799e-08,-16.186786963417,1,101
0.9,135,-16.031426904464,nan,nan,nan,1.5970854545824,0.62614057195922,nan,nan,17,2,2,23,5.0144995172875e-08,5.0144995172875e-08,-16.80834712467,1,101
0.9,135,-16.031426904464,nan,nan,nan,1.5970854545824,0.62614057195922,nan,nan,17,2,2,24,2.6934872809926e-08,2.6934872809926e-08,-17.429844002937,1,101
0.9,135,-16.031426904464,nan,nan,nan,1.5970854545824,0.62614057195922,nan,nan,17,2,2,25,1.4468549422314e-08,1.4468549422314e-08,-18.051288548577,1,101
0.9,135,-16.031426904464,nan,nan,nan,1.5970854545824,0.62614057195922,nan,nan,17,2,2,26,7.772357876654e-09,7.772357876654e-09,-18.672692259572,1,101
0.9,135,-16.031426904464,nan,nan,nan,1.5970854545824,0.62614057195922,nan,nan,17,2,2,27,4.1753595022374e-09,4.1753595022374e-09,-19.29406537403,1,101
0.9,135,-16.031426904464,nan,nan,nan,1.5970854545824,0.62614057195922,nan,nan,17,2,2,28,2.2430797428091e-09,2.2430797428091e-09,-19.915416030186,1,101
0.9,135,-16.031426904464,nan,nan,nan,1.5970854545824,0.62614057195922,nan,nan,17,2,2,29,1.2050432817883e-09,1.2050432817883e-09,-20.536750352152,1,101
0.9,135,-16.031426904464,nan,nan,nan,1.5970854545824,0.62614057195922,nan,nan,17,2,2,30,6.4738959948697e-10,6.4738959948697e-10,-21.158072839615,1,101
0.9,135,-16.031426904464,nan,nan,nan,1.5970854545824,0.62614057195922,nan,nan,17,2,2,31,3.4780234629401e-10,3.4780234629401e-10,-21.77938676793,1,101
0.9,135,-16.031426904464,nan,nan,nan,1.5970854545824,0.62614057195922,nan,nan,17,2,2,32,1.8685382062653e-10,1.8685382062653e-10,-22.400694512646,1,101
0.9,135,-16.031426904464,nan,nan,nan,1.5970854545824,0.62614057195922,nan,nan,17,2,2,33,1.0038605680819e-10,1.0038605680819e-10,-23.021997794728,1,101
0.9,135,-16.031426904464,nan,nan,nan,1.5970854545824,0.62614057195922,nan,nan,17,2,2,34,5.3931960213211e-11,5.3931960213211e-11,-23.643297859878,1,101
0.9,135,-16.031426904464,nan,nan,nan,1.5970854545824,0.62614057195922,nan,nan,17,2,2,35,2.8974771591413e-11,2.8974771591413e-11,-24.264595609688,1,101
0.9,135,-16.031426904464,nan,nan,nan,1.5970854545824,0.62614057195922,nan,nan,17,2,2,36,1.5566628433294e-11,1.5566628433294e-11,-24.88589169603,1,101
0.9,135,-16.031426904464,nan,nan,nan,1.5970854545824,0.62614057195922,nan,nan,17,2,2,37,8.3631447753191e-12,8.3631447753191e-12,-25.507186590269,1,101
0.9,135,-16.031426904464,nan,nan,nan,1.5970854545824,0.62614057195922,nan,nan,17,2,2,38,4.493089201355e-12,4.493089201355e-12,-26.128480632631,1,101
0.9,135,-16.031426904464,nan,nan,nan,1.5970854545824,0.62614057195922,nan,nan,17,2,2,39,2.4139080874556e-12,2.4139080874556e-12,-26.749774068769,1,101
0.9,135,-16.031426904464,nan,nan,nan,1.5970854545824,0.62614057195922,nan,nan,17,2,2,40,1.2968704817157e-12,1.2968704817157e-12,-27.371067075476,1,101
0.9,135,-16.031426904464,nan,nan,nan,1.5970854545824,0.62614057195922,nan,nan,17,2,2,41,6.9674299660084e-13,6.9674299660084e-13,-27.992359780123,1,101
0.9,135,-16.031426904464,nan,nan,nan,1.5970854545824,0.62614057195922,nan,nan,17,2,2,42,3.7432489405326e-13,3.7432489405326e-13,-28.613652273921,1,101
0.9,135,-16.031426904464,nan,nan,nan,1.5970854545824,0.62614057195922,nan,nan,17,2,2,43,2.0110592766683e-13,2.0110592766683e-13,-29.234944622352,1,101
0.9,135,-16.031426904464,nan,nan,nan,1.5970854545824,0.62614057195922,nan,nan,17,2,2,44,1.0804410496118e-13,1.0804410496118e-13,-29.85623687188,1,101
0.9,135,-16.031426904464,nan,nan,nan,1.5970854545824,0.62614057195922,nan,nan,17,2,2,45,5.8046669829553e-14,5.8046669829553e-14,-30.47752905569,1,101
0.9,135,-16.031426904464,nan,nan,nan,1.5970854545824,0.62614057195922,nan,nan,17,2,2,46,3.1185560961315e-14,3.1185560961315e-14,-31.098821196917,1,101
0.9,135,-16.031426904464,nan,nan,nan,1.5970854545824,0.62614057195922,nan,nan,17,2,2,47,1.675443640106e-14,1.675443640106e-14,-31.720113311944,1,101
0.9,135,-16.031426904464,nan,nan,nan,1.5970854545824,0.62614057195922,nan,nan,17,2,2,48,9.0013177486324e-15,9.0013177486324e-15,-32.341405411778,1,101
0.9,135,-16.031426904464,nan,nan,nan,1.5970854545824,0.62614057195922,nan,nan,17,2,2,49,4.8359562733901e-15,4.8359562733901e-15,-32.962697504095,1,101
0.9,135,-16.031426904464,nan,nan,nan,1.5970854545824,0.62614057195922,nan,nan,17,2,2,50,2.5981166088792e-15,2.5981166088792e-15,-33.583989593574,1,101
0.9,135,-16.031426904464,nan,nan,nan,1.5970854545824,0.62614057195922,nan,nan,17,2,2,51,1.3958376647988e-15,1.3958376647988e-15,-34.205281683293,1,101
0.9,135,-16.031426904464,nan,nan,nan,1.5970854545824,0.62614057195922,nan,nan,17,2,2,52,7.4991352477675e-16,7.4991352477675e-16,-34.826573774308,1,101
0.9,135,-16.031426904464,nan,nan,nan,1.5970854545824,0.62614057195922,nan,nan,17,2,2,53,4.0289090070788e-16,4.0289090070788e-16,-35.447865866443,1,101
0.9,135,-16.031426904464,nan,nan,nan,1.5970854545824,0.62614057195922,nan,nan,17,2,2,54,2.1645306127909e-16,2.1645306127909e-16,-36.069157956981,1,101
0.9,135,-16.031426904464,nan,nan,nan,1.5970854545824,0.62614057195922,nan,nan,17,2,2,55,1.1628936738947e-16,1.1628936738947e-16,-36.690450042542,1,101
0.9,135,-16.031426904464,nan,nan,nan,1.5970854545824,0.62614057195922,nan,nan,17,2,2,56,6.2476441339074e-17,6.2476441339074e-17,-37.311742126784,1,101
0.9,135,-16.031426904464,nan,nan,nan,1.5970854545824,0.62614057195922,nan,nan,17,2,2,57,3.356546403412e-17,3.356546403412e-17,-37.933033991657,1,101
0.9,135,-16.031426904464,nan,nan,nan,1.5970854545824,0.62614057195922,nan,nan,17,2,2,58,1.8033037280681e-17,1.8033037280681e-17,-38.554326193811,1,101
0.9,135,-16.031426904464,nan,nan,nan,1.5970854545824,0.62614057195922,nan,nan,17,2,2,59,9.6882426046873e-18,9.6882426046873e-18,-39.175618626184,1,101
0.9,135,-16.031426904464,nan,nan,nan,1.5970854545824,0.62614057195922,nan,nan,17,2,2,60,5.2050069713155e-18,5.2050069713155e-18,-39.796910632477,1,101
0.9,135,-16.031426904464,nan,nan,nan,1.5970854545824,0.62614057195922,nan,nan,17,2,2,61,2.7963728727122e-18,2.7963728727122e-18,-40.418208499074,1,101
0.9,135,-16.031426904464,nan,nan,nan,1.5970854545824,0.62614057195922,nan,nan,17,2,2,62,1.5023328421745e-18,1.5023328421745e-18,-41.039512545783,1,101
0.9,135,-16.031426904464,nan,nan,nan,1.5970854545824,0.62614057195922,nan,nan,17,2,2,63,8.0711483247542e-19,8.0711483247542e-19,-41.660820999219,1,101
0.9,135,-16.031426904464,nan,nan,nan,1.5970854545824,0.62614057195922,nan,nan,17,2,2,64,4.3361455548594e-19,4.3361455548594e-19,-42.282130934388,1,101
0.9,135,-16.031426904464,nan,nan,nan,1.5970854545824,0.62614057195922,nan,nan,17,2,2,65,2.3295510721011e-19,2.3295510721011e-19,-42.903441190791,1,101
0.9,135,-16.031426904464,nan,nan,nan,1.5970854545824,0.62614057195922,nan,nan,17,2,2,66,1.2515198438549e-19,1.2515198438549e-19,-43.524758079066,1,101
0.9,135,-16.031426904464,nan,nan,nan,1.5970854545824,0.62614057195922,nan,nan,17,2,2,67,6.7235284811006e-20,6.7235284811006e-20,-44.146088771555,1,101
0.9,135,-16.031426904464,nan,nan,nan,1.5970854545824,0.62614057195922,nan,nan,17,2,2,68,3.6120674284039e-20,3.6120674284039e-20,-44.767421556615,1,101
0.9,135,-16.031426904464,nan,nan,nan,1.5970854545824,0.62614057195922,nan,nan,17,2,2,69,1.9404798215468e-20,1.9404798215468e-20,-45.388766586693,1,101
0.9,135,-16.031426904464,nan,nan,nan,1.5970854545824,0.62614057195922,nan,nan,17,2,2,70,1.0424543995809e-20,1.0424543995809e-20,-46.010123927556,1,101
0.9,135,-16.031426904464,nan,nan,nan,1.5970854545824,0.62614057195922,nan,nan,17,2,2,71,5.6001920480641e-21,5.6001920480641e-21,-46.631486061425,1,101
0.9,135,-16.031426904464,nan,nan,nan,1.5970854545824,0.62614057195922,nan,nan,17,2,2,72,3.0084618636421e-21,3.0084618636421e-21,-47.25285801348,1,101
0.9,135,-16.031426904464,nan,nan,nan,1.5970854545824,0.62614057195922,nan,nan,17,2,2,73,1.6161537289747e-21,1.6161537289747e-21,-47.874237867985,1,101
0.9,135,-16.031426904464,nan,nan,nan,1.5970854545824,0.62614057195922,nan,nan,17,2,2,74,8.6819727125851e-22,8.6819727125851e-22,-48.495623271984,1,101
0.9,135,-16.031426904464,nan,nan,nan,1.5970854545824,0.62614057195922,nan,nan,17,2,2,75,4.6639330885645e-22,4.6639330885645e-22,-49.117012943286,1,101
0.9,135,-16.031426904464,nan,nan,nan,1.5970854545824,0.62614057195922,nan,nan,17,2,2,76,2.5054449510697e-22,2.5054449510697e-22,-49.738405701928,1,101
0.9,135,-16.031426904464,nan,nan,nan,1.5970854545824,0.62614057195922,nan,nan,17,2,2,77,1.3459111282456e-22,1.3459111282456e-22,-50.35980084339,1,101
0.9,135,-16.031426904464,nan,nan,nan,1.5970854545824,0.62614057195922,nan,nan,17,2,2,78,7.2301481172152e-23,7.2301481172152e-23,-50.981197616427,1,101
0.9,135,-16.031426904464,nan,nan,nan,1.5970854545824,0.62614057195922,nan,nan,17,2,2,79,3.8839837761614e-23,3.8839837761614e-23,-51.602595765538,1,101
0.9,135,-16.031426904464,nan,nan,nan,1.5970854545824,0.62614057195922,nan,nan,17,2,2,80,2.0864467076037e-23,2.0864467076037e-23,-52.223994659667,1,101
0.9,135,-16.031426904464,nan,nan,nan,1.5970854545824,0.62614057195922,nan,nan,17,2,2,81,1.1208223913302e-23,1.1208223913302e-23,-52.845394445033,1,101
0.9,135,-16.031426904464,nan,nan,nan,1.5970854545824,0.62614057195922,nan,nan,17,2,2,82,6.0209652015394e-24,6.0209652015394e-24,-53.466794652907,1,101
0.9,135,-16.031426904464,nan,nan,nan,1.5970854545824,0.62614057195922,nan,nan,17,2,2,83,3.2344105869271e-24,3.2344105869271e-24,-54.088195519291,1,101
0.9,135,-16.031426904464,nan,nan,nan,1.5970854545824,0.62614057195922,nan,nan,17,2,2,84,1.7374970856036e-24,1.7374970856036e-24,-54.709596610752,1,101
0.9,135,-16.031426904464,nan,nan,nan,1.5970854545824,0.62614057195922,nan,nan,17,2,2,85,9.3336777045675e-25,9.3336777045675e-25,-55.330998207107,1,101
0.9,135,-16.031426904464,nan,nan,nan,1.5970854545824,0.62614057195922,nan,nan,17,2,2,86,5.0139671222412e-25,5.0139671222412e-25,-55.952399882328,1,101
0.9,135,-16.031426904464,nan,nan,nan,1.5970854545824,0.62614057195922,nan,nan,17,2,2,87,2.6934566867234e-25,2.6934566867234e-25,-56.573801942509,1,101
0.9,135,-16.031426904464,nan,nan,nan,1.5970854545824,0.62614057195922,nan,nan,17,2,2,88,1.4469000554019e-25,1.4469000554019e-25,-57.1952039498,1,101
0.9,135,-16.031426904464,nan,nan,nan,1.5970854545824,0.62614057195922,nan,nan,17,2,2,89,7.7726113533915e-26,7.7726113533915e-26,-57.816606228411,1,101
0.9,135,-16.031426904464,nan,nan,nan,1.5970854545824,0.62614057195922,nan,nan,17,2,2,90,4.1753747193239e-26,4.1753747193239e-26,-58.438008310438,1,101
0.9,135,-16.031426904464,nan,nan,nan,1.5970854545824,0.62614057195922,nan,nan,17,2,2,91,2.2429722520387e-26,2.2429722520387e-26,-59.059410533298,1,101
0.9,135,-16.031426904464,nan,nan,nan,1.5970854545824,0.62614057195922,nan,nan,17,2,2,92,1.2049041802629e-26,1.2049041802629e-26,-59.680812372518,1,101
0.9,135,-16.031426904464,nan,nan,nan,1.5970854545824,0.62614057195922,nan,nan,17,2,2,93,6.4726352369266e-27,6.4726352369266e-27,-60.302214184335,1,101
0.9,135,-16.031426904464,nan,nan,nan,1.5970854545824,0.62614057195922,nan,nan,17,2,2,94,3.4770427393091e-27,3.4770427393091e-27,-60.923615365882,1,101
0.9,135,-16.031426904464,nan,nan,nan,1.5970854545824,0.62614057195922,nan,nan,17,2,2,95,1.8678372748071e-27,1.8678372748071e-27,-61.545016286815,1,101
0.9,135,-16.031426904464,nan,nan,nan,1.5970854545824,0.62614057195922,nan,nan,17,2,2,96,1.0033870041692e-27,1.0033870041692e-27,-62.16641622965,1,101
0.9,135,-16.031426904464,nan,nan,nan,1.5970854545824,0.62614057195922,nan,nan,17,2,2,97,5.3901165787443e-28,5.3901165787443e-28,-62.787815590437,1,101
0.9,135,-16.031426904464,nan,nan,nan,1.5970854545824,0.62614057195922,nan,nan,17,2,2,98,2.8955326563301e-28,2.8955326563301e-28,-63.409213517909,1,101
0.9,135,-16.031426904464,nan,nan,nan,1.5970854545824,0.62614057195922,nan,nan,17,2,2,99,1.5554613310375e-28,1.5554613310375e-28,-64.030610426293,1,101
0.9,135,-16.031426904464,nan,nan,nan,1.5970854545824,0.62614057195922,nan,nan,17,2,2,100,8.3558541185836e-29,8.3558541185836e-29,-64.652005311569,1,101
0.9,135,-16.031426904464,nan,nan,nan,1.5970854545824,0.62614057195922,nan,nan,17,2,2,101,4.4887268483236e-29,4.4887268483236e-29,-65.273398587994,1,101
0.95,135,-12.429954078438,nan,nan,nan,1.2585421203894,0.79457014890418,nan,nan,17,2,2,1,0.063324539036783,0.063324539036783,-2.7594823624453,1,101
0.95,135,-12.429954078438,nan,nan,nan,1.2585421203894,0.79457014890418,nan,nan,17,2,2,2,0.026198863967245,0.026198863967245,-3.642039229184,1,101
0.95,135,-12.429954078438,nan,nan,nan,1.2585421203894,0.79457014890418,nan,nan,17,2,2,3,0.010894323502394,0.010894323502394,-4.5195134049967,1,101
0.95,135,-12.429954078438,nan,nan,nan,1.2585421203894,0.79457014890418,nan,nan,17,2,2,4,0.0046349892918804,0.0046349892918804,-5.3741213902409,1,101
0.95,135,-12.429954078438,nan,nan,nan,1.2585421203894,0.79457014890418,nan,nan,17,2,2,5,0.0020116721765816,0.0020116721765816,-6.2087889741244,1,101
0.95,135,-12.429954078438,nan,nan,nan,1.2585421203894,0.79457014890418,nan,nan,17,2,2,6,0.00088633393274272,0.00088633393274272,-7.0284167791097,1,101
0.95,135,-12.429954078438,nan,nan,nan,1.2585421203894,0.79457014890418,nan,nan,17,2,2,7,0.00039460772774011,0.00039460772774011,-7.8376183808369,1,101
0.95,135,-12.429954078438,nan,nan,nan,1.2585421203894,0.79457014890418,nan,nan,17,2,2,8,0.00017690239261504,0.00017690239261504,-8.6399124316495,1,101
0.95,135,-12.429954078438,nan,nan,nan,1.2585421203894,0.79457014890418,nan,nan,17,2,2,9,7.9660716380865e-05,7.9660716380865e-05,-9.4377339872702,1,101
0.95,135,-12.429954078438,nan,nan,nan,1.2585421203894,0.79457014890418,nan,nan,17,2,2,10,3.5974713026e-05,3.5974713026e-05,-10.232694282262,1,101
0.95,135,-12.429954078438,nan,nan,nan,1.2585421203894,0.79457014890418,nan,nan,17,2,2,11,1.627571611118e-05,1.627571611118e-05,-11.025836370151,1,101
0.95,135,-12.429954078438,nan,nan,nan,1.2585421203894,0.79457014890418,nan,nan,17,2,2,12,7.371954610175e-06,7.371954610175e-06,-11.817827675233,1,101
0.95,135,-12.429954078438,nan,nan,nan,1.2585421203894,0.79457014890418,nan,nan,17,2,2,13,3.3414944353029e-06,3.3414944353029e-06,-12.609092415326,1,101
0.95,135,-12.429954078438,nan,nan,nan,1.2585421203894,0.79457014890418,nan,nan,17,2,2,14,1.5152969475347e-06,1.5152969475347e-06,-13.399899133236,1,101
0.95,135,-12.429954078438,nan,nan,nan,1.2585421203894,0.79457014890418,nan,nan,17,2,2,15,6.8735331062832e-07,6.8735331062832e-07,-14.19041739653,1,101
0.95,135,-12.429954078438,nan,nan,nan,1.2585421203894,0.79457014890418,nan,nan,17,2,2,16,3.1184670283822e-07,3.1184670283822e-07,-14.98075410694,1,101
0.95,135,-12.429954078438,nan,nan,nan,1.2585421203894,0.79457014890418,nan,nan,17,2,2,17,1.4149851817026e-07,1.4149851817026e-07,-15.770976592213,1,101
0.95,135,-12.429954078438,nan,nan,nan,1.2585421203894,0.79457014890418,nan,nan,17,2,2,18,6.4208693064944e-08,6.4208693064944e-08,-16.561127229421,1,101
0.95,135,-12.429954078438,nan,nan,nan,1.2585421203894,0.79457014890418,nan,nan,17,2,2,19,2.9137708385884e-08,2.9137708385884e-08,-17.351232680799,1,101
0.95,135,-12.429954078438,nan,nan,nan,1.2585421203894,0.79457014890418,nan,nan,17,2,2,20,1.3222978607912e-08,1.3222978607912e-08,-18.141309717167,1,101
0.95,135,-12.429954078438,nan,nan,nan,1.2585421203894,0.79457014890418,nan,nan,17,2,2,21,6.0008249476446e-09,6.0008249476446e-09,-18.931368885895,1,101
0.95,135,-12.429954078438,nan,nan,nan,1.2585421203894,0.79457014890418,nan,nan,17,2,2,22,2.7233126280452e-09,2.7233126280452e-09,-19.721416819692,1,101
0.95,135,-12.429954078438,nan,nan,nan,1.2585421203894,0.79457014890418,nan,nan,17,2,2,23,1.2359107499864e-09,1.2359107499864e-09,-20.511457689267,1,101
0.95,135,-12.429954078438,nan,nan,nan,1.2585421203894,0.79457014890418,nan,nan,17,2,2,24,5.6089122887729e-10,5.6089122887729e-10,-21.301494117124,1,101
0.95,135,-12.429954078438,nan,nan,nan,1.2585421203894,0.79457014890418,nan,nan,17,2,2,25,2.5454900301741e-10,2.5454900301741e-10,-22.091527752235,1,101
0.95,135,-12.429954078438,nan,nan,nan,1.2585421203894,0.79457014890418,nan,nan,17,2,2,26,1.1552205735703e-10,1.1552205735703e-10,-22.881559631412,1,101
0.95,135,-12.429954078438,nan,nan,nan,1.2585421203894,0.79457014890418,nan,nan,17,2,2,27,5.2427470984507e-11,5.2427470984507e-11,-23.671590406546,1,101
0.95,135,-12.429954078438,nan,nan,nan,1.2585421203894,0.79457014890418,nan,nan,17,2,2,28,2.3793219102268e-11,2.3793219102268e-11,-24.461620487516,1,101
0.95,135,-12.429954078438,nan,nan,nan,1.2585421203894,0.79457014890418,nan,nan,17,2,2,29,1.0798108543073e-11,1.0798108543073e-11,-25.251650132037,1,101
0.95,135,-12.429954078438,nan,nan,nan,1.2585421203894,0.79457014890418,nan,nan,17,2,2,30,4.9005214301761e-12,4.9005214301761e-12,-26.041679502152,1,101
0.95,135,-12.429954078438,nan,nan,nan,1.2585421203894,0.79457014890418,nan,nan,17,2,2,31,2.2240112085668e-12,2.2240112085668e-12,-26.83170869973,1,101
0.95,135,-12.429954078438,nan,nan,nan,1.2585421203894,0.79457014890418,nan,nan,17,2,2,32,1.0093265508462e-12,1.0093265508462e-12,-27.621737788813,1,101
0.95,135,-12.429954078438,nan,nan,nan,1.2585421203894,0.79457014890418,nan,nan,17,2,2,33,4.5806430822413e-13,4.5806430822413e-13,-28.411766809683,1,101
0.95,135,-12.429954078438,nan,nan,nan,1.2585421203894,0.79457014890418,nan,nan,17,2,2,34,2.0788407804429e-13,2.0788407804429e-13,-29.201795787663,1,101
0.95,135,-12.429954078438,nan,nan,nan,1.2585421203894,0.79457014890418,nan,nan,17,2,2,35,9.4344375438655e-14,9.4344375438655e-14,-29.991824738666,1,101
0.95,135,-12.429954078438,nan,nan,nan,1.2585421203894,0.79457014890418,nan,nan,17,2,2,36,4.281646488458e-14,4.281646488458e-14,-30.781853672734,1,101
0.95,135,-12.429954078438,nan,nan,nan,1.2585421203894,0.79457014890418,nan,nan,17,2,2,37,1.9431467707716e-14,1.9431467707716e-14,-31.571882596149,1,101
0.95,135,-12.429954078438,nan,nan,nan,1.2585421203894,0.79457014890418,nan,nan,17,2,2,38,8.8186154748885e-15,8.8186154748885e-15,-32.36191151285,1,101
0.95,135,-12.429954078438,nan,nan,nan,1.2585421203894,0.79457014890418,nan,nan,17,2,2,39,4.0021670206344e-15,4.0021670206344e-15,-33.151940425329,1,101
0.95,135,-12.429954078438,nan,nan,nan,1.2585421203894,0.79457014890418,nan,nan,17,2,2,40,1.81631016223e-15,1.81631016223e-15,-33.941969335136,1,101
0.95,135,-12.429954078438,nan,nan,nan,1.2585421203894,0.79457014890418,nan,nan,17,2,2,41,8.2429908445474e-16,8.2429908445474e-16,-34.731998243268,1,101
0.95,135,-12.429954078438,nan,nan,nan,1.2585421203894,0.79457014890418,nan,nan,17,2,2,42,3.7409303514134e-16,3.7409303514134e-16,-35.522027150351,1,101
0.95,135,-12.429954078438,nan,nan,nan,1.2585421203894,0.79457014890418,nan,nan,17,2,2,43,1.6977526928387e-16,1.6977526928387e-16,-36.312056056772,1,101
0.95,135,-12.429954078438,nan,nan,nan,1.2585421203894,0.79457014890418,nan,nan,17,2,2,44,7.7049395108357e-17,7.7049395108357e-17,-37.102084962795,1,101
0.95,135,-12.429954078438,nan,nan,nan,1.2585421203894,0.79457014890418,nan,nan,17,2,2,45,3.4967456173714e-17,3.4967456173714e-17,-37.892113868566,1,101
0.95,135,-12.429954078438,nan,nan,nan,1.2585421203894,0.79457014890418,nan,nan,17,2,2,46,1.5869339269354e-17,1.5869339269354e-17,-38.682142774162,1,101
0.95,135,-12.429954078438,nan,nan,nan,1.2585421203894,0.79457014890418,nan,nan,17,2,2,47,7.2020088513282e-18,7.2020088513282e-18,-39.472171679657,1,101
0.95,135,-12.429954078438,nan,nan,nan,1.2585421203894,0.79457014890418,nan,nan,17,2,2,48,3.2684997539963e-18,3.2684997539963e-18,-40.262200585087,1,101
0.95,135,-12.429954078438,nan,nan,nan,1.2585421203894,0.79457014890418,nan,nan,17,2,2,49,1.4833487243157e-18,1.4833487243157e-18,-41.052229490493,1,101
0.95,135,-12.429954078438,nan,nan,nan,1.2585421203894,0.79457014890418,nan,nan,17,2,2,50,6.7319063898673e-19,6.7319063898673e-19,-41.842258395903,1,101
0.95,135,-12.429954078438,nan,nan,nan,1.2585421203894,0.79457014890418,nan,nan,17,2,2,51,3.0551523656506e-19,3.0551523656506e-19,-42.632287301317,1,101
0.95,135,-12.429954078438,nan,nan,nan,1.2585421203894,0.79457014890418,nan,nan,17,2,2,52,1.3865249213458e-19,1.3865249213458e-19,-43.42231620669,1,101
0.95,135,-12.429954078438,nan,nan,nan,1.2585421203894,0.79457014890418,nan,nan,17,2,2,53,6.2924893015894e-20,6.2924893015894e-20,-44.212345112039,1,101
0.95,135,-12.429954078438,nan,nan,nan,1.2585421203894,0.79457014890418,nan,nan,17,2,2,54,2.8557309718311e-20,2.8557309718311e-20,-45.002374017379,1,101
0.95,135,-12.429954078438,nan,nan,nan,1.2585421203894,0.79457014890418,nan,nan,17,2,2,55,1.2960211758226e-20,1.2960211758226e-20,-45.792402922715,1,101
0.95,135,-12.429954078438,nan,nan,nan,1.2585421203894,0.79457014890418,nan,nan,17,2,2,56,5.8817546356616e-21,5.8817546356616e-21,-46.582431828054,1,101
0.95,135,-12.429954078438,nan,nan,nan,1.2585421203894,0.79457014890418,nan,nan,17,2,2,57,2.6693265696009e-21,2.6693265696009e-21,-47.372460733399,1,101
0.95,135,-12.429954078438,nan,nan,nan,1.2585421203894,0.79457014890418,nan,nan,17,2,2,58,1.2114249533489e-21,1.2114249533489e-21,-48.162489638753,1,101
0.95,135,-12.429954078438,nan,nan,nan,1.2585421203894,0.79457014890418,nan,nan,17,2,2,59,5.4978301804856e-22,5.4978301804856e-22,-48.95251854411,1,101
0.95,135,-12.429954078438,nan,nan,nan,1.2585421203894,0.79457014890418,nan,nan,17,2,2,60,2.4950894903068e-22,2.4950894903068e-22,-49.74254744945,1,101
0.95,135,-12.429954078438,nan,nan,nan,1.2585421203894,0.79457014890418,nan,nan,17,2,2,61,1.1323506475003e-22,1.1323506475003e-22,-50.532576354778,1,101
0.95,135,-12.429954078438,nan,nan,nan,1.2585421203894,0.79457014890418,nan,nan,17,2,2,62,5.1389659323615e-23,5.1389659323615e-23,-51.32260526011,1,101
0.95,135,-12.429954078438,nan,nan,nan,1.2585421203894,0.79457014890418,nan,nan,17,2,2,63,2.3322255268057e-23,2.3322255268057e-23,-52.112634165443,1,101
0.95,135,-12.429954078438,nan,nan,nan,1.2585421203894,0.79457014890418,nan,nan,17,2,2,64,1.0584378218185e-23,1.0584378218185e-23,-52.902663070783,1,101
0.95,135,-12.429954078438,nan,nan,nan,1.2585421203894,0.79457014890418,nan,nan,17,2,2,65,4.8035261160162e-24,4.8035261160162e-24,-53.692691976132,1,101
0.95,135,-12.429954078438,nan,nan,nan,1.2585421203894,0.79457014890418,nan,nan,17,2,2,66,2.179992312403e-24,2.179992312403e-24,-54.482720881483,1,101
0.95,135,-12.429954078438,nan,nan,nan,1.2585421203894,0.79457014890418,nan,nan,17,2,2,67,9.8934956685198e-25,9.8934956685198e-25,-55.272749786812,1,101
0.95,135,-12.429954078438,nan,nan,nan,1.2585421203894,0.79457014890418,nan,nan,17,2,2,68,4.4899817300482e-25,4.4899817300482e-25,-56.062778692137,1,101
0.95,135,-12.429954078438,nan,nan,nan,1.2585421203894,0.79457014890418,nan,nan,17,2,2,69,2.0376959379797e-25,2.0376959379797e-25,-56.852807597462,1,101
0.95,135,-12.429954078438,nan,nan,nan,1.2585421203894,0.79457014890418,nan,nan,17,2,2,70,9.2477096453097e-26,9.2477096453097e-26,-57.642836502893,1,101
0.95,135,-12.429954078438,nan,nan,nan,1.2585421203894,0.79457014890418,nan,nan,17,2,2,71,4.1969035768949e-26,4.1969035768949e-26,-58.43286540805,1,101
0.95,135,-12.429954078438,nan,nan,nan,1.2585421203894,0.79457014890418,nan,nan,17,2,2,72,1.9046877878868e-26,1.9046877878868e-26,-59.222894313571,1,101
0.95,135,-12.429954078438,nan,nan,nan,1.2585421203894,0.79457014890418,nan,nan,17,2,2,73,8.6440765289664e-27,8.6440765289664e-27,-60.012923218813,1,101
0.95,135,-12.429954078438,nan,nan,nan,1.2585421203894,0.79457014890418,nan,nan,17,2,2,74,3.9229557481207e-27,3.9229557481207e-27,-60.802952123787,1,101
0.95,135,-12.429954078438,nan,nan,nan,1.2585421203894,0.79457014890418,nan,nan,17,2,2,75,1.7803615833167e-27,1.7803615833167e-27,-61.59298103047,1,101
0.95,135,-12.429954078438,nan,nan,nan,1.2585421203894,0.79457014890418,nan,nan,17,2,2,76,8.0798448834821e-28,8.0798448834821e-28,-62.383009929073,1,101
0.95,135,-12.429954078438,nan,nan,nan,1.2585421203894,0.79457014890418,nan,nan,17,2,2,77,3.6668895664929e-28,3.6668895664929e-28,-63.173038830689,1,101
0.95,135,-12.429954078438,nan,nan,nan,1.2585421203894,0.79457014890418,nan,nan,17,2,2,78,1.6641506174485e-28,1.6641506174485e-28,-63.963067750237,1,101
0.95,135,-12.429954078438,nan,nan,nan,1.2585421203894,0.79457014890418,nan,nan,17,2,2,79,7.5524425753144e-29,7.5524425753144e-29,-64.753096665978,1,101
0.95,135,-12.429954078438,nan,nan,nan,1.2585421203894,0.79457014890418,nan,nan,17,2,2,80,3.4275375310576e-29,3.4275375310576e-29,-65.543125614453,1,101
0.95,135,-12.429954078438,nan,nan,nan,1.2585421203894,0.79457014890418,nan,nan,17,2,2,81,1.5555260499688e-29,1.5555260499688e-29,-66.333153912605,1,101
0.95,135,-12.429954078438,nan,nan,nan,1.2585421203894,0.79457014890418,nan,nan,17,2,2,82,7.0594676747033e-30,7.0594676747033e-30,-67.123183141343,1,101
0.95,135,-12.429954078438,nan,nan,nan,1.2585421203894,0.79457014890418,nan,nan,17,2,2,83,3.203809174746e-30,3.203809174746e-30,-67.913212320833,1,101
0.95,135,-12.429954078438,nan,nan,nan,1.2585421203894,0.79457014890418,nan,nan,17,2,2,84,1.4539919546829e-30,1.4539919546829e-30,-68.703239943956,1,101
0.95,135,-12.429954078438,nan,nan,nan,1.2585421203894,0.79457014890418,nan,nan,17,2,2,85,6.5986552379977e-31,6.5986552379977e-31,-69.493272006362,1,101
0.95,135,-12.429954078438,nan,nan,nan,1.2585421203894,0.79457014890418,nan,nan,17,2,2,86,2.9946850191909e-31,2.9946850191909e-31,-70.283298825663,1,101
0.95,135,-12.429954078438,nan,nan,nan,1.2585421203894,0.79457014890418,nan,nan,17,2,2,87,1.3590401204685e-31,1.3590401204685e-31,-71.07335922603,1,101
0.95,135,-12.429954078438,nan,nan,nan,1.2585421203894,0.79457014890418,nan,nan,17,2,2,88,6.1682798177406e-32,6.1682798177406e-32,-71.863302974536,1,101
0.95,135,-12.429954078438,nan,nan,nan,1.2585421203894,0.79457014890418,nan,nan,17,2,2,89,2.7992395471125e-32,2.7992395471125e-32,-72.653375185833,1,101
0.95,135,-12.429954078438,nan,nan,nan,1.2585421203894,0.79457014890418,nan,nan,17,2,2,90,1.2703551111627e-32,1.2703551111627e-32,-73.443426499335,1,101
0.95,135,-12.429954078438,nan,nan,nan,1.2585421203894,0.79457014890418,nan,nan,17,2,2,91,5.7665448278496e-33,5.7665448278496e-33,-74.23323498431,1,101
0.95,135,-12.429954078438,nan,nan,nan,1.2585421203894,0.79457014890418,nan,nan,17,2,2,92,2.6161054130711e-33,2.6161054130711e-33,-75.023621340504,1,101
0.95,135,-12.429954078438,nan,nan,nan,1.2585421203894,0.79457014890418,nan,nan,17,2,2,93,1.182286162319e-33,1.182286162319e-33,-75.81785807902,1,101
0.95,135,-12.429954078438,nan,nan,nan,1.2585421203894,0.79457014890418,nan,nan,17,2,2,94,5.379000865313e-34,5.379000865313e-34,-76.605390517638,1,101
0.95,135,-12.429954078438,nan,nan,nan,1.2585421203894,0.79457014890418,nan,nan,17,2,2,95,2.4264422673185e-34,2.4264422673185e-34,-77.401467064792,1,101
0.95,135,-12.429954078438,nan,nan,nan,1.2585421203894,0.79457014890418,nan,nan,17,2,2,96,1.119063775566e-34,1.119063775566e-34,-78.175400740735,1,101
0.95,135,-12.429954078438,nan,nan,nan,1.2585421203894,0.79457014890418,nan,nan,17,2,2,97,5.0161561086002e-35,5.0161561086002e-35,-78.977814329816,1,101
0.95,135,-12.429954078438,nan,nan,nan,1.2585421203894,0.79457014890418,nan,nan,17,2,2,98,2.0863283434585e-35,2.0863283434585e-35,-79.855072507216,1,101
0.95,135,-12.429954078438,nan,nan,nan,1.2585421203894,0.79457014890418,nan,nan,17,2,2,99,1.3863210819788e-35,1.3863210819788e-35,-80.263824719974,1,101
0.95,135,-12.429954078438,nan,nan,nan,1.2585421203894,0.79457014890418,nan,nan,17,2,2,100,6.1850451496665e-36,6.1850451496665e-36,-81.070929042103,1,101
0.95,135,-12.429954078438,nan,nan,nan,1.2585421203894,0.79457014890418,nan,nan,17,2,2,101,3.5433334998721e-36,3.5433334998721e-36,-81.627995397099,1,101
1,135,-9.6672376657797,nan,nan,nan,1.043174805459,0.95861210869635,nan,nan,17,2,2,1,0.056026384126685,0.056026384126685,-2.8819325540816,1,101
1,135,-9.6672376657797,nan,nan,nan,1.043174805459,0.95861210869635,nan,nan,17,2,2,2,0.019544426782161,0.019544426782161,-3.9350651082737,1,101
1,135,-9.6672376657797,nan,nan,nan,1.043174805459,0.95861210869635,nan,nan,17,2,2,3,0.0069092637470668,0.0069092637470668,-4.9748921957843,1,101
1,135,-9.6672376657797,nan,nan,nan,1.043174805459,0.95861210869635,nan,nan,17,2,2,4,0.002507770800457,0.002507770800457,-5.9883610477651,1,101
1,135,-9.6672376657797,nan,nan,nan,1.043174805459,0.95861210869635,nan,nan,17,2,2,5,0.00092952571231459,0.00092952571231459,-6.980836088663,1,101
1,135,-9.6672376657797,nan,nan,nan,1.043174805459,0.95861210869635,nan,nan,17,2,2,6,0.00034961296582388,0.00034961296582388,-7.9586838272737,1,101
1,135,-9.6672376657797,nan,nan,nan,1.043174805459,0.95861210869635,nan,nan,17,2,2,7,0.00013275167321108,0.00013275167321108,-8.927030293695,1,101
1,135,-9.6672376657797,nan,nan,nan,1.043174805459,0.95861210869635,nan,nan,17,2,2,8,5.0707956241605e-05,5.0707956241605e-05,-9.8894277318367,1,101
1,135,-9.6672376657797,nan,nan,nan,1.043174805459,0.95861210869635,nan,nan,17,2,2,9,1.944017858044e-05,1.944017858044e-05,-10.848168572738,1,101
1,135,-9.6672376657797,nan,nan,nan,1.043174805459,0.95861210869635,nan,nan,17,2,2,10,7.4694952146646e-06,7.4694952146646e-06,-11.804683136114,1,101
1,135,-9.6672376657797,nan,nan,nan,1.043174805459,0.95861210869635,nan,nan,17,2,2,11,2.8738751225658e-06,2.8738751225658e-06,-12.759849221994,1,101
1,135,-9.6672376657797,nan,nan,nan,1.043174805459,0.95861210869635,nan,nan,17,2,2,12,1.106619239432e-06,1.106619239432e-06,-13.714200920557,1,101
1,135,-9.6672376657797,nan,nan,nan,1.043174805459,0.95861210869635,nan,nan,17,2,2,13,4.2632595182816e-07,4.2632595182816e-07,-14.668061638115,1,101
1,135,-9.6672376657797,nan,nan,nan,1.043174805459,0.95861210869635,nan,nan,17,2,2,14,1.6429098887928e-07,1.6429098887928e-07,-15.621626658938,1,101
1,135,-9.6672376657797,nan,nan,nan,1.043174805459,0.95861210869635,nan,nan,17,2,2,15,6.3323222813301e-08,6.3323222813301e-08,-16.575013705988,1,101
1,135,-9.6672376657797,nan,nan,nan,1.043174805459,0.95861210869635,nan,nan,17,2,2,16,2.4409494173777e-08,2.4409494173777e-08,-17.528293674847,1,101
1,135,-9.6672376657797,nan,nan,nan,1.043174805459,0.95861210869635,nan,nan,17,2,2,17,9.4098461364654e-09,9.4098461364654e-09,-18.481509234549,1,101
1,135,-9.6672376657797,nan,nan,nan,1.043174805459,0.95861210869635,nan,nan,17,2,2,18,3.6276308632551e-09,3.6276308632551e-09,-19.434686056492,1,101
1,135,-9.6672376657797,nan,nan,nan,1.043174805459,0.95861210869635,nan,nan,17,2,2,19,1.3985363908666e-09,1.3985363908666e-09,-20.387839582269,1,101
1,135,-9.6672376657797,nan,nan,nan,1.043174805459,0.95861210869635,nan,nan,17,2,2,20,5.3917598321121e-10,5.3917598321121e-10,-21.340979098845,1,101
1,135,-9.6672376657797,nan,nan,nan,1.043174805459,0.95861210869635,nan,nan,17,2,2,21,2.0786959265913e-10,2.0786959265913e-10,-22.294110191217,1,101
1,135,-9.6672376657797,nan,nan,nan,1.043174805459,0.95861210869635,nan,nan,17,2,2,22,8.0140784803025e-11,8.0140784803025e-11,-23.247236217868,1,101
1,135,-9.6672376657797,nan,nan,nan,1.043174805459,0.95861210869635,nan,nan,17,2,2,23,3.089708730686e-11,3.089708730686e-11,-24.200359198382,1,101
1,135,-9.6672376657797,nan,nan,nan,1.043174805459,0.95861210869635,nan,nan,17,2,2,24,1.1911934165544e-11,1.1911934165544e-11,-25.153480347296,1,101
1,135,-9.6672376657797,nan,nan,nan,1.043174805459,0.95861210869635,nan,nan,17,2,2,25,4.5924824705593e-12,4.5924824705593e-12,-26.1066003948,1,101
1,135,-9.6672376657797,nan,nan,nan,1.043174805459,0.95861210869635,nan,nan,17,2,2,26,1.7705696587169e-12,1.7705696587169e-12,-27.05971978004,1,101
1,135,-9.6672376657797,nan,nan,nan,1.043174805459,0.95861210869635,nan,nan,17,2,2,27,6.826195167586e-13,6.826195167586e-13,-28.012838767053,1,101
1,135,-9.6672376657797,nan,nan,nan,1.043174805459,0.95861210869635,nan,nan,17,2,2,28,2.6317491319179e-13,2.6317491319179e-13,-28.965957514623,1,101
1,135,-9.6672376657797,nan,nan,nan,1.043174805459,0.95861210869635,nan,nan,17,2,2,29,1.0146361656586e-13,1.0146361656586e-13,-29.919076118169,1,101
1,135,-9.6672376657797,nan,nan,nan,1.043174805459,0.95861210869635,nan,nan,17,2,2,30,3.9117962473785e-14,3.9117962473785e-14,-30.872194635104,1,101
1,135,-9.6672376657797,nan,nan,nan,1.043174805459,0.95861210869635,nan,nan,17,2,2,31,1.508141656583e-14,1.508141656583e-14,-31.825313100017,1,101
1,135,-9.6672376657797,nan,nan,nan,1.043174805459,0.95861210869635,nan,nan,17,2,2,32,5.8144422248637e-15,5.8144422248637e-15,-32.778431533599,1,101
1,135,-9.6672376657797,nan,nan,nan,1.043174805459,0.95861210869635,nan,nan,17,2,2,33,2.2416819317968e-15,2.2416819317968e-15,-33.731549948391,1,101
1,135,-9.6672376657797,nan,nan,nan,1.043174805459,0.95861210869635,nan,nan,17,2,2,34,8.6425107441842e-16,8.6425107441842e-16,-34.684668351912,1,101
1,135,-9.6672376657797,nan,nan,nan,1.043174805459,0.95861210869635,nan,nan,17,2,2,35,3.3320067135546e-16,3.3320067135546e-16,-35.63778674873,1,101
1,135,-9.6672376657797,nan,nan,nan,1.043174805459,0.95861210869635,nan,nan,17,2,2,36,1.2846115108627e-16,1.2846115108627e-16,-36.590905141444,1,101
1,135,-9.6672376657797,nan,nan,nan,1.043174805459,0.95861210869635,nan,nan,17,2,2,37,4.9526512995814e-17,4.9526512995814e-17,-37.544023531632,1,101
1,135,-9.6672376657797,nan,nan,nan,1.043174805459,0.95861210869635,nan,nan,17,2,2,38,1.9094297944469e-17,1.9094297944469e-17,-38.49714192035,1,101
1,135,-9.6672376657797,nan,nan,nan,1.043174805459,0.95861210869635,nan,nan,17,2,2,39,7.3615563114643e-18,7.3615563114643e-18,-39.450260308144,1,101
1,135,-9.6672376657797,nan,nan,nan,1.043174805459,0.95861210869635,nan,nan,17,2,2,40,2.8381515525967e-18,2.8381515525967e-18,-40.403378695384,1,101
1,135,-9.6672376657797,nan,nan,nan,1.043174805459,0.95861210869635,nan,nan,17,2,2,41,1.0942121334734e-18,1.0942121334734e-18,-41.356497082408,1,101
1,135,-9.6672376657797,nan,nan,nan,1.043174805459,0.95861210869635,nan,nan,17,2,2,42,4.2185914707569e-19,4.2185914707569e-19,-42.309615469256,1,101
1,135,-9.6672376657797,nan,nan,nan,1.043174805459,0.95861210869635,nan,nan,17,2,2,43,1.6264226520249e-19,1.6264226520249e-19,-43.262733855943,1,101
1,135,-9.6672376657797,nan,nan,nan,1.043174805459,0.95861210869635,nan,nan,17,2,2,44,6.2704593735264e-20,6.2704593735264e-20,-44.215852242605,1,101
1,135,-9.6672376657797,nan,nan,nan,1.043174805459,0.95861210869635,nan,nan,17,2,2,45,2.4174934301044e-20,2.4174934301044e-20,-45.16897062918,1,101
1,135,-9.6672376657797,nan,nan,nan,1.043174805459,0.95861210869635,nan,nan,17,2,2,46,9.3203290809342e-21,9.3203290809342e-21,-46.122089015688,1,101
1,135,-9.6672376657797,nan,nan,nan,1.043174805459,0.95861210869635,nan,nan,17,2,2,47,3.59333072505e-21,3.59333072505e-21,-47.07520740193,1,101
1,135,-9.6672376657797,nan,nan,nan,1.043174805459,0.95861210869635,nan,nan,17,2,2,48,1.385361566744e-21,1.385361566744e-21,-48.028325788285,1,101
1,135,-9.6672376657797,nan,nan,nan,1.043174805459,0.95861210869635,nan,nan,17,2,2,49,5.3410799546995e-22,5.3410799546995e-22,-48.981444174637,1,101
1,135,-9.6672376657797,nan,nan,nan,1.043174805459,0.95861210869635,nan,nan,17,2,2,50,2.0591833762236e-22,2.0591833762236e-22,-49.934562560971,1,101
1,135,-9.6672376657797,nan,nan,nan,1.043174805459,0.95861210869635,nan,nan,17,2,2,51,7.9389116293155e-23,7.9389116293155e-23,-50.887680947393,1,101
1,135,-9.6672376657797,nan,nan,nan,1.043174805459,0.95861210869635,nan,nan,17,2,2,52,3.0607433309907e-23,3.0607433309907e-23,-51.840799333774,1,101
1,135,-9.6672376657797,nan,nan,nan,1.043174805459,0.95861210869635,nan,nan,17,2,2,53,1.1800294770252e-23,1.1800294770252e-23,-52.793917720168,1,101
1,135,-9.6672376657797,nan,nan,nan,1.043174805459,0.95861210869635,nan,nan,17,2,2,54,4.5494489937599e-24,4.5494489937599e-24,-53.7470361065,1,101
1,135,-9.6672376657797,nan,nan,nan,1.043174805459,0.95861210869635,nan,nan,17,2,2,55,1.7539804342027e-24,1.7539804342027e-24,-54.700154492928,1,101
1,135,-9.6672376657797,nan,nan,nan,1.043174805459,0.95861210869635,nan,nan,17,2,2,56,6.7622416867296e-25,6.7622416867296e-25,-55.653272879304,1,101
1,135,-9.6672376657797,nan,nan,nan,1.043174805459,0.95861210869635,nan,nan,17,2,2,57,2.6070936559924e-25,2.6070936559924e-25,-56.60639126573,1,101
1,135,-9.6672376657797,nan,nan,nan,1.043174805459,0.95861210869635,nan,nan,17,2,2,58,1.0051307903752e-25,1.0051307903752e-25,-57.559509652131,1,101
1,135,-9.6672376657797,nan,nan,nan,1.043174805459,0.95861210869635,nan,nan,17,2,2,59,3.8751500292012e-26,3.8751500292012e-26,-58.512628038576,1,101
1,135,-9.6672376657797,nan,nan,nan,1.043174805459,0.95861210869635,nan,nan,17,2,2,60,1.494013305902e-26,1.494013305902e-26,-59.465746424948,1,101
1,135,-9.6672376657797,nan,nan,nan,1.043174805459,0.95861210869635,nan,nan,17,2,2,61,5.7599724935775e-27,5.7599724935775e-27,-60.418864811563,1,101
1,135,-9.6672376657797,nan,nan,nan,1.043174805459,0.95861210869635,nan,nan,17,2,2,62,2.2206819058089e-27,2.2206819058089e-27,-61.371983197342,1,101
1,135,-9.6672376657797,nan,nan,nan,1.043174805459,0.95861210869635,nan,nan,17,2,2,63,8.5615480270939e-28,8.5615480270939e-28,-62.325101585743,1,101
1,135,-9.6672376657797,nan,nan,nan,1.043174805459,0.95861210869635,nan,nan,17,2,2,64,3.3007926289042e-28,3.3007926289042e-28,-63.278219973625,1,101
1,135,-9.6672376657797,nan,nan,nan,1.043174805459,0.95861210869635,nan,nan,17,2,2,65,1.272577369453e-28,1.272577369453e-28,-64.231338335097,1,101
1,135,-9.6672376657797,nan,nan,nan,1.043174805459,0.95861210869635,nan,nan,17,2,2,66,4.9062551584692e-29,4.9062551584692e-29,-65.184456742872,1,101
1,135,-9.6672376657797,nan,nan,nan,1.043174805459,0.95861210869635,nan,nan,17,2,2,67,1.8915423026482e-29,1.8915423026482e-29,-66.137575167383,1,101
1,135,-9.6672376657797,nan,nan,nan,1.043174805459,0.95861210869635,nan,nan,17,2,2,68,7.2925942851539e-30,7.2925942851539e-30,-67.090693438087,1,101
1,135,-9.6672376657797,nan,nan,nan,1.043174805459,0.95861210869635,nan,nan,17,2,2,69,2.8115634120285e-30,2.8115634120285e-30,-68.043812086807,1,101
1,135,-9.6672376657797,nan,nan,nan,1.043174805459,0.95861210869635,nan,nan,17,2,2,70,1.0839616866286e-30,1.0839616866286e-30,-68.996930231867,1,101
1,135,-9.6672376657797,nan,nan,nan,1.043174805459,0.95861210869635,nan,nan,17,2,2,71,4.1790726280478e-31,4.1790726280478e-31,-69.950048520212,1,101
1,135,-9.6672376657797,nan,nan,nan,1.043174805459,0.95861210869635,nan,nan,17,2,2,72,1.6111805335526e-31,1.6111805335526e-31,-70.903170721862,1,101
1,135,-9.6672376657797,nan,nan,nan,1.043174805459,0.95861210869635,nan,nan,17,2,2,73,6.2118069110972e-32,6.2118069110972e-32,-71.856271154216,1,101
1,135,-9.6672376657797,nan,nan,nan,1.043174805459,0.95861210869635,nan,nan,17,2,2,74,2.3947884413012e-32,2.3947884413012e-32,-72.809428082334,1,101
1,135,-9.6672376657797,nan,nan,nan,1.043174805459,0.95861210869635,nan,nan,17,2,2,75,9.2325705886998e-33,9.2325705886998e-33,-73.762570555413,1,101
1,135,-9.6672376657797,nan,nan,nan,1.043174805459,0.95861210869635,nan,nan,17,2,2,76,3.5614388712911e-33,3.5614388712911e-33,-74.715143428268,1,101
1,135,-9.6672376657797,nan,nan,nan,1.043174805459,0.95861210869635,nan,nan,17,2,2,77,1.3729754649939e-33,1.3729754649939e-33,-75.66832781181,1,101
1,135,-9.6672376657797,nan,nan,nan,1.043174805459,0.95861210869635,nan,nan,17,2,2,78,5.283347971381e-34,5.283347971381e-34,-76.623333179538,1,101
1,135,-9.6672376657797,nan,nan,nan,1.043174805459,0.95861210869635,nan,nan,17,2,2,79,2.0386646597613e-34,2.0386646597613e-34,-77.57559814682,1,101
1,135,-9.6672376657797,nan,nan,nan,1.043174805459,0.95861210869635,nan,nan,17,2,2,80,7.8870256423667e-35,7.8870256423667e-35,-78.525259169162,1,101
1,135,-9.6672376657797,nan,nan,nan,1.043174805459,0.95861210869635,nan,nan,17,2,2,81,3.0197870751333e-35,3.0197870751333e-35,-79.485291930813,1,101
1,135,-9.6672376657797,nan,nan,nan,1.043174805459,0.95861210869635,nan,nan,17,2,2,82,1.2000003428171e-35,1.2000003428171e-35,-80.408156412317,1,101
1,135,-9.6672376657797,nan,nan,nan,1.043174805459,0.95861210869635,nan,nan,17,2,2,83,5.2917879421307e-36,5.2917879421307e-36,-81.22690717374,1,101
1,135,-9.6672376657797,nan,nan,nan,1.043174805459,0.95861210869635,nan,nan,17,2,2,84,1.6541018644909e-36,1.6541018644909e-36,-82.389805166327,1,101
1,135,-9.6672376657797,nan,nan,nan,1.043174805459,0.95861210869635,nan,nan,17,2,2,85,3.7785000790356e-37,3.7785000790356e-37,-83.866321314384,1,101
1,135,-9.6672376657797,nan,nan,nan,1.043174805459,0.95861210869635,nan,nan,17,2,2,86,1.5381539659566e-36,1.5381539659566e-36,-82.462480373808,1,101
1,135,-9.6672376657797,nan,nan,nan,1.043174805459,0.95861210869635,nan,nan,17,2,2,87,-1.7289143667019e-36,1.7289143667019e-36,-82.345569669956,1,101
1,135,-9.6672376657797,nan,nan,nan,1.043174805459,0.95861210869635,nan,nan,17,2,2,88,6.2472308319648e-37,6.2472308319648e-37,-83.3635101421,1,101
1,135,-9.6672376657797,nan,nan,nan,1.043174805459,0.95861210869635,nan,nan,17,2,2,89,-1.0960941621735e-36,1.0960941621735e-36,-82.801310248558,1,101
1,135,-9.6672376657797,nan,nan,nan,1.043174805459,0.95861210869635,nan,nan,17,2,2,90,1.0317913444483e-36,1.0317913444483e-36,-82.861766886781,1,101
1,135,-9.6672376657797,nan,nan,nan,1.043174805459,0.95861210869635,nan,nan,17,2,2,91,8.2276056391655e-37,8.2276056391655e-37,-83.088153399262,1,101
1,135,-9.6672376657797,nan,nan,nan,1.043174805459,0.95861210869635,nan,nan,17,2,2,92,-1.1187003029375e-36,1.1187003029375e-36,-82.780895780121,1,101
1,135,-9.6672376657797,nan,nan,nan,1.043174805459,0.95861210869635,nan,nan,17,2,2,93,1.2934146313901e-36,1.2934146313901e-36,-82.635777625472,1,101
1,135,-9.6672376657797,nan,nan,nan,1.043174805459,0.95861210869635,nan,nan,17,2,2,94,-2.7086698834318e-37,2.7086698834318e-37,-84.1991907443,1,101
1,135,-9.6672376657797,nan,nan,nan,1.043174805459,0.95861210869635,nan,nan,17,2,2,95,1.5139427881741e-36,1.5139427881741e-36,-82.478345982009,1,101
1,135,-9.6672376657797,nan,nan,nan,1.043174805459,0.95861210869635,nan,nan,17,2,2,96,-2.1800620847766e-37,2.1800620847766e-37,-84.416295085129,1,101
1,135,-9.6672376657797,nan,nan,nan,1.043174805459,0.95861210869635,nan,nan,17,2,2,97,3.4138255137615e-37,3.4138255137615e-37,-83.967814926746,1,101
1,135,-9.6672376657797,nan,nan,nan,1.043174805459,0.95861210869635,nan,nan,17,2,2,98,-1.5437253329241e-36,1.5437253329241e-36,-82.458864805192,1,101
1,135,-9.6672376657797,nan,nan,nan,1.043174805459,0.95861210869635,nan,nan,17,2,2,99,-1.9686268938393e-36,1.9686268938393e-36,-82.215727056262,1,101
1,135,-9.6672376657797,nan,nan,nan,1.043174805459,0.95861210869635,nan,nan,17,2,2,100,1.9170751929558e-36,1.9170751929558e-36,-82.242262660206,1,101
1,135,-9.6672376657797,nan,nan,nan,1.043174805459,0.95861210869635,nan,nan,17,2,2,101,-1.2819170919941e-37,1.2819170919941e-37,-84.947291755204,1,101
1.05,135,-7.5487952599632,nan,nan,nan,0.89178761032268,1.1213432306356,nan,nan,17,2,2,1,0.049314026150164,0.049314026150164,-3.0095467323091,1,101
1.05,135,-7.5487952599632,nan,nan,nan,0.89178761032268,1.1213432306356,nan,nan,17,2,2,2,0.014499324287844,0.014499324287844,-4.2336532314798,1,101
1.05,135,-7.5487952599632,nan,nan,nan,0.89178761032268,1.1213432306356,nan,nan,17,2,2,3,0.0043578372866614,0.0043578372866614,-5.4357793798567,1,101
1.05,135,-7.5487952599632,nan,nan,nan,0.89178761032268,1.1213432306356,nan,nan,17,2,2,4,0.0013491379474406,0.0013491379474406,-6.6082894479478,1,101
1.05,135,-7.5487952599632,nan,nan,nan,0.89178761032268,1.1213432306356,nan,nan,17,2,2,5,0.00042687980907067,0.00042687980907067,-7.7590080619442,1,101
1.05,135,-7.5487952599632,nan,nan,nan,0.89178761032268,1.1213432306356,nan,nan,17,2,2,6,0.00013702523318315,0.00013702523318315,-8.8953454652773,1,101
1.05,135,-7.5487952599632,nan,nan,nan,0.89178761032268,1.1213432306356,nan,nan,17,2,2,7,4.4379345621313e-05,4.4379345621313e-05,-10.022736385469,1,101
1.05,135,-7.5487952599632,nan,nan,nan,0.89178761032268,1.1213432306356,nan,nan,17,2,2,8,1.4451240527713e-05,1.4451240527713e-05,-11.144730297422,1,101
1.05,135,-7.5487952599632,nan,nan,nan,0.89178761032268,1.1213432306356,nan,nan,17,2,2,9,4.7208661456164e-06,4.7208661456164e-06,-12.263518269775,1,101
1.05,135,-7.5487952599632,nan,nan,nan,0.89178761032268,1.1213432306356,nan,nan,17,2,2,10,1.5451077737039e-06,1.5451077737039e-06,-13.380416893605,1,101
1.05,135,-7.5487952599632,nan,nan,nan,0.89178761032268,1.1213432306356,nan,nan,17,2,2,11,5.062643697684e-07,5.062643697684e-07,-14.496206834201,1,101
1.05,135,-7.5487952599632,nan,nan,nan,0.89178761032268,1.1213432306356,nan,nan,17,2,2,12,1.6598842832389e-07,1.6598842832389e-07,-15.611347759912,1,101
1.05,135,-7.5487952599632,nan,nan,nan,0.89178761032268,1.1213432306356,nan,nan,17,2,2,13,5.4443123494623e-08,5.4443123494623e-08,-16.726109285816,1,101
1.05,135,-7.5487952599632,nan,nan,nan,0.89178761032268,1.1213432306356,nan,nan,17,2,2,14,1.7860947650865e-08,1.7860947650865e-08,-17.840649202947,1,101
1.05,135,-7.5487952599632,nan,nan,nan,0.89178761032268,1.1213432306356,nan,nan,17,2,2,15,5.8603310661349e-09,5.8603310661349e-09,-18.955059739026,1,101
1.05,135,-7.5487952599632,nan,nan,nan,0.89178761032268,1.1213432306356,nan,nan,17,2,2,16,1.9229704059269e-09,1.9229704059269e-09,-20.069394759992,1,101
1.05,135,-7.5487952599632,nan,nan,nan,0.89178761032268,1.1213432306356,nan,nan,17,2,2,17,6.3101864049252e-10,6.3101864049252e-10,-21.183685712631,1,101
1.05,135,-7.5487952599632,nan,nan,nan,0.89178761032268,1.1213432306356,nan,nan,17,2,2,18,2.0707274676572e-10,2.0707274676572e-10,-22.297950950751,1,101
1.05,135,-7.5487952599632,nan,nan,nan,0.89178761032268,1.1213432306356,nan,nan,17,2,2,19,6.795324743656e-11,6.795324743656e-11,-23.412201184913,1,101
1.05,135,-7.5487952599632,nan,nan,nan,0.89178761032268,1.1213432306356,nan,nan,17,2,2,20,2.2299816530997e-11,2.2299816530997e-11,-24.526442664806,1,101
1.05,135,-7.5487952599632,nan,nan,nan,0.89178761032268,1.1213432306356,nan,nan,17,2,2,21,7.3180366803291e-12,7.3180366803291e-12,-25.640679037001,1,101
1.05,135,-7.5487952599632,nan,nan,nan,0.89178761032268,1.1213432306356,nan,nan,17,2,2,22,2.4015363701942e-12,2.4015363701942e-12,-26.754912429138,1,101
1.05,135,-7.5487952599632,nan,nan,nan,0.89178761032268,1.1213432306356,nan,nan,17,2,2,23,7.8810577439813e-13,7.8810577439813e-13,-27.869144082591,1,101
1.05,135,-7.5487952599632,nan,nan,nan,0.89178761032268,1.1213432306356,nan,nan,17,2,2,24,2.5863082875789e-13,2.5863082875789e-13,-28.983374721611,1,101
1.05,135,-7.5487952599632,nan,nan,nan,0.89178761032268,1.1213432306356,nan,nan,17,2,2,25,8.4874324418216e-14,8.4874324418216e-14,-30.09760476879,1,101
1.05,135,-7.5487952599632,nan,nan,nan,0.89178761032268,1.1213432306356,nan,nan,17,2,2,26,2.7853034642532e-14,2.7853034642532e-14,-31.211834470648,1,101
1.05,135,-7.5487952599632,nan,nan,nan,0.89178761032268,1.1213432306356,nan,nan,17,2,2,27,9.1404756434341e-15,9.1404756434341e-15,-32.326063971036,1,101
1.05,135,-7.5487952599632,nan,nan,nan,0.89178761032268,1.1213432306356,nan,nan,17,2,2,28,2.9996122821739e-15,2.9996122821739e-15,-33.44029335387,1,101
1.05,135,-7.5487952599632,nan,nan,nan,0.89178761032268,1.1213432306356,nan,nan,17,2,2,29,9.8437705120679e-16,9.8437705120679e-16,-34.554522668115,1,101
1.05,135,-7.5487952599632,nan,nan,nan,0.89178761032268,1.1213432306356,nan,nan,17,2,2,30,3.2304115550513e-16,3.2304115550513e-16,-35.668751942362,1,101
1.05,135,-7.5487952599632,nan,nan,nan,0.89178761032268,1.1213432306356,nan,nan,17,2,2,31,1.0601180762772e-16,1.0601180762772e-16,-36.78298119327,1,101
1.05,135,-7.5487952599632,nan,nan,nan,0.89178761032268,1.1213432306356,nan,nan,17,2,2,32,3.4789695733866e-17,3.4789695733866e-17,-37.89721043056,1,101
1.05,135,-7.5487952599632,nan,nan,nan,0.89178761032268,1.1213432306356,nan,nan,17,2,2,33,1.1416869176892e-17,1.1416869176892e-17,-39.011439659888,1,101
1.05,135,-7.5487952599632,nan,nan,nan,0.89178761032268,1.1213432306356,nan,nan,17,2,2,34,3.746652554962e-18,3.746652554962e-18,-40.125668884572,1,101
1.05,135,-7.5487952599632,nan,nan,nan,0.89178761032268,1.1213432306356,nan,nan,17,2,2,35,1.2295319485649e-18,1.2295319485649e-18,-41.23989810655,1,101
1.05,135,-7.5487952599632,nan,nan,nan,0.89178761032268,1.1213432306356,nan,nan,17,2,2,36,4.0349319633341e-19,4.0349319633341e-19,-42.354127326934,1,101
1.05,135,-7.5487952599632,nan,nan,nan,0.89178761032268,1.1213432306356,nan,nan,17,2,2,37,1.3241360651602e-19,1.3241360651602e-19,-43.468356546404,1,101
1.05,135,-7.5487952599632,nan,nan,nan,0.89178761032268,1.1213432306356,nan,nan,17,2,2,38,4.3453925267455e-20,4.3453925267455e-20,-44.582585765372,1,101
1.05,135,-7.5487952599632,nan,nan,nan,0.89178761032268,1.1213432306356,nan,nan,17,2,2,39,1.4260193279273e-20,1.4260193279273e-20,-45.696814984034,1,101
1.05,135,-7.5487952599632,nan,nan,nan,0.89178761032268,1.1213432306356,nan,nan,17,2,2,40,4.6797409244154e-21,4.6797409244154e-21,-46.811044202509,1,101
1.05,135,-7.5487952599632,nan,nan,nan,0.89178761032268,1.1213432306356,nan,nan,17,2,2,41,1.535741815931e-21,1.535741815931e-21,-47.925273420865,1,101
1.05,135,-7.5487952599632,nan,nan,nan,0.89178761032268,1.1213432306356,nan,nan,17,2,2,42,5.0398151595445e-22,5.0398151595445e-22,-49.039502639152,1,101
1.05,135,-7.5487952599632,nan,nan,nan,0.89178761032268,1.1213432306356,nan,nan,17,2,2,43,1.6539067035808e-22,1.6539067035808e-22,-50.1537318574,1,101
1.05,135,-7.5487952599632,nan,nan,nan,0.89178761032268,1.1213432306356,nan,nan,17,2,2,44,5.427594658947e-23,5.427594658947e-23,-51.267961075628,1,101
1.05,135,-7.5487952599632,nan,nan,nan,0.89178761032268,1.1213432306356,nan,nan,17,2,2,45,1.7811635757958e-23,1.7811635757958e-23,-52.382190293857,1,101
1.05,135,-7.5487952599632,nan,nan,nan,0.89178761032268,1.1213432306356,nan,nan,17,2,2,46,5.845211153539e-24,5.845211153539e-24,-53.496419512087,1,101
1.05,135,-7.5487952599632,nan,nan,nan,0.89178761032268,1.1213432306356,nan,nan,17,2,2,47,1.9182119988323e-24,1.9182119988323e-24,-54.610648730309,1,101
1.05,135,-7.5487952599632,nan,nan,nan,0.89178761032268,1.1213432306356,nan,nan,17,2,2,48,6.294960397258e-25,6.294960397258e-25,-55.724877948517,1,101
1.05,135,-7.5487952599632,nan,nan,nan,0.89178761032268,1.1213432306356,nan,nan,17,2,2,49,2.0658053659908e-25,2.0658053659908e-25,-56.839107166728,1,101
1.05,135,-7.5487952599632,nan,nan,nan,0.89178761032268,1.1213432306356,nan,nan,17,2,2,50,6.7793147866261e-26,6.7793147866261e-26,-57.95333638492,1,101
1.05,135,-7.5487952599632,nan,nan,nan,0.89178761032268,1.1213432306356,nan,nan,17,2,2,51,2.2247550389362e-26,2.2247550389362e-26,-59.067565603148,1,101
1.05,135,-7.5487952599632,nan,nan,nan,0.89178761032268,1.1213432306356,nan,nan,17,2,2,52,7.3009369517347e-27,7.3009369517347e-27,-60.181794821368,1,101
1.05,135,-7.5487952599632,nan,nan,nan,0.89178761032268,1.1213432306356,nan,nan,17,2,2,53,2.3959348082328e-27,2.3959348082328e-27,-61.29602403954,1,101
1.05,135,-7.5487952599632,nan,nan,nan,0.89178761032268,1.1213432306356,nan,nan,17,2,2,54,7.8626943953426e-28,7.8626943953426e-28,-62.410253257744,1,101
1.05,135,-7.5487952599632,nan,nan,nan,0.89178761032268,1.1213432306356,nan,nan,17,2,2,55,2.5802856966001e-28,2.5802856966001e-28,-63.524482475914,1,101
1.05,135,-7.5487952599632,nan,nan,nan,0.89178761032268,1.1213432306356,nan,nan,17,2,2,56,8.4676752558141e-29,8.4676752558141e-29,-64.638711693863,1,101
1.05,135,-7.5487952599632,nan,nan,nan,0.89178761032268,1.1213432306356,nan,nan,17,2,2,57,2.7788211319012e-29,2.7788211319012e-29,-65.752940912334,1,101
1.05,135,-7.5487952599632,nan,nan,nan,0.89178761032268,1.1213432306356,nan,nan,17,2,2,58,9.1192052741114e-30,9.1192052741114e-30,-66.867170130529,1,101
1.05,135,-7.5487952599632,nan,nan,nan,0.89178761032268,1.1213432306356,nan,nan,17,2,2,59,2.9926325188859e-30,2.9926325188859e-30,-67.981399348681,1,101
1.05,135,-7.5487952599632,nan,nan,nan,0.89178761032268,1.1213432306356,nan,nan,17,2,2,60,9.8208661333308e-31,9.8208661333308e-31,-69.095628563388,1,101
1.05,135,-7.5487952599632,nan,nan,nan,0.89178761032268,1.1213432306356,nan,nan,17,2,2,61,3.2228952518572e-31,3.2228952518572e-31,-70.20985778071,1,101
1.05,135,-7.5487952599632,nan,nan,nan,0.89178761032268,1.1213432306356,nan,nan,17,2,2,62,1.0576514315255e-31,1.0576514315255e-31,-71.324087063469,1,101
1.05,135,-7.5487952599632,nan,nan,nan,0.89178761032268,1.1213432306356,nan,nan,17,2,2,63,3.4708765266391e-32,3.4708765266391e-32,-72.438315812412,1,101
1.05,135,-7.5487952599632,nan,nan,nan,0.89178761032268,1.1213432306356,nan,nan,17,2,2,64,1.1390297819429e-32,1.1390297819429e-32,-73.552546144239,1,101
1.05,135,-7.5487952599632,nan,nan,nan,0.89178761032268,1.1213432306356,nan,nan,17,2,2,65,3.7379282222673e-33,3.7379282222673e-33,-74.66677656213,1,101
1.05,135,-7.5487952599632,nan,nan,nan,0.89178761032268,1.1213432306356,nan,nan,17,2,2,66,1.2266888963519e-33,1.2266888963519e-33,-75.780989483429,1,101
1.05,135,-7.5487952599632,nan,nan,nan,0.89178761032268,1.1213432306356,nan,nan,17,2,2,67,4.0256316103134e-34,4.0256316103134e-34,-76.895211341421,1,101
1.05,135,-7.5487952599632,nan,nan,nan,0.89178761032268,1.1213432306356,nan,nan,17,2,2,68,1.3212976569159e-34,1.3212976569159e-34,-78.009278834678,1,101
1.05,135,-7.5487952599632,nan,nan,nan,0.89178761032268,1.1213432306356,nan,nan,17,2,2,69,4.3332081404463e-35,4.3332081404463e-35,-79.124170077082,1,101
1.05,135,-7.5487952599632,nan,nan,nan,0.89178761032268,1.1213432306356,nan,nan,17,2,2,70,1.4238600087587e-35,1.4238600087587e-35,-80.23710675509,1,101
1.05,135,-7.5487952599632,nan,nan,nan,0.89178761032268,1.1213432306356,nan,nan,17,2,2,71,4.7111393448267e-36,4.7111393448267e-36,-81.343133569896,1,101
1.05,135,-7.5487952599632,nan,nan,nan,0.89178761032268,1.1213432306356,nan,nan,17,2,2,72,1.5331592819358e-36,1.5331592819358e-36,-82.465732851183,1,101
1.05,135,-7.5487952599632,nan,nan,nan,0.89178761032268,1.1213432306356,nan,nan,17,2,2,73,5.1182940760658e-37,5.1182940760658e-37,-83.562827245516,1,101
1.05,135,-7.5487952599632,nan,nan,nan,0.89178761032268,1.1213432306356,nan,nan,17,2,2,74,1.5530319149186e-37,1.5530319149186e-37,-84.755439346329,1,101
1.05,135,-7.5487952599632,nan,nan,nan,0.89178761032268,1.1213432306356,nan,nan,17,2,2,75,3.8158798096536e-38,3.8158798096536e-38,-86.159062277106,1,101
1.05,135,-7.5487952599632,nan,nan,nan,0.89178761032268,1.1213432306356,nan,nan,17,2,2,76,2.0211646006283e-38,2.0211646006283e-38,-86.794559653529,1,101
1.05,135,-7.5487952599632,nan,nan,nan,0.89178761032268,1.1213432306356,nan,nan,17,2,2,77,5.6679500457317e-39,5.6679500457317e-39,-88.065991118364,1,101
1.05,135,-7.5487952599632,nan,nan,nan,0.89178761032268,1.1213432306356,nan,nan,17,2,2,78,-8.8700116257545e-39,8.8700116257545e-39,-87.618142519765,1,101
1.05,135,-7.5487952599632,nan,nan,nan,0.89178761032268,1.1213432306356,nan,nan,17,2,2,79,-1.5634090935048e-38,1.5634090935048e-38,-87.051364780494,1,101
1.05,135,-7.5487952599632,nan,nan,nan,0.89178761032268,1.1213432306356,nan,nan,17,2,2,80,-3.8522642095989e-38,3.8522642095989e-38,-86.149572451952,1,101
1.05,135,-7.5487952599632,nan,nan,nan,0.89178761032268,1.1213432306356,nan,nan,17,2,2,81,9.9491553244567e-39,9.9491553244567e-39,-87.503330971215,1,101
1.05,135,-7.5487952599632,nan,nan,nan,0.89178761032268,1.1213432306356,nan,nan,17,2,2,82,-2.8411220612113e-38,2.8411220612113e-38,-86.454034467653,1,101
1.05,135,-7.5487952599632,nan,nan,nan,0.89178761032268,1.1213432306356,nan,nan,17,2,2,83,4.0425376933186e-38,4.0425376933186e-38,-86.101360897089,1,101
1.05,135,-7.5487952599632,nan,nan,nan,0.89178761032268,1.1213432306356,nan,nan,17,2,2,84,6.4016835064468e-39,6.4016835064468e-39,-87.944257623111,1,101
1.05,135,-7.5487952599632,nan,nan,nan,0.89178761032268,1.1213432306356,nan,nan,17,2,2,85,-2.4674350513388e-38,2.4674350513388e-38,-86.595054363441,1,101
1.05,135,-7.5487952599632,nan,nan,nan,0.89178761032268,1.1213432306356,nan,nan,17,2,2,86,3.5880697410239e-38,3.5880697410239e-38,-86.220619152468,1,101
1.05,135,-7.5487952599632,nan,nan,nan,0.89178761032268,1.1213432306356,nan,nan,17,2,2,87,-9.8850058603447e-38,9.8850058603447e-38,-85.207214484299,1,101
1.05,135,-7.5487952599632,nan,nan,nan,0.89178761032268,1.1213432306356,nan,nan,17,2,2,88,-2.7843506905523e-38,2.7843506905523e-38,-86.474218832801,1,101
1.05,135,-7.5487952599632,nan,nan,nan,0.89178761032268,1.1213432306356,nan,nan,17,2,2,89,7.0029100410576e-38,7.0029100410576e-38,-85.551907750955,1,101
1.05,135,-7.5487952599632,nan,nan,nan,0.89178761032268,1.1213432306356,nan,nan,17,2,2,90,2.5755715101554e-38,2.5755715101554e-38,-86.552162078593,1,101
1.05,135,-7.5487952599632,nan,nan,nan,0.89178761032268,1.1213432306356,nan,nan,17,2,2,91,-6.8859692261339e-39,6.8859692261339e-39,-87.87133273091,1,101
1.05,135,-7.5487952599632,nan,nan,nan,0.89178761032268,1.1213432306356,nan,nan,17,2,2,92,-3.3015403842706e-38,3.3015403842706e-38,-86.303844391098,1,101
1.05,135,-7.5487952599632,nan,nan,nan,0.89178761032268,1.1213432306356,nan,nan,17,2,2,93,-2.6253263269905e-38,2.6253263269905e-38,-86.533028330413,1,101
1.05,135,-7.5487952599632,nan,nan,nan,0.89178761032268,1.1213432306356,nan,nan,17,2,2,94,5.5991330468587e-40,5.5991330468587e-40,-90.380791947066,1,101
1.05,135,-7.5487952599632,nan,nan,nan,0.89178761032268,1.1213432306356,nan,nan,17,2,2,95,1.5163040006145e-39,1.5163040006145e-39,-89.384542831541,1,101
1.05,135,-7.5487952599632,nan,nan,nan,0.89178761032268,1.1213432306356,nan,nan,17,2,2,96,-1.0019695079133e-38,1.0019695079133e-38,-87.496265962798,1,101
1.05,135,-7.5487952599632,nan,nan,nan,0.89178761032268,1.1213432306356,nan,nan,17,2,2,97,-1.388242909142e-38,1.388242909142e-38,-87.170194680415,1,101
1.05,135,-7.5487952599632,nan,nan,nan,0.89178761032268,1.1213432306356,nan,nan,17,2,2,98,-7.9394423605757e-40,7.9394423605757e-40,-90.031560678635,1,101
1.05,135,-7.5487952599632,nan,nan,nan,0.89178761032268,1.1213432306356,nan,nan,17,2,2,99,-2.0571782194271e-38,2.0571782194271e-38,-86.776898286396,1,101
1.05,135,-7.5487952599632,nan,nan,nan,0.89178761032268,1.1213432306356,nan,nan,17,2,2,100,3.1348373582504e-38,3.1348373582504e-38,-86.355656240381,1,101
1.05,135,-7.5487952599632,nan,nan,nan,0.89178761032268,1.1213432306356,nan,nan,17,2,2,101,-3.7095887334508e-38,3.7095887334508e-38,-86.187312516816,1,101
1.1,135,-5.9228032000168,nan,nan,nan,0.78199723993992,1.2787768919451,nan,nan,17,2,2,1,0.043255132923187,0.043255132923187,-3.1406393723413,1,101
1.1,135,-5.9228032000168,nan,nan,nan,0.78199723993992,1.2787768919451,nan,nan,17,2,2,2,0.010736797560999,0.010736797560999,-4.5340784130435,1,101
1.1,135,-5.9228032000168,nan,nan,nan,0.78199723993992,1.2787768919451,nan,nan,17,2,2,3,0.0027476914007826,0.0027476914007826,-5.8969942104978,1,101
1.1,135,-5.9228032000168,nan,nan,nan,0.78199723993992,1.2787768919451,nan,nan,17,2,2,4,0.00072638998426019,0.00072638998426019,-7.2274235189603,1,101
1.1,135,-5.9228032000168,nan,nan,nan,0.78199723993992,1.2787768919451,nan,nan,17,2,2,5,0.00019648323869333,0.00019648323869333,-8.5349334295637,1,101
1.1,135,-5.9228032000168,nan,nan,nan,0.78199723993992,1.2787768919451,nan,nan,17,2,2,6,5.3949276844631e-05,5.3949276844631e-05,-9.8274662705273,1,101
1.1,135,-5.9228032000168,nan,nan,nan,0.78199723993992,1.2787768919451,nan,nan,17,2,2,7,1.4951853286905e-05,1.4951853286905e-05,-11.110675300131,1,101
1.1,135,-5.9228032000168,nan,nan,nan,0.78199723993992,1.2787768919451,nan,nan,17,2,2,8,4.1673285144898e-06,4.1673285144898e-06,-12.388235371461,1,101
1.1,135,-5.9228032000168,nan,nan,nan,0.78199723993992,1.2787768919451,nan,nan,17,2,2,9,1.1654280348057e-06,1.1654280348057e-06,-13.662422126575,1,101
1.1,135,-5.9228032000168,nan,nan,nan,0.78199723993992,1.2787768919451,nan,nan,17,2,2,10,3.2657367327947e-07,3.2657367327947e-07,-14.934610268111,1,101
1.1,135,-5.9228032000168,nan,nan,nan,0.78199723993992,1.2787768919451,nan,nan,17,2,2,11,9.1619701695007e-08,9.1619701695007e-08,-16.205619504387,1,101
1.1,135,-5.9228032000168,nan,nan,nan,0.78199723993992,1.2787768919451,nan,nan,17,2,2,12,2.5721589962235e-08,2.5721589962235e-08,-17.47593512136,1,101
1.1,135,-5.9228032000168,nan,nan,nan,0.78199723993992,1.2787768919451,nan,nan,17,2,2,13,7.2240994926673e-09,7.2240994926673e-09,-18.745843248409,1,101
1.1,135,-5.9228032000168,nan,nan,nan,0.78199723993992,1.2787768919451,nan,nan,17,2,2,14,2.0294273225036e-09,2.0294273225036e-09,-20.015512190833,1,101
1.1,135,-5.9228032000168,nan,nan,nan,0.78199723993992,1.2787768919451,nan,nan,17,2,2,15,5.7019608180094e-10,5.7019608180094e-10,-21.285040811096,1,101
1.1,135,-5.9228032000168,nan,nan,nan,0.78199723993992,1.2787768919451,nan,nan,17,2,2,16,1.6021777488695e-10,1.6021777488695e-10,-22.554487133099,1,101
1.1,135,-5.9228032000168,nan,nan,nan,0.78199723993992,1.2787768919451,nan,nan,17,2,2,17,4.502130939207e-11,4.502130939207e-11,-23.823885196198,1,101
1.1,135,-5.9228032000168,nan,nan,nan,0.78199723993992,1.2787768919451,nan,nan,17,2,2,18,1.2651378125109e-11,1.2651378125109e-11,-25.093254963992,1,101
1.1,135,-5.9228032000168,nan,nan,nan,0.78199723993992,1.2787768919451,nan,nan,17,2,2,19,3.5552058768955e-12,3.5552058768955e-12,-26.362608142425,1,101
1.1,135,-5.9228032000168,nan,nan,nan,0.78199723993992,1.2787768919451,nan,nan,17,2,2,20,9.9906995383368e-13,9.9906995383368e-13,-27.631951594856,1,101
1.1,135,-5.9228032000168,nan,nan,nan,0.78199723993992,1.2787768919451,nan,nan,17,2,2,21,2.8075630459541e-13,2.8075630459541e-13,-28.901289345283,1,101
1.1,135,-5.9228032000168,nan,nan,nan,0.78199723993992,1.2787768919451,nan,nan,17,2,2,22,7.8897744618381e-14,7.8897744618381e-14,-30.170623752786,1,101
1.1,135,-5.9228032000168,nan,nan,nan,0.78199723993992,1.2787768919451,nan,nan,17,2,2,23,2.2171777456915e-14,2.2171777456915e-14,-31.439956200526,1,101
1.1,135,-5.9228032000168,nan,nan,nan,0.78199723993992,1.2787768919451,nan,nan,17,2,2,24,6.2307013052437e-15,6.2307013052437e-15,-32.709287499387,1,101
1.1,135,-5.9228032000168,nan,nan,nan,0.78199723993992,1.2787768919451,nan,nan,17,2,2,25,1.750949601454e-15,1.750949601454e-15,-33.978618124743,1,101
1.1,135,-5.9228032000168,nan,nan,nan,0.78199723993992,1.2787768919451,nan,nan,17,2,2,26,4.9205146690054e-16,4.9205146690054e-16,-35.24794835535,1,101
1.1,135,-5.9228032000168,nan,nan,nan,0.78199723993992,1.2787768919451,nan,nan,17,2,2,27,1.3827622560092e-16,1.3827622560092e-16,-36.517278354548,1,101
1.1,135,-5.9228032000168,nan,nan,nan,0.78199723993992,1.2787768919451,nan,nan,17,2,2,28,3.8858368375722e-17,3.8858368375722e-17,-37.786608218068,1,101
1.1,135,-5.9228032000168,nan,nan,nan,0.78199723993992,1.2787768919451,nan,nan,17,2,2,29,1.0919974901677e-17,1.0919974901677e-17,-39.05593800196,1,101
1.1,135,-5.9228032000168,nan,nan,nan,0.78199723993992,1.2787768919451,nan,nan,17,2,2,30,3.0687304278989e-18,3.0687304278989e-18,-40.325267739227,1,101
1.1,135,-5.9228032000168,nan,nan,nan,0.78199723993992,1.2787768919451,nan,nan,17,2,2,31,8.623743901485e-19,8.623743901485e-19,-41.594597449186,1,101
1.1,135,-5.9228032000168,nan,nan,nan,0.78199723993992,1.2787768919451,nan,nan,17,2,2,32,2.423443891121e-19,2.423443891121e-19,-42.863927142854,1,101
1.1,135,-5.9228032000168,nan,nan,nan,0.78199723993992,1.2787768919451,nan,nan,17,2,2,33,6.8103603414091e-20,6.8103603414091e-20,-44.13325682755,1,101
1.1,135,-5.9228032000168,nan,nan,nan,0.78199723993992,1.2787768919451,nan,nan,17,2,2,34,1.9138470011236e-20,1.9138470011236e-20,-45.402586506762,1,101
1.1,135,-5.9228032000168,nan,nan,nan,0.78199723993992,1.2787768919451,nan,nan,17,2,2,35,5.3782915632741e-21,5.3782915632741e-21,-46.671916182427,1,101
1.1,135,-5.9228032000168,nan,nan,nan,0.78199723993992,1.2787768919451,nan,nan,17,2,2,36,1.5114071386406e-21,1.5114071386406e-21,-47.941245856084,1,101
1.1,135,-5.9228032000168,nan,nan,nan,0.78199723993992,1.2787768919451,nan,nan,17,2,2,37,4.2473553438358e-22,4.2473553438358e-22,-49.210575528663,1,101
1.1,135,-5.9228032000168,nan,nan,nan,0.78199723993992,1.2787768919451,nan,nan,17,2,2,38,1.1935915191421e-22,1.1935915191421e-22,-50.479905200703,1,101
1.1,135,-5.9228032000168,nan,nan,nan,0.78199723993992,1.2787768919451,nan,nan,17,2,2,39,3.3542301028308e-23,3.3542301028308e-23,-51.74923487232,1,101
1.1,135,-5.9228032000168,nan,nan,nan,0.78199723993992,1.2787768919451,nan,nan,17,2,2,40,9.4260552335496e-24,9.4260552335496e-24,-53.018564543671,1,101
1.1,135,-5.9228032000168,nan,nan,nan,0.78199723993992,1.2787768919451,nan,nan,17,2,2,41,2.6489094232859e-24,2.6489094232859e-24,-54.287894214947,1,101
1.1,135,-5.9228032000168,nan,nan,nan,0.78199723993992,1.2787768919451,nan,nan,17,2,2,42,7.4439635240579e-25,7.4439635240579e-25,-55.557223886129,1,101
1.1,135,-5.9228032000168,nan,nan,nan,0.78199723993992,1.2787768919451,nan,nan,17,2,2,43,2.0919021412962e-25,2.0919021412962e-25,-56.826553557326,1,101
1.1,135,-5.9228032000168,nan,nan,nan,0.78199723993992,1.2787768919451,nan,nan,17,2,2,44,5.8786620255438e-26,5.8786620255438e-26,-58.095883228504,1,101
1.1,135,-5.9228032000168,nan,nan,nan,0.78199723993992,1.2787768919451,nan,nan,17,2,2,45,1.6520212169111e-26,1.6520212169111e-26,-59.365212899662,1,101
1.1,135,-5.9228032000168,nan,nan,nan,0.78199723993992,1.2787768919451,nan,nan,17,2,2,46,4.6425089411167e-27,4.6425089411167e-27,-60.634542570669,1,101
1.1,135,-5.9228032000168,nan,nan,nan,0.78199723993992,1.2787768919451,nan,nan,17,2,2,47,1.3046375582453e-27,1.3046375582453e-27,-61.903872241785,1,101
1.1,135,-5.9228032000168,nan,nan,nan,0.78199723993992,1.2787768919451,nan,nan,17,2,2,48,3.6662916101079e-28,3.6662916101079e-28,-63.173201913087,1,101
1.1,135,-5.9228032000168,nan,nan,nan,0.78199723993992,1.2787768919451,nan,nan,17,2,2,49,1.0303010291234e-28,1.0303010291234e-28,-64.442531583007,1,101
1.1,135,-5.9228032000168,nan,nan,nan,0.78199723993992,1.2787768919451,nan,nan,17,2,2,50,2.8953512947992e-29,2.8953512947992e-29,-65.71186124781,1,101
1.1,135,-5.9228032000168,nan,nan,nan,0.78199723993992,1.2787768919451,nan,nan,17,2,2,51,8.1365141765687e-30,8.1365141765687e-30,-66.981190935362,1,101
1.1,135,-5.9228032000168,nan,nan,nan,0.78199723993992,1.2787768919451,nan,nan,17,2,2,52,2.2865226872866e-30,2.2865226872866e-30,-68.250520603477,1,101
1.1,135,-5.9228032000168,nan,nan,nan,0.78199723993992,1.2787768919451,nan,nan,17,2,2,53,6.4255838025753e-31,6.4255838025753e-31,-69.519850391948,1,101
1.1,135,-5.9228032000168,nan,nan,nan,0.78199723993992,1.2787768919451,nan,nan,17,2,2,54,1.805716830416e-31,1.805716830416e-31,-70.789180233904,1,101
1.1,135,-5.9228032000168,nan,nan,nan,0.78199723993992,1.2787768919451,nan,nan,17,2,2,55,5.0744264701808e-32,5.0744264701808e-32,-72.05850946807,1,101
1.1,135,-5.9228032000168,nan,nan,nan,0.78199723993992,1.2787768919451,nan,nan,17,2,2,56,1.4260134363537e-32,1.4260134363537e-32,-73.327840231454,1,101
1.1,135,-5.9228032000168,nan,nan,nan,0.78199723993992,1.2787768919451,nan,nan,17,2,2,57,4.0071967451247e-33,4.0071967451247e-33,-74.597216137999,1,101
1.1,135,-5.9228032000168,nan,nan,nan,0.78199723993992,1.2787768919451,nan,nan,17,2,2,58,1.1263377612977e-33,1.1263377612977e-33,-75.866336618438,1,101
1.1,135,-5.9228032000168,nan,nan,nan,0.78199723993992,1.2787768919451,nan,nan,17,2,2,59,3.1661199408322e-34,3.1661199408322e-34,-77.135386317028,1,101
1.1,135,-5.9228032000168,nan,nan,nan,0.78199723993992,1.2787768919451,nan,nan,17,2,2,60,8.89698093242e-35,8.89698093242e-35,-78.404766256678,1,101
1.1,135,-5.9228032000168,nan,nan,nan,0.78199723993992,1.2787768919451,nan,nan,17,2,2,61,2.4988658110765e-35,2.4988658110765e-35,-79.674641301429,1,101
1.1,135,-5.9228032000168,nan,nan,nan,0.78199723993992,1.2787768919451,nan,nan,17,2,2,62,7.013506500661e-36,7.013506500661e-36,-80.94522555773,1,101
1.1,135,-5.9228032000168,nan,nan,nan,0.78199723993992,1.2787768919451,nan,nan,17,2,2,63,1.9192109013047e-36,1.9192109013047e-36,-82.241149235129,1,101
1.1,135,-5.9228032000168,nan,nan,nan,0.78199723993992,1.2787768919451,nan,nan,17,2,2,64,5.8810219983496e-37,5.8810219983496e-37,-83.423917884729,1,101
1.1,135,-5.9228032000168,nan,nan,nan,0.78199723993992,1.2787768919451,nan,nan,17,2,2,65,1.5468963912925e-37,1.5468963912925e-37,-84.759397845386,1,101
1.1,135,-5.9228032000168,nan,nan,nan,0.78199723993992,1.2787768919451,nan,nan,17,2,2,66,6.1074947949159e-38,6.1074947949159e-38,-85.688716861869,1,101
1.1,135,-5.9228032000168,nan,nan,nan,0.78199723993992,1.2787768919451,nan,nan,17,2,2,67,-2.3605623287137e-37,2.3605623287137e-37,-84.336748575246,1,101
1.1,135,-5.9228032000168,nan,nan,nan,0.78199723993992,1.2787768919451,nan,nan,17,2,2,68,1.5101813898843e-37,1.5101813898843e-37,-84.783418671416,1,101
1.1,135,-5.9228032000168,nan,nan,nan,0.78199723993992,1.2787768919451,nan,nan,17,2,2,69,-4.6964689734019e-38,4.6964689734019e-38,-85.951422589667,1,101
1.1,135,-5.9228032000168,nan,nan,nan,0.78199723993992,1.2787768919451,nan,nan,17,2,2,70,-9.7387553291431e-38,9.7387553291431e-38,-85.222120213901,1,101
1.1,135,-5.9228032000168,nan,nan,nan,0.78199723993992,1.2787768919451,nan,nan,17,2,2,71,7.6018052343933e-38,7.6018052343933e-38,-85.469847783846,1,101
1.1,135,-5.9228032000168,nan,nan,nan,0.78199723993992,1.2787768919451,nan,nan,17,2,2,72,2.1075427410195e-38,2.1075427410195e-38,-86.752710842649,1,101
1.1,135,-5.9228032000168,nan,nan,nan,0.78199723993992,1.2787768919451,nan,nan,17,2,2,73,-3.0516954618107e-39,3.0516954618107e-39,-88.685121301479,1,101
1.1,135,-5.9228032000168,nan,nan,nan,0.78199723993992,1.2787768919451,nan,nan,17,2,2,74,-2.3893701752292e-38,2.3893701752292e-38,-86.627203727568,1,101
1.1,135,-5.9228032000168,nan,nan,nan,0.78199723993992,1.2787768919451,nan,nan,17,2,2,75,-1.7389440307124e-37,1.7389440307124e-37,-84.64237039068,1,101
1.1,135,-5.9228032000168,nan,nan,nan,0.78199723993992,1.2787768919451,nan,nan,17,2,2,76,1.0077763335983e-38,1.0077763335983e-38,-87.490487280018,1,101
1.1,135,-5.9228032000168,nan,nan,nan,0.78199723993992,1.2787768919451,nan,nan,17,2,2,77,1.023317972259e-37,1.023317972259e-37,-85.172598178783,1,101
1.1,135,-5.9228032000168,nan,nan,nan,0.78199723993992,1.2787768919451,nan,nan,17,2,2,78,-2.0094208491359e-37,2.0094208491359e-37,-84.497801894986,1,101
1.1,135,-5.9228032000168,nan,nan,nan,0.78199723993992,1.2787768919451,nan,nan,17,2,2,79,6.8719657124819e-38,6.8719657124819e-38,-85.570783338557,1,101
1.1,135,-5.9228032000168,nan,nan,nan,0.78199723993992,1.2787768919451,nan,nan,17,2,2,80,2.8289204484067e-38,2.8289204484067e-38,-86.45833836189,1,101
1.1,135,-5.9228032000168,nan,nan,nan,0.78199723993992,1.2787768919451,nan,nan,17,2,2,81,4.1426606622798e-38,4.1426606622798e-38,-86.076895280313,1,101
1.1,135,-5.9228032000168,nan,nan,nan,0.78199723993992,1.2787768919451,nan,nan,17,2,2,82,-1.7005310311949e-37,1.7005310311949e-37,-84.664707867204,1,101
1.1,135,-5.9228032000168,nan,nan,nan,0.78199723993992,1.2787768919451,nan,nan,17,2,2,83,-1.3668835133095e-37,1.3668835133095e-37,-84.883115100049,1,101
1.1,135,-5.9228032000168,nan,nan,nan,0.78199723993992,1.2787768919451,nan,nan,17,2,2,84,9.7517709461567e-38,9.7517709461567e-38,-85.220784629754,1,101
1.1,135,-5.9228032000168,nan,nan,nan,0.78199723993992,1.2787768919451,nan,nan,17,2,2,85,1.0810208814847e-37,1.0810208814847e-37,-85.117742585487,1,101
1.1,135,-5.9228032000168,nan,nan,nan,0.78199723993992,1.2787768919451,nan,nan,17,2,2,86,-1.8614820491476e-37,1.8614820491476e-37,-84.574275469715,1,101
1.1,135,-5.9228032000168,nan,nan,nan,0.78199723993992,1.2787768919451,nan,nan,17,2,2,87,-2.1883680505873e-37,2.1883680505873e-37,-84.412492357118,1,101
1.1,135,-5.9228032000168,nan,nan,nan,0.78199723993992,1.2787768919451,nan,nan,17,2,2,88,2.4478324090297e-38,2.4478324090297e-38,-86.603030631831,1,101
1.1,135,-5.9228032000168,nan,nan,nan,0.78199723993992,1.2787768919451,nan,nan,17,2,2,89,-5.1851495090464e-38,5.1851495090464e-38,-85.852434857591,1,101
1.1,135,-5.9228032000168,nan,nan,nan,0.78199723993992,1.2787768919451,nan,nan,17,2,2,90,-7.8590595507448e-40,7.8590595507448e-40,-90.041736770512,1,101
1.1,135,-5.9228032000168,nan,nan,nan,0.78199723993992,1.2787768919451,nan,nan,17,2,2,91,-1.2970694022079e-37,1.2970694022079e-37,-84.935541027079,1,101
1.1,135,-5.9228032000168,nan,nan,nan,0.78199723993992,1.2787768919451,nan,nan,17,2,2,92,3.6401952262428e-37,3.6401952262428e-37,-83.903611126986,1,101
1.1,135,-5.9228032000168,nan,nan,nan,0.78199723993992,1.2787768919451,nan,nan,17,2,2,93,-3.0138556081324e-37,3.0138556081324e-37,-84.092428248779,1,101
1.1,135,-5.9228032000168,nan,nan,nan,0.78199723993992,1.2787768919451,nan,nan,17,2,2,94,-1.04392567918e-37,1.04392567918e-37,-85.152660142378,1,101
1.1,135,-5.9228032000168,nan,nan,nan,0.78199723993992,1.2787768919451,nan,nan,17,2,2,95,9.7429568101709e-38,9.7429568101709e-38,-85.221688888249,1,101
1.1,135,-5.9228032000168,nan,nan,nan,0.78199723993992,1.2787768919451,nan,nan,17,2,2,96,-9.486008367472e-38,9.486008367472e-38,-85.248415624232,1,101
1.1,135,-5.9228032000168,nan,nan,nan,0.78199723993992,1.2787768919451,nan,nan,17,2,2,97,2.4597238038244e-37,2.4597238038244e-37,-84.295599372007,1,101
1.1,135,-5.9228032000168,nan,nan,nan,0.78199723993992,1.2787768919451,nan,nan,17,2,2,98,-1.9747416380346e-38,1.9747416380346e-38,-86.817795960163,1,101
1.1,135,-5.9228032000168,nan,nan,nan,0.78199723993992,1.2787768919451,nan,nan,17,2,2,99,-2.7994790258885e-38,2.7994790258885e-38,-86.468800196087,1,101
1.1,135,-5.9228032000168,nan,nan,nan,0.78199723993992,1.2787768919451,nan,nan,17,2,2,100,1.0241253607695e-37,1.0241253607695e-37,-85.171809499029,1,101
1.1,135,-5.9228032000168,nan,nan,nan,0.78199723993992,1.2787768919451,nan,nan,17,2,2,101,3.2659335446674e-37,3.2659335446674e-37,-84.01210279406,1,101
1.15,135,-4.6719881971048,nan,nan,nan,0.69708031867386,1.4345549188685,nan,nan,17,2,2,1,0.037865139399675,0.037865139399675,-3.2737243949316,1,101
1.15,135,-4.6719881971048,nan,nan,nan,0.69708031867386,1.4345549188685,nan,nan,17,2,2,2,0.0079588508430532,0.0079588508430532,-4.8334706559983,1,101
1.15,135,-4.6719881971048,nan,nan,nan,0.69708031867386,1.4345549188685,nan,nan,17,2,2,3,0.0017389007830925,0.0017389007830925,-6.3545020992385,1,101
1.15,135,-4.6719881971048,nan,nan,nan,0.69708031867386,1.4345549188685,nan,nan,17,2,2,4,0.00039341877854675,0.00039341877854675,-7.840635919171,1,101
1.15,135,-4.6719881971048,nan,nan,nan,0.69708031867386,1.4345549188685,nan,nan,17,2,2,5,9.1151644861658e-05,9.1151644861658e-05,-9.3029860113452,1,101
1.15,135,-4.6719881971048,nan,nan,nan,0.69708031867386,1.4345549188685,nan,nan,17,2,2,6,2.1447075347599e-05,2.1447075347599e-05,-10.749922269318,1,101
1.15,135,-4.6719881971048,nan,nan,nan,0.69708031867386,1.4345549188685,nan,nan,17,2,2,7,5.0949694336624e-06,5.0949694336624e-06,-12.187256890589,1,101
1.15,135,-4.6719881971048,nan,nan,nan,0.69708031867386,1.4345549188685,nan,nan,17,2,2,8,1.2174473465286e-06,1.2174473465286e-06,-13.618754230129,1,101
1.15,135,-4.6719881971048,nan,nan,nan,0.69708031867386,1.4345549188685,nan,nan,17,2,2,9,2.9193007627712e-07,2.9193007627712e-07,-15.046751528159,1,101
1.15,135,-4.6719881971048,nan,nan,nan,0.69708031867386,1.4345549188685,nan,nan,17,2,2,10,7.0147432764507e-08,7.0147432764507e-08,-16.47266662744,1,101
1.15,135,-4.6719881971048,nan,nan,nan,0.69708031867386,1.4345549188685,nan,nan,17,2,2,11,1.6876417100144e-08,1.6876417100144e-08,-17.897348627409,1,101
1.15,135,-4.6719881971048,nan,nan,nan,0.69708031867386,1.4345549188685,nan,nan,17,2,2,12,4.0631702798714e-09,4.0631702798714e-09,-19.321302310932,1,101
1.15,135,-4.6719881971048,nan,nan,nan,0.69708031867386,1.4345549188685,nan,nan,17,2,2,13,9.7867011237205e-10,9.7867011237205e-10,-20.744826494052,1,101
1.15,135,-4.6719881971048,nan,nan,nan,0.69708031867386,1.4345549188685,nan,nan,17,2,2,14,2.3578573478965e-10,2.3578573478965e-10,-22.168097626731,1,101
1.15,135,-4.6719881971048,nan,nan,nan,0.69708031867386,1.4345549188685,nan,nan,17,2,2,15,5.6815056302627e-11,5.6815056302627e-11,-23.591219749577,1,101
1.15,135,-4.6719881971048,nan,nan,nan,0.69708031867386,1.4345549188685,nan,nan,17,2,2,16,1.3691387159755e-11,1.3691387159755e-11,-25.014254155264,1,101
1.15,135,-4.6719881971048,nan,nan,nan,0.69708031867386,1.4345549188685,nan,nan,17,2,2,17,3.2995436841152e-12,3.2995436841152e-12,-26.437236934558,1,101
1.15,135,-4.6719881971048,nan,nan,nan,0.69708031867386,1.4345549188685,nan,nan,17,2,2,18,7.951947575813e-13,7.951947575813e-13,-27.860189332169,1,101
1.15,135,-4.6719881971048,nan,nan,nan,0.69708031867386,1.4345549188685,nan,nan,17,2,2,19,1.9164650274032e-13,1.9164650274032e-13,-29.28312385141,1,101
1.15,135,-4.6719881971048,nan,nan,nan,0.69708031867386,1.4345549188685,nan,nan,17,2,2,20,4.6188393517269e-14,4.6188393517269e-14,-30.706047850955,1,101
1.15,135,-4.6719881971048,nan,nan,nan,0.69708031867386,1.4345549188685,nan,nan,17,2,2,21,1.1131854068697e-14,1.1131854068697e-14,-32.128965660505,1,101
1.15,135,-4.6719881971048,nan,nan,nan,0.69708031867386,1.4345549188685,nan,nan,17,2,2,22,2.6828953544165e-15,2.6828953544165e-15,-33.551879827427,1,101
1.15,135,-4.6719881971048,nan,nan,nan,0.69708031867386,1.4345549188685,nan,nan,17,2,2,23,6.4660773171472e-16,6.4660773171472e-16,-34.97479185118,1,101
1.15,135,-4.6719881971048,nan,nan,nan,0.69708031867386,1.4345549188685,nan,nan,17,2,2,24,1.5583987846386e-16,1.5583987846386e-16,-36.397702613877,1,101
1.15,135,-4.6719881971048,nan,nan,nan,0.69708031867386,1.4345549188685,nan,nan,17,2,2,25,3.7559225730884e-17,3.7559225730884e-17,-37.820612633959,1,101
1.15,135,-4.6719881971048,nan,nan,nan,0.69708031867386,1.4345549188685,nan,nan,17,2,2,26,9.0522147932079e-18,9.0522147932079e-18,-39.243522217591,1,101
1.15,135,-4.6719881971048,nan,nan,nan,0.69708031867386,1.4345549188685,nan,nan,17,2,2,27,2.1816907052976e-18,2.1816907052976e-18,-40.666431544789,1,101
1.15,135,-4.6719881971048,nan,nan,nan,0.69708031867386,1.4345549188685,nan,nan,17,2,2,28,5.2581331330861e-19,5.2581331330861e-19,-42.0893407208,1,101
1.15,135,-4.6719881971048,nan,nan,nan,0.69708031867386,1.4345549188685,nan,nan,17,2,2,29,1.2672725072659e-19,1.2672725072659e-19,-43.512249807959,1,101
1.15,135,-4.6719881971048,nan,nan,nan,0.69708031867386,1.4345549188685,nan,nan,17,2,2,30,3.0542773475825e-20,3.0542773475825e-20,-44.935158842675,1,101
1.15,135,-4.6719881971048,nan,nan,nan,0.69708031867386,1.4345549188685,nan,nan,17,2,2,31,7.3611716096591e-21,7.3611716096591e-21,-46.358067846708,1,101
1.15,135,-4.6719881971048,nan,nan,nan,0.69708031867386,1.4345549188685,nan,nan,17,2,2,32,1.7741299260128e-21,1.7741299260128e-21,-47.780976832654,1,101
1.15,135,-4.6719881971048,nan,nan,nan,0.69708031867386,1.4345549188685,nan,nan,17,2,2,33,4.2758642180984e-22,4.2758642180984e-22,-49.203885807631,1,101
1.15,135,-4.6719881971048,nan,nan,nan,0.69708031867386,1.4345549188685,nan,nan,17,2,2,34,1.0305341596691e-22,1.0305341596691e-22,-50.626794776434,1,101
1.15,135,-4.6719881971048,nan,nan,nan,0.69708031867386,1.4345549188685,nan,nan,17,2,2,35,2.4837099681388e-23,2.4837099681388e-23,-52.049703741617,1,101
1.15,135,-4.6719881971048,nan,nan,nan,0.69708031867386,1.4345549188685,nan,nan,17,2,2,36,5.9860366223862e-24,5.9860366223862e-24,-53.472612704439,1,101
1.15,135,-4.6719881971048,nan,nan,nan,0.69708031867386,1.4345549188685,nan,nan,17,2,2,37,1.4427060708375e-24,1.4427060708375e-24,-54.895521665927,1,101
1.15,135,-4.6719881971048,nan,nan,nan,0.69708031867386,1.4345549188685,nan,nan,17,2,2,38,3.4770933414132e-25,3.4770933414132e-25,-56.318430626798,1,101
1.15,135,-4.6719881971048,nan,nan,nan,0.69708031867386,1.4345549188685,nan,nan,17,2,2,39,8.3802087967919e-26,8.3802087967919e-26,-57.741339587577,1,101
1.15,135,-4.6719881971048,nan,nan,nan,0.69708031867386,1.4345549188685,nan,nan,17,2,2,40,2.0197300620497e-26,2.0197300620497e-26,-59.16424854801,1,101
1.15,135,-4.6719881971048,nan,nan,nan,0.69708031867386,1.4345549188685,nan,nan,17,2,2,41,4.8677898421875e-27,4.8677898421875e-27,-60.58715750793,1,101
1.15,135,-4.6719881971048,nan,nan,nan,0.69708031867386,1.4345549188685,nan,nan,17,2,2,42,1.1731952896503e-27,1.1731952896503e-27,-62.010066467685,1,101
1.15,135,-4.6719881971048,nan,nan,nan,0.69708031867386,1.4345549188685,nan,nan,17,2,2,43,2.8275402831644e-28,2.8275402831644e-28,-63.432975428007,1,101
1.15,135,-4.6719881971048,nan,nan,nan,0.69708031867386,1.4345549188685,nan,nan,17,2,2,44,6.8147086214265e-29,6.8147086214265e-29,-64.85588438807,1,101
1.15,135,-4.6719881971048,nan,nan,nan,0.69708031867386,1.4345549188685,nan,nan,17,2,2,45,1.6424258942471e-29,1.6424258942471e-29,-66.278793344126,1,101
1.15,135,-4.6719881971048,nan,nan,nan,0.69708031867386,1.4345549188685,nan,nan,17,2,2,46,3.958441903599e-30,3.958441903599e-30,-67.701702300667,1,101
1.15,135,-4.6719881971048,nan,nan,nan,0.69708031867386,1.4345549188685,nan,nan,17,2,2,47,9.5403165710524e-31,9.5403165710524e-31,-69.124611214357,1,101
1.15,135,-4.6719881971048,nan,nan,nan,0.69708031867386,1.4345549188685,nan,nan,17,2,2,48,2.2993299784018e-31,2.2993299784018e-31,-70.547520116059,1,101
1.15,135,-4.6719881971048,nan,nan,nan,0.69708031867386,1.4345549188685,nan,nan,17,2,2,49,5.5416520831504e-32,5.5416520831504e-32,-71.970430309551,1,101
1.15,135,-4.6719881971048,nan,nan,nan,0.69708031867386,1.4345549188685,nan,nan,17,2,2,50,1.3356071911728e-32,1.3356071911728e-32,-73.39333696251,1,101
1.15,135,-4.6719881971048,nan,nan,nan,0.69708031867386,1.4345549188685,nan,nan,17,2,2,51,3.2188827754588e-33,3.2188827754588e-33,-74.816273733596,1,101
1.15,135,-4.6719881971048,nan,nan,nan,0.69708031867386,1.4345549188685,nan,nan,17,2,2,52,7.7581194791836e-34,7.7581194791836e-34,-76.239153192127,1,101
1.15,135,-4.6719881971048,nan,nan,nan,0.69708031867386,1.4345549188685,nan,nan,17,2,2,53,1.8692885271188e-34,1.8692885271188e-34,-77.662335270108,1,101
1.15,135,-4.6719881971048,nan,nan,nan,0.69708031867386,1.4345549188685,nan,nan,17,2,2,54,4.5074848128671e-35,4.5074848128671e-35,-79.084738948005,1,101
1.15,135,-4.6719881971048,nan,nan,nan,0.69708031867386,1.4345549188685,nan,nan,17,2,2,55,1.0882982787705e-35,1.0882982787705e-35,-80.505862990649,1,101
1.15,135,-4.6719881971048,nan,nan,nan,0.69708031867386,1.4345549188685,nan,nan,17,2,2,56,2.6027275569982e-36,2.6027275569982e-36,-81.936503392254,1,101
1.15,135,-4.6719881971048,nan,nan,nan,0.69708031867386,1.4345549188685,nan,nan,17,2,2,57,6.4087360249276e-37,6.4087360249276e-37,-83.33798637729,1,101
1.15,135,-4.6719881971048,nan,nan,nan,0.69708031867386,1.4345549188685,nan,nan,17,2,2,58,1.2535837625769e-37,1.2535837625769e-37,-84.969641981439,1,101
1.15,135,-4.6719881971048,nan,nan,nan,0.69708031867386,1.4345549188685,nan,nan,17,2,2,59,-4.356332671033e-39,4.356332671033e-39,-88.329188053853,1,101
1.15,135,-4.6719881971048,nan,nan,nan,0.69708031867386,1.4345549188685,nan,nan,17,2,2,60,3.5134237865492e-38,3.5134237865492e-38,-86.241642533963,1,101
1.15,135,-4.6719881971048,nan,nan,nan,0.69708031867386,1.4345549188685,nan,nan,17,2,2,61,9.4995129543984e-38,9.4995129543984e-38,-85.24699300444,1,101
1.15,135,-4.6719881971048,nan,nan,nan,0.69708031867386,1.4345549188685,nan,nan,17,2,2,62,-2.6762616607146e-38,2.6762616607146e-38,-86.513812615752,1,101
1.15,135,-4.6719881971048,nan,nan,nan,0.69708031867386,1.4345549188685,nan,nan,17,2,2,63,-2.8774601956304e-38,2.8774601956304e-38,-86.441325505225,1,101
1.15,135,-4.6719881971048,nan,nan,nan,0.69708031867386,1.4345549188685,nan,nan,17,2,2,64,1.8362172974531e-38,1.8362172974531e-38,-86.890525894846,1,101
1.15,135,-4.6719881971048,nan,nan,nan,0.69708031867386,1.4345549188685,nan,nan,17,2,2,65,3.2695690841849e-38,3.2695690841849e-38,-86.313575336085,1,101
1.15,135,-4.6719881971048,nan,nan,nan,0.69708031867386,1.4345549188685,nan,nan,17,2,2,66,3.435417627209e-38,3.435417627209e-38,-86.264095035516,1,101
1.15,135,-4.6719881971048,nan,nan,nan,0.69708031867386,1.4345549188685,nan,nan,17,2,2,67,1.5720031267877e-38,1.5720031267877e-38,-87.045882850718,1,101
1.15,135,-4.6719881971048,nan,nan,nan,0.69708031867386,1.4345549188685,nan,nan,17,2,2,68,-1.3062486912065e-38,1.3062486912065e-38,-87.23107409899,1,101
1.15,135,-4.6719881971048,nan,nan,nan,0.69708031867386,1.4345549188685,nan,nan,17,2,2,69,-2.7698821673159e-39,2.7698821673159e-39,-88.782013846348,1,101
1.15,135,-4.6719881971048,nan,nan,nan,0.69708031867386,1.4345549188685,nan,nan,17,2,2,70,1.8421934500839e-38,1.8421934500839e-38,-86.887276579694,1,101
1.15,135,-4.6719881971048,nan,nan,nan,0.69708031867386,1.4345549188685,nan,nan,17,2,2,71,1.3722161983581e-38,1.3722161983581e-38,-87.181806437906,1,101
1.15,135,-4.6719881971048,nan,nan,nan,0.69708031867386,1.4345549188685,nan,nan,17,2,2,72,-2.0898260809415e-38,2.0898260809415e-38,-86.76115268612,1,101
1.15,135,-4.6719881971048,nan,nan,nan,0.69708031867386,1.4345549188685,nan,nan,17,2,2,73,4.3999790840756e-38,4.3999790840756e-38,-86.01663374648,1,101
1.15,135,-4.6719881971048,nan,nan,nan,0.69708031867386,1.4345549188685,nan,nan,17,2,2,74,-1.8340779470255e-38,1.8340779470255e-38,-86.891691659738,1,101
1.15,135,-4.6719881971048,nan,nan,nan,0.69708031867386,1.4345549188685,nan,nan,17,2,2,75,-1.3057901216274e-38,1.3057901216274e-38,-87.231425219029,1,101
1.15,135,-4.6719881971048,nan,nan,nan,0.69708031867386,1.4345549188685,nan,nan,17,2,2,76,1.6831080380015e-38,1.6831080380015e-38,-86.977591426923,1,101
1.15,135,-4.6719881971048,nan,nan,nan,0.69708031867386,1.4345549188685,nan,nan,17,2,2,77,3.0719879562635e-38,3.0719879562635e-38,-86.375908638983,1,101
1.15,135,-4.6719881971048,nan,nan,nan,0.69708031867386,1.4345549188685,nan,nan,17,2,2,78,-1.3113713543695e-38,1.3113713543695e-38,-87.227160108714,1,101
1.15,135,-4.6719881971048,nan,nan,nan,0.69708031867386,1.4345549188685,nan,nan,17,2,2,79,-2.5558765552041e-38,2.5558765552041e-38,-86.559838294511,1,101
1.15,135,-4.6719881971048,nan,nan,nan,0.69708031867386,1.4345549188685,nan,nan,17,2,2,80,-4.2820619837936e-38,4.2820619837936e-38,-86.04379886828,1,101
1.15,135,-4.6719881971048,nan,nan,nan,0.69708031867386,1.4345549188685,nan,nan,17,2,2,81,-3.4670622640618e-38,3.4670622640618e-38,-86.254925908172,1,101
1.15,135,-4.6719881971048,nan,nan,nan,0.69708031867386,1.4345549188685,nan,nan,17,2,2,82,2.6355536016467e-38,2.6355536016467e-38,-86.529140278346,1,101
1.15,135,-4.6719881971048,nan,nan,nan,0.69708031867386,1.4345549188685,nan,nan,17,2,2,83,5.3485601869227e-39,5.3485601869227e-39,-88.12399122602,1,101
1.15,135,-4.6719881971048,nan,nan,nan,0.69708031867386,1.4345549188685,nan,nan,17,2,2,84,7.6566897275174e-39,7.6566897275174e-39,-87.765238886874,1,101
1.15,135,-4.6719881971048,nan,nan,nan,0.69708031867386,1.4345549188685,nan,nan,17,2,2,85,8.8965388139935e-39,8.8965388139935e-39,-87.615156322974,1,101
1.15,135,-4.6719881971048,nan,nan,nan,0.69708031867386,1.4345549188685,nan,nan,17,2,2,86,-3.7717270616575e-40,3.7717270616575e-40,-90.77587071666,1,101
1.15,135,-4.6719881971048,nan,nan,nan,0.69708031867386,1.4345549188685,nan,nan,17,2,2,87,-4.4690278192032e-39,4.4690278192032e-39,-88.303647731908,1,101
1.15,135,-4.6719881971048,nan,nan,nan,0.69708031867386,1.4345549188685,nan,nan,17,2,2,88,-3.0544968431757e-38,3.0544968431757e-38,-86.381618654166,1,101
1.15,135,-4.6719881971048,nan,nan,nan,0.69708031867386,1.4345549188685,nan,nan,17,2,2,89,-7.3240711747105e-38,7.3240711747105e-38,-85.507067188998,1,101
1.15,135,-4.6719881971048,nan,nan,nan,0.69708031867386,1.4345549188685,nan,nan,17,2,2,90,6.6954538735506e-38,6.6954538735506e-38,-85.596804764016,1,101
1.15,135,-4.6719881971048,nan,nan,nan,0.69708031867386,1.4345549188685,nan,nan,17,2,2,91,-1.4587227866899e-39,1.4587227866899e-39,-89.423257377549,1,101
1.15,135,-4.6719881971048,nan,nan,nan,0.69708031867386,1.4345549188685,nan,nan,17,2,2,92,-7.6222395546263e-39,7.6222395546263e-39,-87.769748395444,1,101
1.15,135,-4.6719881971048,nan,nan,nan,0.69708031867386,1.4345549188685,nan,nan,17,2,2,93,-5.6190166447133e-39,5.6190166447133e-39,-88.074661952422,1,101
1.15,135,-4.6719881971048,nan,nan,nan,0.69708031867386,1.4345549188685,nan,nan,17,2,2,94,-9.1348079826511e-41,9.1348079826511e-41,-92.193896643108,1,101
1.15,135,-4.6719881971048,nan,nan,nan,0.69708031867386,1.4345549188685,nan,nan,17,2,2,95,-2.3532134915147e-38,2.3532134915147e-38,-86.642451696519,1,101
1.15,135,-4.6719881971048,nan,nan,nan,0.69708031867386,1.4345549188685,nan,nan,17,2,2,96,2.9384080555713e-38,2.9384080555713e-38,-86.420365576772,1,101
1.15,135,-4.6719881971048,nan,nan,nan,0.69708031867386,1.4345549188685,nan,nan,17,2,2,97,-9.0796232504536e-39,9.0796232504536e-39,-87.594785927256,1,101
1.15,135,-4.6719881971048,nan,nan,nan,0.69708031867386,1.4345549188685,nan,nan,17,2,2,98,-3.9704516843392e-38,3.9704516843392e-38,-86.119353671154,1,101
1.15,135,-4.6719881971048,nan,nan,nan,0.69708031867386,1.4345549188685,nan,nan,17,2,2,99,7.6327486853483e-38,7.6327486853483e-38,-85.465785506254,1,101
1.15,135,-4.6719881971048,nan,nan,nan,0.69708031867386,1.4345549188685,nan,nan,17,2,2,100,-1.9012445621428e-38,1.9012445621428e-38,-86.855724829335,1,101
1.15,135,-4.6719881971048,nan,nan,nan,0.69708031867386,1.4345549188685,nan,nan,17,2,2,101,6.8997330951104e-38,6.8997330951104e-38,-85.566750804787,1,101
1.2,135,-3.7065664458005,nan,nan,nan,0.60855365833051,1.6432404707637,nan,nan,17,2,2,1,0.033122207457645,0.033122207457645,-3.4075513013949,1,101
1.2,135,-3.7065664458005,nan,nan,nan,0.60855365833051,1.6432404707637,nan,nan,17,2,2,2,0.0059183474399448,0.0059183474399448,-5.1296980177134,1,101
1.2,135,-3.7065664458005,nan,nan,nan,0.60855365833051,1.6432404707637,nan,nan,17,2,2,3,0.0011077569676637,0.0011077569676637,-6.8054180579801,1,101
1.2,135,-3.7065664458005,nan,nan,nan,0.60855365833051,1.6432404707637,nan,nan,17,2,2,4,0.00021242932186744,0.00021242932186744,-8.4569012279012,1,101
1.2,135,-3.7065664458005,nan,nan,nan,0.60855365833051,1.6432404707637,nan,nan,17,2,2,5,4.1066111531098e-05,4.1066111531098e-05,-10.100327313536,1,101
1.2,135,-3.7065664458005,nan,nan,nan,0.60855365833051,1.6432404707637,nan,nan,17,2,2,6,7.9589744841638e-06,7.9589744841638e-06,-11.741210400056,1,101
1.2,135,-3.7065664458005,nan,nan,nan,0.60855365833051,1.6432404707637,nan,nan,17,2,2,7,1.5437452321395e-06,1.5437452321395e-06,-13.381299125068,1,101
1.2,135,-3.7065664458005,nan,nan,nan,0.60855365833051,1.6432404707637,nan,nan,17,2,2,8,2.9950331201008e-07,2.9950331201008e-07,-15.021140360988,1,101
1.2,135,-3.7065664458005,nan,nan,nan,0.60855365833051,1.6432404707637,nan,nan,17,2,2,9,5.8111366989489e-08,5.8111366989489e-08,-16.660904546967,1,101
1.2,135,-3.7065664458005,nan,nan,nan,0.60855365833051,1.6432404707637,nan,nan,17,2,2,10,1.1275374347309e-08,1.1275374347309e-08,-18.300644750574,1,101
1.2,135,-3.7065664458005,nan,nan,nan,0.60855365833051,1.6432404707637,nan,nan,17,2,2,11,2.1877822225493e-09,2.1877822225493e-09,-19.940377489996,1,101
1.2,135,-3.7065664458005,nan,nan,nan,0.60855365833051,1.6432404707637,nan,nan,17,2,2,12,4.245005110275e-10,4.245005110275e-10,-21.580107906344,1,101
1.2,135,-3.7065664458005,nan,nan,nan,0.60855365833051,1.6432404707637,nan,nan,17,2,2,13,8.2366888390979e-11,8.2366888390979e-11,-23.219837599688,1,101
1.2,135,-3.7065664458005,nan,nan,nan,0.60855365833051,1.6432404707637,nan,nan,17,2,2,14,1.5981855506822e-11,1.5981855506822e-11,-24.859567068012,1,101
1.2,135,-3.7065664458005,nan,nan,nan,0.60855365833051,1.6432404707637,nan,nan,17,2,2,15,3.1010000294774e-12,3.1010000294774e-12,-26.499296466304,1,101
1.2,135,-3.7065664458005,nan,nan,nan,0.60855365833051,1.6432404707637,nan,nan,17,2,2,16,6.0169492761999e-13,6.0169492761999e-13,-28.139025842801,1,101
1.2,135,-3.7065664458005,nan,nan,nan,0.60855365833051,1.6432404707637,nan,nan,17,2,2,17,1.1674839888387e-13,1.1674839888387e-13,-29.778755212513,1,101
1.2,135,-3.7065664458005,nan,nan,nan,0.60855365833051,1.6432404707637,nan,nan,17,2,2,18,2.2652989156207e-14,2.2652989156207e-14,-31.418484580113,1,101
1.2,135,-3.7065664458005,nan,nan,nan,0.60855365833051,1.6432404707637,nan,nan,17,2,2,19,4.39541717876e-15,4.39541717876e-15,-33.058213947059,1,101
1.2,135,-3.7065664458005,nan,nan,nan,0.60855365833051,1.6432404707637,nan,nan,17,2,2,20,8.5285398964727e-16,8.5285398964727e-16,-34.697943313799,1,101
1.2,135,-3.7065664458005,nan,nan,nan,0.60855365833051,1.6432404707637,nan,nan,17,2,2,21,1.6548143170997e-16,1.6548143170997e-16,-36.337672680476,1,101
1.2,135,-3.7065664458005,nan,nan,nan,0.60855365833051,1.6432404707637,nan,nan,17,2,2,22,3.2108783653164e-17,3.2108783653164e-17,-37.977402047133,1,101
1.2,135,-3.7065664458005,nan,nan,nan,0.60855365833051,1.6432404707637,nan,nan,17,2,2,23,6.230149068922e-18,6.230149068922e-18,-39.617131413784,1,101
1.2,135,-3.7065664458005,nan,nan,nan,0.60855365833051,1.6432404707637,nan,nan,17,2,2,24,1.2088516911869e-18,1.2088516911869e-18,-41.256860780433,1,101
1.2,135,-3.7065664458005,nan,nan,nan,0.60855365833051,1.6432404707637,nan,nan,17,2,2,25,2.3455657242203e-19,2.3455657242203e-19,-42.896590147082,1,101
1.2,135,-3.7065664458005,nan,nan,nan,0.60855365833051,1.6432404707637,nan,nan,17,2,2,26,4.5511609130798e-20,4.5511609130798e-20,-44.53631951373,1,101
1.2,135,-3.7065664458005,nan,nan,nan,0.60855365833051,1.6432404707637,nan,nan,17,2,2,27,8.8307334315452e-21,8.8307334315452e-21,-46.176048880378,1,101
1.2,135,-3.7065664458005,nan,nan,nan,0.60855365833051,1.6432404707637,nan,nan,17,2,2,28,1.7134496984041e-21,1.7134496984041e-21,-47.815778247026,1,101
1.2,135,-3.7065664458005,nan,nan,nan,0.60855365833051,1.6432404707637,nan,nan,17,2,2,29,3.3246500890517e-22,3.3246500890517e-22,-49.455507613674,1,101
1.2,135,-3.7065664458005,nan,nan,nan,0.60855365833051,1.6432404707637,nan,nan,17,2,2,30,6.4509032421127e-23,6.4509032421127e-23,-51.095236980323,1,101
1.2,135,-3.7065664458005,nan,nan,nan,0.60855365833051,1.6432404707637,nan,nan,17,2,2,31,1.251685185642e-23,1.251685185642e-23,-52.734966346972,1,101
1.2,135,-3.7065664458005,nan,nan,nan,0.60855365833051,1.6432404707637,nan,nan,17,2,2,32,2.4286766444251e-24,2.4286766444251e-24,-54.37469571362,1,101
1.2,135,-3.7065664458005,nan,nan,nan,0.60855365833051,1.6432404707637,nan,nan,17,2,2,33,4.7124231482847e-25,4.7124231482847e-25,-56.014425080266,1,101
1.2,135,-3.7065664458005,nan,nan,nan,0.60855365833051,1.6432404707637,nan,nan,17,2,2,34,9.1436346536394e-26,9.1436346536394e-26,-57.654154446915,1,101
1.2,135,-3.7065664458005,nan,nan,nan,0.60855365833051,1.6432404707637,nan,nan,17,2,2,35,1.774162719444e-26,1.774162719444e-26,-59.293883813562,1,101
1.2,135,-3.7065664458005,nan,nan,nan,0.60855365833051,1.6432404707637,nan,nan,17,2,2,36,3.4424531100874e-27,3.4424531100874e-27,-60.933613180201,1,101
1.2,135,-3.7065664458005,nan,nan,nan,0.60855365833051,1.6432404707637,nan,nan,17,2,2,37,6.679479443874e-28,6.679479443874e-28,-62.573342546885,1,101
1.2,135,-3.7065664458005,nan,nan,nan,0.60855365833051,1.6432404707637,nan,nan,17,2,2,38,1.2960364083377e-28,1.2960364083377e-28,-64.213071913445,1,101
1.2,135,-3.7065664458005,nan,nan,nan,0.60855365833051,1.6432404707637,nan,nan,17,2,2,39,2.5147324491209e-29,2.5147324491209e-29,-65.852801280994,1,101
1.2,135,-3.7065664458005,nan,nan,nan,0.60855365833051,1.6432404707637,nan,nan,17,2,2,40,4.8793994349833e-30,4.8793994349833e-30,-67.492530644131,1,101
1.2,135,-3.7065664458005,nan,nan,nan,0.60855365833051,1.6432404707637,nan,nan,17,2,2,41,9.4676229646913e-31,9.4676229646913e-31,-69.132260014021,1,101
1.2,135,-3.7065664458005,nan,nan,nan,0.60855365833051,1.6432404707637,nan,nan,17,2,2,42,1.8370270161682e-31,1.8370270161682e-31,-70.771989370012,1,101
1.2,135,-3.7065664458005,nan,nan,nan,0.60855365833051,1.6432404707637,nan,nan,17,2,2,43,3.5644324864812e-32,3.5644324864812e-32,-72.411718124943,1,101
1.2,135,-3.7065664458005,nan,nan,nan,0.60855365833051,1.6432404707637,nan,nan,17,2,2,44,6.9161500909686e-33,6.9161500909686e-33,-74.051448799227,1,101
1.2,135,-3.7065664458005,nan,nan,nan,0.60855365833051,1.6432404707637,nan,nan,17,2,2,45,1.3419620563231e-33,1.3419620563231e-33,-75.691175304631,1,101
1.2,135,-3.7065664458005,nan,nan,nan,0.60855365833051,1.6432404707637,nan,nan,17,2,2,46,2.603571433066e-34,2.603571433066e-34,-77.331009031232,1,101
1.2,135,-3.7065664458005,nan,nan,nan,0.60855365833051,1.6432404707637,nan,nan,17,2,2,47,5.0495609420273e-35,5.0495609420273e-35,-78.971176957457,1,101
1.2,135,-3.7065664458005,nan,nan,nan,0.60855365833051,1.6432404707637,nan,nan,17,2,2,48,9.8118750794495e-36,9.8118750794495e-36,-80.609469952876,1,101
1.2,135,-3.7065664458005,nan,nan,nan,0.60855365833051,1.6432404707637,nan,nan,17,2,2,49,1.9529023592722e-36,1.9529023592722e-36,-82.223746692393,1,101
1.2,135,-3.7065664458005,nan,nan,nan,0.60855365833051,1.6432404707637,nan,nan,17,2,2,50,3.6931285292933e-37,3.6931285292933e-37,-83.889174502024,1,101
1.2,135,-3.7065664458005,nan,nan,nan,0.60855365833051,1.6432404707637,nan,nan,17,2,2,51,1.023383534814e-37,1.023383534814e-37,-85.17253411223,1,101
1.2,135,-3.7065664458005,nan,nan,nan,0.60855365833051,1.6432404707637,nan,nan,17,2,2,52,-1.5082005164005e-39,1.5082005164005e-39,-89.389901397586,1,101
1.2,135,-3.7065664458005,nan,nan,nan,0.60855365833051,1.6432404707637,nan,nan,17,2,2,53,-3.573533527514e-39,3.573533527514e-39,-88.527263736872,1,101
1.2,135,-3.7065664458005,nan,nan,nan,0.60855365833051,1.6432404707637,nan,nan,17,2,2,54,-2.0377821486744e-38,2.0377821486744e-38,-86.786371499351,1,101
1.2,135,-3.7065664458005,nan,nan,nan,0.60855365833051,1.6432404707637,nan,nan,17,2,2,55,3.0346415126294e-38,3.0346415126294e-38,-86.388140233989,1,101
1.2,135,-3.7065664458005,nan,nan,nan,0.60855365833051,1.6432404707637,nan,nan,17,2,2,56,4.8157227654497e-38,4.8157227654497e-38,-85.926347392738,1,101
1.2,135,-3.7065664458005,nan,nan,nan,0.60855365833051,1.6432404707637,nan,nan,17,2,2,57,-7.4991700888335e-39,7.4991700888335e-39,-87.78602626717,1,101
1.2,135,-3.7065664458005,nan,nan,nan,0.60855365833051,1.6432404707637,nan,nan,17,2,2,58,-3.2524024633478e-40,3.2524024633478e-40,-90.924009777017,1,101
1.2,135,-3.7065664458005,nan,nan,nan,0.60855365833051,1.6432404707637,nan,nan,17,2,2,59,5.9548202183508e-39,5.9548202183508e-39,-88.01661761445,1,101
1.2,135,-3.7065664458005,nan,nan,nan,0.60855365833051,1.6432404707637,nan,nan,17,2,2,60,-3.8780826854225e-38,3.8780826854225e-38,-86.142892655514,1,101
1.2,135,-3.7065664458005,nan,nan,nan,0.60855365833051,1.6432404707637,nan,nan,17,2,2,61,-6.8566638027537e-39,6.8566638027537e-39,-87.875597629454,1,101
1.2,135,-3.7065664458005,nan,nan,nan,0.60855365833051,1.6432404707637,nan,nan,17,2,2,62,1.7725776409974e-38,1.7725776409974e-38,-86.925798752207,1,101
1.2,135,-3.7065664458005,nan,nan,nan,0.60855365833051,1.6432404707637,nan,nan,17,2,2,63,2.0315231650721e-38,2.0315231650721e-38,-86.789447694453,1,101
1.2,135,-3.7065664458005,nan,nan,nan,0.60855365833051,1.6432404707637,nan,nan,17,2,2,64,-4.2137876435267e-38,4.2137876435267e-38,-86.05987161275,1,101
1.2,135,-3.7065664458005,nan,nan,nan,0.60855365833051,1.6432404707637,nan,nan,17,2,2,65,-3.4456760428437e-39,3.4456760428437e-39,-88.563698502703,1,101
1.2,135,-3.7065664458005,nan,nan,nan,0.60855365833051,1.6432404707637,nan,nan,17,2,2,66,3.2265514093019e-39,3.2265514093019e-39,-88.629404735043,1,101
1.2,135,-3.7065664458005,nan,nan,nan,0.60855365833051,1.6432404707637,nan,nan,17,2,2,67,9.0086597299339e-39,9.0086597299339e-39,-87.602632319827,1,101
1.2,135,-3.7065664458005,nan,nan,nan,0.60855365833051,1.6432404707637,nan,nan,17,2,2,68,-4.2955573415382e-39,4.2955573415382e-39,-88.343237314549,1,101
1.2,135,-3.7065664458005,nan,nan,nan,0.60855365833051,1.6432404707637,nan,nan,17,2,2,69,9.6856810125606e-39,9.6856810125606e-39,-87.530170016164,1,101
1.2,135,-3.7065664458005,nan,nan,nan,0.60855365833051,1.6432404707637,nan,nan,17,2,2,70,8.89304323663e-39,8.89304323663e-39,-87.61554931449,1,101
1.2,135,-3.7065664458005,nan,nan,nan,0.60855365833051,1.6432404707637,nan,nan,17,2,2,71,-1.687748991165e-38,1.687748991165e-38,-86.974837850574,1,101
1.2,135,-3.7065664458005,nan,nan,nan,0.60855365833051,1.6432404707637,nan,nan,17,2,2,72,-1.4110487691359e-38,1.4110487691359e-38,-87.153900297974,1,101
1.2,135,-3.7065664458005,nan,nan,nan,0.60855365833051,1.6432404707637,nan,nan,17,2,2,73,1.3899799536278e-38,1.3899799536278e-38,-87.168944208586,1,101
1.2,135,-3.7065664458005,nan,nan,nan,0.60855365833051,1.6432404707637,nan,nan,17,2,2,74,-2.9894022258585e-38,2.9894022258585e-38,-86.403160090821,1,101
1.2,135,-3.7065664458005,nan,nan,nan,0.60855365833051,1.6432404707637,nan,nan,17,2,2,75,-1.5767946473192e-38,1.5767946473192e-38,-87.042839451571,1,101
1.2,135,-3.7065664458005,nan,nan,nan,0.60855365833051,1.6432404707637,nan,nan,17,2,2,76,-2.8385005294029e-38,2.8385005294029e-38,-86.454957603637,1,101
1.2,135,-3.7065664458005,nan,nan,nan,0.60855365833051,1.6432404707637,nan,nan,17,2,2,77,9.7647385429271e-39,9.7647385429271e-39,-87.522040837715,1,101
1.2,135,-3.7065664458005,nan,nan,nan,0.60855365833051,1.6432404707637,nan,nan,17,2,2,78,3.3238617849671e-39,3.3238617849671e-39,-88.599691331576,1,101
1.2,135,-3.7065664458005,nan,nan,nan,0.60855365833051,1.6432404707637,nan,nan,17,2,2,79,-3.0500222297103e-41,3.0500222297103e-41,-93.290839933734,1,101
1.2,135,-3.7065664458005,nan,nan,nan,0.60855365833051,1.6432404707637,nan,nan,17,2,2,80,-7.5782540082904e-39,7.5782540082904e-39,-87.77553579556,1,101
1.2,135,-3.7065664458005,nan,nan,nan,0.60855365833051,1.6432404707637,nan,nan,17,2,2,81,-2.2256390892851e-38,2.2256390892851e-38,-86.698189428259,1,101
1.2,135,-3.7065664458005,nan,nan,nan,0.60855365833051,1.6432404707637,nan,nan,17,2,2,82,-7.7054973915262e-39,7.7054973915262e-39,-87.758884605696,1,101
1.2,135,-3.7065664458005,nan,nan,nan,0.60855365833051,1.6432404707637,nan,nan,17,2,2,83,6.7588932581921e-39,6.7588932581921e-39,-87.889959469319,1,101
1.2,135,-3.7065664458005,nan,nan,nan,0.60855365833051,1.6432404707637,nan,nan,17,2,2,84,-1.1815588691591e-38,1.1815588691591e-38,-87.33139889159,1,101
1.2,135,-3.7065664458005,nan,nan,nan,0.60855365833051,1.6432404707637,nan,nan,17,2,2,85,7.0583525484953e-39,7.0583525484953e-39,-87.846606952564,1,101
1.2,135,-3.7065664458005,nan,nan,nan,0.60855365833051,1.6432404707637,nan,nan,17,2,2,86,-2.6055036428029e-38,2.6055036428029e-38,-86.540607540287,1,101
1.2,135,-3.7065664458005,nan,nan,nan,0.60855365833051,1.6432404707637,nan,nan,17,2,2,87,6.7052353416284e-39,6.7052353416284e-39,-87.897930011228,1,101
1.2,135,-3.7065664458005,nan,nan,nan,0.60855365833051,1.6432404707637,nan,nan,17,2,2,88,-6.5850258019432e-41,6.5850258019432e-41,-92.521190559278,1,101
1.2,135,-3.7065664458005,nan,nan,nan,0.60855365833051,1.6432404707637,nan,nan,17,2,2,89,-1.5660489714759e-38,1.5660489714759e-38,-87.049677664998,1,101
1.2,135,-3.7065664458005,nan,nan,nan,0.60855365833051,1.6432404707637,nan,nan,17,2,2,90,1.8282579747067e-38,1.8282579747067e-38,-86.89486994668,1,101
1.2,135,-3.7065664458005,nan,nan,nan,0.60855365833051,1.6432404707637,nan,nan,17,2,2,91,1.300220658793e-38,1.300220658793e-38,-87.235699546177,1,101
1.2,135,-3.7065664458005,nan,nan,nan,0.60855365833051,1.6432404707637,nan,nan,17,2,2,92,3.2515255078118e-38,3.2515255078118e-38,-86.319109260541,1,101
1.2,135,-3.7065664458005,nan,nan,nan,0.60855365833051,1.6432404707637,nan,nan,17,2,2,93,-3.2917956611406e-39,3.2917956611406e-39,-88.609385417222,1,101
1.2,135,-3.7065664458005,nan,nan,nan,0.60855365833051,1.6432404707637,nan,nan,17,2,2,94,3.704988750848e-39,3.704988750848e-39,-88.491138404233,1,101
1.2,135,-3.7065664458005,nan,nan,nan,0.60855365833051,1.6432404707637,nan,nan,17,2,2,95,2.1659683624104e-38,2.1659683624104e-38,-86.72536599176,1,101
1.2,135,-3.7065664458005,nan,nan,nan,0.60855365833051,1.6432404707637,nan,nan,17,2,2,96,-3.7670367620576e-38,3.7670367620576e-38,-86.171944846137,1,101
1.2,135,-3.7065664458005,nan,nan,nan,0.60855365833051,1.6432404707637,nan,nan,17,2,2,97,2.2983155729768e-38,2.2983155729768e-38,-86.66605703872,1,101
1.2,135,-3.7065664458005,nan,nan,nan,0.60855365833051,1.6432404707637,nan,nan,17,2,2,98,9.2157177018703e-39,9.2157177018703e-39,-87.579908154591,1,101
1.2,135,-3.7065664458005,nan,nan,nan,0.60855365833051,1.6432404707637,nan,nan,17,2,2,99,-1.3372065179958e-38,1.3372065179958e-38,-87.207650783861,1,101
1.2,135,-3.7065664458005,nan,nan,nan,0.60855365833051,1.6432404707637,nan,nan,17,2,2,100,1.2304869092893e-38,1.2304869092893e-38,-87.290823581511,1,101
1.2,135,-3.7065664458005,nan,nan,nan,0.60855365833051,1.6432404707637,nan,nan,17,2,2,101,1.7444994445228e-38,1.7444994445228e-38,-86.941765870545,1,101
1.25,135,-2.9582701843164,nan,nan,nan,0.55756345599465,1.7935178305689,nan,nan,17,2,2,1,0.028981037899878,0.028981037899878,-3.5411135283804,1,101
1.25,135,-2.9582701843164,nan,nan,nan,0.55756345599465,1.7935178305689,nan,nan,17,2,2,2,0.004421645931306,0.004421645931306,-5.4212432695613,1,101
1.25,135,-2.9582701843164,nan,nan,nan,0.55756345599465,1.7935178305689,nan,nan,17,2,2,3,0.00071128806702566,0.00071128806702566,-7.2484330526545,1,101
1.25,135,-2.9582701843164,nan,nan,nan,0.55756345599465,1.7935178305689,nan,nan,17,2,2,4,0.00011742079186293,0.00011742079186293,-9.0497465635005,1,101
1.25,135,-2.9582701843164,nan,nan,nan,0.55756345599465,1.7935178305689,nan,nan,17,2,2,5,1.9551108822565e-05,1.9551108822565e-05,-10.842478555874,1,101
1.25,135,-2.9582701843164,nan,nan,nan,0.55756345599465,1.7935178305689,nan,nan,17,2,2,6,3.2642154127225e-06,3.2642154127225e-06,-12.632491126495,1,101
1.25,135,-2.9582701843164,nan,nan,nan,0.55756345599465,1.7935178305689,nan,nan,17,2,2,7,5.4545243569152e-07,5.4545243569152e-07,-14.421650229441,1,101
1.25,135,-2.9582701843164,nan,nan,nan,0.55756345599465,1.7935178305689,nan,nan,17,2,2,8,9.1169795923107e-08,9.1169795923107e-08,-16.210542179774,1,101
1.25,135,-2.9582701843164,nan,nan,nan,0.55756345599465,1.7935178305689,nan,nan,17,2,2,9,1.523987374294e-08,1.523987374294e-08,-17.999350571306,1,101
1.25,135,-2.9582701843164,nan,nan,nan,0.55756345599465,1.7935178305689,nan,nan,17,2,2,10,2.547552267109e-09,2.547552267109e-09,-19.788132834022,1,101
1.25,135,-2.9582701843164,nan,nan,nan,0.55756345599465,1.7935178305689,nan,nan,17,2,2,11,4.258615055426e-10,4.258615055426e-10,-21.576906926877,1,101
1.25,135,-2.9582701843164,nan,nan,nan,0.55756345599465,1.7935178305689,nan,nan,17,2,2,12,7.1189308857782e-11,7.1189308857782e-11,-23.365678465277,1,101
1.25,135,-2.9582701843164,nan,nan,nan,0.55756345599465,1.7935178305689,nan,nan,17,2,2,13,1.1900398785493e-11,1.1900398785493e-11,-25.154449204987,1,101
1.25,135,-2.9582701843164,nan,nan,nan,0.55756345599465,1.7935178305689,nan,nan,17,2,2,14,1.9893370070875e-12,1.9893370070875e-12,-26.943219694971,1,101
1.25,135,-2.9582701843164,nan,nan,nan,0.55756345599465,1.7935178305689,nan,nan,17,2,2,15,3.3254869085404e-13,3.3254869085404e-13,-28.731990106877,1,101
1.25,135,-2.9582701843164,nan,nan,nan,0.55756345599465,1.7935178305689,nan,nan,17,2,2,16,5.5590698858191e-14,5.5590698858191e-14,-30.520760494371,1,101
1.25,135,-2.9582701843164,nan,nan,nan,0.55756345599465,1.7935178305689,nan,nan,17,2,2,17,9.2928521690484e-15,9.2928521690484e-15,-32.309530874237,1,101
1.25,135,-2.9582701843164,nan,nan,nan,0.55756345599465,1.7935178305689,nan,nan,17,2,2,18,1.5534451520827e-15,1.5534451520827e-15,-34.098301251713,1,101
1.25,135,-2.9582701843164,nan,nan,nan,0.55756345599465,1.7935178305689,nan,nan,17,2,2,19,2.5968258167231e-16,2.5968258167231e-16,-35.887071628431,1,101
1.25,135,-2.9582701843164,nan,nan,nan,0.55756345599465,1.7935178305689,nan,nan,17,2,2,20,4.340999303936e-17,4.340999303936e-17,-37.675842004928,1,101
1.25,135,-2.9582701843164,nan,nan,nan,0.55756345599465,1.7935178305689,nan,nan,17,2,2,21,7.256657276285e-18,7.256657276285e-18,-39.46461238135,1,101
1.25,135,-2.9582701843164,nan,nan,nan,0.55756345599465,1.7935178305689,nan,nan,17,2,2,22,1.2130634247954e-18,1.2130634247954e-18,-41.25338275775,1,101
1.25,135,-2.9582701843164,nan,nan,nan,0.55756345599465,1.7935178305689,nan,nan,17,2,2,23,2.0278246809221e-19,2.0278246809221e-19,-43.042153134144,1,101
1.25,135,-2.9582701843164,nan,nan,nan,0.55756345599465,1.7935178305689,nan,nan,17,2,2,24,3.3898251752646e-20,3.3898251752646e-20,-44.830923510537,1,101
1.25,135,-2.9582701843164,nan,nan,nan,0.55756345599465,1.7935178305689,nan,nan,17,2,2,25,5.666621393355e-21,5.666621393355e-21,-46.619693886927,1,101
1.25,135,-2.9582701843164,nan,nan,nan,0.55756345599465,1.7935178305689,nan,nan,17,2,2,26,9.4726413179706e-22,9.4726413179706e-22,-48.408464263308,1,101
1.25,135,-2.9582701843164,nan,nan,nan,0.55756345599465,1.7935178305689,nan,nan,17,2,2,27,1.5834997136656e-22,1.5834997136656e-22,-50.197234639696,1,101
1.25,135,-2.9582701843164,nan,nan,nan,0.55756345599465,1.7935178305689,nan,nan,17,2,2,28,2.6470667040005e-23,2.6470667040005e-23,-51.986005016087,1,101
1.25,135,-2.9582701843164,nan,nan,nan,0.55756345599465,1.7935178305689,nan,nan,17,2,2,29,4.4249847820812e-24,4.4249847820812e-24,-53.774775392481,1,101
1.25,135,-2.9582701843164,nan,nan,nan,0.55756345599465,1.7935178305689,nan,nan,17,2,2,30,7.3970521000363e-25,7.3970521000363e-25,-55.563545768869,1,101
1.25,135,-2.9582701843164,nan,nan,nan,0.55756345599465,1.7935178305689,nan,nan,17,2,2,31,1.2365326089346e-25,1.2365326089346e-25,-57.352316145255,1,101
1.25,135,-2.9582701843164,nan,nan,nan,0.55756345599465,1.7935178305689,nan,nan,17,2,2,32,2.0670570820315e-26,2.0670570820315e-26,-59.141086521643,1,101
1.25,135,-2.9582701843164,nan,nan,nan,0.55756345599465,1.7935178305689,nan,nan,17,2,2,33,3.4554082517279e-27,3.4554082517279e-27,-60.929856898016,1,101
1.25,135,-2.9582701843164,nan,nan,nan,0.55756345599465,1.7935178305689,nan,nan,17,2,2,34,5.7762537325176e-28,5.7762537325176e-28,-62.718627274448,1,101
1.25,135,-2.9582701843164,nan,nan,nan,0.55756345599465,1.7935178305689,nan,nan,17,2,2,35,9.6559088727069e-29,9.6559088727069e-29,-64.507397650452,1,101
1.25,135,-2.9582701843164,nan,nan,nan,0.55756345599465,1.7935178305689,nan,nan,17,2,2,36,1.6141357421982e-29,1.6141357421982e-29,-66.296168027543,1,101
1.25,135,-2.9582701843164,nan,nan,nan,0.55756345599465,1.7935178305689,nan,nan,17,2,2,37,2.6982796679788e-30,2.6982796679788e-30,-68.084938379892,1,101
1.25,135,-2.9582701843164,nan,nan,nan,0.55756345599465,1.7935178305689,nan,nan,17,2,2,38,4.5105950162684e-31,4.5105950162684e-31,-69.873708805349,1,101
1.25,135,-2.9582701843164,nan,nan,nan,0.55756345599465,1.7935178305689,nan,nan,17,2,2,39,7.5401654625275e-32,7.5401654625275e-32,-71.662478849398,1,101
1.25,135,-2.9582701843164,nan,nan,nan,0.55756345599465,1.7935178305689,nan,nan,17,2,2,40,1.2604499122117e-32,1.2604499122117e-32,-73.451254245398,1,101
1.25,135,-2.9582701843164,nan,nan,nan,0.55756345599465,1.7935178305689,nan,nan,17,2,2,41,2.1070246903786e-33,2.1070246903786e-33,-75.240031215788,1,101
1.25,135,-2.9582701843164,nan,nan,nan,0.55756345599465,1.7935178305689,nan,nan,17,2,2,42,3.5225181524584e-34,3.5225181524584e-34,-77.028717043732,1,101
1.25,135,-2.9582701843164,nan,nan,nan,0.55756345599465,1.7935178305689,nan,nan,17,2,2,43,5.879782843047e-35,5.879782843047e-35,-78.818958425018,1,101
1.25,135,-2.9582701843164,nan,nan,nan,0.55756345599465,1.7935178305689,nan,nan,17,2,2,44,9.8124383893704e-36,9.8124383893704e-36,-80.609412543487,1,101
1.25,135,-2.9582701843164,nan,nan,nan,0.55756345599465,1.7935178305689,nan,nan,17,2,2,45,1.651808099209e-36,1.651808099209e-36,-82.391192842141,1,101
1.25,135,-2.9582701843164,nan,nan,nan,0.55756345599465,1.7935178305689,nan,nan,17,2,2,46,2.9081513545072e-37,2.9081513545072e-37,-84.128130834833,1,101
1.25,135,-2.9582701843164,nan,nan,nan,0.55756345599465,1.7935178305689,nan,nan,17,2,2,47,5.0334560191521e-39,5.0334560191521e-39,-88.184711797246,1,101
1.25,135,-2.9582701843164,nan,nan,nan,0.55756345599465,1.7935178305689,nan,nan,17,2,2,48,8.8068844367233e-39,8.8068844367233e-39,-87.625284888783,1,101
1.25,135,-2.9582701843164,nan,nan,nan,0.55756345599465,1.7935178305689,nan,nan,17,2,2,49,-1.6734900412082e-38,1.6734900412082e-38,-86.983322242999,1,101
1.25,135,-2.9582701843164,nan,nan,nan,0.55756345599465,1.7935178305689,nan,nan,17,2,2,50,1.2404733240806e-38,1.2404733240806e-38,-87.282740514022,1,101
1.25,135,-2.9582701843164,nan,nan,nan,0.55756345599465,1.7935178305689,nan,nan,17,2,2,51,-5.9040344099451e-39,5.9040344099451e-39,-88.025182711244,1,101
1.25,135,-2.9582701843164,nan,nan,nan,0.55756345599465,1.7935178305689,nan,nan,17,2,2,52,-1.3598990415443e-38,1.3598990415443e-38,-87.19082307094,1,101
1.25,135,-2.9582701843164,nan,nan,nan,0.55756345599465,1.7935178305689,nan,nan,17,2,2,53,1.5224410945857e-38,1.5224410945857e-38,-87.077918503848,1,101
1.25,135,-2.9582701843164,nan,nan,nan,0.55756345599465,1.7935178305689,nan,nan,17,2,2,54,-5.7183498692056e-39,5.7183498692056e-39,-88.0571383474,1,101
1.25,135,-2.9582701843164,nan,nan,nan,0.55756345599465,1.7935178305689,nan,nan,17,2,2,55,-9.8518250205594e-39,9.8518250205594e-39,-87.513161907471,1,101
1.25,135,-2.9582701843164,nan,nan,nan,0.55756345599465,1.7935178305689,nan,nan,17,2,2,56,-1.2670835133075e-38,1.2670835133075e-38,-87.261515720394,1,101
1.25,135,-2.9582701843164,nan,nan,nan,0.55756345599465,1.7935178305689,nan,nan,17,2,2,57,1.5637194235635e-38,1.5637194235635e-38,-87.051166304443,1,101
1.25,135,-2.9582701843164,nan,nan,nan,0.55756345599465,1.7935178305689,nan,nan,17,2,2,58,-1.3971303767003e-38,1.3971303767003e-38,-87.163813131654,1,101
1.25,135,-2.9582701843164,nan,nan,nan,0.55756345599465,1.7935178305689,nan,nan,17,2,2,59,-6.8868127155306e-39,6.8868127155306e-39,-87.871210244487,1,101
1.25,135,-2.9582701843164,nan,nan,nan,0.55756345599465,1.7935178305689,nan,nan,17,2,2,60,2.7641965006134e-39,2.7641965006134e-39,-88.784068630548,1,101
1.25,135,-2.9582701843164,nan,nan,nan,0.55756345599465,1.7935178305689,nan,nan,17,2,2,61,2.8315550156432e-38,2.8315550156432e-38,-86.457407497533,1,101
1.25,135,-2.9582701843164,nan,nan,nan,0.55756345599465,1.7935178305689,nan,nan,17,2,2,62,-2.1790634151381e-38,2.1790634151381e-38,-86.719338375372,1,101
1.25,135,-2.9582701843164,nan,nan,nan,0.55756345599465,1.7935178305689,nan,nan,17,2,2,63,1.1414157378418e-38,1.1414157378418e-38,-87.365964166557,1,101
1.25,135,-2.9582701843164,nan,nan,nan,0.55756345599465,1.7935178305689,nan,nan,17,2,2,64,-8.4260649797658e-39,8.4260649797658e-39,-87.669488751424,1,101
1.25,135,-2.9582701843164,nan,nan,nan,0.55756345599465,1.7935178305689,nan,nan,17,2,2,65,1.9831459344034e-38,1.9831459344034e-38,-86.813549094204,1,101
1.25,135,-2.9582701843164,nan,nan,nan,0.55756345599465,1.7935178305689,nan,nan,17,2,2,66,1.3083827757681e-38,1.3083827757681e-38,-87.229441681526,1,101
1.25,135,-2.9582701843164,nan,nan,nan,0.55756345599465,1.7935178305689,nan,nan,17,2,2,67,1.6565774652504e-38,1.6565774652504e-38,-86.993479827696,1,101
1.25,135,-2.9582701843164,nan,nan,nan,0.55756345599465,1.7935178305689,nan,nan,17,2,2,68,-3.9979101225993e-38,3.9979101225993e-38,-86.112461778539,1,101
1.25,135,-2.9582701843164,nan,nan,nan,0.55756345599465,1.7935178305689,nan,nan,17,2,2,69,-2.7059431947188e-38,2.7059431947188e-38,-86.502782996589,1,101
1.25,135,-2.9582701843164,nan,nan,nan,0.55756345599465,1.7935178305689,nan,nan,17,2,2,70,-9.9020390046751e-40,9.9020390046751e-40,-89.81066302376,1,101
1.25,135,-2.9582701843164,nan,nan,nan,0.55756345599465,1.7935178305689,nan,nan,17,2,2,71,1.0705774906689e-38,1.0705774906689e-38,-87.430035319986,1,101
1.25,135,-2.9582701843164,nan,nan,nan,0.55756345599465,1.7935178305689,nan,nan,17,2,2,72,-6.7932945531016e-38,6.7932945531016e-38,-85.582297503235,1,101
1.25,135,-2.9582701843164,nan,nan,nan,0.55756345599465,1.7935178305689,nan,nan,17,2,2,73,2.5712292201731e-38,2.5712292201731e-38,-86.553849453426,1,101
1.25,135,-2.9582701843164,nan,nan,nan,0.55756345599465,1.7935178305689,nan,nan,17,2,2,74,3.0703192333021e-38,3.0703192333021e-38,-86.376451992792,1,101
1.25,135,-2.9582701843164,nan,nan,nan,0.55756345599465,1.7935178305689,nan,nan,17,2,2,75,5.3931389067868e-38,5.3931389067868e-38,-85.813105960883,1,101
1.25,135,-2.9582701843164,nan,nan,nan,0.55756345599465,1.7935178305689,nan,nan,17,2,2,76,-3.4482612309047e-38,3.4482612309047e-38,-86.260363420819,1,101
1.25,135,-2.9582701843164,nan,nan,nan,0.55756345599465,1.7935178305689,nan,nan,17,2,2,77,-2.8259328042439e-38,2.8259328042439e-38,-86.459395027486,1,101
1.25,135,-2.9582701843164,nan,nan,nan,0.55756345599465,1.7935178305689,nan,nan,17,2,2,78,1.6343572653582e-38,1.6343572653582e-38,-87.006983916585,1,101
1.25,135,-2.9582701843164,nan,nan,nan,0.55756345599465,1.7935178305689,nan,nan,17,2,2,79,2.5033083014936e-38,2.5033083014936e-38,-86.580620356119,1,101
1.25,135,-2.9582701843164,nan,nan,nan,0.55756345599465,1.7935178305689,nan,nan,17,2,2,80,1.5481877255429e-38,1.5481877255429e-38,-87.061148496228,1,101
1.25,135,-2.9582701843164,nan,nan,nan,0.55756345599465,1.7935178305689,nan,nan,17,2,2,81,-1.8811126130228e-39,1.8811126130228e-39,-89.168955209542,1,101
1.25,135,-2.9582701843164,nan,nan,nan,0.55756345599465,1.7935178305689,nan,nan,17,2,2,82,-1.1031623521482e-38,1.1031623521482e-38,-87.400052612903,1,101
1.25,135,-2.9582701843164,nan,nan,nan,0.55756345599465,1.7935178305689,nan,nan,17,2,2,83,-2.9988492699543e-38,2.9988492699543e-38,-86.400004895372,1,101
1.25,135,-2.9582701843164,nan,nan,nan,0.55756345599465,1.7935178305689,nan,nan,17,2,2,84,4.3972738144527e-38,4.3972738144527e-38,-86.017248772498,1,101
1.25,135,-2.9582701843164,nan,nan,nan,0.55756345599465,1.7935178305689,nan,nan,17,2,2,85,-6.279296057371e-38,6.279296057371e-38,-85.660975652352,1,101
1.25,135,-2.9582701843164,nan,nan,nan,0.55756345599465,1.7935178305689,nan,nan,17,2,2,86,6.0740267697499e-39,6.0740267697499e-39,-87.996796852885,1,101
1.25,135,-2.9582701843164,nan,nan,nan,0.55756345599465,1.7935178305689,nan,nan,17,2,2,87,-1.1994607191462e-38,1.1994607191462e-38,-87.316361478702,1,101
1.25,135,-2.9582701843164,nan,nan,nan,0.55756345599465,1.7935178305689,nan,nan,17,2,2,88,4.845917255751e-39,4.845917255751e-39,-88.222682079271,1,101
1.25,135,-2.9582701843164,nan,nan,nan,0.55756345599465,1.7935178305689,nan,nan,17,2,2,89,5.296242393003e-39,5.296242393003e-39,-88.133821040109,1,101
1.25,135,-2.9582701843164,nan,nan,nan,0.55756345599465,1.7935178305689,nan,nan,17,2,2,90,1.3061170785386e-38,1.3061170785386e-38,-87.231174860277,1,101
1.25,135,-2.9582701843164,nan,nan,nan,0.55756345599465,1.7935178305689,nan,nan,17,2,2,91,5.0799759474253e-38,5.0799759474253e-38,-85.872927006953,1,101
1.25,135,-2.9582701843164,nan,nan,nan,0.55756345599465,1.7935178305689,nan,nan,17,2,2,92,-2.0254206549172e-38,2.0254206549172e-38,-86.792456123965,1,101
1.25,135,-2.9582701843164,nan,nan,nan,0.55756345599465,1.7935178305689,nan,nan,17,2,2,93,-4.8419550784038e-38,4.8419550784038e-38,-85.920914952789,1,101
1.25,135,-2.9582701843164,nan,nan,nan,0.55756345599465,1.7935178305689,nan,nan,17,2,2,94,5.6232490623546e-38,5.6232490623546e-38,-85.771323911944,1,101
1.25,135,-2.9582701843164,nan,nan,nan,0.55756345599465,1.7935178305689,nan,nan,17,2,2,95,5.3421413702175e-39,5.3421413702175e-39,-88.125192048518,1,101
1.25,135,-2.9582701843164,nan,nan,nan,0.55756345599465,1.7935178305689,nan,nan,17,2,2,96,-5.0109660693871e-39,5.0109660693871e-39,-88.189189902039,1,101
1.25,135,-2.9582701843164,nan,nan,nan,0.55756345599465,1.7935178305689,nan,nan,17,2,2,97,3.3029421059101e-38,3.3029421059101e-38,-86.303419915248,1,101
1.25,135,-2.9582701843164,nan,nan,nan,0.55756345599465,1.7935178305689,nan,nan,17,2,2,98,-3.0192288016241e-38,3.0192288016241e-38,-86.393232098698,1,101
1.25,135,-2.9582701843164,nan,nan,nan,0.55756345599465,1.7935178305689,nan,nan,17,2,2,99,-1.1204488355313e-40,1.1204488355313e-40,-91.989674368722,1,101
1.25,135,-2.9582701843164,nan,nan,nan,0.55756345599465,1.7935178305689,nan,nan,17,2,2,100,2.6607052666163e-38,2.6607052666163e-38,-86.519642308297,1,101
1.25,135,-2.9582701843164,nan,nan,nan,0.55756345599465,1.7935178305689,nan,nan,17,2,2,101,-2.6096759478774e-38,2.6096759478774e-38,-86.539007478049,1,101
1.3,135,-2.3754298026013,nan,nan,nan,0.51549211556705,1.9398938796571,nan,nan,17,2,2,1,0.025384081276321,0.025384081276321,-3.6736330228343,1,101
1.3,135,-2.3754298026013,nan,nan,nan,0.51549211556705,1.9398938796571,nan,nan,17,2,2,2,0.0033223303099913,0.0033223303099913,-5.707088841671,1,101
1.3,135,-2.3754298026013,nan,nan,nan,0.51549211556705,1.9398938796571,nan,nan,17,2,2,3,0.00046113406789732,0.00046113406789732,-7.6818217375136,1,101
1.3,135,-2.3754298026013,nan,nan,nan,0.51549211556705,1.9398938796571,nan,nan,17,2,2,4,6.5777184555832e-05,6.5777184555832e-05,-9.629237519034,1,101
1.3,135,-2.3754298026013,nan,nan,nan,0.51549211556705,1.9398938796571,nan,nan,17,2,2,5,9.4678879939962e-06,9.4678879939962e-06,-11.567604696336,1,101
1.3,135,-2.3754298026013,nan,nan,nan,0.51549211556705,1.9398938796571,nan,nan,17,2,2,6,1.3667217267515e-06,1.3667217267515e-06,-13.503095585867,1,101
1.3,135,-2.3754298026013,nan,nan,nan,0.51549211556705,1.9398938796571,nan,nan,17,2,2,7,1.974696885976e-07,1.974696885976e-07,-15.437680739839,1,101
1.3,135,-2.3754298026013,nan,nan,nan,0.51549211556705,1.9398938796571,nan,nan,17,2,2,8,2.8539365904957e-08,2.8539365904957e-08,-17.371981442911,1,101
1.3,135,-2.3754298026013,nan,nan,nan,0.51549211556705,1.9398938796571,nan,nan,17,2,2,9,4.1250285919378e-09,4.1250285919378e-09,-19.306192885805,1,101
1.3,135,-2.3754298026013,nan,nan,nan,0.51549211556705,1.9398938796571,nan,nan,17,2,2,10,5.9624090579043e-10,5.9624090579043e-10,-21.240376326185,1,101
1.3,135,-2.3754298026013,nan,nan,nan,0.51549211556705,1.9398938796571,nan,nan,17,2,2,11,8.6182757922106e-11,8.6182757922106e-11,-23.174550982372,1,101
1.3,135,-2.3754298026013,nan,nan,nan,0.51549211556705,1.9398938796571,nan,nan,17,2,2,12,1.2457193320829e-11,1.2457193320829e-11,-25.108722883093,1,101
1.3,135,-2.3754298026013,nan,nan,nan,0.51549211556705,1.9398938796571,nan,nan,17,2,2,13,1.8006130611725e-12,1.8006130611725e-12,-27.042893919474,1,101
1.3,135,-2.3754298026013,nan,nan,nan,0.51549211556705,1.9398938796571,nan,nan,17,2,2,14,2.6026795856594e-13,2.6026795856594e-13,-28.97706468474,1,101
1.3,135,-2.3754298026013,nan,nan,nan,0.51549211556705,1.9398938796571,nan,nan,17,2,2,15,3.7620195853456e-14,3.7620195853456e-14,-30.911235364952,1,101
1.3,135,-2.3754298026013,nan,nan,nan,0.51549211556705,1.9398938796571,nan,nan,17,2,2,16,5.4377772108743e-15,5.4377772108743e-15,-32.845406018485,1,101
1.3,135,-2.3754298026013,nan,nan,nan,0.51549211556705,1.9398938796571,nan,nan,17,2,2,17,7.8599859921132e-16,7.8599859921132e-16,-34.779576663639,1,101
1.3,135,-2.3754298026013,nan,nan,nan,0.51549211556705,1.9398938796571,nan,nan,17,2,2,18,1.1361145843705e-16,1.1361145843705e-16,-36.713747306169,1,101
1.3,135,-2.3754298026013,nan,nan,nan,0.51549211556705,1.9398938796571,nan,nan,17,2,2,19,1.6421865779054e-17,1.6421865779054e-17,-38.64791794788,1,101
1.3,135,-2.3754298026013,nan,nan,nan,0.51549211556705,1.9398938796571,nan,nan,17,2,2,20,2.3736837766591e-18,2.3736837766591e-18,-40.582088589333,1,101
1.3,135,-2.3754298026013,nan,nan,nan,0.51549211556705,1.9398938796571,nan,nan,17,2,2,21,3.4310198048501e-19,3.4310198048501e-19,-42.516259230701,1,101
1.3,135,-2.3754298026013,nan,nan,nan,0.51549211556705,1.9398938796571,nan,nan,17,2,2,22,4.9593366300036e-20,4.9593366300036e-20,-44.450429872039,1,101
1.3,135,-2.3754298026013,nan,nan,nan,0.51549211556705,1.9398938796571,nan,nan,17,2,2,23,7.1684283999467e-21,7.1684283999467e-21,-46.384600513371,1,101
1.3,135,-2.3754298026013,nan,nan,nan,0.51549211556705,1.9398938796571,nan,nan,17,2,2,24,1.0361540173318e-21,1.0361540173318e-21,-48.318771154709,1,101
1.3,135,-2.3754298026013,nan,nan,nan,0.51549211556705,1.9398938796571,nan,nan,17,2,2,25,1.4976994785165e-22,1.4976994785165e-22,-50.252941796042,1,101
1.3,135,-2.3754298026013,nan,nan,nan,0.51549211556705,1.9398938796571,nan,nan,17,2,2,26,2.164836202377e-23,2.164836202377e-23,-52.187112437371,1,101
1.3,135,-2.3754298026013,nan,nan,nan,0.51549211556705,1.9398938796571,nan,nan,17,2,2,27,3.129142962531e-24,3.129142962531e-24,-54.121283078687,1,101
1.3,135,-2.3754298026013,nan,nan,nan,0.51549211556705,1.9398938796571,nan,nan,17,2,2,28,4.5229914712051e-25,4.5229914712051e-25,-56.055453720007,1,101
1.3,135,-2.3754298026013,nan,nan,nan,0.51549211556705,1.9398938796571,nan,nan,17,2,2,29,6.5377172258923e-26,6.5377172258923e-26,-57.989624361336,1,101
1.3,135,-2.3754298026013,nan,nan,nan,0.51549211556705,1.9398938796571,nan,nan,17,2,2,30,9.4498843956862e-27,9.4498843956862e-27,-59.923795002669,1,101
1.3,135,-2.3754298026013,nan,nan,nan,0.51549211556705,1.9398938796571,nan,nan,17,2,2,31,1.3659250164336e-27,1.3659250164336e-27,-61.857965643999,1,101
1.3,135,-2.3754298026013,nan,nan,nan,0.51549211556705,1.9398938796571,nan,nan,17,2,2,32,1.9743639946604e-28,1.9743639946604e-28,-63.792136285362,1,101
1.3,135,-2.3754298026013,nan,nan,nan,0.51549211556705,1.9398938796571,nan,nan,17,2,2,33,2.8538266279923e-29,2.8538266279923e-29,-65.726306926642,1,101
1.3,135,-2.3754298026013,nan,nan,nan,0.51549211556705,1.9398938796571,nan,nan,17,2,2,34,4.125037967963e-30,4.125037967963e-30,-67.660477565722,1,101
1.3,135,-2.3754298026013,nan,nan,nan,0.51549211556705,1.9398938796571,nan,nan,17,2,2,35,5.9624990543627e-31,5.9624990543627e-31,-69.594648185198,1,101
1.3,135,-2.3754298026013,nan,nan,nan,0.51549211556705,1.9398938796571,nan,nan,17,2,2,36,8.6184396364097e-32,8.6184396364097e-32,-71.528818924177,1,101
1.3,135,-2.3754298026013,nan,nan,nan,0.51549211556705,1.9398938796571,nan,nan,17,2,2,37,1.2457450027717e-32,1.2457450027717e-32,-73.46298922906,1,101
1.3,135,-2.3754298026013,nan,nan,nan,0.51549211556705,1.9398938796571,nan,nan,17,2,2,38,1.8006445478578e-33,1.8006445478578e-33,-75.397163385854,1,101
1.3,135,-2.3754298026013,nan,nan,nan,0.51549211556705,1.9398938796571,nan,nan,17,2,2,39,2.6027851891691e-34,2.6027851891691e-34,-77.33131106352,1,101
1.3,135,-2.3754298026013,nan,nan,nan,0.51549211556705,1.9398938796571,nan,nan,17,2,2,40,3.7613214769801e-35,3.7613214769801e-35,-79.265707902493,1,101
1.3,135,-2.3754298026013,nan,nan,nan,0.51549211556705,1.9398938796571,nan,nan,17,2,2,41,5.441321967048e-36,5.441321967048e-36,-81.199041307791,1,101
1.3,135,-2.3754298026013,nan,nan,nan,0.51549211556705,1.9398938796571,nan,nan,17,2,2,42,7.779594018049e-37,7.779594018049e-37,-83.144144286721,1,101
1.3,135,-2.3754298026013,nan,nan,nan,0.51549211556705,1.9398938796571,nan,nan,17,2,2,43,1.1313475126946e-37,1.1313475126946e-37,-85.072239029396,1,101
1.3,135,-2.3754298026013,nan,nan,nan,0.51549211556705,1.9398938796571,nan,nan,17,2,2,44,2.3324574299595e-38,2.3324574299595e-38,-86.651311131022,1,101
1.3,135,-2.3754298026013,nan,nan,nan,0.51549211556705,1.9398938796571,nan,nan,17,2,2,45,5.1947081803942e-39,5.1947081803942e-39,-88.153178176962,1,101
1.3,135,-2.3754298026013,nan,nan,nan,0.51549211556705,1.9398938796571,nan,nan,17,2,2,46,-4.4790420765299e-39,4.4790420765299e-39,-88.301409425407,1,101
1.3,135,-2.3754298026013,nan,nan,nan,0.51549211556705,1.9398938796571,nan,nan,17,2,2,47,4.257338147329e-41,4.257338147329e-41,-92.957344695818,1,101
1.3,135,-2.3754298026013,nan,nan,nan,0.51549211556705,1.9398938796571,nan,nan,17,2,2,48,8.940352037552e-39,8.940352037552e-39,-87.610243660555,1,101
1.3,135,-2.3754298026013,nan,nan,nan,0.51549211556705,1.9398938796571,nan,nan,17,2,2,49,6.1991642097449e-40,6.1991642097449e-40,-90.278989241678,1,101
1.3,135,-2.3754298026013,nan,nan,nan,0.51549211556705,1.9398938796571,nan,nan,17,2,2,50,-9.1766177341875e-39,9.1766177341875e-39,-87.584159928567,1,101
1.3,135,-2.3754298026013,nan,nan,nan,0.51549211556705,1.9398938796571,nan,nan,17,2,2,51,-6.6594404296226e-39,6.6594404296226e-39,-87.904783165322,1,101
1.3,135,-2.3754298026013,nan,nan,nan,0.51549211556705,1.9398938796571,nan,nan,17,2,2,52,-6.3803034053594e-39,6.3803034053594e-39,-87.947602974843,1,101
1.3,135,-2.3754298026013,nan,nan,nan,0.51549211556705,1.9398938796571,nan,nan,17,2,2,53,-5.9498074536295e-39,5.9498074536295e-39,-88.017459768468,1,101
1.3,135,-2.3754298026013,nan,nan,nan,0.51549211556705,1.9398938796571,nan,nan,17,2,2,54,4.7900319634549e-39,4.7900319634549e-39,-88.234281542412,1,101
1.3,135,-2.3754298026013,nan,nan,nan,0.51549211556705,1.9398938796571,nan,nan,17,2,2,55,-4.0709380298756e-39,4.0709380298756e-39,-88.396945179697,1,101
1.3,135,-2.3754298026013,nan,nan,nan,0.51549211556705,1.9398938796571,nan,nan,17,2,2,56,4.9239953528355e-39,4.9239953528355e-39,-88.206698362224,1,101
1.3,135,-2.3754298026013,nan,nan,nan,0.51549211556705,1.9398938796571,nan,nan,17,2,2,57,-2.2879906243686e-39,2.2879906243686e-39,-88.973144651,1,101
1.3,135,-2.3754298026013,nan,nan,nan,0.51549211556705,1.9398938796571,nan,nan,17,2,2,58,-2.1903807277202e-39,2.1903807277202e-39,-89.016743249775,1,101
1.3,135,-2.3754298026013,nan,nan,nan,0.51549211556705,1.9398938796571,nan,nan,17,2,2,59,1.3396037538668e-39,1.3396037538668e-39,-89.508444762604,1,101
1.3,135,-2.3754298026013,nan,nan,nan,0.51549211556705,1.9398938796571,nan,nan,17,2,2,60,-2.2089184308776e-39,2.2089184308776e-39,-89.008315628825,1,101
1.3,135,-2.3754298026013,nan,nan,nan,0.51549211556705,1.9398938796571,nan,nan,17,2,2,61,5.0106414457055e-39,5.0106414457055e-39,-88.189254686792,1,101
1.3,135,-2.3754298026013,nan,nan,nan,0.51549211556705,1.9398938796571,nan,nan,17,2,2,62,7.6699825087774e-41,7.6699825087774e-41,-92.368674477852,1,101
1.3,135,-2.3754298026013,nan,nan,nan,0.51549211556705,1.9398938796571,nan,nan,17,2,2,63,4.9522485737538e-39,4.9522485737538e-39,-88.200976896007,1,101
1.3,135,-2.3754298026013,nan,nan,nan,0.51549211556705,1.9398938796571,nan,nan,17,2,2,64,-7.3771640866409e-39,7.3771640866409e-39,-87.802429332109,1,101
1.3,135,-2.3754298026013,nan,nan,nan,0.51549211556705,1.9398938796571,nan,nan,17,2,2,65,-4.4159342685413e-40,4.4159342685413e-40,-90.618184295739,1,101
1.3,135,-2.3754298026013,nan,nan,nan,0.51549211556705,1.9398938796571,nan,nan,17,2,2,66,7.8873285340792e-39,7.8873285340792e-39,-87.735561138081,1,101
1.3,135,-2.3754298026013,nan,nan,nan,0.51549211556705,1.9398938796571,nan,nan,17,2,2,67,6.7750227650254e-39,6.7750227650254e-39,-87.887575899856,1,101
1.3,135,-2.3754298026013,nan,nan,nan,0.51549211556705,1.9398938796571,nan,nan,17,2,2,68,1.2896223315845e-39,1.2896223315845e-39,-89.546469217472,1,101
1.3,135,-2.3754298026013,nan,nan,nan,0.51549211556705,1.9398938796571,nan,nan,17,2,2,69,-3.4897766026915e-40,3.4897766026915e-40,-90.853565996286,1,101
1.3,135,-2.3754298026013,nan,nan,nan,0.51549211556705,1.9398938796571,nan,nan,17,2,2,70,6.5092348998376e-39,6.5092348998376e-39,-87.927596704361,1,101
1.3,135,-2.3754298026013,nan,nan,nan,0.51549211556705,1.9398938796571,nan,nan,17,2,2,71,-4.8575041508312e-39,4.8575041508312e-39,-88.220293869979,1,101
1.3,135,-2.3754298026013,nan,nan,nan,0.51549211556705,1.9398938796571,nan,nan,17,2,2,72,5.9280267349652e-40,5.9280267349652e-40,-90.323712321831,1,101
1.3,135,-2.3754298026013,nan,nan,nan,0.51549211556705,1.9398938796571,nan,nan,17,2,2,73,-8.4269003438197e-39,8.4269003438197e-39,-87.669389615867,1,101
1.3,135,-2.3754298026013,nan,nan,nan,0.51549211556705,1.9398938796571,nan,nan,17,2,2,74,3.7358713065709e-39,3.7358713065709e-39,-88.482837553844,1,101
1.3,135,-2.3754298026013,nan,nan,nan,0.51549211556705,1.9398938796571,nan,nan,17,2,2,75,-6.0128831846592e-40,6.0128831846592e-40,-90.309499355024,1,101
1.3,135,-2.3754298026013,nan,nan,nan,0.51549211556705,1.9398938796571,nan,nan,17,2,2,76,4.7004014321811e-39,4.7004014321811e-39,-88.253170710597,1,101
1.3,135,-2.3754298026013,nan,nan,nan,0.51549211556705,1.9398938796571,nan,nan,17,2,2,77,3.5864894496934e-39,3.5864894496934e-39,-88.52364477186,1,101
1.3,135,-2.3754298026013,nan,nan,nan,0.51549211556705,1.9398938796571,nan,nan,17,2,2,78,1.0002586163048e-38,1.0002586163048e-38,-87.497974950904,1,101
1.3,135,-2.3754298026013,nan,nan,nan,0.51549211556705,1.9398938796571,nan,nan,17,2,2,79,1.2675124942997e-39,1.2675124942997e-39,-89.563762312897,1,101
1.3,135,-2.3754298026013,nan,nan,nan,0.51549211556705,1.9398938796571,nan,nan,17,2,2,80,-1.6212265888168e-39,1.6212265888168e-39,-89.317635610429,1,101
1.3,135,-2.3754298026013,nan,nan,nan,0.51549211556705,1.9398938796571,nan,nan,17,2,2,81,8.3327972471011e-39,8.3327972471011e-39,-87.680619422985,1,101
1.3,135,-2.3754298026013,nan,nan,nan,0.51549211556705,1.9398938796571,nan,nan,17,2,2,82,-2.0515845101298e-39,2.0515845101298e-39,-89.082206200405,1,101
1.3,135,-2.3754298026013,nan,nan,nan,0.51549211556705,1.9398938796571,nan,nan,17,2,2,83,5.8956302084157e-39,5.8956302084157e-39,-88.026607192909,1,101
1.3,135,-2.3754298026013,nan,nan,nan,0.51549211556705,1.9398938796571,nan,nan,17,2,2,84,6.6180629148059e-41,6.6180629148059e-41,-92.516186096682,1,101
1.3,135,-2.3754298026013,nan,nan,nan,0.51549211556705,1.9398938796571,nan,nan,17,2,2,85,-1.6173829214248e-39,1.6173829214248e-39,-89.320009264421,1,101
1.3,135,-2.3754298026013,nan,nan,nan,0.51549211556705,1.9398938796571,nan,nan,17,2,2,86,-5.8405330335795e-40,5.8405330335795e-40,-90.338581654214,1,101
1.3,135,-2.3754298026013,nan,nan,nan,0.51549211556705,1.9398938796571,nan,nan,17,2,2,87,2.4193027034304e-39,2.4193027034304e-39,-88.917339267198,1,101
1.3,135,-2.3754298026013,nan,nan,nan,0.51549211556705,1.9398938796571,nan,nan,17,2,2,88,-1.0612672735804e-38,1.0612672735804e-38,-87.438769798626,1,101
1.3,135,-2.3754298026013,nan,nan,nan,0.51549211556705,1.9398938796571,nan,nan,17,2,2,89,-6.418581698618e-39,6.418581698618e-39,-87.941621452691,1,101
1.3,135,-2.3754298026013,nan,nan,nan,0.51549211556705,1.9398938796571,nan,nan,17,2,2,90,-3.5795388860251e-39,3.5795388860251e-39,-88.525584637437,1,101
1.3,135,-2.3754298026013,nan,nan,nan,0.51549211556705,1.9398938796571,nan,nan,17,2,2,91,2.4148195820026e-40,2.4148195820026e-40,-91.221779142693,1,101
1.3,135,-2.3754298026013,nan,nan,nan,0.51549211556705,1.9398938796571,nan,nan,17,2,2,92,6.8483495852076e-39,6.8483495852076e-39,-87.87681093999,1,101
1.3,135,-2.3754298026013,nan,nan,nan,0.51549211556705,1.9398938796571,nan,nan,17,2,2,93,1.7302949398802e-39,1.7302949398802e-39,-89.252526747309,1,101
1.3,135,-2.3754298026013,nan,nan,nan,0.51549211556705,1.9398938796571,nan,nan,17,2,2,94,-2.5621124867453e-39,2.5621124867453e-39,-88.859986518424,1,101
1.3,135,-2.3754298026013,nan,nan,nan,0.51549211556705,1.9398938796571,nan,nan,17,2,2,95,-1.0734090977458e-38,1.0734090977458e-38,-87.427393877415,1,101
1.3,135,-2.3754298026013,nan,nan,nan,0.51549211556705,1.9398938796571,nan,nan,17,2,2,96,5.4461495107635e-40,5.4461495107635e-40,-90.40849487257,1,101
1.3,135,-2.3754298026013,nan,nan,nan,0.51549211556705,1.9398938796571,nan,nan,17,2,2,97,-5.7349183382071e-39,5.7349183382071e-39,-88.054245115484,1,101
1.3,135,-2.3754298026013,nan,nan,nan,0.51549211556705,1.9398938796571,nan,nan,17,2,2,98,6.8940791188851e-39,6.8940791188851e-39,-87.870155682254,1,101
1.3,135,-2.3754298026013,nan,nan,nan,0.51549211556705,1.9398938796571,nan,nan,17,2,2,99,7.0472886810131e-39,7.0472886810131e-39,-87.848175668169,1,101
1.3,135,-2.3754298026013,nan,nan,nan,0.51549211556705,1.9398938796571,nan,nan,17,2,2,100,-8.5581653050663e-39,8.5581653050663e-39,-87.653932793107,1,101
1.3,135,-2.3754298026013,nan,nan,nan,0.51549211556705,1.9398938796571,nan,nan,17,2,2,101,2.3272672012161e-39,2.3272672012161e-39,-88.956123922561,1,101
1.35,135,-1.9190318459727,nan,nan,nan,0.48014854919641,2.0826887880295,nan,nan,17,2,2,1,0.022269655684266,0.022269655684266,-3.8045302587993,1,101
1.35,135,-1.9190318459727,nan,nan,nan,0.48014854919641,2.0826887880295,nan,nan,17,2,2,2,0.0025122114638919,0.0025122114638919,-5.9865918524336,1,101
1.35,135,-1.9190318459727,nan,nan,nan,0.48014854919641,2.0826887880295,nan,nan,17,2,2,3,0.00030207401914625,0.00030207401914625,-8.1048384741099,1,101
1.35,135,-1.9190318459727,nan,nan,nan,0.48014854919641,2.0826887880295,nan,nan,17,2,2,4,3.7374702588958e-05,3.7374702588958e-05,-10.194516483771,1,101
1.35,135,-1.9190318459727,nan,nan,nan,0.48014854919641,2.0826887880295,nan,nan,17,2,2,5,4.6682015973345e-06,4.6682015973345e-06,-12.274736657383,1,101
1.35,135,-1.9190318459727,nan,nan,nan,0.48014854919641,2.0826887880295,nan,nan,17,2,2,6,5.848307352374e-07,5.848307352374e-07,-14.351943373056,1,101
1.35,135,-1.9190318459727,nan,nan,nan,0.48014854919641,2.0826887880295,nan,nan,17,2,2,7,7.3337128106279e-08,7.3337128106279e-08,-16.428198833697,1,101
1.35,135,-1.9190318459727,nan,nan,nan,0.48014854919641,2.0826887880295,nan,nan,17,2,2,8,9.1991492044191e-09,9.1991492044191e-09,-18.504154834948,1,101
1.35,135,-1.9190318459727,nan,nan,nan,0.48014854919641,2.0826887880295,nan,nan,17,2,2,9,1.1540173376987e-09,1.1540173376987e-09,-20.580016644971,1,101
1.35,135,-1.9190318459727,nan,nan,nan,0.48014854919641,2.0826887880295,nan,nan,17,2,2,10,1.4477376459257e-10,1.4477376459257e-10,-22.655848836146,1,101
1.35,135,-1.9190318459727,nan,nan,nan,0.48014854919641,2.0826887880295,nan,nan,17,2,2,11,1.8162325147143e-11,1.8162325147143e-11,-24.731671714214,1,101
1.35,135,-1.9190318459727,nan,nan,nan,0.48014854919641,2.0826887880295,nan,nan,17,2,2,12,2.2785276158145e-12,2.2785276158145e-12,-26.807491664107,1,101
1.35,135,-1.9190318459727,nan,nan,nan,0.48014854919641,2.0826887880295,nan,nan,17,2,2,13,2.8584957230484e-13,2.8584957230484e-13,-28.883310693424,1,101
1.35,135,-1.9190318459727,nan,nan,nan,0.48014854919641,2.0826887880295,nan,nan,17,2,2,14,3.5860878344901e-14,3.5860878344901e-14,-30.959129433311,1,101
1.35,135,-1.9190318459727,nan,nan,nan,0.48014854919641,2.0826887880295,nan,nan,17,2,2,15,4.498879261517e-15,4.498879261517e-15,-33.034948082149,1,101
1.35,135,-1.9190318459727,nan,nan,nan,0.48014854919641,2.0826887880295,nan,nan,17,2,2,16,5.6440098856884e-16,5.6440098856884e-16,-35.110766702376,1,101
1.35,135,-1.9190318459727,nan,nan,nan,0.48014854919641,2.0826887880295,nan,nan,17,2,2,17,7.0806185329224e-17,7.0806185329224e-17,-37.186585313602,1,101
1.35,135,-1.9190318459727,nan,nan,nan,0.48014854919641,2.0826887880295,nan,nan,17,2,2,18,8.8828970830776e-18,8.8828970830776e-18,-39.262403922002,1,101
1.35,135,-1.9190318459727,nan,nan,nan,0.48014854919641,2.0826887880295,nan,nan,17,2,2,19,1.1143922002253e-18,1.1143922002253e-18,-41.338222529514,1,101
1.35,135,-1.9190318459727,nan,nan,nan,0.48014854919641,2.0826887880295,nan,nan,17,2,2,20,1.398046115651e-19,1.398046115651e-19,-43.414041136744,1,101
1.35,135,-1.9190318459727,nan,nan,nan,0.48014854919641,2.0826887880295,nan,nan,17,2,2,21,1.7539004142884e-20,1.7539004142884e-20,-45.489859743889,1,101
1.35,135,-1.9190318459727,nan,nan,nan,0.48014854919641,2.0826887880295,nan,nan,17,2,2,22,2.200332756468e-21,2.200332756468e-21,-47.565678351008,1,101
1.35,135,-1.9190318459727,nan,nan,nan,0.48014854919641,2.0826887880295,nan,nan,17,2,2,23,2.7603985950664e-22,2.7603985950664e-22,-49.641496958065,1,101
1.35,135,-1.9190318459727,nan,nan,nan,0.48014854919641,2.0826887880295,nan,nan,17,2,2,24,3.463021845633e-23,3.463021845633e-23,-51.717315565166,1,101
1.35,135,-1.9190318459727,nan,nan,nan,0.48014854919641,2.0826887880295,nan,nan,17,2,2,25,4.3444886274625e-24,4.3444886274625e-24,-53.79313417225,1,101
1.35,135,-1.9190318459727,nan,nan,nan,0.48014854919641,2.0826887880295,nan,nan,17,2,2,26,5.4503212151439e-25,5.4503212151439e-25,-55.868952779354,1,101
1.35,135,-1.9190318459727,nan,nan,nan,0.48014854919641,2.0826887880295,nan,nan,17,2,2,27,6.8376289812115e-26,6.8376289812115e-26,-57.944771386478,1,101
1.35,135,-1.9190318459727,nan,nan,nan,0.48014854919641,2.0826887880295,nan,nan,17,2,2,28,8.578057740401e-27,8.578057740401e-27,-60.020589993548,1,101
1.35,135,-1.9190318459727,nan,nan,nan,0.48014854919641,2.0826887880295,nan,nan,17,2,2,29,1.0761489808373e-27,1.0761489808373e-27,-62.096408600657,1,101
1.35,135,-1.9190318459727,nan,nan,nan,0.48014854919641,2.0826887880295,nan,nan,17,2,2,30,1.3500685866e-28,1.3500685866e-28,-64.172227207785,1,101
1.35,135,-1.9190318459727,nan,nan,nan,0.48014854919641,2.0826887880295,nan,nan,17,2,2,31,1.6937108349023e-29,1.6937108349023e-29,-66.248045814754,1,101
1.35,135,-1.9190318459727,nan,nan,nan,0.48014854919641,2.0826887880295,nan,nan,17,2,2,32,2.1248227084507e-30,2.1248227084507e-30,-68.323864422243,1,101
1.35,135,-1.9190318459727,nan,nan,nan,0.48014854919641,2.0826887880295,nan,nan,17,2,2,33,2.6656684836112e-31,2.6656684836112e-31,-70.399683018524,1,101
1.35,135,-1.9190318459727,nan,nan,nan,0.48014854919641,2.0826887880295,nan,nan,17,2,2,34,3.3441796176583e-32,3.3441796176583e-32,-72.475501568615,1,101
1.35,135,-1.9190318459727,nan,nan,nan,0.48014854919641,2.0826887880295,nan,nan,17,2,2,35,4.1953969313629e-33,4.1953969313629e-33,-74.55132011325,1,101
1.35,135,-1.9190318459727,nan,nan,nan,0.48014854919641,2.0826887880295,nan,nan,17,2,2,36,5.2632518027659e-34,5.2632518027659e-34,-76.62714411261,1,101
1.35,135,-1.9190318459727,nan,nan,nan,0.48014854919641,2.0826887880295,nan,nan,17,2,2,37,6.6029976299867e-35,6.6029976299867e-35,-78.702954522509,1,101
1.35,135,-1.9190318459727,nan,nan,nan,0.48014854919641,2.0826887880295,nan,nan,17,2,2,38,8.2804765267216e-36,8.2804765267216e-36,-80.779162829508,1,101
1.35,135,-1.9190318459727,nan,nan,nan,0.48014854919641,2.0826887880295,nan,nan,17,2,2,39,1.0412386300166e-36,1.0412386300166e-36,-82.852652352898,1,101
1.35,135,-1.9190318459727,nan,nan,nan,0.48014854919641,2.0826887880295,nan,nan,17,2,2,40,1.2813622999669e-37,1.2813622999669e-37,-84.947724631961,1,101
1.35,135,-1.9190318459727,nan,nan,nan,0.48014854919641,2.0826887880295,nan,nan,17,2,2,41,1.7764092819264e-38,1.7764092819264e-38,-86.923639464218,1,101
1.35,135,-1.9190318459727,nan,nan,nan,0.48014854919641,2.0826887880295,nan,nan,17,2,2,42,4.5367013565858e-40,4.5367013565858e-40,-90.59120354523,1,101
1.35,135,-1.9190318459727,nan,nan,nan,0.48014854919641,2.0826887880295,nan,nan,17,2,2,43,-3.1348882173747e-40,3.1348882173747e-40,-90.960810202652,1,101
1.35,135,-1.9190318459727,nan,nan,nan,0.48014854919641,2.0826887880295,nan,nan,17,2,2,44,-2.2302551610011e-39,2.2302551610011e-39,-88.998702625868,1,101
1.35,135,-1.9190318459727,nan,nan,nan,0.48014854919641,2.0826887880295,nan,nan,17,2,2,45,-7.5004806247587e-40,7.5004806247587e-40,-90.088436617972,1,101
1.35,135,-1.9190318459727,nan,nan,nan,0.48014854919641,2.0826887880295,nan,nan,17,2,2,46,-1.5558237240834e-39,1.5558237240834e-39,-89.358813495293,1,101
1.35,135,-1.9190318459727,nan,nan,nan,0.48014854919641,2.0826887880295,nan,nan,17,2,2,47,5.6896349485136e-39,5.6896349485136e-39,-88.062172537364,1,101
1.35,135,-1.9190318459727,nan,nan,nan,0.48014854919641,2.0826887880295,nan,nan,17,2,2,48,-7.6030066792103e-40,7.6030066792103e-40,-90.074859935019,1,101
1.35,135,-1.9190318459727,nan,nan,nan,0.48014854919641,2.0826887880295,nan,nan,17,2,2,49,-1.4799306189983e-39,1.4799306189983e-39,-89.408823419146,1,101
1.35,135,-1.9190318459727,nan,nan,nan,0.48014854919641,2.0826887880295,nan,nan,17,2,2,50,1.5386479974154e-39,1.5386479974154e-39,-89.369914519699,1,101
1.35,135,-1.9190318459727,nan,nan,nan,0.48014854919641,2.0826887880295,nan,nan,17,2,2,51,7.6097423900944e-42,7.6097423900944e-42,-94.679144585948,1,101
1.35,135,-1.9190318459727,nan,nan,nan,0.48014854919641,2.0826887880295,nan,nan,17,2,2,52,5.5509024899637e-39,5.5509024899637e-39,-88.086858101425,1,101
1.35,135,-1.9190318459727,nan,nan,nan,0.48014854919641,2.0826887880295,nan,nan,17,2,2,53,-2.7740578100281e-40,2.7740578100281e-40,-91.083092558134,1,101
1.35,135,-1.9190318459727,nan,nan,nan,0.48014854919641,2.0826887880295,nan,nan,17,2,2,54,1.7953422153945e-39,1.7953422153945e-39,-89.215622973754,1,101
1.35,135,-1.9190318459727,nan,nan,nan,0.48014854919641,2.0826887880295,nan,nan,17,2,2,55,-4.9936867008394e-40,4.9936867008394e-40,-90.495229264986,1,101
1.35,135,-1.9190318459727,nan,nan,nan,0.48014854919641,2.0826887880295,nan,nan,17,2,2,56,3.1494409643541e-39,3.1494409643541e-39,-88.653593661314,1,101
1.35,135,-1.9190318459727,nan,nan,nan,0.48014854919641,2.0826887880295,nan,nan,17,2,2,57,-4.4622765422444e-40,4.4622765422444e-40,-90.607744648477,1,101
1.35,135,-1.9190318459727,nan,nan,nan,0.48014854919641,2.0826887880295,nan,nan,17,2,2,58,9.7560963366359e-40,9.7560963366359e-40,-89.825511364853,1,101
1.35,135,-1.9190318459727,nan,nan,nan,0.48014854919641,2.0826887880295,nan,nan,17,2,2,59,6.8159372771091e-40,6.8159372771091e-40,-90.184140132579,1,101
1.35,135,-1.9190318459727,nan,nan,nan,0.48014854919641,2.0826887880295,nan,nan,17,2,2,60,-7.124313469446e-40,7.124313469446e-40,-90.139890353415,1,101
1.35,135,-1.9190318459727,nan,nan,nan,0.48014854919641,2.0826887880295,nan,nan,17,2,2,61,5.6465760898336e-40,5.6465760898336e-40,-90.372354360096,1,101
1.35,135,-1.9190318459727,nan,nan,nan,0.48014854919641,2.0826887880295,nan,nan,17,2,2,62,-4.05076015925e-39,4.05076015925e-39,-88.40191406962,1,101
1.35,135,-1.9190318459727,nan,nan,nan,0.48014854919641,2.0826887880295,nan,nan,17,2,2,63,1.2856025939995e-39,1.2856025939995e-39,-89.549591073594,1,101
1.35,135,-1.9190318459727,nan,nan,nan,0.48014854919641,2.0826887880295,nan,nan,17,2,2,64,-2.307853732614e-39,2.307853732614e-39,-88.964500654214,1,101
1.35,135,-1.9190318459727,nan,nan,nan,0.48014854919641,2.0826887880295,nan,nan,17,2,2,65,3.8586226579629e-39,3.8586226579629e-39,-88.45050833133,1,101
1.35,135,-1.9190318459727,nan,nan,nan,0.48014854919641,2.0826887880295,nan,nan,17,2,2,66,6.8624058441344e-41,6.8624058441344e-41,-92.479930726359,1,101
1.35,135,-1.9190318459727,nan,nan,nan,0.48014854919641,2.0826887880295,nan,nan,17,2,2,67,9.0301914410032e-40,9.0301914410032e-40,-89.902830152004,1,101
1.35,135,-1.9190318459727,nan,nan,nan,0.48014854919641,2.0826887880295,nan,nan,17,2,2,68,-1.0923894971667e-39,1.0923894971667e-39,-89.712451130654,1,101
1.35,135,-1.9190318459727,nan,nan,nan,0.48014854919641,2.0826887880295,nan,nan,17,2,2,69,-6.030676602773e-40,6.030676602773e-40,-90.306544509219,1,101
1.35,135,-1.9190318459727,nan,nan,nan,0.48014854919641,2.0826887880295,nan,nan,17,2,2,70,3.8805792149221e-40,3.8805792149221e-40,-90.747419295072,1,101
1.35,135,-1.9190318459727,nan,nan,nan,0.48014854919641,2.0826887880295,nan,nan,17,2,2,71,1.582343716661e-40,1.582343716661e-40,-91.644496606847,1,101
1.35,135,-1.9190318459727,nan,nan,nan,0.48014854919641,2.0826887880295,nan,nan,17,2,2,72,-1.5408168292654e-39,1.5408168292654e-39,-89.368505942345,1,101
1.35,135,-1.9190318459727,nan,nan,nan,0.48014854919641,2.0826887880295,nan,nan,17,2,2,73,-6.8362769971919e-39,6.8362769971919e-39,-87.878575341974,1,101
1.35,135,-1.9190318459727,nan,nan,nan,0.48014854919641,2.0826887880295,nan,nan,17,2,2,74,1.2095504168992e-39,1.2095504168992e-39,-89.610569892485,1,101
1.35,135,-1.9190318459727,nan,nan,nan,0.48014854919641,2.0826887880295,nan,nan,17,2,2,75,-2.2019131863498e-39,2.2019131863498e-39,-89.011492014154,1,101
1.35,135,-1.9190318459727,nan,nan,nan,0.48014854919641,2.0826887880295,nan,nan,17,2,2,76,-4.0540492694157e-39,4.0540492694157e-39,-88.401102425527,1,101
1.35,135,-1.9190318459727,nan,nan,nan,0.48014854919641,2.0826887880295,nan,nan,17,2,2,77,7.6714777301114e-39,7.6714777301114e-39,-87.763309366307,1,101
1.35,135,-1.9190318459727,nan,nan,nan,0.48014854919641,2.0826887880295,nan,nan,17,2,2,78,-1.0890371621566e-40,1.0890371621566e-40,-92.018109751364,1,101
1.35,135,-1.9190318459727,nan,nan,nan,0.48014854919641,2.0826887880295,nan,nan,17,2,2,79,-7.3503377372188e-40,7.3503377372188e-40,-90.108657456951,1,101
1.35,135,-1.9190318459727,nan,nan,nan,0.48014854919641,2.0826887880295,nan,nan,17,2,2,80,-3.3027469070117e-39,3.3027469070117e-39,-88.606064108481,1,101
1.35,135,-1.9190318459727,nan,nan,nan,0.48014854919641,2.0826887880295,nan,nan,17,2,2,81,1.2151137101551e-39,1.2151137101551e-39,-89.605980965749,1,101
1.35,135,-1.9190318459727,nan,nan,nan,0.48014854919641,2.0826887880295,nan,nan,17,2,2,82,-3.1134487016647e-39,3.1134487016647e-39,-88.665087607672,1,101
1.35,135,-1.9190318459727,nan,nan,nan,0.48014854919641,2.0826887880295,nan,nan,17,2,2,83,1.8069586979946e-39,1.8069586979946e-39,-89.20917347209,1,101
1.35,135,-1.9190318459727,nan,nan,nan,0.48014854919641,2.0826887880295,nan,nan,17,2,2,84,5.4610280012902e-40,5.4610280012902e-40,-90.405766669103,1,101
1.35,135,-1.9190318459727,nan,nan,nan,0.48014854919641,2.0826887880295,nan,nan,17,2,2,85,5.6130758920635e-39,5.6130758920635e-39,-88.075719770132,1,101
1.35,135,-1.9190318459727,nan,nan,nan,0.48014854919641,2.0826887880295,nan,nan,17,2,2,86,7.5278640462385e-40,7.5278640462385e-40,-90.084792377387,1,101
1.35,135,-1.9190318459727,nan,nan,nan,0.48014854919641,2.0826887880295,nan,nan,17,2,2,87,-5.7953926186499e-39,5.7953926186499e-39,-88.043755400994,1,101
1.35,135,-1.9190318459727,nan,nan,nan,0.48014854919641,2.0826887880295,nan,nan,17,2,2,88,5.8686513044586e-40,5.8686513044586e-40,-90.33377887306,1,101
1.35,135,-1.9190318459727,nan,nan,nan,0.48014854919641,2.0826887880295,nan,nan,17,2,2,89,-7.8169086105083e-39,7.8169086105083e-39,-87.744529468719,1,101
1.35,135,-1.9190318459727,nan,nan,nan,0.48014854919641,2.0826887880295,nan,nan,17,2,2,90,-1.7748110452391e-39,1.7748110452391e-39,-89.227124662893,1,101
1.35,135,-1.9190318459727,nan,nan,nan,0.48014854919641,2.0826887880295,nan,nan,17,2,2,91,1.8263847577915e-40,1.8263847577915e-40,-91.501065249056,1,101
1.35,135,-1.9190318459727,nan,nan,nan,0.48014854919641,2.0826887880295,nan,nan,17,2,2,92,-4.7695871924413e-39,4.7695871924413e-39,-88.238558868078,1,101
1.35,135,-1.9190318459727,nan,nan,nan,0.48014854919641,2.0826887880295,nan,nan,17,2,2,93,-4.222862740399e-40,4.222862740399e-40,-90.662890447204,1,101
1.35,135,-1.9190318459727,nan,nan,nan,0.48014854919641,2.0826887880295,nan,nan,17,2,2,94,1.9104804849676e-40,1.9104804849676e-40,-91.45604894653,1,101
1.35,135,-1.9190318459727,nan,nan,nan,0.48014854919641,2.0826887880295,nan,nan,17,2,2,95,8.7042294659834e-40,8.7042294659834e-40,-89.939594666716,1,101
1.35,135,-1.9190318459727,nan,nan,nan,0.48014854919641,2.0826887880295,nan,nan,17,2,2,96,-1.2555592465552e-39,1.2555592465552e-39,-89.573237538656,1,101
1.35,135,-1.9190318459727,nan,nan,nan,0.48014854919641,2.0826887880295,nan,nan,17,2,2,97,4.5160866647928e-39,4.5160866647928e-39,-88.293172790055,1,101
1.35,135,-1.9190318459727,nan,nan,nan,0.48014854919641,2.0826887880295,nan,nan,17,2,2,98,-1.9252518420297e-39,1.9252518420297e-39,-89.145761840557,1,101
1.35,135,-1.9190318459727,nan,nan,nan,0.48014854919641,2.0826887880295,nan,nan,17,2,2,99,-5.0898180386492e-39,5.0898180386492e-39,-88.173576545636,1,101
1.35,135,-1.9190318459727,nan,nan,nan,0.48014854919641,2.0826887880295,nan,nan,17,2,2,100,-2.1935155454741e-39,2.1935155454741e-39,-89.015313098105,1,101
1.35,135,-1.9190318459727,nan,nan,nan,0.48014854919641,2.0826887880295,nan,nan,17,2,2,101,-2.0101179747124e-39,2.0101179747124e-39,-89.102625212532,1,101
