g,N,E0,E1,gap,xi_gap,xi_corr,m_corr,xi_transfer,m_transfer,i0,comp_i,comp_j,r,corr,abs_corr,log_abs_corr,rMin,rMax
0.45,155,-175.97286344368,nan,nan,nan,67.850098120183,0.014738372201448,nan,nan,20,2,2,1,0.11064050161944,0.11064050161944,-2.2014690578377,1,115
0.45,155,-175.97286344368,nan,nan,nan,67.850098120183,0.014738372201448,nan,nan,20,2,2,2,0.10957736407753,0.10957736407753,-2.2111244579382,1,115
0.45,155,-175.97286344368,nan,nan,nan,67.850098120183,0.014738372201448,nan,nan,20,2,2,3,0.10819477951723,0.10819477951723,-2.2238221621882,1,115
0.45,155,-175.97286344368,nan,nan,nan,67.850098120183,0.014738372201448,nan,nan,20,2,2,4,0.10665870241209,0.10665870241209,-2.2381212395307,1,115
0.45,155,-175.97286344368,nan,nan,nan,67.850098120183,0.014738372201448,nan,nan,20,2,2,5,0.10506582914466,0.10506582914466,-2.2531681810372,1,115
0.45,155,-175.97286344368,nan,nan,nan,67.850098120183,0.014738372201448,nan,nan,20,2,2,6,0.10348350676868,0.10348350676868,-2.2683430338671,1,115
0.45,155,-175.97286344368,nan,nan,nan,67.850098120183,0.014738372201448,nan,nan,20,2,2,7,0.10192794694341,0.10192794694341,-2.2834891178333,1,115
0.45,155,-175.97286344368,nan,nan,nan,67.850098120183,0.014738372201448,nan,nan,20,2,2,8,0.10042843965569,0.10042843965569,-2.2983098483331,1,115
0.45,155,-175.97286344368,nan,nan,nan,67.850098120183,0.014738372201448,nan,nan,20,2,2,9,0.098986996717077,0.098986996717077,-2.3127667837664,1,115
0.45,155,-175.97286344368,nan,nan,nan,67.850098120183,0.014738372201448,nan,nan,20,2,2,10,0.09761460364088,0.09761460364088,-2.3267281692881,1,115
0.45,155,-175.97286344368,nan,nan,nan,67.850098120183,0.014738372201448,nan,nan,20,2,2,11,0.096289689643864,0.096289689643864,-2.340394030875,1,115
0.45,155,-175.97286344368,nan,nan,nan,67.850098120183,0.014738372201448,nan,nan,20,2,2,12,0.09502506526719,0.09502506526719,-2.3536145772648,1,115
0.45,155,-175.97286344368,nan,nan,nan,67.850098120183,0.014738372201448,nan,nan,20,2,2,13,0.093796498660846,0.093796498660846,-2.3666277513762,1,115
0.45,155,-175.97286344368,nan,nan,nan,67.850098120183,0.014738372201448,nan,nan,20,2,2,14,0.09261732645901,0.09261732645901,-2.3792790440446,1,115
0.45,155,-175.97286344368,nan,nan,nan,67.850098120183,0.014738372201448,nan,nan,20,2,2,15,0.091454896612946,0.091454896612946,-2.391909361424,1,115
0.45,155,-175.97286344368,nan,nan,nan,67.850098120183,0.014738372201448,nan,nan,20,2,2,16,0.090317823997708,0.090317823997708,-2.4044204515732,1,115
0.45,155,-175.97286344368,nan,nan,nan,67.850098120183,0.014738372201448,nan,nan,20,2,2,17,0.089189081624935,0.089189081624935,-2.416996650196,1,115
0.45,155,-175.97286344368,nan,nan,nan,67.850098120183,0.014738372201448,nan,nan,20,2,2,18,0.088081186794417,0.088081186794417,-2.4294963126074,1,115
0.45,155,-175.97286344368,nan,nan,nan,67.850098120183,0.014738372201448,nan,nan,20,2,2,19,0.086973068149925,0.086973068149925,-2.4421567697467,1,115
0.45,155,-175.97286344368,nan,nan,nan,67.850098120183,0.014738372201448,nan,nan,20,2,2,20,0.085861999114271,0.085861999114271,-2.4550139330388,1,115
0.45,155,-175.97286344368,nan,nan,nan,67.850098120183,0.014738372201448,nan,nan,20,2,2,21,0.084748862424162,0.084748862424162,-2.4680629555354,1,115
0.45,155,-175.97286344368,nan,nan,nan,67.850098120183,0.014738372201448,nan,nan,20,2,2,22,0.083636856339457,0.083636856339457,-2.4812709907395,1,115
0.45,155,-175.97286344368,nan,nan,nan,67.850098120183,0.014738372201448,nan,nan,20,2,2,23,0.082516106607993,0.082516106607993,-2.4947617730847,1,115
0.45,155,-175.97286344368,nan,nan,nan,67.850098120183,0.014738372201448,nan,nan,20,2,2,24,0.081386214834387,0.081386214834387,-2.508549371244,1,115
0.45,155,-175.97286344368,nan,nan,nan,67.850098120183,0.014738372201448,nan,nan,20,2,2,25,0.080249704256938,0.080249704256938,-2.5226122022506,1,115
0.45,155,-175.97286344368,nan,nan,nan,67.850098120183,0.014738372201448,nan,nan,20,2,2,26,0.079112643294249,0.079112643294249,-2.5368825776104,1,115
0.45,155,-175.97286344368,nan,nan,nan,67.850098120183,0.014738372201448,nan,nan,20,2,2,27,0.07797682708043,0.07797682708043,-2.5513435851446,1,115
0.45,155,-175.97286344368,nan,nan,nan,67.850098120183,0.014738372201448,nan,nan,20,2,2,28,0.076840091398414,0.076840091398414,-2.5660287516185,1,115
0.45,155,-175.97286344368,nan,nan,nan,67.850098120183,0.014738372201448,nan,nan,20,2,2,29,0.075703615227986,0.075703615227986,-2.5809293623741,1,115
0.45,155,-175.97286344368,nan,nan,nan,67.850098120183,0.014738372201448,nan,nan,20,2,2,30,0.074566821505778,0.074566821505778,-2.5960596226372,1,115
0.45,155,-175.97286344368,nan,nan,nan,67.850098120183,0.014738372201448,nan,nan,20,2,2,31,0.073439816145448,0.073439816145448,-2.6112890361392,1,115
0.45,155,-175.97286344368,nan,nan,nan,67.850098120183,0.014738372201448,nan,nan,20,2,2,32,0.072319785586366,0.072319785586366,-2.6266575276929,1,115
0.45,155,-175.97286344368,nan,nan,nan,67.850098120183,0.014738372201448,nan,nan,20,2,2,33,0.071209212015361,0.071209212015361,-2.6421330866951,1,115
0.45,155,-175.97286344368,nan,nan,nan,67.850098120183,0.014738372201448,nan,nan,20,2,2,34,0.070109579905094,0.070109579905094,-2.6576958337211,1,115
0.45,155,-175.97286344368,nan,nan,nan,67.850098120183,0.014738372201448,nan,nan,20,2,2,35,0.069027636147018,0.069027636147018,-2.6732483307033,1,115
0.45,155,-175.97286344368,nan,nan,nan,67.850098120183,0.014738372201448,nan,nan,20,2,2,36,0.067958519841843,0.067958519841843,-2.688857762259,1,115
0.45,155,-175.97286344368,nan,nan,nan,67.850098120183,0.014738372201448,nan,nan,20,2,2,37,0.066900978208292,0.066900978208292,-2.7045416900073,1,115
0.45,155,-175.97286344368,nan,nan,nan,67.850098120183,0.014738372201448,nan,nan,20,2,2,38,0.065863177499632,0.065863177499632,-2.7201757569233,1,115
0.45,155,-175.97286344368,nan,nan,nan,67.850098120183,0.014738372201448,nan,nan,20,2,2,39,0.064843664005238,0.064843664005238,-2.7357760753022,1,115
0.45,155,-175.97286344368,nan,nan,nan,67.850098120183,0.014738372201448,nan,nan,20,2,2,40,0.063840428176314,0.063840428176314,-2.7513686188406,1,115
0.45,155,-175.97286344368,nan,nan,nan,67.850098120183,0.014738372201448,nan,nan,20,2,2,41,0.062857951725641,0.062857951725641,-2.7668778328455,1,115
0.45,155,-175.97286344368,nan,nan,nan,67.850098120183,0.014738372201448,nan,nan,20,2,2,42,0.061891066183722,0.061891066183722,-2.7823794363034,1,115
0.45,155,-175.97286344368,nan,nan,nan,67.850098120183,0.014738372201448,nan,nan,20,2,2,43,0.06094349616836,0.06094349616836,-2.7978081364046,1,115
0.45,155,-175.97286344368,nan,nan,nan,67.850098120183,0.014738372201448,nan,nan,20,2,2,44,0.060009669243938,0.060009669243938,-2.8132495756783,1,115
0.45,155,-175.97286344368,nan,nan,nan,67.850098120183,0.014738372201448,nan,nan,20,2,2,45,0.05909544001184,0.05909544001184,-2.8286015147069,1,115
0.45,155,-175.97286344368,nan,nan,nan,67.850098120183,0.014738372201448,nan,nan,20,2,2,46,0.058202209779329,0.058202209779329,-2.8438319562485,1,115
0.45,155,-175.97286344368,nan,nan,nan,67.850098120183,0.014738372201448,nan,nan,20,2,2,47,0.057324068892796,0.057324068892796,-2.8590346929729,1,115
0.45,155,-175.97286344368,nan,nan,nan,67.850098120183,0.014738372201448,nan,nan,20,2,2,48,0.056462770624505,0.056462770624505,-2.8741737850175,1,115
0.45,155,-175.97286344368,nan,nan,nan,67.850098120183,0.014738372201448,nan,nan,20,2,2,49,0.055618270515766,0.055618270515766,-2.8892435253062,1,115
0.45,155,-175.97286344368,nan,nan,nan,67.850098120183,0.014738372201448,nan,nan,20,2,2,50,0.05479207879908,0.05479207879908,-2.9042096429382,1,115
0.45,155,-175.97286344368,nan,nan,nan,67.850098120183,0.014738372201448,nan,nan,20,2,2,51,0.053981684569988,0.053981684569988,-2.9191104645804,1,115
0.45,155,-175.97286344368,nan,nan,nan,67.850098120183,0.014738372201448,nan,nan,20,2,2,52,0.053184820094182,0.053184820094182,-2.9339822599263,1,115
0.45,155,-175.97286344368,nan,nan,nan,67.850098120183,0.014738372201448,nan,nan,20,2,2,53,0.052405497670353,0.052405497670353,-2.9487437757854,1,115
0.45,155,-175.97286344368,nan,nan,nan,67.850098120183,0.014738372201448,nan,nan,20,2,2,54,0.051639195385147,0.051639195385147,-2.9634742943577,1,115
0.45,155,-175.97286344368,nan,nan,nan,67.850098120183,0.014738372201448,nan,nan,20,2,2,55,0.050889483804413,0.050889483804413,-2.9780989817928,1,115
0.45,155,-175.97286344368,nan,nan,nan,67.850098120183,0.014738372201448,nan,nan,20,2,2,56,0.050150829265426,0.050150829265426,-2.9927202290095,1,115
0.45,155,-175.97286344368,nan,nan,nan,67.850098120183,0.014738372201448,nan,nan,20,2,2,57,0.049425322100856,0.049425322100856,-3.0072923929845,1,115
0.45,155,-175.97286344368,nan,nan,nan,67.850098120183,0.014738372201448,nan,nan,20,2,2,58,0.048709532057337,0.048709532057337,-3.0218805379161,1,115
0.45,155,-175.97286344368,nan,nan,nan,67.850098120183,0.014738372201448,nan,nan,20,2,2,59,0.048003907964436,0.048003907964436,-3.0364728554626,1,115
0.45,155,-175.97286344368,nan,nan,nan,67.850098120183,0.014738372201448,nan,nan,20,2,2,60,0.047310346303806,0.047310346303806,-3.0510262694799,1,115
0.45,155,-175.97286344368,nan,nan,nan,67.850098120183,0.014738372201448,nan,nan,20,2,2,61,0.046626763452192,0.046626763452192,-3.0655805797025,1,115
0.45,155,-175.97286344368,nan,nan,nan,67.850098120183,0.014738372201448,nan,nan,20,2,2,62,0.045949678997961,0.045949678997961,-3.0802084161034,1,115
0.45,155,-175.97286344368,nan,nan,nan,67.850098120183,0.014738372201448,nan,nan,20,2,2,63,0.04528365218686,0.04528365218686,-3.0948091905029,1,115
0.45,155,-175.97286344368,nan,nan,nan,67.850098120183,0.014738372201448,nan,nan,20,2,2,64,0.044623049603379,0.044623049603379,-3.1095047462043,1,115
0.45,155,-175.97286344368,nan,nan,nan,67.850098120183,0.014738372201448,nan,nan,20,2,2,65,0.043973143148147,0.043973143148147,-3.1241762144201,1,115
0.45,155,-175.97286344368,nan,nan,nan,67.850098120183,0.014738372201448,nan,nan,20,2,2,66,0.043331996025134,0.043331996025134,-3.1388639786293,1,115
0.45,155,-175.97286344368,nan,nan,nan,67.850098120183,0.014738372201448,nan,nan,20,2,2,67,0.042700168924525,0.042700168924525,-3.1535524026775,1,115
0.45,155,-175.97286344368,nan,nan,nan,67.850098120183,0.014738372201448,nan,nan,20,2,2,68,0.042075252487206,0.042075252487206,-3.168295538039,1,115
0.45,155,-175.97286344368,nan,nan,nan,67.850098120183,0.014738372201448,nan,nan,20,2,2,69,0.041460082904879,0.041460082904879,-3.1830241723412,1,115
0.45,155,-175.97286344368,nan,nan,nan,67.850098120183,0.014738372201448,nan,nan,20,2,2,70,0.040852515428385,0.040852515428385,-3.1977868823777,1,115
0.45,155,-175.97286344368,nan,nan,nan,67.850098120183,0.014738372201448,nan,nan,20,2,2,71,0.040249306104588,0.040249306104588,-3.2126625149037,1,115
0.45,155,-175.97286344368,nan,nan,nan,67.850098120183,0.014738372201448,nan,nan,20,2,2,72,0.039653529939852,0.039653529939852,-3.2275753073772,1,115
0.45,155,-175.97286344368,nan,nan,nan,67.850098120183,0.014738372201448,nan,nan,20,2,2,73,0.039065612495716,0.039065612495716,-3.2425126747695,1,115
0.45,155,-175.97286344368,nan,nan,nan,67.850098120183,0.014738372201448,nan,nan,20,2,2,74,0.038486243702122,0.038486243702122,-3.2574544079759,1,115
0.45,155,-175.97286344368,nan,nan,nan,67.850098120183,0.014738372201448,nan,nan,20,2,2,75,0.037914997897691,0.037914997897691,-3.2724085222772,1,115
0.45,155,-175.97286344368,nan,nan,nan,67.850098120183,0.014738372201448,nan,nan,20,2,2,76,0.037348541675176,0.037348541675176,-3.2874614130069,1,115
0.45,155,-175.97286344368,nan,nan,nan,67.850098120183,0.014738372201448,nan,nan,20,2,2,77,0.036789726775815,0.036789726775815,-3.3025366364814,1,115
0.45,155,-175.97286344368,nan,nan,nan,67.850098120183,0.014738372201448,nan,nan,20,2,2,78,0.036237513570529,0.036237513570529,-3.3176604102459,1,115
0.45,155,-175.97286344368,nan,nan,nan,67.850098120183,0.014738372201448,nan,nan,20,2,2,79,0.035691324969794,0.035691324969794,-3.3328476177703,1,115
0.45,155,-175.97286344368,nan,nan,nan,67.850098120183,0.014738372201448,nan,nan,20,2,2,80,0.035152678119166,0.035152678119166,-3.3480544724709,1,115
0.45,155,-175.97286344368,nan,nan,nan,67.850098120183,0.014738372201448,nan,nan,20,2,2,81,0.034621783607594,0.034621783607594,-3.3632722109888,1,115
0.45,155,-175.97286344368,nan,nan,nan,67.850098120183,0.014738372201448,nan,nan,20,2,2,82,0.034097946584735,0.034097946584735,-3.3785181139623,1,115
0.45,155,-175.97286344368,nan,nan,nan,67.850098120183,0.014738372201448,nan,nan,20,2,2,83,0.0335813086259,0.0335813086259,-3.393785657696,1,115
0.45,155,-175.97286344368,nan,nan,nan,67.850098120183,0.014738372201448,nan,nan,20,2,2,84,0.033075467709882,0.033075467709882,-3.4089634281927,1,115
0.45,155,-175.97286344368,nan,nan,nan,67.850098120183,0.014738372201448,nan,nan,20,2,2,85,0.032578011673051,0.032578011673051,-3.4241177067359,1,115
0.45,155,-175.97286344368,nan,nan,nan,67.850098120183,0.014738372201448,nan,nan,20,2,2,86,0.032088374363151,0.032088374363151,-3.4392614838176,1,115
0.45,155,-175.97286344368,nan,nan,nan,67.850098120183,0.014738372201448,nan,nan,20,2,2,87,0.031605519895067,0.031605519895067,-3.4544234934205,1,115
0.45,155,-175.97286344368,nan,nan,nan,67.850098120183,0.014738372201448,nan,nan,20,2,2,88,0.031131284145911,0.031131284145911,-3.4695420443062,1,115
0.45,155,-175.97286344368,nan,nan,nan,67.850098120183,0.014738372201448,nan,nan,20,2,2,89,0.030666436983577,0.030666436983577,-3.4845864802952,1,115
0.45,155,-175.97286344368,nan,nan,nan,67.850098120183,0.014738372201448,nan,nan,20,2,2,90,0.030208183309482,0.030208183309482,-3.4996424207945,1,115
0.45,155,-175.97286344368,nan,nan,nan,67.850098120183,0.014738372201448,nan,nan,20,2,2,91,0.029758282246327,0.029758282246327,-3.5146477909006,1,115
0.45,155,-175.97286344368,nan,nan,nan,67.850098120183,0.014738372201448,nan,nan,20,2,2,92,0.029320687542092,0.029320687542092,-3.5294619526448,1,115
0.45,155,-175.97286344368,nan,nan,nan,67.850098120183,0.014738372201448,nan,nan,20,2,2,93,0.02888981010514,0.02888981010514,-3.5442663375564,1,115
0.45,155,-175.97286344368,nan,nan,nan,67.850098120183,0.014738372201448,nan,nan,20,2,2,94,0.028465478624191,0.028465478624191,-3.5590632022398,1,115
0.45,155,-175.97286344368,nan,nan,nan,67.850098120183,0.014738372201448,nan,nan,20,2,2,95,0.028050444586233,0.028050444586233,-3.5737507973625,1,115
0.45,155,-175.97286344368,nan,nan,nan,67.850098120183,0.014738372201448,nan,nan,20,2,2,96,0.027641353378453,0.027641353378453,-3.5884423167932,1,115
0.45,155,-175.97286344368,nan,nan,nan,67.850098120183,0.014738372201448,nan,nan,20,2,2,97,0.027239354071846,0.027239354071846,-3.6030925104693,1,115
0.45,155,-175.97286344368,nan,nan,nan,67.850098120183,0.014738372201448,nan,nan,20,2,2,98,0.02684282827843,0.02684282827843,-3.6177565969299,1,115
0.45,155,-175.97286344368,nan,nan,nan,67.850098120183,0.014738372201448,nan,nan,20,2,2,99,0.026455577496016,0.026455577496016,-3.6322882734931,1,115
0.45,155,-175.97286344368,nan,nan,nan,67.850098120183,0.014738372201448,nan,nan,20,2,2,100,0.02607270116561,0.02607270116561,-3.6468664443745,1,115
0.45,155,-175.97286344368,nan,nan,nan,67.850098120183,0.014738372201448,nan,nan,20,2,2,101,0.025700039677548,0.025700039677548,-3.6612627432087,1,115
0.45,155,-175.97286344368,nan,nan,nan,67.850098120183,0.014738372201448,nan,nan,20,2,2,102,0.025336067843258,0.025336067843258,-3.6755262920079,1,115
0.45,155,-175.97286344368,nan,nan,nan,67.850098120183,0.014738372201448,nan,nan,20,2,2,103,0.024979374766698,0.024979374766698,-3.6897048039535,1,115
0.45,155,-175.97286344368,nan,nan,nan,67.850098120183,0.014738372201448,nan,nan,20,2,2,104,0.024629080004068,0.024629080004068,-3.7038274202039,1,115
0.45,155,-175.97286344368,nan,nan,nan,67.850098120183,0.014738372201448,nan,nan,20,2,2,105,0.024287704552069,0.024287704552069,-3.7177850422011,1,115
0.45,155,-175.97286344368,nan,nan,nan,67.850098120183,0.014738372201448,nan,nan,20,2,2,106,0.023955783733389,0.023955783733389,-3.7315454922802,1,115
0.45,155,-175.97286344368,nan,nan,nan,67.850098120183,0.014738372201448,nan,nan,20,2,2,107,0.023631052362881,0.023631052362881,-3.7451936537398,1,115
0.45,155,-175.97286344368,nan,nan,nan,67.850098120183,0.014738372201448,nan,nan,20,2,2,108,0.023314385392205,0.023314385392205,-3.7586847101156,1,115
0.45,155,-175.97286344368,nan,nan,nan,67.850098120183,0.014738372201448,nan,nan,20,2,2,109,0.023002856778006,0.023002856778006,-3.7721368630267,1,115
0.45,155,-175.97286344368,nan,nan,nan,67.850098120183,0.014738372201448,nan,nan,20,2,2,110,0.02270074518508,0.02270074518508,-3.785357527497,1,115
0.45,155,-175.97286344368,nan,nan,nan,67.850098120183,0.014738372201448,nan,nan,20,2,2,111,0.022408180000912,0.022408180000912,-3.7983292081705,1,115
0.45,155,-175.97286344368,nan,nan,nan,67.850098120183,0.014738372201448,nan,nan,20,2,2,112,0.022122826485139,0.022122826485139,-3.8111453308736,1,115
0.45,155,-175.97286344368,nan,nan,nan,67.850098120183,0.014738372201448,nan,nan,20,2,2,113,0.021845185390466,0.021845185390466,-3.8237747299832,1,115
0.45,155,-175.97286344368,nan,nan,nan,67.850098120183,0.014738372201448,nan,nan,20,2,2,114,0.021576547259383,0.021576547259383,-3.8361483292013,1,115
0.45,155,-175.97286344368,nan,nan,nan,67.850098120183,0.014738372201448,nan,nan,20,2,2,115,0.021314687465454,0.021314687465454,-3.84835889153,1,115
0.5,155,-137.0300023216,nan,nan,nan,63.820434504025,0.015668962578701,nan,nan,20,2,2,1,0.11016854948747,0.11016854948747,-2.2057438178468,1,115
0.5,155,-137.0300023216,nan,nan,nan,63.820434504025,0.015668962578701,nan,nan,20,2,2,2,0.10822639421792,0.10822639421792,-2.2235300031506,1,115
0.5,155,-137.0300023216,nan,nan,nan,63.820434504025,0.015668962578701,nan,nan,20,2,2,3,0.10585238870937,0.10585238870937,-2.2457097147275,1,115
0.5,155,-137.0300023216,nan,nan,nan,63.820434504025,0.015668962578701,nan,nan,20,2,2,4,0.10336196829061,0.10336196829061,-2.2695181960699,1,115
0.5,155,-137.0300023216,nan,nan,nan,63.820434504025,0.015668962578701,nan,nan,20,2,2,5,0.10090037256157,0.10090037256157,-2.2936216592451,1,115
0.5,155,-137.0300023216,nan,nan,nan,63.820434504025,0.015668962578701,nan,nan,20,2,2,6,0.09855255015862,0.09855255015862,-2.3171653689184,1,115
0.5,155,-137.0300023216,nan,nan,nan,63.820434504025,0.015668962578701,nan,nan,20,2,2,7,0.096339484330595,0.096339484330595,-2.3398770303936,1,115
0.5,155,-137.0300023216,nan,nan,nan,63.820434504025,0.015668962578701,nan,nan,20,2,2,8,0.094279072286311,0.094279072286311,-2.3614960409466,1,115
0.5,155,-137.0300023216,nan,nan,nan,63.820434504025,0.015668962578701,nan,nan,20,2,2,9,0.092361693327829,0.092361693327829,-2.3820429606684,1,115
0.5,155,-137.0300023216,nan,nan,nan,63.820434504025,0.015668962578701,nan,nan,20,2,2,10,0.090573277270134,0.090573277270134,-2.4015960623086,1,115
0.5,155,-137.0300023216,nan,nan,nan,63.820434504025,0.015668962578701,nan,nan,20,2,2,11,0.088897386233118,0.088897386233118,-2.4202725380968,1,115
0.5,155,-137.0300023216,nan,nan,nan,63.820434504025,0.015668962578701,nan,nan,20,2,2,12,0.087318084658901,0.087318084658901,-2.4381976822764,1,115
0.5,155,-137.0300023216,nan,nan,nan,63.820434504025,0.015668962578701,nan,nan,20,2,2,13,0.085822915995414,0.085822915995414,-2.4554692219558,1,115
0.5,155,-137.0300023216,nan,nan,nan,63.820434504025,0.015668962578701,nan,nan,20,2,2,14,0.084412037918225,0.084412037918225,-2.472045258188,1,115
0.5,155,-137.0300023216,nan,nan,nan,63.820434504025,0.015668962578701,nan,nan,20,2,2,15,0.083052041194518,0.083052041194518,-2.4882878653258,1,115
0.5,155,-137.0300023216,nan,nan,nan,63.820434504025,0.015668962578701,nan,nan,20,2,2,16,0.081749135319607,0.081749135319607,-2.5041000463909,1,115
0.5,155,-137.0300023216,nan,nan,nan,63.820434504025,0.015668962578701,nan,nan,20,2,2,17,0.08048503840505,0.08048503840505,-2.5196839701538,1,115
0.5,155,-137.0300023216,nan,nan,nan,63.820434504025,0.015668962578701,nan,nan,20,2,2,18,0.079266883803423,0.079266883803423,-2.5349348440774,1,115
0.5,155,-137.0300023216,nan,nan,nan,63.820434504025,0.015668962578701,nan,nan,20,2,2,19,0.07807663246151,0.07807663246151,-2.5500644671426,1,115
0.5,155,-137.0300023216,nan,nan,nan,63.820434504025,0.015668962578701,nan,nan,20,2,2,20,0.076910794454067,0.076910794454067,-2.5651090423076,1,115
0.5,155,-137.0300023216,nan,nan,nan,63.820434504025,0.015668962578701,nan,nan,20,2,2,21,0.075769398216292,0.075769398216292,-2.5800607853128,1,115
0.5,155,-137.0300023216,nan,nan,nan,63.820434504025,0.015668962578701,nan,nan,20,2,2,22,0.074648491774482,0.074648491774482,-2.5949649591598,1,115
0.5,155,-137.0300023216,nan,nan,nan,63.820434504025,0.015668962578701,nan,nan,20,2,2,23,0.073541467183654,0.073541467183654,-2.6099058524832,1,115
0.5,155,-137.0300023216,nan,nan,nan,63.820434504025,0.015668962578701,nan,nan,20,2,2,24,0.07245814560045,0.07245814560045,-2.6247461858873,1,115
0.5,155,-137.0300023216,nan,nan,nan,63.820434504025,0.015668962578701,nan,nan,20,2,2,25,0.071394595364109,0.071394595364109,-2.6395331076822,1,115
0.5,155,-137.0300023216,nan,nan,nan,63.820434504025,0.015668962578701,nan,nan,20,2,2,26,0.070345438904231,0.070345438904231,-2.6543373318629,1,115
0.5,155,-137.0300023216,nan,nan,nan,63.820434504025,0.015668962578701,nan,nan,20,2,2,27,0.06930059028383,0.06930059028383,-2.6693018550184,1,115
0.5,155,-137.0300023216,nan,nan,nan,63.820434504025,0.015668962578701,nan,nan,20,2,2,28,0.068271984436995,0.068271984436995,-2.6842557804924,1,115
0.5,155,-137.0300023216,nan,nan,nan,63.820434504025,0.015668962578701,nan,nan,20,2,2,29,0.067253295807792,0.067253295807792,-2.6992892534067,1,115
0.5,155,-137.0300023216,nan,nan,nan,63.820434504025,0.015668962578701,nan,nan,20,2,2,30,0.066255614720245,0.066255614720245,-2.7142350672127,1,115
0.5,155,-137.0300023216,nan,nan,nan,63.820434504025,0.015668962578701,nan,nan,20,2,2,31,0.065255056193943,0.065255056193943,-2.7294517462192,1,115
0.5,155,-137.0300023216,nan,nan,nan,63.820434504025,0.015668962578701,nan,nan,20,2,2,32,0.064282850030067,0.064282850030067,-2.7444624013535,1,115
0.5,155,-137.0300023216,nan,nan,nan,63.820434504025,0.015668962578701,nan,nan,20,2,2,33,0.063314093490321,0.063314093490321,-2.7596473286373,1,115
0.5,155,-137.0300023216,nan,nan,nan,63.820434504025,0.015668962578701,nan,nan,20,2,2,34,0.062359926402569,0.062359926402569,-2.7748324149958,1,115
0.5,155,-137.0300023216,nan,nan,nan,63.820434504025,0.015668962578701,nan,nan,20,2,2,35,0.061412079179657,0.061412079179657,-2.7901487338673,1,115
0.5,155,-137.0300023216,nan,nan,nan,63.820434504025,0.015668962578701,nan,nan,20,2,2,36,0.060485677212074,0.060485677212074,-2.805348682269,1,115
0.5,155,-137.0300023216,nan,nan,nan,63.820434504025,0.015668962578701,nan,nan,20,2,2,37,0.059573446036533,0.059573446036533,-2.8205453404914,1,115
0.5,155,-137.0300023216,nan,nan,nan,63.820434504025,0.015668962578701,nan,nan,20,2,2,38,0.058678368693022,0.058678368693022,-2.8356841261445,1,115
0.5,155,-137.0300023216,nan,nan,nan,63.820434504025,0.015668962578701,nan,nan,20,2,2,39,0.057795839940715,0.057795839940715,-2.850838479238,1,115
0.5,155,-137.0300023216,nan,nan,nan,63.820434504025,0.015668962578701,nan,nan,20,2,2,40,0.056922537469004,0.056922537469004,-2.8660639271862,1,115
0.5,155,-137.0300023216,nan,nan,nan,63.820434504025,0.015668962578701,nan,nan,20,2,2,41,0.056053505412079,0.056053505412079,-2.8814485906153,1,115
0.5,155,-137.0300023216,nan,nan,nan,63.820434504025,0.015668962578701,nan,nan,20,2,2,42,0.055198699389185,0.055198699389185,-2.8968158877668,1,115
0.5,155,-137.0300023216,nan,nan,nan,63.820434504025,0.015668962578701,nan,nan,20,2,2,43,0.054351798137975,0.054351798137975,-2.9122775815468,1,115
0.5,155,-137.0300023216,nan,nan,nan,63.820434504025,0.015668962578701,nan,nan,20,2,2,44,0.05352355084181,0.05352355084181,-2.9276335192903,1,115
0.5,155,-137.0300023216,nan,nan,nan,63.820434504025,0.015668962578701,nan,nan,20,2,2,45,0.052702152399424,0.052702152399424,-2.943098981775,1,115
0.5,155,-137.0300023216,nan,nan,nan,63.820434504025,0.015668962578701,nan,nan,20,2,2,46,0.051895632020614,0.051895632020614,-2.9585206538046,1,115
0.5,155,-137.0300023216,nan,nan,nan,63.820434504025,0.015668962578701,nan,nan,20,2,2,47,0.051101638759437,0.051101638759437,-2.9739387126304,1,115
0.5,155,-137.0300023216,nan,nan,nan,63.820434504025,0.015668962578701,nan,nan,20,2,2,48,0.050320186352178,0.050320186352178,-2.9893489632546,1,115
0.5,155,-137.0300023216,nan,nan,nan,63.820434504025,0.015668962578701,nan,nan,20,2,2,49,0.049549674953532,0.049549674953532,-3.0047795781967,1,115
0.5,155,-137.0300023216,nan,nan,nan,63.820434504025,0.015668962578701,nan,nan,20,2,2,50,0.048793723924997,0.048793723924997,-3.0201535824881,1,115
0.5,155,-137.0300023216,nan,nan,nan,63.820434504025,0.015668962578701,nan,nan,20,2,2,51,0.048037043309532,0.048037043309532,-3.0357828300938,1,115
0.5,155,-137.0300023216,nan,nan,nan,63.820434504025,0.015668962578701,nan,nan,20,2,2,52,0.047287968625049,0.047287968625049,-3.0514993789468,1,115
0.5,155,-137.0300023216,nan,nan,nan,63.820434504025,0.015668962578701,nan,nan,20,2,2,53,0.046550103129343,0.046550103129343,-3.0672260598084,1,115
0.5,155,-137.0300023216,nan,nan,nan,63.820434504025,0.015668962578701,nan,nan,20,2,2,54,0.045815556304722,0.045815556304722,-3.0831315882241,1,115
0.5,155,-137.0300023216,nan,nan,nan,63.820434504025,0.015668962578701,nan,nan,20,2,2,55,0.045097767449075,0.045097767449075,-3.0989225359366,1,115
0.5,155,-137.0300023216,nan,nan,nan,63.820434504025,0.015668962578701,nan,nan,20,2,2,56,0.044384845266204,0.044384845266204,-3.1148571906411,1,115
0.5,155,-137.0300023216,nan,nan,nan,63.820434504025,0.015668962578701,nan,nan,20,2,2,57,0.043678616748071,0.043678616748071,-3.1308966159024,1,115
0.5,155,-137.0300023216,nan,nan,nan,63.820434504025,0.015668962578701,nan,nan,20,2,2,58,0.042982792369184,0.042982792369184,-3.1469554208418,1,115
0.5,155,-137.0300023216,nan,nan,nan,63.820434504025,0.015668962578701,nan,nan,20,2,2,59,0.042297283230247,0.042297283230247,-3.1630324212278,1,115
0.5,155,-137.0300023216,nan,nan,nan,63.820434504025,0.015668962578701,nan,nan,20,2,2,60,0.041621259921721,0.041621259921721,-3.1791441864489,1,115
0.5,155,-137.0300023216,nan,nan,nan,63.820434504025,0.015668962578701,nan,nan,20,2,2,61,0.040953724066559,0.040953724066559,-3.1953125310217,1,115
0.5,155,-137.0300023216,nan,nan,nan,63.820434504025,0.015668962578701,nan,nan,20,2,2,62,0.040293976986544,0.040293976986544,-3.2115532756271,1,115
0.5,155,-137.0300023216,nan,nan,nan,63.820434504025,0.015668962578701,nan,nan,20,2,2,63,0.039643760987881,0.039643760987881,-3.2278216954166,1,115
0.5,155,-137.0300023216,nan,nan,nan,63.820434504025,0.015668962578701,nan,nan,20,2,2,64,0.038995116685994,0.038995116685994,-3.244318853872,1,115
0.5,155,-137.0300023216,nan,nan,nan,63.820434504025,0.015668962578701,nan,nan,20,2,2,65,0.038355860106407,0.038355860106407,-3.2608479569388,1,115
0.5,155,-137.0300023216,nan,nan,nan,63.820434504025,0.015668962578701,nan,nan,20,2,2,66,0.037725702023089,0.037725702023089,-3.2774136655394,1,115
0.5,155,-137.0300023216,nan,nan,nan,63.820434504025,0.015668962578701,nan,nan,20,2,2,67,0.037108996713443,0.037108996713443,-3.2938958397522,1,115
0.5,155,-137.0300023216,nan,nan,nan,63.820434504025,0.015668962578701,nan,nan,20,2,2,68,0.036499909795696,0.036499909795696,-3.3104454897476,1,115
0.5,155,-137.0300023216,nan,nan,nan,63.820434504025,0.015668962578701,nan,nan,20,2,2,69,0.035898824678162,0.035898824678162,-3.3270507227937,1,115
0.5,155,-137.0300023216,nan,nan,nan,63.820434504025,0.015668962578701,nan,nan,20,2,2,70,0.035310078002669,0.035310078002669,-3.3435868599628,1,115
0.5,155,-137.0300023216,nan,nan,nan,63.820434504025,0.015668962578701,nan,nan,20,2,2,71,0.034730666104437,0.034730666104437,-3.3601322328985,1,115
0.5,155,-137.0300023216,nan,nan,nan,63.820434504025,0.015668962578701,nan,nan,20,2,2,72,0.034159931212206,0.034159931212206,-3.376701923758,1,115
0.5,155,-137.0300023216,nan,nan,nan,63.820434504025,0.015668962578701,nan,nan,20,2,2,73,0.033601278025691,0.033601278025691,-3.3931911762574,1,115
0.5,155,-137.0300023216,nan,nan,nan,63.820434504025,0.015668962578701,nan,nan,20,2,2,74,0.033052017138393,0.033052017138393,-3.4096726816152,1,115
0.5,155,-137.0300023216,nan,nan,nan,63.820434504025,0.015668962578701,nan,nan,20,2,2,75,0.0325135540186,0.0325135540186,-3.4260982298601,1,115
0.5,155,-137.0300023216,nan,nan,nan,63.820434504025,0.015668962578701,nan,nan,20,2,2,76,0.031984399153817,0.031984399153817,-3.4425070215053,1,115
0.5,155,-137.0300023216,nan,nan,nan,63.820434504025,0.015668962578701,nan,nan,20,2,2,77,0.031465953599587,0.031465953599587,-3.4588491557856,1,115
0.5,155,-137.0300023216,nan,nan,nan,63.820434504025,0.015668962578701,nan,nan,20,2,2,78,0.030957585164359,0.030957585164359,-3.4751372318699,1,115
0.5,155,-137.0300023216,nan,nan,nan,63.820434504025,0.015668962578701,nan,nan,20,2,2,79,0.030461535298788,0.030461535298788,-3.4912905290169,1,115
0.5,155,-137.0300023216,nan,nan,nan,63.820434504025,0.015668962578701,nan,nan,20,2,2,80,0.029975262813696,0.029975262813696,-3.507382810344,1,115
0.5,155,-137.0300023216,nan,nan,nan,63.820434504025,0.015668962578701,nan,nan,20,2,2,81,0.029499383019194,0.029499383019194,-3.5233859304587,1,115
0.5,155,-137.0300023216,nan,nan,nan,63.820434504025,0.015668962578701,nan,nan,20,2,2,82,0.029035380403758,0.029035380403758,-3.5392401786852,1,115
0.5,155,-137.0300023216,nan,nan,nan,63.820434504025,0.015668962578701,nan,nan,20,2,2,83,0.02858245265015,0.02858245265015,-3.5549622931523,1,115
0.5,155,-137.0300023216,nan,nan,nan,63.820434504025,0.015668962578701,nan,nan,20,2,2,84,0.028140143445875,0.028140143445875,-3.5705581297298,1,115
0.5,155,-137.0300023216,nan,nan,nan,63.820434504025,0.015668962578701,nan,nan,20,2,2,85,0.027707839100877,0.027707839100877,-3.5860399057941,1,115
0.5,155,-137.0300023216,nan,nan,nan,63.820434504025,0.015668962578701,nan,nan,20,2,2,86,0.027281577966294,0.027281577966294,-3.6015436043405,1,115
0.5,155,-137.0300023216,nan,nan,nan,63.820434504025,0.015668962578701,nan,nan,20,2,2,87,0.026868001305722,0.026868001305722,-3.6168192429799,1,115
0.5,155,-137.0300023216,nan,nan,nan,63.820434504025,0.015668962578701,nan,nan,20,2,2,88,0.026462247311331,0.026462247311331,-3.6320361915009,1,115
0.5,155,-137.0300023216,nan,nan,nan,63.820434504025,0.015668962578701,nan,nan,20,2,2,89,0.026066748353732,0.026066748353732,-3.647094786329,1,115
0.5,155,-137.0300023216,nan,nan,nan,63.820434504025,0.015668962578701,nan,nan,20,2,2,90,0.025676834583109,0.025676834583109,-3.6621660716556,1,115
0.5,155,-137.0300023216,nan,nan,nan,63.820434504025,0.015668962578701,nan,nan,20,2,2,91,0.025297087364562,0.025297087364562,-3.6770660138063,1,115
0.5,155,-137.0300023216,nan,nan,nan,63.820434504025,0.015668962578701,nan,nan,20,2,2,92,0.024923369693738,0.024923369693738,-3.6919493737494,1,115
0.5,155,-137.0300023216,nan,nan,nan,63.820434504025,0.015668962578701,nan,nan,20,2,2,93,0.024557974041291,0.024557974041291,-3.7067186692812,1,115
0.5,155,-137.0300023216,nan,nan,nan,63.820434504025,0.015668962578701,nan,nan,20,2,2,94,0.024199174275803,0.024199174275803,-3.7214367672362,1,115
0.5,155,-137.0300023216,nan,nan,nan,63.820434504025,0.015668962578701,nan,nan,20,2,2,95,0.023848135472961,0.023848135472961,-3.7360492419381,1,115
0.5,155,-137.0300023216,nan,nan,nan,63.820434504025,0.015668962578701,nan,nan,20,2,2,96,0.02350485339691,0.02350485339691,-3.7505483516278,1,115
0.5,155,-137.0300023216,nan,nan,nan,63.820434504025,0.015668962578701,nan,nan,20,2,2,97,0.023166545752759,0.023166545752759,-3.7650460343985,1,115
0.5,155,-137.0300023216,nan,nan,nan,63.820434504025,0.015668962578701,nan,nan,20,2,2,98,0.022833967080743,0.022833967080743,-3.7795060674062,1,115
0.5,155,-137.0300023216,nan,nan,nan,63.820434504025,0.015668962578701,nan,nan,20,2,2,99,0.022507194430459,0.022507194430459,-3.7939202684168,1,115
0.5,155,-137.0300023216,nan,nan,nan,63.820434504025,0.015668962578701,nan,nan,20,2,2,100,0.022187834340877,0.022187834340877,-3.8082111429754,1,115
0.5,155,-137.0300023216,nan,nan,nan,63.820434504025,0.015668962578701,nan,nan,20,2,2,101,0.021874876266424,0.021874876266424,-3.8224165031465,1,115
0.5,155,-137.0300023216,nan,nan,nan,63.820434504025,0.015668962578701,nan,nan,20,2,2,102,0.021567582361303,0.021567582361303,-3.8365639082517,1,115
0.5,155,-137.0300023216,nan,nan,nan,63.820434504025,0.015668962578701,nan,nan,20,2,2,103,0.021267328532462,0.021267328532462,-3.8505832555677,1,115
0.5,155,-137.0300023216,nan,nan,nan,63.820434504025,0.015668962578701,nan,nan,20,2,2,104,0.020974883638423,0.020974883638423,-3.864429574276,1,115
0.5,155,-137.0300023216,nan,nan,nan,63.820434504025,0.015668962578701,nan,nan,20,2,2,105,0.020690361757097,0.020690361757097,-3.8780873027426,1,115
0.5,155,-137.0300023216,nan,nan,nan,63.820434504025,0.015668962578701,nan,nan,20,2,2,106,0.020414269617228,0.020414269617228,-3.8915211316212,1,115
0.5,155,-137.0300023216,nan,nan,nan,63.820434504025,0.015668962578701,nan,nan,20,2,2,107,0.020144431010163,0.020144431010163,-3.9048274054553,1,115
0.5,155,-137.0300023216,nan,nan,nan,63.820434504025,0.015668962578701,nan,nan,20,2,2,108,0.019884849939542,0.019884849939542,-3.9177971467657,1,115
0.5,155,-137.0300023216,nan,nan,nan,63.820434504025,0.015668962578701,nan,nan,20,2,2,109,0.019632178637352,0.019632178637352,-3.9305852917604,1,115
0.5,155,-137.0300023216,nan,nan,nan,63.820434504025,0.015668962578701,nan,nan,20,2,2,110,0.019386951678043,0.019386951678043,-3.9431550331209,1,115
0.5,155,-137.0300023216,nan,nan,nan,63.820434504025,0.015668962578701,nan,nan,20,2,2,111,0.019148165496808,0.019148165496808,-3.9555483644556,1,115
0.5,155,-137.0300023216,nan,nan,nan,63.820434504025,0.015668962578701,nan,nan,20,2,2,112,0.018915533601056,0.018915533601056,-3.9677718108242,1,115
0.5,155,-137.0300023216,nan,nan,nan,63.820434504025,0.015668962578701,nan,nan,20,2,2,113,0.018688928378472,0.018688928378472,-3.9798239957838,1,115
0.5,155,-137.0300023216,nan,nan,nan,63.820434504025,0.015668962578701,nan,nan,20,2,2,114,0.01846646583189,0.01846646583189,-3.9917988494855,1,115
0.5,155,-137.0300023216,nan,nan,nan,63.820434504025,0.015668962578701,nan,nan,20,2,2,115,0.018249007898915,0.018249007898915,-4.0036445621346,1,115
0.55,155,-107.44174956948,nan,nan,nan,62.486940842789,0.01600334384293,nan,nan,20,2,2,1,0.10929783029149,0.10929783029149,-2.2136787349437,1,115
0.55,155,-107.44174956948,nan,nan,nan,62.486940842789,0.01600334384293,nan,nan,20,2,2,2,0.10591926264947,0.10591926264947,-2.2450781482086,1,115
0.55,155,-107.44174956948,nan,nan,nan,62.486940842789,0.01600334384293,nan,nan,20,2,2,3,0.10207144673264,0.10207144673264,-2.2820822527411,1,115
0.55,155,-107.44174956948,nan,nan,nan,62.486940842789,0.01600334384293,nan,nan,20,2,2,4,0.098252056623886,0.098252056623886,-2.3202190958932,1,115
0.55,155,-107.44174956948,nan,nan,nan,62.486940842789,0.01600334384293,nan,nan,20,2,2,5,0.094668089834471,0.094668089834471,-2.3573782961393,1,115
0.55,155,-107.44174956948,nan,nan,nan,62.486940842789,0.01600334384293,nan,nan,20,2,2,6,0.091383794292561,0.091383794292561,-2.3926871215755,1,115
0.55,155,-107.44174956948,nan,nan,nan,62.486940842789,0.01600334384293,nan,nan,20,2,2,7,0.088408134285934,0.088408134285934,-2.4257912967626,1,115
0.55,155,-107.44174956948,nan,nan,nan,62.486940842789,0.01600334384293,nan,nan,20,2,2,8,0.085711103149999,0.085711103149999,-2.4567729034273,1,115
0.55,155,-107.44174956948,nan,nan,nan,62.486940842789,0.01600334384293,nan,nan,20,2,2,9,0.083266209356932,0.083266209356932,-2.4857124620844,1,115
0.55,155,-107.44174956948,nan,nan,nan,62.486940842789,0.01600334384293,nan,nan,20,2,2,10,0.081030927372315,0.081030927372315,-2.5129243777729,1,115
0.55,155,-107.44174956948,nan,nan,nan,62.486940842789,0.01600334384293,nan,nan,20,2,2,11,0.078985681873231,0.078985681873231,-2.5384886850525,1,115
0.55,155,-107.44174956948,nan,nan,nan,62.486940842789,0.01600334384293,nan,nan,20,2,2,12,0.077092656089908,0.077092656089908,-2.5627472547018,1,115
0.55,155,-107.44174956948,nan,nan,nan,62.486940842789,0.01600334384293,nan,nan,20,2,2,13,0.075346173943978,0.075346173943978,-2.5856621323192,1,115
0.55,155,-107.44174956948,nan,nan,nan,62.486940842789,0.01600334384293,nan,nan,20,2,2,14,0.073712499173516,0.073712499173516,-2.6075828988678,1,115
0.55,155,-107.44174956948,nan,nan,nan,62.486940842789,0.01600334384293,nan,nan,20,2,2,15,0.072186470976087,0.072186470976087,-2.6285026332443,1,115
0.55,155,-107.44174956948,nan,nan,nan,62.486940842789,0.01600334384293,nan,nan,20,2,2,16,0.070740152856177,0.070740152856177,-2.6487419343904,1,115
0.55,155,-107.44174956948,nan,nan,nan,62.486940842789,0.01600334384293,nan,nan,20,2,2,17,0.06937637603239,0.06937637603239,-2.6682088724111,1,115
0.55,155,-107.44174956948,nan,nan,nan,62.486940842789,0.01600334384293,nan,nan,20,2,2,18,0.068071803955807,0.068071803955807,-2.6871921903925,1,115
0.55,155,-107.44174956948,nan,nan,nan,62.486940842789,0.01600334384293,nan,nan,20,2,2,19,0.066834804071187,0.066834804071187,-2.7055313150931,1,115
0.55,155,-107.44174956948,nan,nan,nan,62.486940842789,0.01600334384293,nan,nan,20,2,2,20,0.065642664462464,0.065642664462464,-2.7235294215295,1,115
0.55,155,-107.44174956948,nan,nan,nan,62.486940842789,0.01600334384293,nan,nan,20,2,2,21,0.064497473850839,0.064497473850839,-2.7411292210506,1,115
0.55,155,-107.44174956948,nan,nan,nan,62.486940842789,0.01600334384293,nan,nan,20,2,2,22,0.063400253604137,0.063400253604137,-2.7582874174817,1,115
0.55,155,-107.44174956948,nan,nan,nan,62.486940842789,0.01600334384293,nan,nan,20,2,2,23,0.062331836337527,0.062331836337527,-2.7752829670596,1,115
0.55,155,-107.44174956948,nan,nan,nan,62.486940842789,0.01600334384293,nan,nan,20,2,2,24,0.06129907676876,0.06129907676876,-2.7919904970219,1,115
0.55,155,-107.44174956948,nan,nan,nan,62.486940842789,0.01600334384293,nan,nan,20,2,2,25,0.060291781951387,0.060291781951387,-2.8085594705834,1,115
0.55,155,-107.44174956948,nan,nan,nan,62.486940842789,0.01600334384293,nan,nan,20,2,2,26,0.059316094898382,0.059316094898382,-2.8248745949923,1,115
0.55,155,-107.44174956948,nan,nan,nan,62.486940842789,0.01600334384293,nan,nan,20,2,2,27,0.058360750425589,0.058360750425589,-2.8411116968497,1,115
0.55,155,-107.44174956948,nan,nan,nan,62.486940842789,0.01600334384293,nan,nan,20,2,2,28,0.057429927718541,0.057429927718541,-2.8571897227078,1,115
0.55,155,-107.44174956948,nan,nan,nan,62.486940842789,0.01600334384293,nan,nan,20,2,2,29,0.056519571189658,0.056519571189658,-2.8731683080725,1,115
0.55,155,-107.44174956948,nan,nan,nan,62.486940842789,0.01600334384293,nan,nan,20,2,2,30,0.055630947383553,0.055630947383553,-2.8890156249563,1,115
0.55,155,-107.44174956948,nan,nan,nan,62.486940842789,0.01600334384293,nan,nan,20,2,2,31,0.054758736907836,0.054758736907836,-2.9048183447915,1,115
0.55,155,-107.44174956948,nan,nan,nan,62.486940842789,0.01600334384293,nan,nan,20,2,2,32,0.053901316121699,0.053901316121699,-2.920600383523,1,115
0.55,155,-107.44174956948,nan,nan,nan,62.486940842789,0.01600334384293,nan,nan,20,2,2,33,0.053058135269771,0.053058135269771,-2.9363670746939,1,115
0.55,155,-107.44174956948,nan,nan,nan,62.486940842789,0.01600334384293,nan,nan,20,2,2,34,0.052233666570241,0.052233666570241,-2.9520280385337,1,115
0.55,155,-107.44174956948,nan,nan,nan,62.486940842789,0.01600334384293,nan,nan,20,2,2,35,0.051420881235006,0.051420881235006,-2.9677109393098,1,115
0.55,155,-107.44174956948,nan,nan,nan,62.486940842789,0.01600334384293,nan,nan,20,2,2,36,0.050618891581276,0.050618891581276,-2.9834304209584,1,115
0.55,155,-107.44174956948,nan,nan,nan,62.486940842789,0.01600334384293,nan,nan,20,2,2,37,0.049837079810207,0.049837079810207,-2.9989959975075,1,115
0.55,155,-107.44174956948,nan,nan,nan,62.486940842789,0.01600334384293,nan,nan,20,2,2,38,0.049065992659971,0.049065992659971,-3.0145890979993,1,115
0.55,155,-107.44174956948,nan,nan,nan,62.486940842789,0.01600334384293,nan,nan,20,2,2,39,0.048305099809416,0.048305099809416,-3.0302181377812,1,115
0.55,155,-107.44174956948,nan,nan,nan,62.486940842789,0.01600334384293,nan,nan,20,2,2,40,0.047559164098713,0.047559164098713,-3.0457807830349,1,115
0.55,155,-107.44174956948,nan,nan,nan,62.486940842789,0.01600334384293,nan,nan,20,2,2,41,0.046829673479462,0.046829673479462,-3.061238228276,1,115
0.55,155,-107.44174956948,nan,nan,nan,62.486940842789,0.01600334384293,nan,nan,20,2,2,42,0.046105350963517,0.046105350963517,-3.0768262627542,1,115
0.55,155,-107.44174956948,nan,nan,nan,62.486940842789,0.01600334384293,nan,nan,20,2,2,43,0.045394772070001,0.045394772070001,-3.0923583332085,1,115
0.55,155,-107.44174956948,nan,nan,nan,62.486940842789,0.01600334384293,nan,nan,20,2,2,44,0.044693326982277,0.044693326982277,-3.1079310730195,1,115
0.55,155,-107.44174956948,nan,nan,nan,62.486940842789,0.01600334384293,nan,nan,20,2,2,45,0.044005495454176,0.044005495454176,-3.123440756177,1,115
0.55,155,-107.44174956948,nan,nan,nan,62.486940842789,0.01600334384293,nan,nan,20,2,2,46,0.043326668365322,0.043326668365322,-3.1389869359783,1,115
0.55,155,-107.44174956948,nan,nan,nan,62.486940842789,0.01600334384293,nan,nan,20,2,2,47,0.042659797703959,0.042659797703959,-3.1544983080046,1,115
0.55,155,-107.44174956948,nan,nan,nan,62.486940842789,0.01600334384293,nan,nan,20,2,2,48,0.041998836160967,0.041998836160967,-3.1701133715359,1,115
0.55,155,-107.44174956948,nan,nan,nan,62.486940842789,0.01600334384293,nan,nan,20,2,2,49,0.041349095855614,0.041349095855614,-3.1857047233956,1,115
0.55,155,-107.44174956948,nan,nan,nan,62.486940842789,0.01600334384293,nan,nan,20,2,2,50,0.040706052678099,0.040706052678099,-3.2013784831409,1,115
0.55,155,-107.44174956948,nan,nan,nan,62.486940842789,0.01600334384293,nan,nan,20,2,2,51,0.040071064610341,0.040071064610341,-3.2171007859238,1,115
0.55,155,-107.44174956948,nan,nan,nan,62.486940842789,0.01600334384293,nan,nan,20,2,2,52,0.039441950618777,0.039441950618777,-3.232925292591,1,115
0.55,155,-107.44174956948,nan,nan,nan,62.486940842789,0.01600334384293,nan,nan,20,2,2,53,0.038825212940921,0.038825212940921,-3.2486854253283,1,115
0.55,155,-107.44174956948,nan,nan,nan,62.486940842789,0.01600334384293,nan,nan,20,2,2,54,0.038211355417775,0.038211355417775,-3.2646225452979,1,115
0.55,155,-107.44174956948,nan,nan,nan,62.486940842789,0.01600334384293,nan,nan,20,2,2,55,0.037602016679982,0.037602016679982,-3.2806975949187,1,115
0.55,155,-107.44174956948,nan,nan,nan,62.486940842789,0.01600334384293,nan,nan,20,2,2,56,0.037001066616793,0.037001066616793,-3.2968085392725,1,115
0.55,155,-107.44174956948,nan,nan,nan,62.486940842789,0.01600334384293,nan,nan,20,2,2,57,0.036402973787721,0.036402973787721,-3.3131048102116,1,115
0.55,155,-107.44174956948,nan,nan,nan,62.486940842789,0.01600334384293,nan,nan,20,2,2,58,0.035815386694435,0.035815386694435,-3.3293776819774,1,115
0.55,155,-107.44174956948,nan,nan,nan,62.486940842789,0.01600334384293,nan,nan,20,2,2,59,0.035231594007763,0.035231594007763,-3.3458120419028,1,115
0.55,155,-107.44174956948,nan,nan,nan,62.486940842789,0.01600334384293,nan,nan,20,2,2,60,0.034654735320467,0.034654735320467,-3.3623209011982,1,115
0.55,155,-107.44174956948,nan,nan,nan,62.486940842789,0.01600334384293,nan,nan,20,2,2,61,0.034085389679187,0.034085389679187,-3.3788864416616,1,115
0.55,155,-107.44174956948,nan,nan,nan,62.486940842789,0.01600334384293,nan,nan,20,2,2,62,0.033526438273187,0.033526438273187,-3.3954209492227,1,115
0.55,155,-107.44174956948,nan,nan,nan,62.486940842789,0.01600334384293,nan,nan,20,2,2,63,0.032970757772,0.032970757772,-3.4121342384805,1,115
0.55,155,-107.44174956948,nan,nan,nan,62.486940842789,0.01600334384293,nan,nan,20,2,2,64,0.032424303547892,0.032424303547892,-3.4288470278725,1,115
0.55,155,-107.44174956948,nan,nan,nan,62.486940842789,0.01600334384293,nan,nan,20,2,2,65,0.031884064071549,0.031884064071549,-3.4456489528981,1,115
0.55,155,-107.44174956948,nan,nan,nan,62.486940842789,0.01600334384293,nan,nan,20,2,2,66,0.031355178802699,0.031355178802699,-3.4623758324775,1,115
0.55,155,-107.44174956948,nan,nan,nan,62.486940842789,0.01600334384293,nan,nan,20,2,2,67,0.030833371210447,0.030833371210447,-3.4791576946857,1,115
0.55,155,-107.44174956948,nan,nan,nan,62.486940842789,0.01600334384293,nan,nan,20,2,2,68,0.030326201801333,0.030326201801333,-3.4957431942256,1,115
0.55,155,-107.44174956948,nan,nan,nan,62.486940842789,0.01600334384293,nan,nan,20,2,2,69,0.029824476106994,0.029824476106994,-3.5124258767184,1,115
0.55,155,-107.44174956948,nan,nan,nan,62.486940842789,0.01600334384293,nan,nan,20,2,2,70,0.029336277792503,0.029336277792503,-3.5289303789198,1,115
0.55,155,-107.44174956948,nan,nan,nan,62.486940842789,0.01600334384293,nan,nan,20,2,2,71,0.028855647285836,0.028855647285836,-3.5454495587078,1,115
0.55,155,-107.44174956948,nan,nan,nan,62.486940842789,0.01600334384293,nan,nan,20,2,2,72,0.02838930951032,0.02838930951032,-3.5617426303739,1,115
0.55,155,-107.44174956948,nan,nan,nan,62.486940842789,0.01600334384293,nan,nan,20,2,2,73,0.02793213442877,0.02793213442877,-3.5779774812944,1,115
0.55,155,-107.44174956948,nan,nan,nan,62.486940842789,0.01600334384293,nan,nan,20,2,2,74,0.027486786659278,0.027486786659278,-3.5940498748967,1,115
0.55,155,-107.44174956948,nan,nan,nan,62.486940842789,0.01600334384293,nan,nan,20,2,2,75,0.027052947148341,0.027052947148341,-3.6099593277449,1,115
0.55,155,-107.44174956948,nan,nan,nan,62.486940842789,0.01600334384293,nan,nan,20,2,2,76,0.026631213077056,0.026631213077056,-3.6256713271688,1,115
0.55,155,-107.44174956948,nan,nan,nan,62.486940842789,0.01600334384293,nan,nan,20,2,2,77,0.02621923706392,0.02621923706392,-3.6412618985558,1,115
0.55,155,-107.44174956948,nan,nan,nan,62.486940842789,0.01600334384293,nan,nan,20,2,2,78,0.025821209569853,0.025821209569853,-3.6565590484233,1,115
0.55,155,-107.44174956948,nan,nan,nan,62.486940842789,0.01600334384293,nan,nan,20,2,2,79,0.025429516005676,0.025429516005676,-3.6718447321447,1,115
0.55,155,-107.44174956948,nan,nan,nan,62.486940842789,0.01600334384293,nan,nan,20,2,2,80,0.025049889566028,0.025049889566028,-3.6868858600028,1,115
0.55,155,-107.44174956948,nan,nan,nan,62.486940842789,0.01600334384293,nan,nan,20,2,2,81,0.024678874564363,0.024678874564363,-3.7018076821045,1,115
0.55,155,-107.44174956948,nan,nan,nan,62.486940842789,0.01600334384293,nan,nan,20,2,2,82,0.024317294454336,0.024317294454336,-3.7165674758385,1,115
0.55,155,-107.44174956948,nan,nan,nan,62.486940842789,0.01600334384293,nan,nan,20,2,2,83,0.023964610985065,0.023964610985065,-3.7311770791305,1,115
0.55,155,-107.44174956948,nan,nan,nan,62.486940842789,0.01600334384293,nan,nan,20,2,2,84,0.023619889949671,0.023619889949671,-3.7456661274249,1,115
0.55,155,-107.44174956948,nan,nan,nan,62.486940842789,0.01600334384293,nan,nan,20,2,2,85,0.023283186375414,0.023283186375414,-3.7600237936888,1,115
0.55,155,-107.44174956948,nan,nan,nan,62.486940842789,0.01600334384293,nan,nan,20,2,2,86,0.02295527064471,0.02295527064471,-3.7742077111213,1,115
0.55,155,-107.44174956948,nan,nan,nan,62.486940842789,0.01600334384293,nan,nan,20,2,2,87,0.022635460920709,0.022635460920709,-3.7882375351158,1,115
0.55,155,-107.44174956948,nan,nan,nan,62.486940842789,0.01600334384293,nan,nan,20,2,2,88,0.0223227055245,0.0223227055245,-3.8021509335596,1,115
0.55,155,-107.44174956948,nan,nan,nan,62.486940842789,0.01600334384293,nan,nan,20,2,2,89,0.022019218896372,0.022019218896372,-3.8158396207795,1,115
0.55,155,-107.44174956948,nan,nan,nan,62.486940842789,0.01600334384293,nan,nan,20,2,2,90,0.021721704720291,0.021721704720291,-3.829443300795,1,115
0.55,155,-107.44174956948,nan,nan,nan,62.486940842789,0.01600334384293,nan,nan,20,2,2,91,0.021432504263916,0.021432504263916,-3.8428466184651,1,115
0.55,155,-107.44174956948,nan,nan,nan,62.486940842789,0.01600334384293,nan,nan,20,2,2,92,0.021149642173894,0.021149642173894,-3.856132292125,1,115
0.55,155,-107.44174956948,nan,nan,nan,62.486940842789,0.01600334384293,nan,nan,20,2,2,93,0.020873538615511,0.020873538615511,-3.8692730171383,1,115
0.55,155,-107.44174956948,nan,nan,nan,62.486940842789,0.01600334384293,nan,nan,20,2,2,94,0.020603810641758,0.020603810641758,-3.8822792376842,1,115
0.55,155,-107.44174956948,nan,nan,nan,62.486940842789,0.01600334384293,nan,nan,20,2,2,95,0.020341335082558,0.020341335082558,-3.8951002522386,1,115
0.55,155,-107.44174956948,nan,nan,nan,62.486940842789,0.01600334384293,nan,nan,20,2,2,96,0.020083742842479,0.020083742842479,-3.9078446049905,1,115
0.55,155,-107.44174956948,nan,nan,nan,62.486940842789,0.01600334384293,nan,nan,20,2,2,97,0.019832343907724,0.019832343907724,-3.9204411433486,1,115
0.55,155,-107.44174956948,nan,nan,nan,62.486940842789,0.01600334384293,nan,nan,20,2,2,98,0.019585478504048,0.019585478504048,-3.9329668799929,1,115
0.55,155,-107.44174956948,nan,nan,nan,62.486940842789,0.01600334384293,nan,nan,20,2,2,99,0.019343709379457,0.019343709379457,-3.9453880090306,1,115
0.55,155,-107.44174956948,nan,nan,nan,62.486940842789,0.01600334384293,nan,nan,20,2,2,100,0.019106454147374,0.019106454147374,-3.9577290875344,1,115
0.55,155,-107.44174956948,nan,nan,nan,62.486940842789,0.01600334384293,nan,nan,20,2,2,101,0.018873060384174,0.018873060384174,-3.9700197502307,1,115
0.55,155,-107.44174956948,nan,nan,nan,62.486940842789,0.01600334384293,nan,nan,20,2,2,102,0.018643429691422,0.018643429691422,-3.982261490329,1,115
0.55,155,-107.44174956948,nan,nan,nan,62.486940842789,0.01600334384293,nan,nan,20,2,2,103,0.018417326773377,0.018417326773377,-3.9944633849964,1,115
0.55,155,-107.44174956948,nan,nan,nan,62.486940842789,0.01600334384293,nan,nan,20,2,2,104,0.01819416100701,0.01819416100701,-4.006654560165,1,115
0.55,155,-107.44174956948,nan,nan,nan,62.486940842789,0.01600334384293,nan,nan,20,2,2,105,0.017974732891672,0.017974732891672,-4.0187882354758,1,115
0.55,155,-107.44174956948,nan,nan,nan,62.486940842789,0.01600334384293,nan,nan,20,2,2,106,0.017757882777464,0.017757882777464,-4.0309257615052,1,115
0.55,155,-107.44174956948,nan,nan,nan,62.486940842789,0.01600334384293,nan,nan,20,2,2,107,0.017543387177403,0.017543387177403,-4.0430781990852,1,115
0.55,155,-107.44174956948,nan,nan,nan,62.486940842789,0.01600334384293,nan,nan,20,2,2,108,0.017331245612964,0.017331245612964,-4.0552443017289,1,115
0.55,155,-107.44174956948,nan,nan,nan,62.486940842789,0.01600334384293,nan,nan,20,2,2,109,0.017121638004347,0.017121638004347,-4.0674122350214,1,115
0.55,155,-107.44174956948,nan,nan,nan,62.486940842789,0.01600334384293,nan,nan,20,2,2,110,0.016913556332319,0.016913556332319,-4.079639828762,1,115
0.55,155,-107.44174956948,nan,nan,nan,62.486940842789,0.01600334384293,nan,nan,20,2,2,111,0.016707093951693,0.016707093951693,-4.0919218622296,1,115
0.55,155,-107.44174956948,nan,nan,nan,62.486940842789,0.01600334384293,nan,nan,20,2,2,112,0.016501968374563,0.016501968374563,-4.1042756097626,1,115
0.55,155,-107.44174956948,nan,nan,nan,62.486940842789,0.01600334384293,nan,nan,20,2,2,113,0.016297898397869,0.016297898397869,-4.116719112128,1,115
0.55,155,-107.44174956948,nan,nan,nan,62.486940842789,0.01600334384293,nan,nan,20,2,2,114,0.016094586214279,0.016094586214279,-4.1292723235224,1,115
0.55,155,-107.44174956948,nan,nan,nan,62.486940842789,0.01600334384293,nan,nan,20,2,2,115,0.015891379277745,0.015891379277745,-4.1419785005804,1,115
0.6,155,-84.325866136865,nan,nan,nan,45.768663980482,0.02184901006563,nan,nan,20,2,2,1,0.10779915435518,0.10779915435518,-2.2274854651096,1,115
0.6,155,-84.325866136865,nan,nan,nan,45.768663980482,0.02184901006563,nan,nan,20,2,2,2,0.10209358189439,0.10209358189439,-2.2818654167629,1,115
0.6,155,-84.325866136865,nan,nan,nan,45.768663980482,0.02184901006563,nan,nan,20,2,2,3,0.096064269834931,0.096064269834931,-2.3427378340672,1,115
0.6,155,-84.325866136865,nan,nan,nan,45.768663980482,0.02184901006563,nan,nan,20,2,2,4,0.090427463477098,0.090427463477098,-2.4032072581963,1,115
0.6,155,-84.325866136865,nan,nan,nan,45.768663980482,0.02184901006563,nan,nan,20,2,2,5,0.085383021135675,0.085383021135675,-2.4606080136956,1,115
0.6,155,-84.325866136865,nan,nan,nan,45.768663980482,0.02184901006563,nan,nan,20,2,2,6,0.080929920965278,0.080929920965278,-2.5141716720563,1,115
0.6,155,-84.325866136865,nan,nan,nan,45.768663980482,0.02184901006563,nan,nan,20,2,2,7,0.07700114286646,0.07700114286646,-2.563935014817,1,115
0.6,155,-84.325866136865,nan,nan,nan,45.768663980482,0.02184901006563,nan,nan,20,2,2,8,0.073517624960367,0.073517624960367,-2.6102301061305,1,115
0.6,155,-84.325866136865,nan,nan,nan,45.768663980482,0.02184901006563,nan,nan,20,2,2,9,0.070406516410945,0.070406516410945,-2.6534694574463,1,115
0.6,155,-84.325866136865,nan,nan,nan,45.768663980482,0.02184901006563,nan,nan,20,2,2,10,0.067606508961108,0.067606508961108,-2.6940510141615,1,115
0.6,155,-84.325866136865,nan,nan,nan,45.768663980482,0.02184901006563,nan,nan,20,2,2,11,0.065067277089414,0.065067277089414,-2.7323335122181,1,115
0.6,155,-84.325866136865,nan,nan,nan,45.768663980482,0.02184901006563,nan,nan,20,2,2,12,0.062748503321697,0.062748503321697,-2.7686205527018,1,115
0.6,155,-84.325866136865,nan,nan,nan,45.768663980482,0.02184901006563,nan,nan,20,2,2,13,0.060617524605316,0.060617524605316,-2.8031712428066,1,115
0.6,155,-84.325866136865,nan,nan,nan,45.768663980482,0.02184901006563,nan,nan,20,2,2,14,0.058648104735953,0.058648104735953,-2.8362000192223,1,115
0.6,155,-84.325866136865,nan,nan,nan,45.768663980482,0.02184901006563,nan,nan,20,2,2,15,0.056818978515941,0.056818978515941,-2.8678848802619,1,115
0.6,155,-84.325866136865,nan,nan,nan,45.768663980482,0.02184901006563,nan,nan,20,2,2,16,0.05511236865885,0.05511236865885,-2.8983811114472,1,115
0.6,155,-84.325866136865,nan,nan,nan,45.768663980482,0.02184901006563,nan,nan,20,2,2,17,0.053514240853576,0.053514240853576,-2.9278074763219,1,115
0.6,155,-84.325866136865,nan,nan,nan,45.768663980482,0.02184901006563,nan,nan,20,2,2,18,0.052012432571465,0.052012432571465,-2.9562725010649,1,115
0.6,155,-84.325866136865,nan,nan,nan,45.768663980482,0.02184901006563,nan,nan,20,2,2,19,0.050596757923983,0.050596757923983,-2.98386777739,1,115
0.6,155,-84.325866136865,nan,nan,nan,45.768663980482,0.02184901006563,nan,nan,20,2,2,20,0.049258495843871,0.049258495843871,-3.0106734217971,1,115
0.6,155,-84.325866136865,nan,nan,nan,45.768663980482,0.02184901006563,nan,nan,20,2,2,21,0.047990826586342,0.047990826586342,-3.0367453991232,1,115
0.6,155,-84.325866136865,nan,nan,nan,45.768663980482,0.02184901006563,nan,nan,20,2,2,22,0.046786285104265,0.046786285104265,-3.0621651723347,1,115
0.6,155,-84.325866136865,nan,nan,nan,45.768663980482,0.02184901006563,nan,nan,20,2,2,23,0.045640122812461,0.045640122812461,-3.0869680630966,1,115
0.6,155,-84.325866136865,nan,nan,nan,45.768663980482,0.02184901006563,nan,nan,20,2,2,24,0.044547698228291,0.044547698228291,-3.1111947935541,1,115
0.6,155,-84.325866136865,nan,nan,nan,45.768663980482,0.02184901006563,nan,nan,20,2,2,25,0.043503967469739,0.043503967469739,-3.1349031388456,1,115
0.6,155,-84.325866136865,nan,nan,nan,45.768663980482,0.02184901006563,nan,nan,20,2,2,26,0.042505252150632,0.042505252150632,-3.1581276306723,1,115
0.6,155,-84.325866136865,nan,nan,nan,45.768663980482,0.02184901006563,nan,nan,20,2,2,27,0.04155070758342,0.04155070758342,-3.1808407281405,1,115
0.6,155,-84.325866136865,nan,nan,nan,45.768663980482,0.02184901006563,nan,nan,20,2,2,28,0.040634294301067,0.040634294301067,-3.2031428817035,1,115
0.6,155,-84.325866136865,nan,nan,nan,45.768663980482,0.02184901006563,nan,nan,20,2,2,29,0.03975470144353,0.03975470144353,-3.2250271695668,1,115
0.6,155,-84.325866136865,nan,nan,nan,45.768663980482,0.02184901006563,nan,nan,20,2,2,30,0.03890884144611,0.03890884144611,-3.246533767651,1,115
0.6,155,-84.325866136865,nan,nan,nan,45.768663980482,0.02184901006563,nan,nan,20,2,2,31,0.038092913313393,0.038092913313393,-3.2677270164232,1,115
0.6,155,-84.325866136865,nan,nan,nan,45.768663980482,0.02184901006563,nan,nan,20,2,2,32,0.037306890611748,0.037306890611748,-3.2885772344943,1,115
0.6,155,-84.325866136865,nan,nan,nan,45.768663980482,0.02184901006563,nan,nan,20,2,2,33,0.036546396060421,0.036546396060421,-3.309172700646,1,115
0.6,155,-84.325866136865,nan,nan,nan,45.768663980482,0.02184901006563,nan,nan,20,2,2,34,0.035812376819136,0.035812376819136,-3.3294617241184,1,115
0.6,155,-84.325866136865,nan,nan,nan,45.768663980482,0.02184901006563,nan,nan,20,2,2,35,0.035099279549068,0.035099279549068,-3.3495746743885,1,115
0.6,155,-84.325866136865,nan,nan,nan,45.768663980482,0.02184901006563,nan,nan,20,2,2,36,0.034405130999185,0.034405130999185,-3.3695495687725,1,115
0.6,155,-84.325866136865,nan,nan,nan,45.768663980482,0.02184901006563,nan,nan,20,2,2,37,0.033732731139466,0.033732731139466,-3.3892866625531,1,115
0.6,155,-84.325866136865,nan,nan,nan,45.768663980482,0.02184901006563,nan,nan,20,2,2,38,0.033078440225304,0.033078440225304,-3.4088735615313,1,115
0.6,155,-84.325866136865,nan,nan,nan,45.768663980482,0.02184901006563,nan,nan,20,2,2,39,0.032435918231836,0.032435918231836,-3.4284888828108,1,115
0.6,155,-84.325866136865,nan,nan,nan,45.768663980482,0.02184901006563,nan,nan,20,2,2,40,0.03181837698744,0.03181837698744,-3.4477112634249,1,115
0.6,155,-84.325866136865,nan,nan,nan,45.768663980482,0.02184901006563,nan,nan,20,2,2,41,0.0312091062115,0.0312091062115,-3.467045360998,1,115
0.6,155,-84.325866136865,nan,nan,nan,45.768663980482,0.02184901006563,nan,nan,20,2,2,42,0.030614686150079,0.030614686150079,-3.4862754456129,1,115
0.6,155,-84.325866136865,nan,nan,nan,45.768663980482,0.02184901006563,nan,nan,20,2,2,43,0.030029753688059,0.030029753688059,-3.5055665992164,1,115
0.6,155,-84.325866136865,nan,nan,nan,45.768663980482,0.02184901006563,nan,nan,20,2,2,44,0.029461175416423,0.029461175416423,-3.5246819700191,1,115
0.6,155,-84.325866136865,nan,nan,nan,45.768663980482,0.02184901006563,nan,nan,20,2,2,45,0.028903179935051,0.028903179935051,-3.5438036575622,1,115
0.6,155,-84.325866136865,nan,nan,nan,45.768663980482,0.02184901006563,nan,nan,20,2,2,46,0.028351069065216,0.028351069065216,-3.5630905399879,1,115
0.6,155,-84.325866136865,nan,nan,nan,45.768663980482,0.02184901006563,nan,nan,20,2,2,47,0.027806265496546,0.027806265496546,-3.5824939061057,1,115
0.6,155,-84.325866136865,nan,nan,nan,45.768663980482,0.02184901006563,nan,nan,20,2,2,48,0.027273974780167,0.027273974780167,-3.601822336231,1,115
0.6,155,-84.325866136865,nan,nan,nan,45.768663980482,0.02184901006563,nan,nan,20,2,2,49,0.026745391623195,0.026745391623195,-3.6213930962497,1,115
0.6,155,-84.325866136865,nan,nan,nan,45.768663980482,0.02184901006563,nan,nan,20,2,2,50,0.02622546723559,0.02622546723559,-3.6410243084394,1,115
0.6,155,-84.325866136865,nan,nan,nan,45.768663980482,0.02184901006563,nan,nan,20,2,2,51,0.025712445076326,0.025712445076326,-3.6607801600743,1,115
0.6,155,-84.325866136865,nan,nan,nan,45.768663980482,0.02184901006563,nan,nan,20,2,2,52,0.025206670227836,0.025206670227836,-3.6806466279086,1,115
0.6,155,-84.325866136865,nan,nan,nan,45.768663980482,0.02184901006563,nan,nan,20,2,2,53,0.024707098203725,0.024707098203725,-3.7006646999639,1,115
0.6,155,-84.325866136865,nan,nan,nan,45.768663980482,0.02184901006563,nan,nan,20,2,2,54,0.024215431635757,0.024215431635757,-3.7207651781462,1,115
0.6,155,-84.325866136865,nan,nan,nan,45.768663980482,0.02184901006563,nan,nan,20,2,2,55,0.023729391235701,0.023729391235701,-3.7410408626477,1,115
0.6,155,-84.325866136865,nan,nan,nan,45.768663980482,0.02184901006563,nan,nan,20,2,2,56,0.023251921739503,0.023251921739503,-3.761367494902,1,115
0.6,155,-84.325866136865,nan,nan,nan,45.768663980482,0.02184901006563,nan,nan,20,2,2,57,0.022780396148596,0.022780396148596,-3.7818549309213,1,115
0.6,155,-84.325866136865,nan,nan,nan,45.768663980482,0.02184901006563,nan,nan,20,2,2,58,0.022318655642949,0.022318655642949,-3.8023323743337,1,115
0.6,155,-84.325866136865,nan,nan,nan,45.768663980482,0.02184901006563,nan,nan,20,2,2,59,0.021861502425766,0.021861502425766,-3.823028069146,1,115
0.6,155,-84.325866136865,nan,nan,nan,45.768663980482,0.02184901006563,nan,nan,20,2,2,60,0.021417282551191,0.021417282551191,-3.8435570870344,1,115
0.6,155,-84.325866136865,nan,nan,nan,45.768663980482,0.02184901006563,nan,nan,20,2,2,61,0.020978052983368,0.020978052983368,-3.8642784837825,1,115
0.6,155,-84.325866136865,nan,nan,nan,45.768663980482,0.02184901006563,nan,nan,20,2,2,62,0.020548709981851,0.020548709981851,-3.8849571146161,1,115
0.6,155,-84.325866136865,nan,nan,nan,45.768663980482,0.02184901006563,nan,nan,20,2,2,63,0.020128459747663,0.020128459747663,-3.9056205575255,1,115
0.6,155,-84.325866136865,nan,nan,nan,45.768663980482,0.02184901006563,nan,nan,20,2,2,64,0.019716986240018,0.019716986240018,-3.9262747690723,1,115
0.6,155,-84.325866136865,nan,nan,nan,45.768663980482,0.02184901006563,nan,nan,20,2,2,65,0.019311423988732,0.019311423988732,-3.9470584416702,1,115
0.6,155,-84.325866136865,nan,nan,nan,45.768663980482,0.02184901006563,nan,nan,20,2,2,66,0.018914946772869,0.018914946772869,-3.9678028349181,1,115
0.6,155,-84.325866136865,nan,nan,nan,45.768663980482,0.02184901006563,nan,nan,20,2,2,67,0.018526939157543,0.018526939157543,-3.9885294354083,1,115
0.6,155,-84.325866136865,nan,nan,nan,45.768663980482,0.02184901006563,nan,nan,20,2,2,68,0.018146024079032,0.018146024079032,-4.0093038012747,1,115
0.6,155,-84.325866136865,nan,nan,nan,45.768663980482,0.02184901006563,nan,nan,20,2,2,69,0.017772106692801,0.017772106692801,-4.0301250905053,1,115
0.6,155,-84.325866136865,nan,nan,nan,45.768663980482,0.02184901006563,nan,nan,20,2,2,70,0.017406293169389,0.017406293169389,-4.0509234617491,1,115
0.6,155,-84.325866136865,nan,nan,nan,45.768663980482,0.02184901006563,nan,nan,20,2,2,71,0.017048091930666,0.017048091930666,-4.0717169917399,1,115
0.6,155,-84.325866136865,nan,nan,nan,45.768663980482,0.02184901006563,nan,nan,20,2,2,72,0.016695580603136,0.016695580603136,-4.0926112291241,1,115
0.6,155,-84.325866136865,nan,nan,nan,45.768663980482,0.02184901006563,nan,nan,20,2,2,73,0.016352317979147,0.016352317979147,-4.1133856192627,1,115
0.6,155,-84.325866136865,nan,nan,nan,45.768663980482,0.02184901006563,nan,nan,20,2,2,74,0.016013671518041,0.016013671518041,-4.1343124517164,1,115
0.6,155,-84.325866136865,nan,nan,nan,45.768663980482,0.02184901006563,nan,nan,20,2,2,75,0.01568364999298,0.01568364999298,-4.1551365109844,1,115
0.6,155,-84.325866136865,nan,nan,nan,45.768663980482,0.02184901006563,nan,nan,20,2,2,76,0.01535778347165,0.01535778347165,-4.1761328669067,1,115
0.6,155,-84.325866136865,nan,nan,nan,45.768663980482,0.02184901006563,nan,nan,20,2,2,77,0.015041542667555,0.015041542667555,-4.1969393947394,1,115
0.6,155,-84.325866136865,nan,nan,nan,45.768663980482,0.02184901006563,nan,nan,20,2,2,78,0.014729366371983,0.014729366371983,-4.2179120655915,1,115
0.6,155,-84.325866136865,nan,nan,nan,45.768663980482,0.02184901006563,nan,nan,20,2,2,79,0.014425542520431,0.014425542520431,-4.23875485756,1,115
0.6,155,-84.325866136865,nan,nan,nan,45.768663980482,0.02184901006563,nan,nan,20,2,2,80,0.01412699317829,0.01412699317829,-4.2596679019373,1,115
0.6,155,-84.325866136865,nan,nan,nan,45.768663980482,0.02184901006563,nan,nan,20,2,2,81,0.013835090477728,0.013835090477728,-4.2805471259939,1,115
0.6,155,-84.325866136865,nan,nan,nan,45.768663980482,0.02184901006563,nan,nan,20,2,2,82,0.013546977013436,0.013546977013436,-4.301591855186,1,115
0.6,155,-84.325866136865,nan,nan,nan,45.768663980482,0.02184901006563,nan,nan,20,2,2,83,0.013264757329085,0.013264757329085,-4.3226445856356,1,115
0.6,155,-84.325866136865,nan,nan,nan,45.768663980482,0.02184901006563,nan,nan,20,2,2,84,0.012987960595213,0.012987960595213,-4.3437324586842,1,115
0.6,155,-84.325866136865,nan,nan,nan,45.768663980482,0.02184901006563,nan,nan,20,2,2,85,0.012717336804538,0.012717336804538,-4.3647891137037,1,115
0.6,155,-84.325866136865,nan,nan,nan,45.768663980482,0.02184901006563,nan,nan,20,2,2,86,0.012452136748593,0.012452136748593,-4.3858630444045,1,115
0.6,155,-84.325866136865,nan,nan,nan,45.768663980482,0.02184901006563,nan,nan,20,2,2,87,0.012192019253241,0.012192019253241,-4.406973700869,1,115
0.6,155,-84.325866136865,nan,nan,nan,45.768663980482,0.02184901006563,nan,nan,20,2,2,88,0.011938281133253,0.011938281133253,-4.4280051400698,1,115
0.6,155,-84.325866136865,nan,nan,nan,45.768663980482,0.02184901006563,nan,nan,20,2,2,89,0.011689601131885,0.011689601131885,-4.4490556245349,1,115
0.6,155,-84.325866136865,nan,nan,nan,45.768663980482,0.02184901006563,nan,nan,20,2,2,90,0.011445685264063,0.011445685264063,-4.4701424528341,1,115
0.6,155,-84.325866136865,nan,nan,nan,45.768663980482,0.02184901006563,nan,nan,20,2,2,91,0.011207558880342,0.011207558880342,-4.4911668282932,1,115
0.6,155,-84.325866136865,nan,nan,nan,45.768663980482,0.02184901006563,nan,nan,20,2,2,92,0.010974807390105,0.010974807390105,-4.5121528700515,1,115
0.6,155,-84.325866136865,nan,nan,nan,45.768663980482,0.02184901006563,nan,nan,20,2,2,93,0.010746797785118,0.010746797785118,-4.5331474492378,1,115
0.6,155,-84.325866136865,nan,nan,nan,45.768663980482,0.02184901006563,nan,nan,20,2,2,94,0.010523777450228,0.010523777450228,-4.5541180629084,1,115
0.6,155,-84.325866136865,nan,nan,nan,45.768663980482,0.02184901006563,nan,nan,20,2,2,95,0.010305859256832,0.010305859256832,-4.5750426855994,1,115
0.6,155,-84.325866136865,nan,nan,nan,45.768663980482,0.02184901006563,nan,nan,20,2,2,96,0.010092900757195,0.010092900757195,-4.5959229976089,1,115
0.6,155,-84.325866136865,nan,nan,nan,45.768663980482,0.02184901006563,nan,nan,20,2,2,97,0.0098850729445663,0.0098850729445663,-4.616729443068,1,115
0.6,155,-84.325866136865,nan,nan,nan,45.768663980482,0.02184901006563,nan,nan,20,2,2,98,0.0096818484582455,0.0096818484582455,-4.6375024394932,1,115
0.6,155,-84.325866136865,nan,nan,nan,45.768663980482,0.02184901006563,nan,nan,20,2,2,99,0.0094834693222021,0.0094834693222021,-4.6582050674055,1,115
0.6,155,-84.325866136865,nan,nan,nan,45.768663980482,0.02184901006563,nan,nan,20,2,2,100,0.0092899575337499,0.0092899575337499,-4.6788212973455,1,115
0.6,155,-84.325866136865,nan,nan,nan,45.768663980482,0.02184901006563,nan,nan,20,2,2,101,0.0091004234058384,0.0091004234058384,-4.6994343384276,1,115
0.6,155,-84.325866136865,nan,nan,nan,45.768663980482,0.02184901006563,nan,nan,20,2,2,102,0.0089151275210919,0.0089151275210919,-4.7200057236648,1,115
0.6,155,-84.325866136865,nan,nan,nan,45.768663980482,0.02184901006563,nan,nan,20,2,2,103,0.0087340049098631,0.0087340049098631,-4.7405312617638,1,115
0.6,155,-84.325866136865,nan,nan,nan,45.768663980482,0.02184901006563,nan,nan,20,2,2,104,0.0085567597550851,0.0085567597550851,-4.7610336937747,1,115
0.6,155,-84.325866136865,nan,nan,nan,45.768663980482,0.02184901006563,nan,nan,20,2,2,105,0.0083831335484063,0.0083831335484063,-4.7815335025925,1,115
0.6,155,-84.325866136865,nan,nan,nan,45.768663980482,0.02184901006563,nan,nan,20,2,2,106,0.00821302286375,0.00821302286375,-4.8020342303792,1,115
0.6,155,-84.325866136865,nan,nan,nan,45.768663980482,0.02184901006563,nan,nan,20,2,2,107,0.0080462814539437,0.0080462814539437,-4.8225452254619,1,115
0.6,155,-84.325866136865,nan,nan,nan,45.768663980482,0.02184901006563,nan,nan,20,2,2,108,0.0078827612366635,0.0078827612366635,-4.8430770257478,1,115
0.6,155,-84.325866136865,nan,nan,nan,45.768663980482,0.02184901006563,nan,nan,20,2,2,109,0.007722422435203,0.007722422435203,-4.8636271772229,1,115
0.6,155,-84.325866136865,nan,nan,nan,45.768663980482,0.02184901006563,nan,nan,20,2,2,110,0.0075648293767314,0.0075648293767314,-4.8842454862947,1,115
0.6,155,-84.325866136865,nan,nan,nan,45.768663980482,0.02184901006563,nan,nan,20,2,2,111,0.0074098754565494,0.0074098754565494,-4.9049416472986,1,115
0.6,155,-84.325866136865,nan,nan,nan,45.768663980482,0.02184901006563,nan,nan,20,2,2,112,0.0072574107897081,0.0072574107897081,-4.9257321542929,1,115
0.6,155,-84.325866136865,nan,nan,nan,45.768663980482,0.02184901006563,nan,nan,20,2,2,113,0.0071071978197041,0.0071071978197041,-4.9466472310371,1,115
0.6,155,-84.325866136865,nan,nan,nan,45.768663980482,0.02184901006563,nan,nan,20,2,2,114,0.0069589620610747,0.0069589620610747,-4.9677249449126,1,115
0.6,155,-84.325866136865,nan,nan,nan,45.768663980482,0.02184901006563,nan,nan,20,2,2,115,0.0068125382887931,0.0068125382887931,-4.9889904986353,1,115
0.65,155,-65.962415024537,nan,nan,nan,22.865545103916,0.043733923484235,nan,nan,20,2,2,1,0.10510256664379,0.10510256664379,-2.2528185804289,1,115
0.65,155,-65.962415024537,nan,nan,nan,22.865545103916,0.043733923484235,nan,nan,20,2,2,2,0.09547432080595,0.09547432080595,-2.3488979597377,1,115
0.65,155,-65.962415024537,nan,nan,nan,22.865545103916,0.043733923484235,nan,nan,20,2,2,3,0.086074224703492,0.086074224703492,-2.4525452770187,1,115
0.65,155,-65.962415024537,nan,nan,nan,22.865545103916,0.043733923484235,nan,nan,20,2,2,4,0.077805677493347,0.077805677493347,-2.5535408749675,1,115
0.65,155,-65.962415024537,nan,nan,nan,22.865545103916,0.043733923484235,nan,nan,20,2,2,5,0.070737475471834,0.070737475471834,-2.6487797832627,1,115
0.65,155,-65.962415024537,nan,nan,nan,22.865545103916,0.043733923484235,nan,nan,20,2,2,6,0.064706961439796,0.064706961439796,-2.7378864875941,1,115
0.65,155,-65.962415024537,nan,nan,nan,22.865545103916,0.043733923484235,nan,nan,20,2,2,7,0.059522373595675,0.059522373595675,-2.8214030102928,1,115
0.65,155,-65.962415024537,nan,nan,nan,22.865545103916,0.043733923484235,nan,nan,20,2,2,8,0.055018364961183,0.055018364961183,-2.9000882410995,1,115
0.65,155,-65.962415024537,nan,nan,nan,22.865545103916,0.043733923484235,nan,nan,20,2,2,9,0.051064249303117,0.051064249303117,-2.9746706488705,1,115
0.65,155,-65.962415024537,nan,nan,nan,22.865545103916,0.043733923484235,nan,nan,20,2,2,10,0.047559384014657,0.047559384014657,-3.0457761589958,1,115
0.65,155,-65.962415024537,nan,nan,nan,22.865545103916,0.043733923484235,nan,nan,20,2,2,11,0.044426412639259,0.044426412639259,-3.1139211071519,1,115
0.65,155,-65.962415024537,nan,nan,nan,22.865545103916,0.043733923484235,nan,nan,20,2,2,12,0.041605370807054,0.041605370807054,-3.1795260141096,1,115
0.65,155,-65.962415024537,nan,nan,nan,22.865545103916,0.043733923484235,nan,nan,20,2,2,13,0.039049191193851,0.039049191193851,-3.2429331149762,1,115
0.65,155,-65.962415024537,nan,nan,nan,22.865545103916,0.043733923484235,nan,nan,20,2,2,14,0.036720405299234,0.036720405299234,-3.3044226757299,1,115
0.65,155,-65.962415024537,nan,nan,nan,22.865545103916,0.043733923484235,nan,nan,20,2,2,15,0.034588803887164,0.034588803887164,-3.3642252363602,1,115
0.65,155,-65.962415024537,nan,nan,nan,22.865545103916,0.043733923484235,nan,nan,20,2,2,16,0.032629687460891,0.032629687460891,-3.4225327466977,1,115
0.65,155,-65.962415024537,nan,nan,nan,22.865545103916,0.043733923484235,nan,nan,20,2,2,17,0.030822650096836,0.030822650096836,-3.4795054665169,1,115
0.65,155,-65.962415024537,nan,nan,nan,22.865545103916,0.043733923484235,nan,nan,20,2,2,18,0.029150609559878,0.029150609559878,-3.5352794552592,1,115
0.65,155,-65.962415024537,nan,nan,nan,22.865545103916,0.043733923484235,nan,nan,20,2,2,19,0.027599180793716,0.027599180793716,-3.5899691880866,1,115
0.65,155,-65.962415024537,nan,nan,nan,22.865545103916,0.043733923484235,nan,nan,20,2,2,20,0.026156060327055,0.026156060327055,-3.643674362853,1,115
0.65,155,-65.962415024537,nan,nan,nan,22.865545103916,0.043733923484235,nan,nan,20,2,2,21,0.024810708897234,0.024810708897234,-3.6964799086421,1,115
0.65,155,-65.962415024537,nan,nan,nan,22.865545103916,0.043733923484235,nan,nan,20,2,2,22,0.023553977957762,0.023553977957762,-3.7484605573804,1,115
0.65,155,-65.962415024537,nan,nan,nan,22.865545103916,0.043733923484235,nan,nan,20,2,2,23,0.022377895595881,0.022377895595881,-3.7996816110878,1,115
0.65,155,-65.962415024537,nan,nan,nan,22.865545103916,0.043733923484235,nan,nan,20,2,2,24,0.02127547282998,0.02127547282998,-3.8502003800938,1,115
0.65,155,-65.962415024537,nan,nan,nan,22.865545103916,0.043733923484235,nan,nan,20,2,2,25,0.020240537898703,0.020240537898703,-3.9000678588931,1,115
0.65,155,-65.962415024537,nan,nan,nan,22.865545103916,0.043733923484235,nan,nan,20,2,2,26,0.019267616104159,0.019267616104159,-3.9493295144235,1,115
0.65,155,-65.962415024537,nan,nan,nan,22.865545103916,0.043733923484235,nan,nan,20,2,2,27,0.018351824474953,0.018351824474953,-3.9980262829961,1,115
0.65,155,-65.962415024537,nan,nan,nan,22.865545103916,0.043733923484235,nan,nan,20,2,2,28,0.017488797966452,0.017488797966452,-4.0461947192172,1,115
0.65,155,-65.962415024537,nan,nan,nan,22.865545103916,0.043733923484235,nan,nan,20,2,2,29,0.016674604728414,0.016674604728414,-4.0938683919043,1,115
0.65,155,-65.962415024537,nan,nan,nan,22.865545103916,0.043733923484235,nan,nan,20,2,2,30,0.015905708310991,0.015905708310991,-4.1410772209159,1,115
0.65,155,-65.962415024537,nan,nan,nan,22.865545103916,0.043733923484235,nan,nan,20,2,2,31,0.01517890235836,0.01517890235836,-4.1878488180374,1,115
0.65,155,-65.962415024537,nan,nan,nan,22.865545103916,0.043733923484235,nan,nan,20,2,2,32,0.014491249256673,0.014491249256673,-4.2342103112745,1,115
0.65,155,-65.962415024537,nan,nan,nan,22.865545103916,0.043733923484235,nan,nan,20,2,2,33,0.013840137570053,0.013840137570053,-4.2801823888093,1,115
0.65,155,-65.962415024537,nan,nan,nan,22.865545103916,0.043733923484235,nan,nan,20,2,2,34,0.013223089767978,0.013223089767978,-4.325790752655,1,115
0.65,155,-65.962415024537,nan,nan,nan,22.865545103916,0.043733923484235,nan,nan,20,2,2,35,0.012637930530567,0.012637930530567,-4.3710526275152,1,115
0.65,155,-65.962415024537,nan,nan,nan,22.865545103916,0.043733923484235,nan,nan,20,2,2,36,0.012082611867422,0.012082611867422,-4.4159878956558,1,115
0.65,155,-65.962415024537,nan,nan,nan,22.865545103916,0.043733923484235,nan,nan,20,2,2,37,0.011555256521726,0.011555256521726,-4.4606148354394,1,115
0.65,155,-65.962415024537,nan,nan,nan,22.865545103916,0.043733923484235,nan,nan,20,2,2,38,0.011054153493795,0.011054153493795,-4.5049490398528,1,115
0.65,155,-65.962415024537,nan,nan,nan,22.865545103916,0.043733923484235,nan,nan,20,2,2,39,0.010577713819728,0.010577713819728,-4.5490059609936,1,115
0.65,155,-65.962415024537,nan,nan,nan,22.865545103916,0.043733923484235,nan,nan,20,2,2,40,0.010124449683511,0.010124449683511,-4.5928020197125,1,115
0.65,155,-65.962415024537,nan,nan,nan,22.865545103916,0.043733923484235,nan,nan,20,2,2,41,0.0096930345132221,0.0096930345132221,-4.6363477428443,1,115
0.65,155,-65.962415024537,nan,nan,nan,22.865545103916,0.043733923484235,nan,nan,20,2,2,42,0.0092821814721938,0.0092821814721938,-4.6796586873745,1,115
0.65,155,-65.962415024537,nan,nan,nan,22.865545103916,0.043733923484235,nan,nan,20,2,2,43,0.0088907307270961,0.0088907307270961,-4.7227460363105,1,115
0.65,155,-65.962415024537,nan,nan,nan,22.865545103916,0.043733923484235,nan,nan,20,2,2,44,0.0085175883065937,0.0085175883065937,-4.7656220408171,1,115
0.65,155,-65.962415024537,nan,nan,nan,22.865545103916,0.043733923484235,nan,nan,20,2,2,45,0.0081617524563977,0.0081617524563977,-4.8082963712507,1,115
0.65,155,-65.962415024537,nan,nan,nan,22.865545103916,0.043733923484235,nan,nan,20,2,2,46,0.0078222597480893,0.0078222597480893,-4.8507817958249,1,115
0.65,155,-65.962415024537,nan,nan,nan,22.865545103916,0.043733923484235,nan,nan,20,2,2,47,0.0074982369014919,0.0074982369014919,-4.8930873658765,1,115
0.65,155,-65.962415024537,nan,nan,nan,22.865545103916,0.043733923484235,nan,nan,20,2,2,48,0.007188863974301,0.007188863974301,-4.9352221205253,1,115
0.65,155,-65.962415024537,nan,nan,nan,22.865545103916,0.043733923484235,nan,nan,20,2,2,49,0.0068933682964494,0.0068933682964494,-4.9771954460041,1,115
0.65,155,-65.962415024537,nan,nan,nan,22.865545103916,0.043733923484235,nan,nan,20,2,2,50,0.0066110277927817,0.0066110277927817,-5.0190161466187,1,115
0.65,155,-65.962415024537,nan,nan,nan,22.865545103916,0.043733923484235,nan,nan,20,2,2,51,0.0063411642223046,0.0063411642223046,-5.0606928961128,1,115
0.65,155,-65.962415024537,nan,nan,nan,22.865545103916,0.043733923484235,nan,nan,20,2,2,52,0.0060831491625197,0.0060831491625197,-5.1022327627343,1,115
0.65,155,-65.962415024537,nan,nan,nan,22.865545103916,0.043733923484235,nan,nan,20,2,2,53,0.005836384323759,0.005836384323759,-5.1436437965216,1,115
0.65,155,-65.962415024537,nan,nan,nan,22.865545103916,0.043733923484235,nan,nan,20,2,2,54,0.0056003174701865,0.0056003174701865,-5.1849319917432,1,115
0.65,155,-65.962415024537,nan,nan,nan,22.865545103916,0.043733923484235,nan,nan,20,2,2,55,0.0053744220709301,0.0053744220709301,-5.2261042324367,1,115
0.65,155,-65.962415024537,nan,nan,nan,22.865545103916,0.043733923484235,nan,nan,20,2,2,56,0.0051582082903061,0.0051582082903061,-5.267165990348,1,115
0.65,155,-65.962415024537,nan,nan,nan,22.865545103916,0.043733923484235,nan,nan,20,2,2,57,0.0049512074442615,0.0049512074442615,-5.3081238040135,1,115
0.65,155,-65.962415024537,nan,nan,nan,22.865545103916,0.043733923484235,nan,nan,20,2,2,58,0.0047529849852413,0.0047529849852413,-5.3489824403619,1,115
0.65,155,-65.962415024537,nan,nan,nan,22.865545103916,0.043733923484235,nan,nan,20,2,2,59,0.0045631281460789,0.0045631281460789,-5.3897468936971,1,115
0.65,155,-65.962415024537,nan,nan,nan,22.865545103916,0.043733923484235,nan,nan,20,2,2,60,0.0043812432060577,0.0043812432060577,-5.4304227578684,1,115
0.65,155,-65.962415024537,nan,nan,nan,22.865545103916,0.043733923484235,nan,nan,20,2,2,61,0.0042069625363812,0.0042069625363812,-5.4710143794809,1,115
0.65,155,-65.962415024537,nan,nan,nan,22.865545103916,0.043733923484235,nan,nan,20,2,2,62,0.0040399391370314,0.0040399391370314,-5.5115256522138,1,115
0.65,155,-65.962415024537,nan,nan,nan,22.865545103916,0.043733923484235,nan,nan,20,2,2,63,0.0038798412482832,0.0038798412482832,-5.5519610415749,1,115
0.65,155,-65.962415024537,nan,nan,nan,22.865545103916,0.043733923484235,nan,nan,20,2,2,64,0.0037263529811845,0.0037263529811845,-5.5923252766724,1,115
0.65,155,-65.962415024537,nan,nan,nan,22.865545103916,0.043733923484235,nan,nan,20,2,2,65,0.0035791804360985,0.0035791804360985,-5.6326214332418,1,115
0.65,155,-65.962415024537,nan,nan,nan,22.865545103916,0.043733923484235,nan,nan,20,2,2,66,0.0034380427740139,0.0034380427740139,-5.6728529305591,1,115
0.65,155,-65.962415024537,nan,nan,nan,22.865545103916,0.043733923484235,nan,nan,20,2,2,67,0.0033026707117344,0.0033026707117344,-5.7130238312355,1,115
0.65,155,-65.962415024537,nan,nan,nan,22.865545103916,0.043733923484235,nan,nan,20,2,2,68,0.0031728098294504,0.0031728098294504,-5.753137702167,1,115
0.65,155,-65.962415024537,nan,nan,nan,22.865545103916,0.043733923484235,nan,nan,20,2,2,69,0.0030482218304739,0.0030482218304739,-5.7931968647791,1,115
0.65,155,-65.962415024537,nan,nan,nan,22.865545103916,0.043733923484235,nan,nan,20,2,2,70,0.0029286781568085,0.0029286781568085,-5.8332040987689,1,115
0.65,155,-65.962415024537,nan,nan,nan,22.865545103916,0.043733923484235,nan,nan,20,2,2,71,0.0028139564783731,0.0028139564783731,-5.8731637865172,1,115
0.65,155,-65.962415024537,nan,nan,nan,22.865545103916,0.043733923484235,nan,nan,20,2,2,72,0.0027038509244872,0.0027038509244872,-5.9130782537978,1,115
0.65,155,-65.962415024537,nan,nan,nan,22.865545103916,0.043733923484235,nan,nan,20,2,2,73,0.0025981677615064,0.0025981677615064,-5.9529487894904,1,115
0.65,155,-65.962415024537,nan,nan,nan,22.865545103916,0.043733923484235,nan,nan,20,2,2,74,0.002496713229241,0.002496713229241,-5.9927801203988,1,115
0.65,155,-65.962415024537,nan,nan,nan,22.865545103916,0.043733923484235,nan,nan,20,2,2,75,0.0023993111679626,0.0023993111679626,-6.0325735961734,1,115
0.65,155,-65.962415024537,nan,nan,nan,22.865545103916,0.043733923484235,nan,nan,20,2,2,76,0.0023057850778266,0.0023057850778266,-6.0723340627682,1,115
0.65,155,-65.962415024537,nan,nan,nan,22.865545103916,0.043733923484235,nan,nan,20,2,2,77,0.0022159754779,0.0022159754779,-6.1120625760879,1,115
0.65,155,-65.962415024537,nan,nan,nan,22.865545103916,0.043733923484235,nan,nan,20,2,2,78,0.0021297243559216,0.0021297243559216,-6.1517627180005,1,115
0.65,155,-65.962415024537,nan,nan,nan,22.865545103916,0.043733923484235,nan,nan,20,2,2,79,0.0020468876200011,0.0020468876200011,-6.1914348736629,1,115
0.65,155,-65.962415024537,nan,nan,nan,22.865545103916,0.043733923484235,nan,nan,20,2,2,80,0.0019673175975271,0.0019673175975271,-6.2310842897075,1,115
0.65,155,-65.962415024537,nan,nan,nan,22.865545103916,0.043733923484235,nan,nan,20,2,2,81,0.001890881209358,0.001890881209358,-6.270712310233,1,115
0.65,155,-65.962415024537,nan,nan,nan,22.865545103916,0.043733923484235,nan,nan,20,2,2,82,0.0018174486669007,0.0018174486669007,-6.3103215927515,1,115
0.65,155,-65.962415024537,nan,nan,nan,22.865545103916,0.043733923484235,nan,nan,20,2,2,83,0.0017468958037162,0.0017468958037162,-6.3499148925876,1,115
0.65,155,-65.962415024537,nan,nan,nan,22.865545103916,0.043733923484235,nan,nan,20,2,2,84,0.0016791031190355,0.0016791031190355,-6.3894954858367,1,115
0.65,155,-65.962415024537,nan,nan,nan,22.865545103916,0.043733923484235,nan,nan,20,2,2,85,0.0016139578105591,0.0016139578105591,-6.4290658491544,1,115
0.65,155,-65.962415024537,nan,nan,nan,22.865545103916,0.043733923484235,nan,nan,20,2,2,86,0.0015513512992683,0.0015513512992683,-6.4686289218735,1,115
0.65,155,-65.962415024537,nan,nan,nan,22.865545103916,0.043733923484235,nan,nan,20,2,2,87,0.0014911836893827,0.0014911836893827,-6.5081850520067,1,115
0.65,155,-65.962415024537,nan,nan,nan,22.865545103916,0.043733923484235,nan,nan,20,2,2,88,0.001433352800136,0.001433352800136,-6.5477389635527,1,115
0.65,155,-65.962415024537,nan,nan,nan,22.865545103916,0.043733923484235,nan,nan,20,2,2,89,0.0013777663468031,0.0013777663468031,-6.587291680417,1,115
0.65,155,-65.962415024537,nan,nan,nan,22.865545103916,0.043733923484235,nan,nan,20,2,2,90,0.0013243327948275,0.0013243327948275,-6.626846497442,1,115
0.65,155,-65.962415024537,nan,nan,nan,22.865545103916,0.043733923484235,nan,nan,20,2,2,91,0.0012729651644843,0.0012729651644843,-6.6664063246797,1,115
0.65,155,-65.962415024537,nan,nan,nan,22.865545103916,0.043733923484235,nan,nan,20,2,2,92,0.0012235799864435,0.0012235799864435,-6.7059743021113,1,115
0.65,155,-65.962415024537,nan,nan,nan,22.865545103916,0.043733923484235,nan,nan,20,2,2,93,0.0011760960688817,0.0011760960688817,-6.7455547416163,1,115
0.65,155,-65.962415024537,nan,nan,nan,22.865545103916,0.043733923484235,nan,nan,20,2,2,94,0.0011304379116364,0.0011304379116364,-6.7851501889076,1,115
0.65,155,-65.962415024537,nan,nan,nan,22.865545103916,0.043733923484235,nan,nan,20,2,2,95,0.0010865320582598,0.0010865320582598,-6.8247642527115,1,115
0.65,155,-65.962415024537,nan,nan,nan,22.865545103916,0.043733923484235,nan,nan,20,2,2,96,0.0010443068434892,0.0010443068434892,-6.8644019213171,1,115
0.65,155,-65.962415024537,nan,nan,nan,22.865545103916,0.043733923484235,nan,nan,20,2,2,97,0.0010036950438038,0.0010036950438038,-6.9040670450826,1,115
0.65,155,-65.962415024537,nan,nan,nan,22.865545103916,0.043733923484235,nan,nan,20,2,2,98,0.00096463045594874,0.00096463045594874,-6.9437654771717,1,115
0.65,155,-65.962415024537,nan,nan,nan,22.865545103916,0.043733923484235,nan,nan,20,2,2,99,0.00092705021876859,0.00092705021876859,-6.9835028204368,1,115
0.65,155,-65.962415024537,nan,nan,nan,22.865545103916,0.043733923484235,nan,nan,20,2,2,100,0.00089089584461859,0.00089089584461859,-7.0232830344998,1,115
0.65,155,-65.962415024537,nan,nan,nan,22.865545103916,0.043733923484235,nan,nan,20,2,2,101,0.00085610857484371,0.00085610857484371,-7.0631133500953,1,115
0.65,155,-65.962415024537,nan,nan,nan,22.865545103916,0.043733923484235,nan,nan,20,2,2,102,0.00082263355839042,0.00082263355839042,-7.1029997074853,1,115
0.65,155,-65.962415024537,nan,nan,nan,22.865545103916,0.043733923484235,nan,nan,20,2,2,103,0.00079041730374561,0.00079041730374561,-7.1429495193795,1,115
0.65,155,-65.962415024537,nan,nan,nan,22.865545103916,0.043733923484235,nan,nan,20,2,2,104,0.0007594080228942,0.0007594080228942,-7.182971345442,1,115
0.65,155,-65.962415024537,nan,nan,nan,22.865545103916,0.043733923484235,nan,nan,20,2,2,105,0.00072955631383295,0.00072955631383295,-7.2230739978705,1,115
0.65,155,-65.962415024537,nan,nan,nan,22.865545103916,0.043733923484235,nan,nan,20,2,2,106,0.00070081386308871,0.00070081386308871,-7.2632682367331,1,115
0.65,155,-65.962415024537,nan,nan,nan,22.865545103916,0.043733923484235,nan,nan,20,2,2,107,0.00067313467922112,0.00067313467922112,-7.303565130627,1,115
0.65,155,-65.962415024537,nan,nan,nan,22.865545103916,0.043733923484235,nan,nan,20,2,2,108,0.00064647310259028,0.00064647310259028,-7.3439789652733,1,115
0.65,155,-65.962415024537,nan,nan,nan,22.865545103916,0.043733923484235,nan,nan,20,2,2,109,0.00062078530581322,0.00062078530581322,-7.384525259135,1,115
0.65,155,-65.962415024537,nan,nan,nan,22.865545103916,0.043733923484235,nan,nan,20,2,2,110,0.00059602973744638,0.00059602973744638,-7.4252199970994,1,115
0.65,155,-65.962415024537,nan,nan,nan,22.865545103916,0.043733923484235,nan,nan,20,2,2,111,0.00057216631517277,0.00057216631517277,-7.4660808480556,1,115
0.65,155,-65.962415024537,nan,nan,nan,22.865545103916,0.043733923484235,nan,nan,20,2,2,112,0.0005491548384929,0.0005491548384929,-7.5071301188921,1,115
0.65,155,-65.962415024537,nan,nan,nan,22.865545103916,0.043733923484235,nan,nan,20,2,2,113,0.00052695414707675,0.00052695414707675,-7.5483970206528,1,115
0.65,155,-65.962415024537,nan,nan,nan,22.865545103916,0.043733923484235,nan,nan,20,2,2,114,0.00050552700324826,0.00050552700324826,-7.5899091020417,1,115
0.65,155,-65.962415024537,nan,nan,nan,22.865545103916,0.043733923484235,nan,nan,20,2,2,115,0.00048483640585339,0.00048483640585339,-7.6316990314466,1,115
0.7,155,-51.342632898479,nan,nan,nan,9.5819915730028,0.10436243784825,nan,nan,20,2,2,1,0.10058930567171,0.10058930567171,-2.2967093324175,1,115
0.7,155,-51.342632898479,nan,nan,nan,9.5819915730028,0.10436243784825,nan,nan,20,2,2,2,0.08493594282538,0.08493594282538,-2.4658579204205,1,115
0.7,155,-51.342632898479,nan,nan,nan,9.5819915730028,0.10436243784825,nan,nan,20,2,2,3,0.071038221179402,0.071038221179402,-2.6445372203161,1,115
0.7,155,-51.342632898479,nan,nan,nan,9.5819915730028,0.10436243784825,nan,nan,20,2,2,4,0.059718673105809,0.059718673105809,-2.8181105251479,1,115
0.7,155,-51.342632898479,nan,nan,nan,9.5819915730028,0.10436243784825,nan,nan,20,2,2,5,0.050632508431057,0.050632508431057,-2.9831614498654,1,115
0.7,155,-51.342632898479,nan,nan,nan,9.5819915730028,0.10436243784825,nan,nan,20,2,2,6,0.043288261092818,0.043288261092818,-3.1398737871311,1,115
0.7,155,-51.342632898479,nan,nan,nan,9.5819915730028,0.10436243784825,nan,nan,20,2,2,7,0.037277243636606,0.037277243636606,-3.2893722286845,1,115
0.7,155,-51.342632898479,nan,nan,nan,9.5819915730028,0.10436243784825,nan,nan,20,2,2,8,0.0322948019993,0.0322948019993,-3.4328489905182,1,115
0.7,155,-51.342632898479,nan,nan,nan,9.5819915730028,0.10436243784825,nan,nan,20,2,2,9,0.028118456193327,0.028118456193327,-3.5713291142108,1,115
0.7,155,-51.342632898479,nan,nan,nan,9.5819915730028,0.10436243784825,nan,nan,20,2,2,10,0.024584446219742,0.024584446219742,-3.7056413034994,1,115
0.7,155,-51.342632898479,nan,nan,nan,9.5819915730028,0.10436243784825,nan,nan,20,2,2,11,0.021570156545346,0.021570156545346,-3.8364445610578,1,115
0.7,155,-51.342632898479,nan,nan,nan,9.5819915730028,0.10436243784825,nan,nan,20,2,2,12,0.018982047359775,0.018982047359775,-3.9642616222936,1,115
0.7,155,-51.342632898479,nan,nan,nan,9.5819915730028,0.10436243784825,nan,nan,20,2,2,13,0.016747449183274,0.016747449183274,-4.0895093198737,1,115
0.7,155,-51.342632898479,nan,nan,nan,9.5819915730028,0.10436243784825,nan,nan,20,2,2,14,0.014808946499324,0.014808946499324,-4.2125237876469,1,115
0.7,155,-51.342632898479,nan,nan,nan,9.5819915730028,0.10436243784825,nan,nan,20,2,2,15,0.013120509937328,0.013120509937328,-4.3335786290471,1,115
0.7,155,-51.342632898479,nan,nan,nan,9.5819915730028,0.10436243784825,nan,nan,20,2,2,16,0.011644756501992,0.011644756501992,-4.4528992859553,1,115
0.7,155,-51.342632898479,nan,nan,nan,9.5819915730028,0.10436243784825,nan,nan,20,2,2,17,0.010350985583382,0.010350985583382,-4.5706735383569,1,115
0.7,155,-51.342632898479,nan,nan,nan,9.5819915730028,0.10436243784825,nan,nan,20,2,2,18,0.0092137371284165,0.0092137371284165,-4.687059742459,1,115
0.7,155,-51.342632898479,nan,nan,nan,9.5819915730028,0.10436243784825,nan,nan,20,2,2,19,0.0082117195729777,0.0082117195729777,-4.8021929288525,1,115
0.7,155,-51.342632898479,nan,nan,nan,9.5819915730028,0.10436243784825,nan,nan,20,2,2,20,0.0073269976660208,0.0073269976660208,-4.9161894423494,1,115
0.7,155,-51.342632898479,nan,nan,nan,9.5819915730028,0.10436243784825,nan,nan,20,2,2,21,0.0065443677716803,0.0065443677716803,-5.0291504814319,1,115
0.7,155,-51.342632898479,nan,nan,nan,9.5819915730028,0.10436243784825,nan,nan,20,2,2,22,0.0058508703328475,0.0058508703328475,-5.1411648539585,1,115
0.7,155,-51.342632898479,nan,nan,nan,9.5819915730028,0.10436243784825,nan,nan,20,2,2,23,0.0052354044274695,0.0052354044274695,-5.2523111831127,1,115
0.7,155,-51.342632898479,nan,nan,nan,9.5819915730028,0.10436243784825,nan,nan,20,2,2,24,0.0046884200663101,0.0046884200663101,-5.3626596261333,1,115
0.7,155,-51.342632898479,nan,nan,nan,9.5819915730028,0.10436243784825,nan,nan,20,2,2,25,0.0042016698824456,0.0042016698824456,-5.4722732416527,1,115
0.7,155,-51.342632898479,nan,nan,nan,9.5819915730028,0.10436243784825,nan,nan,20,2,2,26,0.003768007526219,0.003768007526219,-5.5812089248658,1,115
0.7,155,-51.342632898479,nan,nan,nan,9.5819915730028,0.10436243784825,nan,nan,20,2,2,27,0.0033812202173748,0.0033812202173748,-5.6895186235784,1,115
0.7,155,-51.342632898479,nan,nan,nan,9.5819915730028,0.10436243784825,nan,nan,20,2,2,28,0.0030358924321288,0.0030358924321288,-5.7972498508641,1,115
0.7,155,-51.342632898479,nan,nan,nan,9.5819915730028,0.10436243784825,nan,nan,20,2,2,29,0.002727291830552,0.002727291830552,-5.9044461656071,1,115
0.7,155,-51.342632898479,nan,nan,nan,9.5819915730028,0.10436243784825,nan,nan,20,2,2,30,0.0024512733993146,0.0024512733993146,-6.011147634629,1,115
0.7,155,-51.342632898479,nan,nan,nan,9.5819915730028,0.10436243784825,nan,nan,20,2,2,31,0.0022041987256297,0.0022041987256297,-6.1173912258625,1,115
0.7,155,-51.342632898479,nan,nan,nan,9.5819915730028,0.10436243784825,nan,nan,20,2,2,32,0.0019828677401165,0.0019828677401165,-6.2232111285339,1,115
0.7,155,-51.342632898479,nan,nan,nan,9.5819915730028,0.10436243784825,nan,nan,20,2,2,33,0.0017844607426302,0.0017844607426302,-6.3286390143625,1,115
0.7,155,-51.342632898479,nan,nan,nan,9.5819915730028,0.10436243784825,nan,nan,20,2,2,34,0.0016064889547204,0.0016064889547204,-6.4337042548006,1,115
0.7,155,-51.342632898479,nan,nan,nan,9.5819915730028,0.10436243784825,nan,nan,20,2,2,35,0.0014467521869142,0.0014467521869142,-6.5384341059067,1,115
0.7,155,-51.342632898479,nan,nan,nan,9.5819915730028,0.10436243784825,nan,nan,20,2,2,36,0.0013033024768342,0.0013033024768342,-6.6428538689965,1,115
0.7,155,-51.342632898479,nan,nan,nan,9.5819915730028,0.10436243784825,nan,nan,20,2,2,37,0.0011744127626445,0.0011744127626445,-6.7469870327887,1,115
0.7,155,-51.342632898479,nan,nan,nan,9.5819915730028,0.10436243784825,nan,nan,20,2,2,38,0.0010585498208746,0.0010585498208746,-6.850855401067,1,115
0.7,155,-51.342632898479,nan,nan,nan,9.5819915730028,0.10436243784825,nan,nan,20,2,2,39,0.00095435082915273,0.00095435082915273,-6.9544792086747,1,115
0.7,155,-51.342632898479,nan,nan,nan,9.5819915730028,0.10436243784825,nan,nan,20,2,2,40,0.00086060302033544,0.00086060302033544,-7.0578772279965,1,115
0.7,155,-51.342632898479,nan,nan,nan,9.5819915730028,0.10436243784825,nan,nan,20,2,2,41,0.00077622598110046,0.00077622598110046,-7.1610668674169,1,115
0.7,155,-51.342632898479,nan,nan,nan,9.5819915730028,0.10436243784825,nan,nan,20,2,2,42,0.00070025621890427,0.00070025621890427,-7.2640642628863,1,115
0.7,155,-51.342632898479,nan,nan,nan,9.5819915730028,0.10436243784825,nan,nan,20,2,2,43,0.00063183367971508,0.00063183367971508,-7.3668843634592,1,115
0.7,155,-51.342632898479,nan,nan,nan,9.5819915730028,0.10436243784825,nan,nan,20,2,2,44,0.00057018994749093,0.00057018994749093,-7.469541011436,1,115
0.7,155,-51.342632898479,nan,nan,nan,9.5819915730028,0.10436243784825,nan,nan,20,2,2,45,0.00051463789682129,0.00051463789682129,-7.5720470175688,1,115
0.7,155,-51.342632898479,nan,nan,nan,9.5819915730028,0.10436243784825,nan,nan,20,2,2,46,0.00046456260393515,0.00046456260393515,-7.6744142317518,1,115
0.7,155,-51.342632898479,nan,nan,nan,9.5819915730028,0.10436243784825,nan,nan,20,2,2,47,0.00041941334974317,0.00041941334974317,-7.776653609428,1,115
0.7,155,-51.342632898479,nan,nan,nan,9.5819915730028,0.10436243784825,nan,nan,20,2,2,48,0.00037869657239711,0.00037869657239711,-7.8787752740689,1,115
0.7,155,-51.342632898479,nan,nan,nan,9.5819915730028,0.10436243784825,nan,nan,20,2,2,49,0.00034196964716093,0.00034196964716093,-7.9807885758317,1,115
0.7,155,-51.342632898479,nan,nan,nan,9.5819915730028,0.10436243784825,nan,nan,20,2,2,50,0.00030883538839622,0.00030883538839622,-8.082702146651,1,115
0.7,155,-51.342632898479,nan,nan,nan,9.5819915730028,0.10436243784825,nan,nan,20,2,2,51,0.00027893718303201,0.00027893718303201,-8.184523951916,1,115
0.7,155,-51.342632898479,nan,nan,nan,9.5819915730028,0.10436243784825,nan,nan,20,2,2,52,0.00025195467722996,0.00025195467722996,-8.2862613388903,1,115
0.7,155,-51.342632898479,nan,nan,nan,9.5819915730028,0.10436243784825,nan,nan,20,2,2,53,0.00022759994849293,0.00022759994849293,-8.3879210820173,1,115
0.7,155,-51.342632898479,nan,nan,nan,9.5819915730028,0.10436243784825,nan,nan,20,2,2,54,0.00020561410445296,0.00020561410445296,-8.4895094253113,1,115
0.7,155,-51.342632898479,nan,nan,nan,9.5819915730028,0.10436243784825,nan,nan,20,2,2,55,0.00018576425731493,0.00018576425731493,-8.5910321219153,1,115
0.7,155,-51.342632898479,nan,nan,nan,9.5819915730028,0.10436243784825,nan,nan,20,2,2,56,0.00016784082951964,0.00016784082951964,-8.6924944710046,1,115
0.7,155,-51.342632898479,nan,nan,nan,9.5819915730028,0.10436243784825,nan,nan,20,2,2,57,0.00015165515189219,0.00015165515189219,-8.7939013521535,1,115
0.7,155,-51.342632898479,nan,nan,nan,9.5819915730028,0.10436243784825,nan,nan,20,2,2,58,0.00013703732043372,0.00013703732043372,-8.8952572573086,1,115
0.7,155,-51.342632898479,nan,nan,nan,9.5819915730028,0.10436243784825,nan,nan,20,2,2,59,0.00012383428214263,0.00012383428214263,-8.9965663205177,1,115
0.7,155,-51.342632898479,nan,nan,nan,9.5819915730028,0.10436243784825,nan,nan,20,2,2,60,0.00011190812391171,0.00011190812391171,-9.0978323455345,1,115
0.7,155,-51.342632898479,nan,nan,nan,9.5819915730028,0.10436243784825,nan,nan,20,2,2,61,0.00010113454170885,0.00010113454170885,-9.1990588314487,1,115
0.7,155,-51.342632898479,nan,nan,nan,9.5819915730028,0.10436243784825,nan,nan,20,2,2,62,9.1401470003582e-05,9.1401470003582e-05,-9.3002489964433,1,115
0.7,155,-51.342632898479,nan,nan,nan,9.5819915730028,0.10436243784825,nan,nan,20,2,2,63,8.2607853786315e-05,8.2607853786315e-05,-9.4014057997986,1,115
0.7,155,-51.342632898479,nan,nan,nan,9.5819915730028,0.10436243784825,nan,nan,20,2,2,64,7.4662547607944e-05,7.4662547607944e-05,-9.5025319622641,1,115
0.7,155,-51.342632898479,nan,nan,nan,9.5819915730028,0.10436243784825,nan,nan,20,2,2,65,6.7483327883264e-05,6.7483327883264e-05,-9.6036299849159,1,115
0.7,155,-51.342632898479,nan,nan,nan,9.5819915730028,0.10436243784825,nan,nan,20,2,2,66,6.0996006289992e-05,6.0996006289992e-05,-9.7047021665901,1,115
0.7,155,-51.342632898479,nan,nan,nan,9.5819915730028,0.10436243784825,nan,nan,20,2,2,67,5.5133633483027e-05,5.5133633483027e-05,-9.8057506199882,1,115
0.7,155,-51.342632898479,nan,nan,nan,9.5819915730028,0.10436243784825,nan,nan,20,2,2,68,4.9835783560478e-05,4.9835783560478e-05,-9.9067772865727,1,115
0.7,155,-51.342632898479,nan,nan,nan,9.5819915730028,0.10436243784825,nan,nan,20,2,2,69,4.5047910793964e-05,4.5047910793964e-05,-10.007783950258,1,115
0.7,155,-51.342632898479,nan,nan,nan,9.5819915730028,0.10436243784825,nan,nan,20,2,2,70,4.0720771065109e-05,4.0720771065109e-05,-10.108772250118,1,115
0.7,155,-51.342632898479,nan,nan,nan,9.5819915730028,0.10436243784825,nan,nan,20,2,2,71,3.6809901295471e-05,3.6809901295471e-05,-10.209743692037,1,115
0.7,155,-51.342632898479,nan,nan,nan,9.5819915730028,0.10436243784825,nan,nan,20,2,2,72,3.3275150875471e-05,3.3275150875471e-05,-10.310699659494,1,115
0.7,155,-51.342632898479,nan,nan,nan,9.5819915730028,0.10436243784825,nan,nan,20,2,2,73,3.0080259752884e-05,3.0080259752884e-05,-10.411641423518,1,115
0.7,155,-51.342632898479,nan,nan,nan,9.5819915730028,0.10436243784825,nan,nan,20,2,2,74,2.7192478412502e-05,2.7192478412502e-05,-10.512570151856,1,115
0.7,155,-51.342632898479,nan,nan,nan,9.5819915730028,0.10436243784825,nan,nan,20,2,2,75,2.4582225484823e-05,2.4582225484823e-05,-10.613486917452,1,115
0.7,155,-51.342632898479,nan,nan,nan,9.5819915730028,0.10436243784825,nan,nan,20,2,2,76,2.2222779173463e-05,2.2222779173463e-05,-10.714392706261,1,115
0.7,155,-51.342632898479,nan,nan,nan,9.5819915730028,0.10436243784825,nan,nan,20,2,2,77,2.0089999089822e-05,2.0089999089822e-05,-10.815288424442,1,115
0.7,155,-51.342632898479,nan,nan,nan,9.5819915730028,0.10436243784825,nan,nan,20,2,2,78,1.8162075438401e-05,1.8162075438401e-05,-10.916174905066,1,115
0.7,155,-51.342632898479,nan,nan,nan,9.5819915730028,0.10436243784825,nan,nan,20,2,2,79,1.6419302817478e-05,1.6419302817478e-05,-11.017052914191,1,115
0.7,155,-51.342632898479,nan,nan,nan,9.5819915730028,0.10436243784825,nan,nan,20,2,2,80,1.4843876175193e-05,1.4843876175193e-05,-11.117923156542,1,115
0.7,155,-51.342632898479,nan,nan,nan,9.5819915730028,0.10436243784825,nan,nan,20,2,2,81,1.3419706719074e-05,1.3419706719074e-05,-11.218786280678,1,115
0.7,155,-51.342632898479,nan,nan,nan,9.5819915730028,0.10436243784825,nan,nan,20,2,2,82,1.2132255798822e-05,1.2132255798822e-05,-11.319642883723,1,115
0.7,155,-51.342632898479,nan,nan,nan,9.5819915730028,0.10436243784825,nan,nan,20,2,2,83,1.0968384982135e-05,1.0968384982135e-05,-11.420493515834,1,115
0.7,155,-51.342632898479,nan,nan,nan,9.5819915730028,0.10436243784825,nan,nan,20,2,2,84,9.9162207244617e-06,9.9162207244617e-06,-11.521338684614,1,115
0.7,155,-51.342632898479,nan,nan,nan,9.5819915730028,0.10436243784825,nan,nan,20,2,2,85,8.9650321897768e-06,8.9650321897768e-06,-11.622178860308,1,115
0.7,155,-51.342632898479,nan,nan,nan,9.5819915730028,0.10436243784825,nan,nan,20,2,2,86,8.1051209213856e-06,8.1051209213856e-06,-11.723014483531,1,115
0.7,155,-51.342632898479,nan,nan,nan,9.5819915730028,0.10436243784825,nan,nan,20,2,2,87,7.327721187273e-06,7.327721187273e-06,-11.823845978905,1,115
0.7,155,-51.342632898479,nan,nan,nan,9.5819915730028,0.10436243784825,nan,nan,20,2,2,88,6.624910015354e-06,6.624910015354e-06,-11.924673768772,1,115
0.7,155,-51.342632898479,nan,nan,nan,9.5819915730028,0.10436243784825,nan,nan,20,2,2,89,5.9895256016683e-06,5.9895256016683e-06,-12.025498347359,1,115
0.7,155,-51.342632898479,nan,nan,nan,9.5819915730028,0.10436243784825,nan,nan,20,2,2,90,5.4150959170355e-06,5.4150959170355e-06,-12.126319964458,1,115
0.7,155,-51.342632898479,nan,nan,nan,9.5819915730028,0.10436243784825,nan,nan,20,2,2,91,4.8957673582226e-06,4.8957673582226e-06,-12.227139530586,1,115
0.7,155,-51.342632898479,nan,nan,nan,9.5819915730028,0.10436243784825,nan,nan,20,2,2,92,4.4262527521034e-06,4.4262527521034e-06,-12.327957211752,1,115
0.7,155,-51.342632898479,nan,nan,nan,9.5819915730028,0.10436243784825,nan,nan,20,2,2,93,4.0017720778415e-06,4.0017720778415e-06,-12.428773275488,1,115
0.7,155,-51.342632898479,nan,nan,nan,9.5819915730028,0.10436243784825,nan,nan,20,2,2,94,3.6180045955159e-06,3.6180045955159e-06,-12.529587900811,1,115
0.7,155,-51.342632898479,nan,nan,nan,9.5819915730028,0.10436243784825,nan,nan,20,2,2,95,3.2710444125877e-06,3.2710444125877e-06,-12.630401231821,1,115
0.7,155,-51.342632898479,nan,nan,nan,9.5819915730028,0.10436243784825,nan,nan,20,2,2,96,2.9573606798429e-06,2.9573606798429e-06,-12.731213349611,1,115
0.7,155,-51.342632898479,nan,nan,nan,9.5819915730028,0.10436243784825,nan,nan,20,2,2,97,2.6737612680906e-06,2.6737612680906e-06,-12.832024362219,1,115
0.7,155,-51.342632898479,nan,nan,nan,9.5819915730028,0.10436243784825,nan,nan,20,2,2,98,2.4173601051988e-06,2.4173601051988e-06,-12.932834478843,1,115
0.7,155,-51.342632898479,nan,nan,nan,9.5819915730028,0.10436243784825,nan,nan,20,2,2,99,2.1855479260387e-06,2.1855479260387e-06,-13.033643993788,1,115
0.7,155,-51.342632898479,nan,nan,nan,9.5819915730028,0.10436243784825,nan,nan,20,2,2,100,1.9759657322842e-06,1.9759657322842e-06,-13.13445330075,1,115
0.7,155,-51.342632898479,nan,nan,nan,9.5819915730028,0.10436243784825,nan,nan,20,2,2,101,1.7864807957989e-06,1.7864807957989e-06,-13.235262909164,1,115
0.7,155,-51.342632898479,nan,nan,nan,9.5819915730028,0.10436243784825,nan,nan,20,2,2,102,1.615164921373e-06,1.615164921373e-06,-13.336073488006,1,115
0.7,155,-51.342632898479,nan,nan,nan,9.5819915730028,0.10436243784825,nan,nan,20,2,2,103,1.4602748298641e-06,1.4602748298641e-06,-13.436885900326,1,115
0.7,155,-51.342632898479,nan,nan,nan,9.5819915730028,0.10436243784825,nan,nan,20,2,2,104,1.3202344197674e-06,1.3202344197674e-06,-13.537701246401,1,115
0.7,155,-51.342632898479,nan,nan,nan,9.5819915730028,0.10436243784825,nan,nan,20,2,2,105,1.1936185424866e-06,1.1936185424866e-06,-13.638521072692,1,115
0.7,155,-51.342632898479,nan,nan,nan,9.5819915730028,0.10436243784825,nan,nan,20,2,2,106,1.0791393378058e-06,1.0791393378058e-06,-13.739346743968,1,115
0.7,155,-51.342632898479,nan,nan,nan,9.5819915730028,0.10436243784825,nan,nan,20,2,2,107,9.7562995973185e-07,9.7562995973185e-07,-13.840182462044,1,115
0.7,155,-51.342632898479,nan,nan,nan,9.5819915730028,0.10436243784825,nan,nan,20,2,2,108,8.8203971863501e-07,8.8203971863501e-07,-13.941028749488,1,115
0.7,155,-51.342632898479,nan,nan,nan,9.5819915730028,0.10436243784825,nan,nan,20,2,2,109,7.9741828781205e-07,7.9741828781205e-07,-14.041886467961,1,115
0.7,155,-51.342632898479,nan,nan,nan,9.5819915730028,0.10436243784825,nan,nan,20,2,2,110,7.209012617583e-07,7.209012617583e-07,-14.142763655283,1,115
0.7,155,-51.342632898479,nan,nan,nan,9.5819915730028,0.10436243784825,nan,nan,20,2,2,111,6.5171314486793e-07,6.5171314486793e-07,-14.24366133369,1,115
0.7,155,-51.342632898479,nan,nan,nan,9.5819915730028,0.10436243784825,nan,nan,20,2,2,112,5.891512136468e-07,5.891512136468e-07,-14.344582956793,1,115
0.7,155,-51.342632898479,nan,nan,nan,9.5819915730028,0.10436243784825,nan,nan,20,2,2,113,5.3257479428452e-07,5.3257479428452e-07,-14.445542490476,1,115
0.7,155,-51.342632898479,nan,nan,nan,9.5819915730028,0.10436243784825,nan,nan,20,2,2,114,4.8140748405401e-07,4.8140748405401e-07,-14.546551765283,1,115
0.7,155,-51.342632898479,nan,nan,nan,9.5819915730028,0.10436243784825,nan,nan,20,2,2,115,4.35131152362e-07,4.35131152362e-07,-14.647618351617,1,115
0.75,155,-39.80552399467,nan,nan,nan,4.9303888815264,0.20282375772566,nan,nan,20,2,2,1,0.094337911120557,0.094337911120557,-2.3608721434047,1,115
0.75,155,-39.80552399467,nan,nan,nan,4.9303888815264,0.20282375772566,nan,nan,20,2,2,2,0.071658449748896,0.071658449748896,-2.6358442007625,1,115
0.75,155,-39.80552399467,nan,nan,nan,4.9303888815264,0.20282375772566,nan,nan,20,2,2,3,0.053839509319352,0.053839509319352,-2.9217477073694,1,115
0.75,155,-39.80552399467,nan,nan,nan,4.9303888815264,0.20282375772566,nan,nan,20,2,2,4,0.040778836830129,0.040778836830129,-3.19959203729,1,115
0.75,155,-39.80552399467,nan,nan,nan,4.9303888815264,0.20282375772566,nan,nan,20,2,2,5,0.03123821962153,0.03123821962153,-3.4661129459826,1,115
0.75,155,-39.80552399467,nan,nan,nan,4.9303888815264,0.20282375772566,nan,nan,20,2,2,6,0.024178731434723,0.024178731434723,-3.7222818985827,1,115
0.75,155,-39.80552399467,nan,nan,nan,4.9303888815264,0.20282375772566,nan,nan,20,2,2,7,0.01887603971462,0.01887603971462,-3.9698619011459,1,115
0.75,155,-39.80552399467,nan,nan,nan,4.9303888815264,0.20282375772566,nan,nan,20,2,2,8,0.014839532975194,0.014839532975194,-4.2104605124123,1,115
0.75,155,-39.80552399467,nan,nan,nan,4.9303888815264,0.20282375772566,nan,nan,20,2,2,9,0.011732771330403,0.011732771330403,-4.4453693841704,1,115
0.75,155,-39.80552399467,nan,nan,nan,4.9303888815264,0.20282375772566,nan,nan,20,2,2,10,0.0093200240576492,0.0093200240576492,-4.6755900689951,1,115
0.75,155,-39.80552399467,nan,nan,nan,4.9303888815264,0.20282375772566,nan,nan,20,2,2,11,0.0074324972625651,0.0074324972625651,-4.9018933713982,1,115
0.75,155,-39.80552399467,nan,nan,nan,4.9303888815264,0.20282375772566,nan,nan,20,2,2,12,0.0059469468176439,0.0059469468176439,-5.1248773310177,1,115
0.75,155,-39.80552399467,nan,nan,nan,4.9303888815264,0.20282375772566,nan,nan,20,2,2,13,0.0047718810948344,0.0047718810948344,-5.3450146923171,1,115
0.75,155,-39.80552399467,nan,nan,nan,4.9303888815264,0.20282375772566,nan,nan,20,2,2,14,0.0038384438084886,0.0038384438084886,-5.5626882527279,1,115
0.75,155,-39.80552399467,nan,nan,nan,4.9303888815264,0.20282375772566,nan,nan,20,2,2,15,0.0030942317526281,0.0030942317526281,-5.7782156257489,1,115
0.75,155,-39.80552399467,nan,nan,nan,4.9303888815264,0.20282375772566,nan,nan,20,2,2,16,0.0024989966465113,0.0024989966465113,-5.9918659690625,1,115
0.75,155,-39.80552399467,nan,nan,nan,4.9303888815264,0.20282375772566,nan,nan,20,2,2,17,0.0020215896605542,0.0020215896605542,-6.2038711163898,1,115
0.75,155,-39.80552399467,nan,nan,nan,4.9303888815264,0.20282375772566,nan,nan,20,2,2,18,0.0016377482103928,0.0016377482103928,-6.414433023076,1,115
0.75,155,-39.80552399467,nan,nan,nan,4.9303888815264,0.20282375772566,nan,nan,20,2,2,19,0.0013284680141483,0.0013284680141483,-6.6237288697209,1,115
0.75,155,-39.80552399467,nan,nan,nan,4.9303888815264,0.20282375772566,nan,nan,20,2,2,20,0.0010787905684388,0.0010787905684388,-6.831914709378,1,115
0.75,155,-39.80552399467,nan,nan,nan,4.9303888815264,0.20282375772566,nan,nan,20,2,2,21,0.00087689068881361,0.00087689068881361,-7.0391282155343,1,115
0.75,155,-39.80552399467,nan,nan,nan,4.9303888815264,0.20282375772566,nan,nan,20,2,2,22,0.0007133838883982,0.0007133838883982,-7.2454908695415,1,115
0.75,155,-39.80552399467,nan,nan,nan,4.9303888815264,0.20282375772566,nan,nan,20,2,2,23,0.00058079669351845,0.00058079669351845,-7.4511097874478,1,115
0.75,155,-39.80552399467,nan,nan,nan,4.9303888815264,0.20282375772566,nan,nan,20,2,2,24,0.00047315889222474,0.00047315889222474,-7.6560793015171,1,115
0.75,155,-39.80552399467,nan,nan,nan,4.9303888815264,0.20282375772566,nan,nan,20,2,2,25,0.00038568778549516,0.00038568778549516,-7.8604823616592,1,115
0.75,155,-39.80552399467,nan,nan,nan,4.9303888815264,0.20282375772566,nan,nan,20,2,2,26,0.00031454236234228,0.00031454236234228,-8.0643917934629,1,115
0.75,155,-39.80552399467,nan,nan,nan,4.9303888815264,0.20282375772566,nan,nan,20,2,2,27,0.00025663096627811,0.00025663096627811,-8.2678714338818,1,115
0.75,155,-39.80552399467,nan,nan,nan,4.9303888815264,0.20282375772566,nan,nan,20,2,2,28,0.00020946012779133,0.00020946012779133,-8.4709771575205,1,115
0.75,155,-39.80552399467,nan,nan,nan,4.9303888815264,0.20282375772566,nan,nan,20,2,2,29,0.00017101525369959,0.00017101525369959,-8.6737578025184,1,115
0.75,155,-39.80552399467,nan,nan,nan,4.9303888815264,0.20282375772566,nan,nan,20,2,2,30,0.00013966609730718,0.00013966609730718,-8.8762560032781,1,115
0.75,155,-39.80552399467,nan,nan,nan,4.9303888815264,0.20282375772566,nan,nan,20,2,2,31,0.00011409159848316,0.00011409159848316,-9.0785089367332,1,115
0.75,155,-39.80552399467,nan,nan,nan,4.9303888815264,0.20282375772566,nan,nan,20,2,2,32,9.3219932742267e-05,9.3219932742267e-05,-9.2805489885146,1,115
0.75,155,-39.80552399467,nan,nan,nan,4.9303888815264,0.20282375772566,nan,nan,20,2,2,33,7.6180552409595e-05,7.6180552409595e-05,-9.4824043455671,1,115
0.75,155,-39.80552399467,nan,nan,nan,4.9303888815264,0.20282375772566,nan,nan,20,2,2,34,6.22657201835e-05,6.22657201835e-05,-9.6840995214323,1,115
0.75,155,-39.80552399467,nan,nan,nan,4.9303888815264,0.20282375772566,nan,nan,20,2,2,35,5.0899583331203e-05,5.0899583331203e-05,-9.8856558204687,1,115
0.75,155,-39.80552399467,nan,nan,nan,4.9303888815264,0.20282375772566,nan,nan,20,2,2,36,4.1613257690234e-05,4.1613257690234e-05,-10.087091746993,1,115
0.75,155,-39.80552399467,nan,nan,nan,4.9303888815264,0.20282375772566,nan,nan,20,2,2,37,3.4024715704415e-05,3.4024715704415e-05,-10.288423364953,1,115
0.75,155,-39.80552399467,nan,nan,nan,4.9303888815264,0.20282375772566,nan,nan,20,2,2,38,2.7822525001156e-05,2.7822525001156e-05,-10.489664613504,1,115
0.75,155,-39.80552399467,nan,nan,nan,4.9303888815264,0.20282375772566,nan,nan,20,2,2,39,2.2752680773916e-05,2.2752680773916e-05,-10.690827583293,1,115
0.75,155,-39.80552399467,nan,nan,nan,4.9303888815264,0.20282375772566,nan,nan,20,2,2,40,1.8607929366663e-05,1.8607929366663e-05,-10.891922758054,1,115
0.75,155,-39.80552399467,nan,nan,nan,4.9303888815264,0.20282375772566,nan,nan,20,2,2,41,1.5219101742896e-05,1.5219101742896e-05,-11.092959225479,1,115
0.75,155,-39.80552399467,nan,nan,nan,4.9303888815264,0.20282375772566,nan,nan,20,2,2,42,1.2448071319881e-05,1.2448071319881e-05,-11.29394486112,1,115
0.75,155,-39.80552399467,nan,nan,nan,4.9303888815264,0.20282375772566,nan,nan,20,2,2,43,1.0182026615311e-05,1.0182026615311e-05,-11.49488648853,1,115
0.75,155,-39.80552399467,nan,nan,nan,4.9303888815264,0.20282375772566,nan,nan,20,2,2,44,8.3288095872438e-06,8.3288095872438e-06,-11.695790018691,1,115
0.75,155,-39.80552399467,nan,nan,nan,4.9303888815264,0.20282375772566,nan,nan,20,2,2,45,6.8131187855878e-06,6.8131187855878e-06,-11.896660571188,1,115
0.75,155,-39.80552399467,nan,nan,nan,4.9303888815264,0.20282375772566,nan,nan,20,2,2,46,5.5734150360328e-06,5.5734150360328e-06,-12.097502579508,1,115
0.75,155,-39.80552399467,nan,nan,nan,4.9303888815264,0.20282375772566,nan,nan,20,2,2,47,4.5593983563097e-06,4.5593983563097e-06,-12.298319882549,1,115
0.75,155,-39.80552399467,nan,nan,nan,4.9303888815264,0.20282375772566,nan,nan,20,2,2,48,3.7299497211694e-06,3.7299497211694e-06,-12.499115803979,1,115
0.75,155,-39.80552399467,nan,nan,nan,4.9303888815264,0.20282375772566,nan,nan,20,2,2,49,3.0514513712132e-06,3.0514513712132e-06,-12.699893221116,1,115
0.75,155,-39.80552399467,nan,nan,nan,4.9303888815264,0.20282375772566,nan,nan,20,2,2,50,2.4964155755751e-06,2.4964155755751e-06,-12.900654624691,1,115
0.75,155,-39.80552399467,nan,nan,nan,4.9303888815264,0.20282375772566,nan,nan,20,2,2,51,2.042364871831e-06,2.042364871831e-06,-13.101402170623,1,115
0.75,155,-39.80552399467,nan,nan,nan,4.9303888815264,0.20282375772566,nan,nan,20,2,2,52,1.6709174269851e-06,1.6709174269851e-06,-13.302137724901,1,115
0.75,155,-39.80552399467,nan,nan,nan,4.9303888815264,0.20282375772566,nan,nan,20,2,2,53,1.3670397771324e-06,1.3670397771324e-06,-13.502862902524,1,115
0.75,155,-39.80552399467,nan,nan,nan,4.9303888815264,0.20282375772566,nan,nan,20,2,2,54,1.118436196833e-06,1.118436196833e-06,-13.703579101154,1,115
0.75,155,-39.80552399467,nan,nan,nan,4.9303888815264,0.20282375772566,nan,nan,20,2,2,55,9.1504963215201e-07,9.1504963215201e-07,-13.904287530353,1,115
0.75,155,-39.80552399467,nan,nan,nan,4.9303888815264,0.20282375772566,nan,nan,20,2,2,56,7.4865375487683e-07,7.4865375487683e-07,-14.104989236845,1,115
0.75,155,-39.80552399467,nan,nan,nan,4.9303888815264,0.20282375772566,nan,nan,20,2,2,57,6.1251945827873e-07,6.1251945827873e-07,-14.305685126414,1,115
0.75,155,-39.80552399467,nan,nan,nan,4.9303888815264,0.20282375772566,nan,nan,20,2,2,58,5.0114218042375e-07,5.0114218042375e-07,-14.506375982862,1,115
0.75,155,-39.80552399467,nan,nan,nan,4.9303888815264,0.20282375772566,nan,nan,20,2,2,59,4.1001893949481e-07,4.1001893949481e-07,-14.707062484425,1,115
0.75,155,-39.80552399467,nan,nan,nan,4.9303888815264,0.20282375772566,nan,nan,20,2,2,60,3.3546600301351e-07,3.3546600301351e-07,-14.907745217969,1,115
0.75,155,-39.80552399467,nan,nan,nan,4.9303888815264,0.20282375772566,nan,nan,20,2,2,61,2.7446977501284e-07,2.7446977501284e-07,-15.108424691302,1,115
0.75,155,-39.80552399467,nan,nan,nan,4.9303888815264,0.20282375772566,nan,nan,20,2,2,62,2.2456484180526e-07,2.2456484180526e-07,-15.309101343826,1,115
0.75,155,-39.80552399467,nan,nan,nan,4.9303888815264,0.20282375772566,nan,nan,20,2,2,63,1.8373422447781e-07,1.8373422447781e-07,-15.509775555721,1,115
0.75,155,-39.80552399467,nan,nan,nan,4.9303888815264,0.20282375772566,nan,nan,20,2,2,64,1.5032779067057e-07,1.5032779067057e-07,-15.710447655945,1,115
0.75,155,-39.80552399467,nan,nan,nan,4.9303888815264,0.20282375772566,nan,nan,20,2,2,65,1.2299551703371e-07,1.2299551703371e-07,-15.911117929119,1,115
0.75,155,-39.80552399467,nan,nan,nan,4.9303888815264,0.20282375772566,nan,nan,20,2,2,66,1.0063289732878e-07,1.0063289732878e-07,-16.111786621517,1,115
0.75,155,-39.80552399467,nan,nan,nan,4.9303888815264,0.20282375772566,nan,nan,20,2,2,67,8.2336284441459e-08,8.2336284441459e-08,-16.31245394621,1,115
0.75,155,-39.80552399467,nan,nan,nan,4.9303888815264,0.20282375772566,nan,nan,20,2,2,68,6.7366357699718e-08,6.7366357699718e-08,-16.513120087563,1,115
0.75,155,-39.80552399467,nan,nan,nan,4.9303888815264,0.20282375772566,nan,nan,20,2,2,69,5.5118236471979e-08,5.5118236471979e-08,-16.713785205093,1,115
0.75,155,-39.80552399467,nan,nan,nan,4.9303888815264,0.20282375772566,nan,nan,20,2,2,70,4.5097030426517e-08,4.5097030426517e-08,-16.914449436807,1,115
0.75,155,-39.80552399467,nan,nan,nan,4.9303888815264,0.20282375772566,nan,nan,20,2,2,71,3.689783712531e-08,3.689783712531e-08,-17.115112902108,1,115
0.75,155,-39.80552399467,nan,nan,nan,4.9303888815264,0.20282375772566,nan,nan,20,2,2,72,3.0189377757721e-08,3.0189377757721e-08,-17.315775704314,1,115
0.75,155,-39.80552399467,nan,nan,nan,4.9303888815264,0.20282375772566,nan,nan,20,2,2,73,2.4700609121928e-08,2.4700609121928e-08,-17.51643793281,1,115
0.75,155,-39.80552399467,nan,nan,nan,4.9303888815264,0.20282375772566,nan,nan,20,2,2,74,2.0209770427813e-08,2.0209770427813e-08,-17.717099664932,1,115
0.75,155,-39.80552399467,nan,nan,nan,4.9303888815264,0.20282375772566,nan,nan,20,2,2,75,1.6535422026721e-08,1.6535422026721e-08,-17.917760967602,1,115
0.75,155,-39.80552399467,nan,nan,nan,4.9303888815264,0.20282375772566,nan,nan,20,2,2,76,1.352911376077e-08,1.352911376077e-08,-18.1184218987,1,115
0.75,155,-39.80552399467,nan,nan,nan,4.9303888815264,0.20282375772566,nan,nan,20,2,2,77,1.1069386538572e-08,1.1069386538572e-08,-18.319082508331,1,115
0.75,155,-39.80552399467,nan,nan,nan,4.9303888815264,0.20282375772566,nan,nan,20,2,2,78,9.0568646689022e-09,9.0568646689022e-09,-18.51974283982,1,115
0.75,155,-39.80552399467,nan,nan,nan,4.9303888815264,0.20282375772566,nan,nan,20,2,2,79,7.4102405841595e-09,7.4102405841595e-09,-18.720402930668,1,115
0.75,155,-39.80552399467,nan,nan,nan,4.9303888815264,0.20282375772566,nan,nan,20,2,2,80,6.0629896719315e-09,6.0629896719315e-09,-18.921062813317,1,115
0.75,155,-39.80552399467,nan,nan,nan,4.9303888815264,0.20282375772566,nan,nan,20,2,2,81,4.9606824456072e-09,4.9606824456072e-09,-19.121722515834,1,115
0.75,155,-39.80552399467,nan,nan,nan,4.9303888815264,0.20282375772566,nan,nan,20,2,2,82,4.0587854330806e-09,4.0587854330806e-09,-19.322382062502,1,115
0.75,155,-39.80552399467,nan,nan,nan,4.9303888815264,0.20282375772566,nan,nan,20,2,2,83,3.3208619164295e-09,3.3208619164295e-09,-19.523041474329,1,115
0.75,155,-39.80552399467,nan,nan,nan,4.9303888815264,0.20282375772566,nan,nan,20,2,2,84,2.7170998162555e-09,2.7170998162555e-09,-19.723700769505,1,115
0.75,155,-39.80552399467,nan,nan,nan,4.9303888815264,0.20282375772566,nan,nan,20,2,2,85,2.2231072361347e-09,2.2231072361347e-09,-19.924359963751,1,115
0.75,155,-39.80552399467,nan,nan,nan,4.9303888815264,0.20282375772566,nan,nan,20,2,2,86,1.8189269990261e-09,1.8189269990261e-09,-20.125019070692,1,115
0.75,155,-39.80552399467,nan,nan,nan,4.9303888815264,0.20282375772566,nan,nan,20,2,2,87,1.4882303579028e-09,1.4882303579028e-09,-20.325678102099,1,115
0.75,155,-39.80552399467,nan,nan,nan,4.9303888815264,0.20282375772566,nan,nan,20,2,2,88,1.2176573024046e-09,1.2176573024046e-09,-20.526337068164,1,115
0.75,155,-39.80552399467,nan,nan,nan,4.9303888815264,0.20282375772566,nan,nan,20,2,2,89,9.9627680755894e-10,9.9627680755894e-10,-20.72699597772,1,115
0.75,155,-39.80552399467,nan,nan,nan,4.9303888815264,0.20282375772566,nan,nan,20,2,2,90,8.1514521682268e-10,8.1514521682268e-10,-20.927654838409,1,115
0.75,155,-39.80552399467,nan,nan,nan,4.9303888815264,0.20282375772566,nan,nan,20,2,2,91,6.6694491684043e-10,6.6694491684043e-10,-21.128313656871,1,115
0.75,155,-39.80552399467,nan,nan,nan,4.9303888815264,0.20282375772566,nan,nan,20,2,2,92,5.4568870569367e-10,5.4568870569367e-10,-21.328972438865,1,115
0.75,155,-39.80552399467,nan,nan,nan,4.9303888815264,0.20282375772566,nan,nan,20,2,2,93,4.4647791049601e-10,4.4647791049601e-10,-21.529631189409,1,115
0.75,155,-39.80552399467,nan,nan,nan,4.9303888815264,0.20282375772566,nan,nan,20,2,2,94,3.6530448197909e-10,3.6530448197909e-10,-21.730289912892,1,115
0.75,155,-39.80552399467,nan,nan,nan,4.9303888815264,0.20282375772566,nan,nan,20,2,2,95,2.9888907045252e-10,2.9888907045252e-10,-21.930948613207,1,115
0.75,155,-39.80552399467,nan,nan,nan,4.9303888815264,0.20282375772566,nan,nan,20,2,2,96,2.4454854129006e-10,2.4454854129006e-10,-22.131607293835,1,115
0.75,155,-39.80552399467,nan,nan,nan,4.9303888815264,0.20282375772566,nan,nan,20,2,2,97,2.0008757745469e-10,2.0008757745469e-10,-22.332265957952,1,115
0.75,155,-39.80552399467,nan,nan,nan,4.9303888815264,0.20282375772566,nan,nan,20,2,2,98,1.6370998976331e-10,1.6370998976331e-10,-22.532924608592,1,115
0.75,155,-39.80552399467,nan,nan,nan,4.9303888815264,0.20282375772566,nan,nan,20,2,2,99,1.339461518249e-10,1.339461518249e-10,-22.733583248795,1,115
0.75,155,-39.80552399467,nan,nan,nan,4.9303888815264,0.20282375772566,nan,nan,20,2,2,100,1.0959362799889e-10,1.0959362799889e-10,-22.934241881801,1,115
0.75,155,-39.80552399467,nan,nan,nan,4.9303888815264,0.20282375772566,nan,nan,20,2,2,101,8.9668595743415e-11,8.9668595743415e-11,-23.134900511359,1,115
0.75,155,-39.80552399467,nan,nan,nan,4.9303888815264,0.20282375772566,nan,nan,20,2,2,102,7.3366099834413e-11,7.3366099834413e-11,-23.335559142113,1,115
0.75,155,-39.80552399467,nan,nan,nan,4.9303888815264,0.20282375772566,nan,nan,20,2,2,103,6.0027532723618e-11,6.0027532723618e-11,-23.536217780232,1,115
0.75,155,-39.80552399467,nan,nan,nan,4.9303888815264,0.20282375772566,nan,nan,20,2,2,104,4.9114027262717e-11,4.9114027262717e-11,-23.736876434297,1,115
0.75,155,-39.80552399467,nan,nan,nan,4.9303888815264,0.20282375772566,nan,nan,20,2,2,105,4.0184686865746e-11,4.0184686865746e-11,-23.937535116611,1,115
0.75,155,-39.80552399467,nan,nan,nan,4.9303888815264,0.20282375772566,nan,nan,20,2,2,106,3.2878773614862e-11,3.2878773614862e-11,-24.138193845254,1,115
0.75,155,-39.80552399467,nan,nan,nan,4.9303888815264,0.20282375772566,nan,nan,20,2,2,107,2.6901134726311e-11,2.6901134726311e-11,-24.338852647076,1,115
0.75,155,-39.80552399467,nan,nan,nan,4.9303888815264,0.20282375772566,nan,nan,20,2,2,108,2.2010278605106e-11,2.2010278605106e-11,-24.539511562356,1,115
0.75,155,-39.80552399467,nan,nan,nan,4.9303888815264,0.20282375772566,nan,nan,20,2,2,109,1.8008618775434e-11,1.8008618775434e-11,-24.740170651773,1,115
0.75,155,-39.80552399467,nan,nan,nan,4.9303888815264,0.20282375772566,nan,nan,20,2,2,110,1.47344915433e-11,1.47344915433e-11,-24.940830007067,1,115
0.75,155,-39.80552399467,nan,nan,nan,4.9303888815264,0.20282375772566,nan,nan,20,2,2,111,1.2055624911734e-11,1.2055624911734e-11,-25.141489767254,1,115
0.75,155,-39.80552399467,nan,nan,nan,4.9303888815264,0.20282375772566,nan,nan,20,2,2,112,9.8637948970629e-12,9.8637948970629e-12,-25.342150143362,1,115
0.75,155,-39.80552399467,nan,nan,nan,4.9303888815264,0.20282375772566,nan,nan,20,2,2,113,8.0704533636374e-12,8.0704533636374e-12,-25.542811456335,1,115
0.75,155,-39.80552399467,nan,nan,nan,4.9303888815264,0.20282375772566,nan,nan,20,2,2,114,6.6031507466904e-12,6.6031507466904e-12,-25.743474194946,1,115
0.75,155,-39.80552399467,nan,nan,nan,4.9303888815264,0.20282375772566,nan,nan,20,2,2,115,5.4026091405218e-12,5.4026091405218e-12,-25.944139104879,1,115
0.8,155,-30.794267653568,nan,nan,nan,3.0230129832608,0.33079580059274,nan,nan,20,2,2,1,0.086962378322558,0.086962378322558,-2.4422796869277,1,115
0.8,155,-30.794267653568,nan,nan,nan,3.0230129832608,0.33079580059274,nan,nan,20,2,2,2,0.05794168341497,0.05794168341497,-2.8483182326106,1,115
0.8,155,-30.794267653568,nan,nan,nan,3.0230129832608,0.33079580059274,nan,nan,20,2,2,3,0.038208263068366,0.038208263068366,-3.2647034760712,1,115
0.8,155,-30.794267653568,nan,nan,nan,3.0230129832608,0.33079580059274,nan,nan,20,2,2,4,0.025487073606859,0.025487073606859,-3.6695838727219,1,115
0.8,155,-30.794267653568,nan,nan,nan,3.0230129832608,0.33079580059274,nan,nan,20,2,2,5,0.017240558369612,0.017240558369612,-4.0604906262425,1,115
0.8,155,-30.794267653568,nan,nan,nan,3.0230129832608,0.33079580059274,nan,nan,20,2,2,6,0.011803015056032,0.011803015056032,-4.4394002669254,1,115
0.8,155,-30.794267653568,nan,nan,nan,3.0230129832608,0.33079580059274,nan,nan,20,2,2,7,0.0081587088011893,0.0081587088011893,-4.808669357675,1,115
0.8,155,-30.794267653568,nan,nan,nan,3.0230129832608,0.33079580059274,nan,nan,20,2,2,8,0.0056832027384738,0.0056832027384738,-5.1702403427524,1,115
0.8,155,-30.794267653568,nan,nan,nan,3.0230129832608,0.33079580059274,nan,nan,20,2,2,9,0.0039833771225635,0.0039833771225635,-5.525625296221,1,115
0.8,155,-30.794267653568,nan,nan,nan,3.0230129832608,0.33079580059274,nan,nan,20,2,2,10,0.0028059783441424,0.0028059783441424,-5.8760030150286,1,115
0.8,155,-30.794267653568,nan,nan,nan,3.0230129832608,0.33079580059274,nan,nan,20,2,2,11,0.0019846622479261,0.0019846622479261,-6.2223065314988,1,115
0.8,155,-30.794267653568,nan,nan,nan,3.0230129832608,0.33079580059274,nan,nan,20,2,2,12,0.0014084207037669,0.0014084207037669,-6.5652862705877,1,115
0.8,155,-30.794267653568,nan,nan,nan,3.0230129832608,0.33079580059274,nan,nan,20,2,2,13,0.0010022046943204,0.0010022046943204,-6.9055530114341,1,115
0.8,155,-30.794267653568,nan,nan,nan,3.0230129832608,0.33079580059274,nan,nan,20,2,2,14,0.00071472892304952,0.00071472892304952,-7.2436072157598,1,115
0.8,155,-30.794267653568,nan,nan,nan,3.0230129832608,0.33079580059274,nan,nan,20,2,2,15,0.0005106327340286,0.0005106327340286,-7.5798599462643,1,115
0.8,155,-30.794267653568,nan,nan,nan,3.0230129832608,0.33079580059274,nan,nan,20,2,2,16,0.00036535221269947,0.00036535221269947,-7.9146487033626,1,115
0.8,155,-30.794267653568,nan,nan,nan,3.0230129832608,0.33079580059274,nan,nan,20,2,2,17,0.0002617161457144,0.0002617161457144,-8.2482500548234,1,115
0.8,155,-30.794267653568,nan,nan,nan,3.0230129832608,0.33079580059274,nan,nan,20,2,2,18,0.00018765787819247,0.00018765787819247,-8.5808900498248,1,115
0.8,155,-30.794267653568,nan,nan,nan,3.0230129832608,0.33079580059274,nan,nan,20,2,2,19,0.00013466061017423,0.00013466061017423,-8.9127529436364,1,115
0.8,155,-30.794267653568,nan,nan,nan,3.0230129832608,0.33079580059274,nan,nan,20,2,2,20,9.6691163747584e-05,9.6691163747584e-05,-9.2439885376783,1,115
0.8,155,-30.794267653568,nan,nan,nan,3.0230129832608,0.33079580059274,nan,nan,20,2,2,21,6.9462859674293e-05,6.9462859674293e-05,-9.5747183414081,1,115
0.8,155,-30.794267653568,nan,nan,nan,3.0230129832608,0.33079580059274,nan,nan,20,2,2,22,4.9922401928073e-05,4.9922401928073e-05,-9.9050407195143,1,115
0.8,155,-30.794267653568,nan,nan,nan,3.0230129832608,0.33079580059274,nan,nan,20,2,2,23,3.5890598870422e-05,3.5890598870422e-05,-10.235035166669,1,115
0.8,155,-30.794267653568,nan,nan,nan,3.0230129832608,0.33079580059274,nan,nan,20,2,2,24,2.5809553659473e-05,2.5809553659473e-05,-10.564765837701,1,115
0.8,155,-30.794267653568,nan,nan,nan,3.0230129832608,0.33079580059274,nan,nan,20,2,2,25,1.856403505721e-05,1.856403505721e-05,-10.894284448136,1,115
0.8,155,-30.794267653568,nan,nan,nan,3.0230129832608,0.33079580059274,nan,nan,20,2,2,26,1.3354827247583e-05,1.3354827247583e-05,-11.223632646897,1,115
0.8,155,-30.794267653568,nan,nan,nan,3.0230129832608,0.33079580059274,nan,nan,20,2,2,27,9.6086776087923e-06,9.6086776087923e-06,-11.552843950195,1,115
0.8,155,-30.794267653568,nan,nan,nan,3.0230129832608,0.33079580059274,nan,nan,20,2,2,28,6.9141168724164e-06,6.9141168724164e-06,-11.881945312874,1,115
0.8,155,-30.794267653568,nan,nan,nan,3.0230129832608,0.33079580059274,nan,nan,20,2,2,29,4.9756307966897e-06,4.9756307966897e-06,-12.210958402087,1,115
0.8,155,-30.794267653568,nan,nan,nan,3.0230129832608,0.33079580059274,nan,nan,20,2,2,30,3.5808848346902e-06,3.5808848346902e-06,-12.539900627563,1,115
0.8,155,-30.794267653568,nan,nan,nan,3.0230129832608,0.33079580059274,nan,nan,20,2,2,31,2.5772542404492e-06,2.5772542404492e-06,-12.868785973633,1,115
0.8,155,-30.794267653568,nan,nan,nan,3.0230129832608,0.33079580059274,nan,nan,20,2,2,32,1.8550003555414e-06,1.8550003555414e-06,-13.197625670238,1,115
0.8,155,-30.794267653568,nan,nan,nan,3.0230129832608,0.33079580059274,nan,nan,20,2,2,33,1.3352009760946e-06,1.3352009760946e-06,-13.526428733552,1,115
0.8,155,-30.794267653568,nan,nan,nan,3.0230129832608,0.33079580059274,nan,nan,20,2,2,34,9.6108555856043e-07,9.6108555856043e-07,-13.855202401179,1,115
0.8,155,-30.794267653568,nan,nan,nan,3.0230129832608,0.33079580059274,nan,nan,20,2,2,35,6.9181138589652e-07,6.9181138589652e-07,-14.183952482214,1,115
0.8,155,-30.794267653568,nan,nan,nan,3.0230129832608,0.33079580059274,nan,nan,20,2,2,36,4.9799109646036e-07,4.9799109646036e-07,-14.512683638675,1,115
0.8,155,-30.794267653568,nan,nan,nan,3.0230129832608,0.33079580059274,nan,nan,20,2,2,37,3.5847761782139e-07,3.5847761782139e-07,-14.841399611711,1,115
0.8,155,-30.794267653568,nan,nan,nan,3.0230129832608,0.33079580059274,nan,nan,20,2,2,38,2.5805234028873e-07,2.5805234028873e-07,-15.170103403264,1,115
0.8,155,-30.794267653568,nan,nan,nan,3.0230129832608,0.33079580059274,nan,nan,20,2,2,39,1.8576239576187e-07,1.8576239576187e-07,-15.498797421998,1,115
0.8,155,-30.794267653568,nan,nan,nan,3.0230129832608,0.33079580059274,nan,nan,20,2,2,40,1.3372456994899e-07,1.3372456994899e-07,-15.82748360047,1,115
0.8,155,-30.794267653568,nan,nan,nan,3.0230129832608,0.33079580059274,nan,nan,20,2,2,41,9.6264763438135e-08,9.6264763438135e-08,-16.156163489171,1,115
0.8,155,-30.794267653568,nan,nan,nan,3.0230129832608,0.33079580059274,nan,nan,20,2,2,42,6.9298794100941e-08,6.9298794100941e-08,-16.484838332043,1,115
0.8,155,-30.794267653568,nan,nan,nan,3.0230129832608,0.33079580059274,nan,nan,20,2,2,43,4.9886813529029e-08,4.9886813529029e-08,-16.813509127047,1,115
0.8,155,-30.794267653568,nan,nan,nan,3.0230129832608,0.33079580059274,nan,nan,20,2,2,44,3.5912634235968e-08,3.5912634235968e-08,-17.142176674786,1,115
0.8,155,-30.794267653568,nan,nan,nan,3.0230129832608,0.33079580059274,nan,nan,20,2,2,45,2.5852937203956e-08,2.5852937203956e-08,-17.470841617536,1,115
0.8,155,-30.794267653568,nan,nan,nan,3.0230129832608,0.33079580059274,nan,nan,20,2,2,46,1.861115935968e-08,1.861115935968e-08,-17.79950447056,1,115
0.8,155,-30.794267653568,nan,nan,nan,3.0230129832608,0.33079580059274,nan,nan,20,2,2,47,1.3397929629335e-08,1.3397929629335e-08,-18.1281656472,1,115
0.8,155,-30.794267653568,nan,nan,nan,3.0230129832608,0.33079580059274,nan,nan,20,2,2,48,9.6450068628782e-09,9.6450068628782e-09,-18.456825479041,1,115
0.8,155,-30.794267653568,nan,nan,nan,3.0230129832608,0.33079580059274,nan,nan,20,2,2,49,6.9433308215271e-09,6.9433308215271e-09,-18.7854842321,1,115
0.8,155,-30.794267653568,nan,nan,nan,3.0230129832608,0.33079580059274,nan,nan,20,2,2,50,4.9984292705108e-09,4.9984292705108e-09,-19.114142119764,1,115
0.8,155,-30.794267653568,nan,nan,nan,3.0230129832608,0.33079580059274,nan,nan,20,2,2,51,3.5983180348222e-09,3.5983180348222e-09,-19.442799313212,1,115
0.8,155,-30.794267653568,nan,nan,nan,3.0230129832608,0.33079580059274,nan,nan,20,2,2,52,2.5903937396358e-09,2.5903937396358e-09,-19.771455949764,1,115
0.8,155,-30.794267653568,nan,nan,nan,3.0230129832608,0.33079580059274,nan,nan,20,2,2,53,1.8647997923138e-09,1.8647997923138e-09,-20.100112139579,1,115
0.8,155,-30.794267653568,nan,nan,nan,3.0230129832608,0.33079580059274,nan,nan,20,2,2,54,1.3424520984626e-09,1.3424520984626e-09,-20.428767971029,1,115
0.8,155,-30.794267653568,nan,nan,nan,3.0230129832608,0.33079580059274,nan,nan,20,2,2,55,9.6641910954021e-10,9.6641910954021e-10,-20.757423514999,1,115
0.8,155,-30.794267653568,nan,nan,nan,3.0230129832608,0.33079580059274,nan,nan,20,2,2,56,6.957165262996e-10,6.957165262996e-10,-21.086078828359,1,115
0.8,155,-30.794267653568,nan,nan,nan,3.0230129832608,0.33079580059274,nan,nan,20,2,2,57,5.00840235598e-10,5.00840235598e-10,-21.414733956722,1,115
0.8,155,-30.794267653568,nan,nan,nan,3.0230129832608,0.33079580059274,nan,nan,20,2,2,58,3.6055055376402e-10,3.6055055376402e-10,-21.74338893668,1,115
0.8,155,-30.794267653568,nan,nan,nan,3.0230129832608,0.33079580059274,nan,nan,20,2,2,59,2.5955725609695e-10,2.5955725609695e-10,-22.072043797595,1,115
0.8,155,-30.794267653568,nan,nan,nan,3.0230129832608,0.33079580059274,nan,nan,20,2,2,60,1.8685306380115e-10,1.8685306380115e-10,-22.400698563015,1,115
0.8,155,-30.794267653568,nan,nan,nan,3.0230129832608,0.33079580059274,nan,nan,20,2,2,61,1.345139436718e-10,1.345139436718e-10,-22.729353251838,1,115
0.8,155,-30.794267653568,nan,nan,nan,3.0230129832608,0.33079580059274,nan,nan,20,2,2,62,9.6835458760829e-11,9.6835458760829e-11,-23.058007879208,1,115
0.8,155,-30.794267653568,nan,nan,nan,3.0230129832608,0.33079580059274,nan,nan,20,2,2,63,6.9711037233012e-11,6.9711037233012e-11,-23.386662457284,1,115
0.8,155,-30.794267653568,nan,nan,nan,3.0230129832608,0.33079580059274,nan,nan,20,2,2,64,5.0184394915287e-11,5.0184394915287e-11,-23.715316995819,1,115
0.8,155,-30.794267653568,nan,nan,nan,3.0230129832608,0.33079580059274,nan,nan,20,2,2,65,3.6127328940543e-11,3.6127328940543e-11,-24.043971502632,1,115
0.8,155,-30.794267653568,nan,nan,nan,3.0230129832608,0.33079580059274,nan,nan,20,2,2,66,2.6007764600919e-11,2.6007764600919e-11,-24.372625983994,1,115
0.8,155,-30.794267653568,nan,nan,nan,3.0230129832608,0.33079580059274,nan,nan,20,2,2,67,1.8722774508411e-11,1.8722774508411e-11,-24.701280444942,1,115
0.8,155,-30.794267653568,nan,nan,nan,3.0230129832608,0.33079580059274,nan,nan,20,2,2,68,1.347837064862e-11,1.347837064862e-11,-25.029934889514,1,115
0.8,155,-30.794267653568,nan,nan,nan,3.0230129832608,0.33079580059274,nan,nan,20,2,2,69,9.7029677757672e-12,9.7029677757672e-12,-25.35858932095,1,115
0.8,155,-30.794267653568,nan,nan,nan,3.0230129832608,0.33079580059274,nan,nan,20,2,2,70,6.9850864843996e-12,6.9850864843996e-12,-25.68724374185,1,115
0.8,155,-30.794267653568,nan,nan,nan,3.0230129832608,0.33079580059274,nan,nan,20,2,2,71,5.0285061987545e-12,5.0285061987545e-12,-26.015898154303,1,115
0.8,155,-30.794267653568,nan,nan,nan,3.0230129832608,0.33079580059274,nan,nan,20,2,2,72,3.6199801990514e-12,3.6199801990514e-12,-26.344552559981,1,115
0.8,155,-30.794267653568,nan,nan,nan,3.0230129832608,0.33079580059274,nan,nan,20,2,2,73,2.6059939462736e-12,2.6059939462736e-12,-26.673206960224,1,115
0.8,155,-30.794267653568,nan,nan,nan,3.0230129832608,0.33079580059274,nan,nan,20,2,2,74,1.876033598045e-12,1.876033598045e-12,-27.001861356099,1,115
0.8,155,-30.794267653568,nan,nan,nan,3.0230129832608,0.33079580059274,nan,nan,20,2,2,75,1.3505411546907e-12,1.3505411546907e-12,-27.330515748473,1,115
0.8,155,-30.794267653568,nan,nan,nan,3.0230129832608,0.33079580059274,nan,nan,20,2,2,76,9.7224347023576e-13,9.7224347023576e-13,-27.659170138034,1,115
0.8,155,-30.794267653568,nan,nan,nan,3.0230129832608,0.33079580059274,nan,nan,20,2,2,77,6.9991007995286e-13,6.9991007995286e-13,-27.987824525329,1,115
0.8,155,-30.794267653568,nan,nan,nan,3.0230129832608,0.33079580059274,nan,nan,20,2,2,78,5.0385951246219e-13,5.0385951246219e-13,-28.316478910811,1,115
0.8,155,-30.794267653568,nan,nan,nan,3.0230129832608,0.33079580059274,nan,nan,20,2,2,79,3.6272432122408e-13,3.6272432122408e-13,-28.645133294834,1,115
0.8,155,-30.794267653568,nan,nan,nan,3.0230129832608,0.33079580059274,nan,nan,20,2,2,80,2.611222575073e-13,2.611222575073e-13,-28.973787677694,1,115
0.8,155,-30.794267653568,nan,nan,nan,3.0230129832608,0.33079580059274,nan,nan,20,2,2,81,1.879797671117e-13,1.879797671117e-13,-29.302442059619,1,115
0.8,155,-30.794267653568,nan,nan,nan,3.0230129832608,0.33079580059274,nan,nan,20,2,2,82,1.3532508950709e-13,1.3532508950709e-13,-29.631096440805,1,115
0.8,155,-30.794267653568,nan,nan,nan,3.0230129832608,0.33079580059274,nan,nan,20,2,2,83,9.7419419879799e-14,9.7419419879799e-14,-29.959750821387,1,115
0.8,155,-30.794267653568,nan,nan,nan,3.0230129832608,0.33079580059274,nan,nan,20,2,2,84,7.013143984311e-14,7.013143984311e-14,-30.288405201514,1,115
0.8,155,-30.794267653568,nan,nan,nan,3.0230129832608,0.33079580059274,nan,nan,20,2,2,85,5.0487047265478e-14,5.0487047265478e-14,-30.617059581321,1,115
0.8,155,-30.794267653568,nan,nan,nan,3.0230129832608,0.33079580059274,nan,nan,20,2,2,86,3.6345210488539e-14,3.6345210488539e-14,-30.945713960588,1,115
0.8,155,-30.794267653568,nan,nan,nan,3.0230129832608,0.33079580059274,nan,nan,20,2,2,87,2.6164618402257e-14,2.6164618402257e-14,-31.274368339475,1,115
0.8,155,-30.794267653568,nan,nan,nan,3.0230129832608,0.33079580059274,nan,nan,20,2,2,88,1.8835693811953e-14,1.8835693811953e-14,-31.603022718132,1,115
0.8,155,-30.794267653568,nan,nan,nan,3.0230129832608,0.33079580059274,nan,nan,20,2,2,89,1.3559661217876e-14,1.3559661217876e-14,-31.931677096643,1,115
0.8,155,-30.794267653568,nan,nan,nan,3.0230129832608,0.33079580059274,nan,nan,20,2,2,90,9.7614887030383e-15,9.7614887030383e-15,-32.260331475068,1,115
0.8,155,-30.794267653568,nan,nan,nan,3.0230129832608,0.33079580059274,nan,nan,20,2,2,91,7.0272155162414e-15,7.0272155162414e-15,-32.588985853434,1,115
0.8,155,-30.794267653568,nan,nan,nan,3.0230129832608,0.33079580059274,nan,nan,20,2,2,92,5.0588347143053e-15,5.0588347143053e-15,-32.917640231748,1,115
0.8,155,-30.794267653568,nan,nan,nan,3.0230129832608,0.33079580059274,nan,nan,20,2,2,93,3.6418135474222e-15,3.6418135474222e-15,-33.246294610022,1,115
0.8,155,-30.794267653568,nan,nan,nan,3.0230129832608,0.33079580059274,nan,nan,20,2,2,94,2.6217116516985e-15,2.6217116516985e-15,-33.574948988272,1,115
0.8,155,-30.794267653568,nan,nan,nan,3.0230129832608,0.33079580059274,nan,nan,20,2,2,95,1.8873486781397e-15,1.8873486781397e-15,-33.903603366506,1,115
0.8,155,-30.794267653568,nan,nan,nan,3.0230129832608,0.33079580059274,nan,nan,20,2,2,96,1.3586868069998e-15,1.3586868069998e-15,-34.232257744727,1,115
0.8,155,-30.794267653568,nan,nan,nan,3.0230129832608,0.33079580059274,nan,nan,20,2,2,97,9.7810746944208e-16,9.7810746944208e-16,-34.56091212294,1,115
0.8,155,-30.794267653568,nan,nan,nan,3.0230129832608,0.33079580059274,nan,nan,20,2,2,98,7.0413153116367e-16,7.0413153116367e-16,-34.889566501147,1,115
0.8,155,-30.794267653568,nan,nan,nan,3.0230129832608,0.33079580059274,nan,nan,20,2,2,99,5.0689850417322e-16,5.0689850417322e-16,-35.21822087935,1,115
0.8,155,-30.794267653568,nan,nan,nan,3.0230129832608,0.33079580059274,nan,nan,20,2,2,100,3.6491206850033e-16,3.6491206850033e-16,-35.546875257552,1,115
0.8,155,-30.794267653568,nan,nan,nan,3.0230129832608,0.33079580059274,nan,nan,20,2,2,101,2.6269720001177e-16,2.6269720001177e-16,-35.875529635759,1,115
0.8,155,-30.794267653568,nan,nan,nan,3.0230129832608,0.33079580059274,nan,nan,20,2,2,102,1.8911355597971e-16,1.8911355597971e-16,-36.204184013967,1,115
0.8,155,-30.794267653568,nan,nan,nan,3.0230129832608,0.33079580059274,nan,nan,20,2,2,103,1.3614129520051e-16,1.3614129520051e-16,-36.532838392179,1,115
0.8,155,-30.794267653568,nan,nan,nan,3.0230129832608,0.33079580059274,nan,nan,20,2,2,104,9.8006999882364e-17,9.8006999882364e-17,-36.861492770402,1,115
0.8,155,-30.794267653568,nan,nan,nan,3.0230129832608,0.33079580059274,nan,nan,20,2,2,105,7.0554433992284e-17,7.0554433992284e-17,-37.190147148635,1,115
0.8,155,-30.794267653568,nan,nan,nan,3.0230129832608,0.33079580059274,nan,nan,20,2,2,106,5.0791557356161e-17,5.0791557356161e-17,-37.518801526896,1,115
0.8,155,-30.794267653568,nan,nan,nan,3.0230129832608,0.33079580059274,nan,nan,20,2,2,107,3.6564424834854e-17,3.6564424834854e-17,-37.847455905231,1,115
0.8,155,-30.794267653568,nan,nan,nan,3.0230129832608,0.33079580059274,nan,nan,20,2,2,108,2.6322429019551e-17,2.6322429019551e-17,-38.176110283717,1,115
0.8,155,-30.794267653568,nan,nan,nan,3.0230129832608,0.33079580059274,nan,nan,20,2,2,109,1.8949300376369e-17,1.8949300376369e-17,-38.504764662499,1,115
0.8,155,-30.794267653568,nan,nan,nan,3.0230129832608,0.33079580059274,nan,nan,20,2,2,110,1.3641445638362e-17,1.3641445638362e-17,-38.833419041876,1,115
0.8,155,-30.794267653568,nan,nan,nan,3.0230129832608,0.33079580059274,nan,nan,20,2,2,111,9.8203646146705e-18,9.8203646146705e-18,-39.162073422412,1,115
0.8,155,-30.794267653568,nan,nan,nan,3.0230129832608,0.33079580059274,nan,nan,20,2,2,112,7.0695997698523e-18,7.0695997698523e-18,-39.490727805226,1,115
0.8,155,-30.794267653568,nan,nan,nan,3.0230129832608,0.33079580059274,nan,nan,20,2,2,113,5.0893467445183e-18,5.0893467445183e-18,-39.819382192526,1,115
0.8,155,-30.794267653568,nan,nan,nan,3.0230129832608,0.33079580059274,nan,nan,20,2,2,114,3.6637788417267e-18,3.6637788417267e-18,-40.148036588693,1,115
0.8,155,-30.794267653568,nan,nan,nan,3.0230129832608,0.33079580059274,nan,nan,20,2,2,115,2.6375241932845e-18,2.6375241932845e-18,-40.476691002323,1,115
0.85,155,-23.809686990822,nan,nan,nan,2.0997325571894,0.47625112854303,nan,nan,20,2,2,1,0.079058865314191,0.079058865314191,-2.5375625734277,1,115
0.85,155,-23.809686990822,nan,nan,nan,2.0997325571894,0.47625112854303,nan,nan,20,2,2,2,0.045395357833838,0.045395357833838,-3.0923454295187,1,115
0.85,155,-23.809686990822,nan,nan,nan,2.0997325571894,0.47625112854303,nan,nan,20,2,2,3,0.025875516006793,0.025875516006793,-3.6544580853039,1,115
0.85,155,-23.809686990822,nan,nan,nan,2.0997325571894,0.47625112854303,nan,nan,20,2,2,4,0.014975773163259,0.014975773163259,-4.2013215060457,1,115
0.85,155,-23.809686990822,nan,nan,nan,2.0997325571894,0.47625112854303,nan,nan,20,2,2,5,0.0088097437825447,0.0088097437825447,-4.7318969220285,1,115
0.85,155,-23.809686990822,nan,nan,nan,2.0997325571894,0.47625112854303,nan,nan,20,2,2,6,0.0052520810257188,0.0052520810257188,-5.2491308950675,1,115
0.85,155,-23.809686990822,nan,nan,nan,2.0997325571894,0.47625112854303,nan,nan,20,2,2,7,0.0031639454673852,0.0031639454673852,-5.755935464565,1,115
0.85,155,-23.809686990822,nan,nan,nan,2.0997325571894,0.47625112854303,nan,nan,20,2,2,8,0.0019215852856468,0.0019215852856468,-6.2546047640124,1,115
0.85,155,-23.809686990822,nan,nan,nan,2.0997325571894,0.47625112854303,nan,nan,20,2,2,9,0.0011744435598154,0.0011744435598154,-6.7469608096684,1,115
0.85,155,-23.809686990822,nan,nan,nan,2.0997325571894,0.47625112854303,nan,nan,20,2,2,10,0.00072128941560004,0.00072128941560004,-7.234470092623,1,115
0.85,155,-23.809686990822,nan,nan,nan,2.0997325571894,0.47625112854303,nan,nan,20,2,2,11,0.00044461458313623,0.00044461458313623,-7.7183027563958,1,115
0.85,155,-23.809686990822,nan,nan,nan,2.0997325571894,0.47625112854303,nan,nan,20,2,2,12,0.00027482171408705,0.00027482171408705,-8.1993879829538,1,115
0.85,155,-23.809686990822,nan,nan,nan,2.0997325571894,0.47625112854303,nan,nan,20,2,2,13,0.00017021407167493,0.00017021407167493,-8.6784536679516,1,115
0.85,155,-23.809686990822,nan,nan,nan,2.0997325571894,0.47625112854303,nan,nan,20,2,2,14,0.00010558128437404,0.00010558128437404,-9.1560294337058,1,115
0.85,155,-23.809686990822,nan,nan,nan,2.0997325571894,0.47625112854303,nan,nan,20,2,2,15,6.5562991095765e-05,6.5562991095765e-05,-9.632499181338,1,115
0.85,155,-23.809686990822,nan,nan,nan,2.0997325571894,0.47625112854303,nan,nan,20,2,2,16,4.0745898776574e-05,4.0745898776574e-05,-10.108155366862,1,115
0.85,155,-23.809686990822,nan,nan,nan,2.0997325571894,0.47625112854303,nan,nan,20,2,2,17,2.5337594094867e-05,2.5337594094867e-05,-10.583221332533,1,115
0.85,155,-23.809686990822,nan,nan,nan,2.0997325571894,0.47625112854303,nan,nan,20,2,2,18,1.5762698158427e-05,1.5762698158427e-05,-11.057864285242,1,115
0.85,155,-23.809686990822,nan,nan,nan,2.0997325571894,0.47625112854303,nan,nan,20,2,2,19,9.8089956188104e-06,9.8089956188104e-06,-11.532210673032,1,115
0.85,155,-23.809686990822,nan,nan,nan,2.0997325571894,0.47625112854303,nan,nan,20,2,2,20,6.1052934180422e-06,6.1052934180422e-06,-12.006354389633,1,115
0.85,155,-23.809686990822,nan,nan,nan,2.0997325571894,0.47625112854303,nan,nan,20,2,2,21,3.8005696282912e-06,3.8005696282912e-06,-12.480359600284,1,115
0.85,155,-23.809686990822,nan,nan,nan,2.0997325571894,0.47625112854303,nan,nan,20,2,2,22,2.3661911654447e-06,2.3661911654447e-06,-12.954228998781,1,115
0.85,155,-23.809686990822,nan,nan,nan,2.0997325571894,0.47625112854303,nan,nan,20,2,2,23,1.4733903638591e-06,1.4733903638591e-06,-13.42794444279,1,115
0.85,155,-23.809686990822,nan,nan,nan,2.0997325571894,0.47625112854303,nan,nan,20,2,2,24,9.1758553680248e-07,9.1758553680248e-07,-13.901520033241,1,115
0.85,155,-23.809686990822,nan,nan,nan,2.0997325571894,0.47625112854303,nan,nan,20,2,2,25,5.7150070442316e-07,5.7150070442316e-07,-14.375000121126,1,115
0.85,155,-23.809686990822,nan,nan,nan,2.0997325571894,0.47625112854303,nan,nan,20,2,2,26,3.5596918258213e-07,3.5596918258213e-07,-14.848421675622,1,115
0.85,155,-23.809686990822,nan,nan,nan,2.0997325571894,0.47625112854303,nan,nan,20,2,2,27,2.217311769058e-07,2.217311769058e-07,-15.321800103663,1,115
0.85,155,-23.809686990822,nan,nan,nan,2.0997325571894,0.47625112854303,nan,nan,20,2,2,28,1.3812165392267e-07,1.3812165392267e-07,-15.795130989962,1,115
0.85,155,-23.809686990822,nan,nan,nan,2.0997325571894,0.47625112854303,nan,nan,20,2,2,29,8.6044041807585e-08,8.6044041807585e-08,-16.268406557737,1,115
0.85,155,-23.809686990822,nan,nan,nan,2.0997325571894,0.47625112854303,nan,nan,20,2,2,30,5.3604295952675e-08,5.3604295952675e-08,-16.741636623711,1,115
0.85,155,-23.809686990822,nan,nan,nan,2.0997325571894,0.47625112854303,nan,nan,20,2,2,31,3.3395500797852e-08,3.3395500797852e-08,-17.214844652689,1,115
0.85,155,-23.809686990822,nan,nan,nan,2.0997325571894,0.47625112854303,nan,nan,20,2,2,32,2.0805426579416e-08,2.0805426579416e-08,-17.688051991025,1,115
0.85,155,-23.809686990822,nan,nan,nan,2.0997325571894,0.47625112854303,nan,nan,20,2,2,33,1.2961652958089e-08,1.2961652958089e-08,-18.161270611093,1,115
0.85,155,-23.809686990822,nan,nan,nan,2.0997325571894,0.47625112854303,nan,nan,20,2,2,34,8.0749003756115e-09,8.0749003756115e-09,-18.634505305299,1,115
0.85,155,-23.809686990822,nan,nan,nan,2.0997325571894,0.47625112854303,nan,nan,20,2,2,35,5.0304395222447e-09,5.0304395222447e-09,-19.107758476484,1,115
0.85,155,-23.809686990822,nan,nan,nan,2.0997325571894,0.47625112854303,nan,nan,20,2,2,36,3.1337592413472e-09,3.1337592413472e-09,-19.581032517486,1,115
0.85,155,-23.809686990822,nan,nan,nan,2.0997325571894,0.47625112854303,nan,nan,20,2,2,37,1.9521605938802e-09,1.9521605938802e-09,-20.054329080885,1,115
0.85,155,-23.809686990822,nan,nan,nan,2.0997325571894,0.47625112854303,nan,nan,20,2,2,38,1.2160626216248e-09,1.2160626216248e-09,-20.527647556682,1,115
0.85,155,-23.809686990822,nan,nan,nan,2.0997325571894,0.47625112854303,nan,nan,20,2,2,39,7.5750982406082e-10,7.5750982406082e-10,-21.000984609572,1,115
0.85,155,-23.809686990822,nan,nan,nan,2.0997325571894,0.47625112854303,nan,nan,20,2,2,40,4.7186188263236e-10,4.7186188263236e-10,-21.474334794707,1,115
0.85,155,-23.809686990822,nan,nan,nan,2.0997325571894,0.47625112854303,nan,nan,20,2,2,41,2.9392634002269e-10,2.9392634002269e-10,-21.947691924122,1,115
0.85,155,-23.809686990822,nan,nan,nan,2.0997325571894,0.47625112854303,nan,nan,20,2,2,42,1.8308836383701e-10,1.8308836383701e-10,-22.42105221713,1,115
0.85,155,-23.809686990822,nan,nan,nan,2.0997325571894,0.47625112854303,nan,nan,20,2,2,43,1.1404602705261e-10,1.1404602705261e-10,-22.894419002942,1,115
0.85,155,-23.809686990822,nan,nan,nan,2.0997325571894,0.47625112854303,nan,nan,20,2,2,44,7.1038271702405e-11,7.1038271702405e-11,-23.367802346054,1,115
0.85,155,-23.809686990822,nan,nan,nan,2.0997325571894,0.47625112854303,nan,nan,20,2,2,45,4.4247967899394e-11,4.4247967899394e-11,-23.841211668707,1,115
0.85,155,-23.809686990822,nan,nan,nan,2.0997325571894,0.47625112854303,nan,nan,20,2,2,46,2.7560178572024e-11,2.7560178572024e-11,-24.314649190413,1,115
0.85,155,-23.809686990822,nan,nan,nan,2.0997325571894,0.47625112854303,nan,nan,20,2,2,47,1.7165777928384e-11,1.7165777928384e-11,-24.788103369429,1,115
0.85,155,-23.809686990822,nan,nan,nan,2.0997325571894,0.47625112854303,nan,nan,20,2,2,48,1.0691703240761e-11,1.0691703240761e-11,-25.261553073297,1,115
0.85,155,-23.809686990822,nan,nan,nan,2.0997325571894,0.47625112854303,nan,nan,20,2,2,49,6.6594076081973e-12,6.6594076081973e-12,-25.73499058305,1,115
0.85,155,-23.809686990822,nan,nan,nan,2.0997325571894,0.47625112854303,nan,nan,20,2,2,50,4.1479000488939e-12,4.1479000488939e-12,-26.208418922068,1,115
0.85,155,-23.809686990822,nan,nan,nan,2.0997325571894,0.47625112854303,nan,nan,20,2,2,51,2.5835869297501e-12,2.5835869297501e-12,-26.681842399695,1,115
0.85,155,-23.809686990822,nan,nan,nan,2.0997325571894,0.47625112854303,nan,nan,20,2,2,52,1.609233017895e-12,1.609233017895e-12,-27.155263436841,1,115
0.85,155,-23.809686990822,nan,nan,nan,2.0997325571894,0.47625112854303,nan,nan,20,2,2,53,1.0023410748736e-12,1.0023410748736e-12,-27.628682777101,1,115
0.85,155,-23.809686990822,nan,nan,nan,2.0997325571894,0.47625112854303,nan,nan,20,2,2,54,6.2432812190448e-13,6.2432812190448e-13,-28.102100328359,1,115
0.85,155,-23.809686990822,nan,nan,nan,2.0997325571894,0.47625112854303,nan,nan,20,2,2,55,3.8887599192979e-13,3.8887599192979e-13,-28.575515888928,1,115
0.85,155,-23.809686990822,nan,nan,nan,2.0997325571894,0.47625112854303,nan,nan,20,2,2,56,2.4222000870107e-13,2.4222000870107e-13,-29.048929954896,1,115
0.85,155,-23.809686990822,nan,nan,nan,2.0997325571894,0.47625112854303,nan,nan,20,2,2,57,1.5087192775558e-13,1.5087192775558e-13,-29.522345078547,1,115
0.85,155,-23.809686990822,nan,nan,nan,2.0997325571894,0.47625112854303,nan,nan,20,2,2,58,9.3973135439329e-14,9.3973135439329e-14,-29.995767446686,1,115
0.85,155,-23.809686990822,nan,nan,nan,2.0997325571894,0.47625112854303,nan,nan,20,2,2,59,5.853173557009e-14,5.853173557009e-14,-30.469207299389,1,115
0.85,155,-23.809686990822,nan,nan,nan,2.0997325571894,0.47625112854303,nan,nan,20,2,2,60,3.6455680865438e-14,3.6455680865438e-14,-30.942679094953,1,115
0.85,155,-23.809686990822,nan,nan,nan,2.0997325571894,0.47625112854303,nan,nan,20,2,2,61,2.2704762726078e-14,2.2704762726078e-14,-31.416201680709,1,115
0.85,155,-23.809686990822,nan,nan,nan,2.0997325571894,0.47625112854303,nan,nan,20,2,2,62,1.4139770516288e-14,1.4139770516288e-14,-31.889784963974,1,115
0.85,155,-23.809686990822,nan,nan,nan,2.0997325571894,0.47625112854303,nan,nan,20,2,2,63,8.8053731921135e-15,8.8053731921135e-15,-32.363414269748,1,115
0.85,155,-23.809686990822,nan,nan,nan,2.0997325571894,0.47625112854303,nan,nan,20,2,2,64,5.4833233268837e-15,5.4833233268837e-15,-32.837065031254,1,115
0.85,155,-23.809686990822,nan,nan,nan,2.0997325571894,0.47625112854303,nan,nan,20,2,2,65,3.4145914295342e-15,3.4145914295342e-15,-33.310718549006,1,115
0.85,155,-23.809686990822,nan,nan,nan,2.0997325571894,0.47625112854303,nan,nan,20,2,2,66,2.1264155336765e-15,2.1264155336765e-15,-33.784338680808,1,115
0.85,155,-23.809686990822,nan,nan,nan,2.0997325571894,0.47625112854303,nan,nan,20,2,2,67,1.3243158110799e-15,1.3243158110799e-15,-34.257880437833,1,115
0.85,155,-23.809686990822,nan,nan,nan,2.0997325571894,0.47625112854303,nan,nan,20,2,2,68,8.2485236081595e-16,8.2485236081595e-16,-34.73132726016,1,115
0.85,155,-23.809686990822,nan,nan,nan,2.0997325571894,0.47625112854303,nan,nan,20,2,2,69,5.1380312147558e-16,5.1380312147558e-16,-35.204691513962,1,115
0.85,155,-23.809686990822,nan,nan,nan,2.0997325571894,0.47625112854303,nan,nan,20,2,2,70,3.2007093435023e-16,3.2007093435023e-16,-35.67798903282,1,115
0.85,155,-23.809686990822,nan,nan,nan,2.0997325571894,0.47625112854303,nan,nan,20,2,2,71,1.9939917426811e-16,1.9939917426811e-16,-36.151222957456,1,115
0.85,155,-23.809686990822,nan,nan,nan,2.0997325571894,0.47625112854303,nan,nan,20,2,2,72,1.242307726786e-16,1.242307726786e-16,-36.624390767944,1,115
0.85,155,-23.809686990822,nan,nan,nan,2.0997325571894,0.47625112854303,nan,nan,20,2,2,73,7.7402122334471e-17,7.7402122334471e-17,-37.097517473331,1,115
0.85,155,-23.809686990822,nan,nan,nan,2.0997325571894,0.47625112854303,nan,nan,20,2,2,74,4.8225013588125e-17,4.8225013588125e-17,-37.570653833336,1,115
0.85,155,-23.809686990822,nan,nan,nan,2.0997325571894,0.47625112854303,nan,nan,20,2,2,75,3.0044531803684e-17,3.0044531803684e-17,-38.043850999397,1,115
0.85,155,-23.809686990822,nan,nan,nan,2.0997325571894,0.47625112854303,nan,nan,20,2,2,76,1.8716277819213e-17,1.8716277819213e-17,-38.517138057057,1,115
0.85,155,-23.809686990822,nan,nan,nan,2.0997325571894,0.47625112854303,nan,nan,20,2,2,77,1.1658251532572e-17,1.1658251532572e-17,-38.99051745854,1,115
0.85,155,-23.809686990822,nan,nan,nan,2.0997325571894,0.47625112854303,nan,nan,20,2,2,78,7.261279590339e-18,7.261279590339e-18,-39.463975608474,1,115
0.85,155,-23.809686990822,nan,nan,nan,2.0997325571894,0.47625112854303,nan,nan,20,2,2,79,4.5223743076085e-18,4.5223743076085e-18,-39.937494528671,1,115
0.85,155,-23.809686990822,nan,nan,nan,2.0997325571894,0.47625112854303,nan,nan,20,2,2,80,2.8164398027194e-18,2.8164398027194e-18,-40.411058067849,1,115
0.85,155,-23.809686990822,nan,nan,nan,2.0997325571894,0.47625112854303,nan,nan,20,2,2,81,1.7539634855716e-18,1.7539634855716e-18,-40.884653597964,1,115
0.85,155,-23.809686990822,nan,nan,nan,2.0997325571894,0.47625112854303,nan,nan,20,2,2,82,1.0922721324528e-18,1.0922721324528e-18,-41.358271622074,1,115
0.85,155,-23.809686990822,nan,nan,nan,2.0997325571894,0.47625112854303,nan,nan,20,2,2,83,6.8019683394551e-19,6.8019683394551e-19,-41.831904734906,1,115
0.85,155,-23.809686990822,nan,nan,nan,2.0997325571894,0.47625112854303,nan,nan,20,2,2,84,4.2357928583434e-19,4.2357928583434e-19,-42.30554624064,1,115
0.85,155,-23.809686990822,nan,nan,nan,2.0997325571894,0.47625112854303,nan,nan,20,2,2,85,2.6377564672557e-19,2.6377564672557e-19,-42.779188034042,1,115
0.85,155,-23.809686990822,nan,nan,nan,2.0997325571894,0.47625112854303,nan,nan,20,2,2,86,1.6426302349695e-19,1.6426302349695e-19,-43.252818007957,1,115
0.85,155,-23.809686990822,nan,nan,nan,2.0997325571894,0.47625112854303,nan,nan,20,2,2,87,1.0229545096384e-19,1.0229545096384e-19,-43.726421748513,1,115
0.85,155,-23.809686990822,nan,nan,nan,2.0997325571894,0.47625112854303,nan,nan,20,2,2,88,6.3708286440855e-20,6.3708286440855e-20,-44.199972313343,1,115
0.85,155,-23.809686990822,nan,nan,nan,2.0997325571894,0.47625112854303,nan,nan,20,2,2,89,3.9677655752225e-20,3.9677655752225e-20,-44.673498751028,1,115
0.85,155,-23.809686990822,nan,nan,nan,2.0997325571894,0.47625112854303,nan,nan,20,2,2,90,2.4711857540955e-20,2.4711857540955e-20,-45.147003762047,1,115
0.85,155,-23.809686990822,nan,nan,nan,2.0997325571894,0.47625112854303,nan,nan,20,2,2,91,1.5391248099154e-20,1.5391248099154e-20,-45.620487910252,1,115
0.85,155,-23.809686990822,nan,nan,nan,2.0997325571894,0.47625112854303,nan,nan,20,2,2,92,9.5862775863639e-21,9.5862775863639e-21,-46.093954295081,1,115
0.85,155,-23.809686990822,nan,nan,nan,2.0997325571894,0.47625112854303,nan,nan,20,2,2,93,5.9707959750781e-21,5.9707959750781e-21,-46.567406705199,1,115
0.85,155,-23.809686990822,nan,nan,nan,2.0997325571894,0.47625112854303,nan,nan,20,2,2,94,3.7189390296581e-21,3.7189390296581e-21,-47.04084853235,1,115
0.85,155,-23.809686990822,nan,nan,nan,2.0997325571894,0.47625112854303,nan,nan,20,2,2,95,2.3163773220935e-21,2.3163773220935e-21,-47.514282486705,1,115
0.85,155,-23.809686990822,nan,nan,nan,2.0997325571894,0.47625112854303,nan,nan,20,2,2,96,1.4427865118645e-21,1.4427865118645e-21,-47.987710631454,1,115
0.85,155,-23.809686990822,nan,nan,nan,2.0997325571894,0.47625112854303,nan,nan,20,2,2,97,8.9866266365102e-22,8.9866266365102e-22,-48.461134502897,1,115
0.85,155,-23.809686990822,nan,nan,nan,2.0997325571894,0.47625112854303,nan,nan,20,2,2,98,5.5974817710551e-22,5.5974817710551e-22,-48.934555233006,1,115
0.85,155,-23.809686990822,nan,nan,nan,2.0997325571894,0.47625112854303,nan,nan,20,2,2,99,3.4865000904904e-22,3.4865000904904e-22,-49.407973652236,1,115
0.85,155,-23.809686990822,nan,nan,nan,2.0997325571894,0.47625112854303,nan,nan,20,2,2,100,2.1716379001894e-22,2.1716379001894e-22,-49.881390370315,1,115
0.85,155,-23.809686990822,nan,nan,nan,2.0997325571894,0.47625112854303,nan,nan,20,2,2,101,1.3526507805286e-22,1.3526507805286e-22,-50.354805837514,1,115
0.85,155,-23.809686990822,nan,nan,nan,2.0997325571894,0.47625112854303,nan,nan,20,2,2,102,8.4252803407984e-23,8.4252803407984e-23,-50.828220388306,1,115
0.85,155,-23.809686990822,nan,nan,nan,2.0997325571894,0.47625112854303,nan,nan,20,2,2,103,5.2478730921334e-23,5.2478730921334e-23,-51.301634269653,1,115
0.85,155,-23.809686990822,nan,nan,nan,2.0997325571894,0.47625112854303,nan,nan,20,2,2,104,3.2687559910381e-23,3.2687559910381e-23,-51.775047657211,1,115
0.85,155,-23.809686990822,nan,nan,nan,2.0997325571894,0.47625112854303,nan,nan,20,2,2,105,2.0360190948551e-23,2.0360190948551e-23,-52.248460661606,1,115
0.85,155,-23.809686990822,nan,nan,nan,2.0997325571894,0.47625112854303,nan,nan,20,2,2,106,1.2681812822637e-23,1.2681812822637e-23,-52.721873325982,1,115
0.85,155,-23.809686990822,nan,nan,nan,2.0997325571894,0.47625112854303,nan,nan,20,2,2,107,7.8991614611453e-24,7.8991614611453e-24,-53.195285622177,1,115
0.85,155,-23.809686990822,nan,nan,nan,2.0997325571894,0.47625112854303,nan,nan,20,2,2,108,4.9201782751349e-24,4.9201782751349e-24,-53.668697467226,1,115
0.85,155,-23.809686990822,nan,nan,nan,2.0997325571894,0.47625112854303,nan,nan,20,2,2,109,3.0646499978886e-24,3.0646499978886e-24,-54.142108862174,1,115
0.85,155,-23.809686990822,nan,nan,nan,2.0997325571894,0.47625112854303,nan,nan,20,2,2,110,1.9088884223869e-24,1.9088884223869e-24,-54.615521137021,1,115
0.85,155,-23.809686990822,nan,nan,nan,2.0997325571894,0.47625112854303,nan,nan,20,2,2,111,1.1889875768894e-24,1.1889875768894e-24,-55.088940062572,1,115
0.85,155,-23.809686990822,nan,nan,nan,2.0997325571894,0.47625112854303,nan,nan,20,2,2,112,7.4056953058109e-25,7.4056953058109e-25,-55.562377984738,1,115
0.85,155,-23.809686990822,nan,nan,nan,2.0997325571894,0.47625112854303,nan,nan,20,2,2,113,4.6124465946182e-25,4.6124465946182e-25,-56.035868893954,1,115
0.85,155,-23.809686990822,nan,nan,nan,2.0997325571894,0.47625112854303,nan,nan,20,2,2,114,2.8726722593033e-25,2.8726722593033e-25,-56.509384627483,1,115
0.85,155,-23.809686990822,nan,nan,nan,2.0997325571894,0.47625112854303,nan,nan,20,2,2,115,1.7891775669789e-25,1.7891775669789e-25,-56.982871270371,1,115
0.9,155,-18.423981710298,nan,nan,nan,1.596895991907,0.62621485999588,nan,nan,20,2,2,1,0.071074012101291,0.071074012101291,-2.6440335209255,1,115
0.9,155,-18.423981710298,nan,nan,nan,1.596895991907,0.62621485999588,nan,nan,20,2,2,2,0.034761841567457,0.034761841567457,-3.3592350004873,1,115
0.9,155,-18.423981710298,nan,nan,nan,1.596895991907,0.62621485999588,nan,nan,20,2,2,3,0.016967530045844,0.016967530045844,-4.0764537586,1,115
0.9,155,-18.423981710298,nan,nan,nan,1.596895991907,0.62621485999588,nan,nan,20,2,2,4,0.0084415407068867,0.0084415407068867,-4.7745904388248,1,115
0.9,155,-18.423981710298,nan,nan,nan,1.596895991907,0.62621485999588,nan,nan,20,2,2,5,0.0042774449027523,0.0042774449027523,-5.4543994329934,1,115
0.9,155,-18.423981710298,nan,nan,nan,1.596895991907,0.62621485999588,nan,nan,20,2,2,6,0.00219876142316,0.00219876142316,-6.1198610666287,1,115
0.9,155,-18.423981710298,nan,nan,nan,1.596895991907,0.62621485999588,nan,nan,20,2,2,7,0.0011427149359394,0.0011427149359394,-6.7743483251528,1,115
0.9,155,-18.423981710298,nan,nan,nan,1.596895991907,0.62621485999588,nan,nan,20,2,2,8,0.00059888933757215,0.00059888933757215,-7.4204337222049,1,115
0.9,155,-18.423981710298,nan,nan,nan,1.596895991907,0.62621485999588,nan,nan,20,2,2,9,0.00031588721736551,0.00031588721736551,-8.060125315155,1,115
0.9,155,-18.423981710298,nan,nan,nan,1.596895991907,0.62621485999588,nan,nan,20,2,2,10,0.00016742074776393,0.00016742074776393,-8.6950004663469,1,115
0.9,155,-18.423981710298,nan,nan,nan,1.596895991907,0.62621485999588,nan,nan,20,2,2,11,8.9052644437845e-05,8.9052644437845e-05,-9.3262828525679,1,115
0.9,155,-18.423981710298,nan,nan,nan,1.596895991907,0.62621485999588,nan,nan,20,2,2,12,4.7494042441261e-05,4.7494042441261e-05,-9.954906277079,1,115
0.9,155,-18.423981710298,nan,nan,nan,1.596895991907,0.62621485999588,nan,nan,20,2,2,13,2.5379383747749e-05,2.5379383747749e-05,-10.581573376991,1,115
0.9,155,-18.423981710298,nan,nan,nan,1.596895991907,0.62621485999588,nan,nan,20,2,2,14,1.3581428117096e-05,1.3581428117096e-05,-11.206807278101,1,115
0.9,155,-18.423981710298,nan,nan,nan,1.596895991907,0.62621485999588,nan,nan,20,2,2,15,7.2755256470745e-06,7.2755256470745e-06,-11.830994493624,1,115
0.9,155,-18.423981710298,nan,nan,nan,1.596895991907,0.62621485999588,nan,nan,20,2,2,16,3.9004483438267e-06,3.9004483438267e-06,-12.454419051481,1,115
0.9,155,-18.423981710298,nan,nan,nan,1.596895991907,0.62621485999588,nan,nan,20,2,2,17,2.0922116112571e-06,2.0922116112571e-06,-13.077288864269,1,115
0.9,155,-18.423981710298,nan,nan,nan,1.596895991907,0.62621485999588,nan,nan,20,2,2,18,1.1227205997953e-06,1.1227205997953e-06,-13.699755711209,1,115
0.9,155,-18.423981710298,nan,nan,nan,1.596895991907,0.62621485999588,nan,nan,20,2,2,19,6.0264943313762e-07,6.0264943313762e-07,-14.321930180529,1,115
0.9,155,-18.423981710298,nan,nan,nan,1.596895991907,0.62621485999588,nan,nan,20,2,2,20,3.2355628775602e-07,3.2355628775602e-07,-14.943892741986,1,115
0.9,155,-18.423981710298,nan,nan,nan,1.596895991907,0.62621485999588,nan,nan,20,2,2,21,1.7374069639247e-07,1.7374069639247e-07,-15.565701899878,1,115
0.9,155,-18.423981710298,nan,nan,nan,1.596895991907,0.62621485999588,nan,nan,20,2,2,22,9.330425086683e-08,9.330425086683e-08,-16.187400168857,1,115
0.9,155,-18.423981710298,nan,nan,nan,1.596895991907,0.62621485999588,nan,nan,20,2,2,23,5.0111343639498e-08,5.0111343639498e-08,-16.809018434535,1,115
0.9,155,-18.423981710298,nan,nan,nan,1.596895991907,0.62621485999588,nan,nan,20,2,2,24,2.691507995589e-08,2.691507995589e-08,-17.430579114256,1,115
0.9,155,-18.423981710298,nan,nan,nan,1.596895991907,0.62621485999588,nan,nan,20,2,2,25,1.4456835756925e-08,1.4456835756925e-08,-18.052098471484,1,115
0.9,155,-18.423981710298,nan,nan,nan,1.596895991907,0.62621485999588,nan,nan,20,2,2,26,7.7653968278263e-09,7.7653968278263e-09,-18.673588276973,1,115
0.9,155,-18.423981710298,nan,nan,nan,1.596895991907,0.62621485999588,nan,nan,20,2,2,27,4.1712216693778e-09,4.1712216693778e-09,-19.295056877764,1,115
0.9,155,-18.423981710298,nan,nan,nan,1.596895991907,0.62621485999588,nan,nan,20,2,2,28,2.2406267661576e-09,2.2406267661576e-09,-19.916510203898,1,115
0.9,155,-18.423981710298,nan,nan,nan,1.596895991907,0.62621485999588,nan,nan,20,2,2,29,1.2035955682251e-09,1.2035955682251e-09,-20.537952453279,1,115
0.9,155,-18.423981710298,nan,nan,nan,1.596895991907,0.62621485999588,nan,nan,20,2,2,30,6.4653967867696e-10,6.4653967867696e-10,-21.159386545003,1,115
0.9,155,-18.423981710298,nan,nan,nan,1.596895991907,0.62621485999588,nan,nan,20,2,2,31,3.4730615796826e-10,3.4730615796826e-10,-21.780814425359,1,115
0.9,155,-18.423981710298,nan,nan,nan,1.596895991907,0.62621485999588,nan,nan,20,2,2,32,1.8656576602263e-10,1.8656576602263e-10,-22.402237306176,1,115
0.9,155,-18.423981710298,nan,nan,nan,1.596895991907,0.62621485999588,nan,nan,20,2,2,33,1.0021973933018e-10,1.0021973933018e-10,-23.023655947376,1,115
0.9,155,-18.423981710298,nan,nan,nan,1.596895991907,0.62621485999588,nan,nan,20,2,2,34,5.3836418867974e-11,5.3836418867974e-11,-23.645070947144,1,115
0.9,155,-18.423981710298,nan,nan,nan,1.596895991907,0.62621485999588,nan,nan,20,2,2,35,2.8920138921444e-11,2.8920138921444e-11,-24.266482915003,1,115
0.9,155,-18.423981710298,nan,nan,nan,1.596895991907,0.62621485999588,nan,nan,20,2,2,36,1.5535513683063e-11,1.5535513683063e-11,-24.887892507453,1,115
0.9,155,-18.423981710298,nan,nan,nan,1.596895991907,0.62621485999588,nan,nan,20,2,2,37,8.3454856752717e-12,8.3454856752717e-12,-25.509300360955,1,115
0.9,155,-18.423981710298,nan,nan,nan,1.596895991907,0.62621485999588,nan,nan,20,2,2,38,4.4830966304728e-12,4.4830966304728e-12,-26.13070709612,1,115
0.9,155,-18.423981710298,nan,nan,nan,1.596895991907,0.62621485999588,nan,nan,20,2,2,39,2.4082671763002e-12,2.4082671763002e-12,-26.752113641024,1,115
0.9,155,-18.423981710298,nan,nan,nan,1.596895991907,0.62621485999588,nan,nan,20,2,2,40,1.2936921834152e-12,1.2936921834152e-12,-27.373520828043,1,115
0.9,155,-18.423981710298,nan,nan,nan,1.596895991907,0.62621485999588,nan,nan,20,2,2,41,6.949554793304e-13,6.949554793304e-13,-27.994928609915,1,115
0.9,155,-18.423981710298,nan,nan,nan,1.596895991907,0.62621485999588,nan,nan,20,2,2,42,3.7332137917196e-13,3.7332137917196e-13,-28.616336739877,1,115
0.9,155,-18.423981710298,nan,nan,nan,1.596895991907,0.62621485999588,nan,nan,20,2,2,43,2.0054355339973e-13,2.0054355339973e-13,-29.237744947815,1,115
0.9,155,-18.423981710298,nan,nan,nan,1.596895991907,0.62621485999588,nan,nan,20,2,2,44,1.0772951131818e-13,1.0772951131818e-13,-29.859152834187,1,115
0.9,155,-18.423981710298,nan,nan,nan,1.596895991907,0.62621485999588,nan,nan,20,2,2,45,5.787101295629e-14,5.787101295629e-14,-30.480559775481,1,115
0.9,155,-18.423981710298,nan,nan,nan,1.596895991907,0.62621485999588,nan,nan,20,2,2,46,3.1087669058594e-14,3.1087669058594e-14,-31.101965147643,1,115
0.9,155,-18.423981710298,nan,nan,nan,1.596895991907,0.62621485999588,nan,nan,20,2,2,47,1.6699990111508e-14,1.6699990111508e-14,-31.723368267613,1,115
0.9,155,-18.423981710298,nan,nan,nan,1.596895991907,0.62621485999588,nan,nan,20,2,2,48,8.9711074005443e-15,8.9711074005443e-15,-32.344767270435,1,115
0.9,155,-18.423981710298,nan,nan,nan,1.596895991907,0.62621485999588,nan,nan,20,2,2,49,4.8192400046931e-15,4.8192400046931e-15,-32.966160154655,1,115
0.9,155,-18.423981710298,nan,nan,nan,1.596895991907,0.62621485999588,nan,nan,20,2,2,50,2.5888944921017e-15,2.5888944921017e-15,-33.587545447346,1,115
0.9,155,-18.423981710298,nan,nan,nan,1.596895991907,0.62621485999588,nan,nan,20,2,2,51,1.3907644244856e-15,1.3907644244856e-15,-34.20892285326,1,115
0.9,155,-18.423981710298,nan,nan,nan,1.596895991907,0.62621485999588,nan,nan,20,2,2,52,7.4712934428232e-16,7.4712934428232e-16,-34.830293352099,1,115
0.9,155,-18.423981710298,nan,nan,nan,1.596895991907,0.62621485999588,nan,nan,20,2,2,53,4.0136602904412e-16,4.0136602904412e-16,-35.451657872293,1,115
0.9,155,-18.423981710298,nan,nan,nan,1.596895991907,0.62621485999588,nan,nan,20,2,2,54,2.1561930799876e-16,2.1561930799876e-16,-36.073017284143,1,115
0.9,155,-18.423981710298,nan,nan,nan,1.596895991907,0.62621485999588,nan,nan,20,2,2,55,1.158338975941e-16,1.158338975941e-16,-36.694374426252,1,115
0.9,155,-18.423981710298,nan,nan,nan,1.596895991907,0.62621485999588,nan,nan,20,2,2,56,6.2227922982296e-17,6.2227922982296e-17,-37.315727852338,1,115
0.9,155,-18.423981710298,nan,nan,nan,1.596895991907,0.62621485999588,nan,nan,20,2,2,57,3.3429834884286e-17,3.3429834884286e-17,-37.937082912621,1,115
0.9,155,-18.423981710298,nan,nan,nan,1.596895991907,0.62621485999588,nan,nan,20,2,2,58,1.7959159776015e-17,1.7959159776015e-17,-38.558431395186,1,115
0.9,155,-18.423981710298,nan,nan,nan,1.596895991907,0.62621485999588,nan,nan,20,2,2,59,9.6479880782037e-18,9.6479880782037e-18,-39.179782269584,1,115
0.9,155,-18.423981710298,nan,nan,nan,1.596895991907,0.62621485999588,nan,nan,20,2,2,60,5.1830710396635e-18,5.1830710396635e-18,-39.801133928496,1,115
0.9,155,-18.423981710298,nan,nan,nan,1.596895991907,0.62621485999588,nan,nan,20,2,2,61,2.7844271172355e-18,2.7844271172355e-18,-40.422489524641,1,115
0.9,155,-18.423981710298,nan,nan,nan,1.596895991907,0.62621485999588,nan,nan,20,2,2,62,1.4958348583696e-18,1.4958348583696e-18,-41.043847189224,1,115
0.9,155,-18.423981710298,nan,nan,nan,1.596895991907,0.62621485999588,nan,nan,20,2,2,63,8.0358455046314e-19,8.0358455046314e-19,-41.665204545526,1,115
0.9,155,-18.423981710298,nan,nan,nan,1.596895991907,0.62621485999588,nan,nan,20,2,2,64,4.3169848135082e-19,4.3169848135082e-19,-42.286559568154,1,115
0.9,155,-18.423981710298,nan,nan,nan,1.596895991907,0.62621485999588,nan,nan,20,2,2,65,2.319157414223e-19,2.319157414223e-19,-42.9079128307,1,115
0.9,155,-18.423981710298,nan,nan,nan,1.596895991907,0.62621485999588,nan,nan,20,2,2,66,1.2458953775237e-19,1.2458953775237e-19,-43.529262316721,1,115
0.9,155,-18.423981710298,nan,nan,nan,1.596895991907,0.62621485999588,nan,nan,20,2,2,67,6.6931785151231e-20,6.6931785151231e-20,-44.150612984204,1,115
0.9,155,-18.423981710298,nan,nan,nan,1.596895991907,0.62621485999588,nan,nan,20,2,2,68,3.5957127953796e-20,3.5957127953796e-20,-44.771959614264,1,115
0.9,155,-18.423981710298,nan,nan,nan,1.596895991907,0.62621485999588,nan,nan,20,2,2,69,1.9316879613144e-20,1.9316879613144e-20,-45.393307647842,1,115
0.9,155,-18.423981710298,nan,nan,nan,1.596895991907,0.62621485999588,nan,nan,20,2,2,70,1.0377392540951e-20,1.0377392540951e-20,-46.014657306987,1,115
0.9,155,-18.423981710298,nan,nan,nan,1.596895991907,0.62621485999588,nan,nan,20,2,2,71,5.5749226835067e-21,5.5749226835067e-21,-46.636008504054,1,115
0.9,155,-18.423981710298,nan,nan,nan,1.596895991907,0.62621485999588,nan,nan,20,2,2,72,2.994941026949e-21,2.994941026949e-21,-47.257362412003,1,115
0.9,155,-18.423981710298,nan,nan,nan,1.596895991907,0.62621485999588,nan,nan,20,2,2,73,1.6089244535903e-21,1.6089244535903e-21,-47.878721038366,1,115
0.9,155,-18.423981710298,nan,nan,nan,1.596895991907,0.62621485999588,nan,nan,20,2,2,74,8.6433366949478e-22,8.6433366949478e-22,-48.500083346061,1,115
0.9,155,-18.423981710298,nan,nan,nan,1.596895991907,0.62621485999588,nan,nan,20,2,2,75,4.6433058855068e-22,4.6433058855068e-22,-49.121445457996,1,115
0.9,155,-18.423981710298,nan,nan,nan,1.596895991907,0.62621485999588,nan,nan,20,2,2,76,2.4944338052204e-22,2.4944338052204e-22,-49.742810274194,1,115
0.9,155,-18.423981710298,nan,nan,nan,1.596895991907,0.62621485999588,nan,nan,20,2,2,77,1.3400378436795e-22,1.3400378436795e-22,-50.364174190753,1,115
0.9,155,-18.423981710298,nan,nan,nan,1.596895991907,0.62621485999588,nan,nan,20,2,2,78,7.1988183866427e-23,7.1988183866427e-23,-50.985540239275,1,115
0.9,155,-18.423981710298,nan,nan,nan,1.596895991907,0.62621485999588,nan,nan,20,2,2,79,3.867282837223e-23,3.867282837223e-23,-51.60690498766,1,115
0.9,155,-18.423981710298,nan,nan,nan,1.596895991907,0.62621485999588,nan,nan,20,2,2,80,2.0775422591481e-23,2.0775422591481e-23,-52.228271549976,1,115
0.9,155,-18.423981710298,nan,nan,nan,1.596895991907,0.62621485999588,nan,nan,20,2,2,81,1.1160777467099e-23,1.1160777467099e-23,-52.84963661182,1,115
0.9,155,-18.423981710298,nan,nan,nan,1.596895991907,0.62621485999588,nan,nan,20,2,2,82,5.9956781608059e-24,5.9956781608059e-24,-53.471003328707,1,115
0.9,155,-18.423981710298,nan,nan,nan,1.596895991907,0.62621485999588,nan,nan,20,2,2,83,3.2209417174929e-24,3.2209417174929e-24,-54.09236845621,1,115
0.9,155,-18.423981710298,nan,nan,nan,1.596895991907,0.62621485999588,nan,nan,20,2,2,84,1.7303212223483e-24,1.7303212223483e-24,-54.713735162925,1,115
0.9,155,-18.423981710298,nan,nan,nan,1.596895991907,0.62621485999588,nan,nan,20,2,2,85,9.2954690451103e-25,9.2954690451103e-25,-55.335100242863,1,115
0.9,155,-18.423981710298,nan,nan,nan,1.596895991907,0.62621485999588,nan,nan,20,2,2,86,4.9936167872768e-25,4.9936167872768e-25,-55.956466870564,1,115
0.9,155,-18.423981710298,nan,nan,nan,1.596895991907,0.62621485999588,nan,nan,20,2,2,87,2.6826241090969e-25,2.6826241090969e-25,-56.577831864193,1,115
0.9,155,-18.423981710298,nan,nan,nan,1.596895991907,0.62621485999588,nan,nan,20,2,2,88,1.4411320215817e-25,1.4411320215817e-25,-57.199198394,1,115
0.9,155,-18.423981710298,nan,nan,nan,1.596895991907,0.62621485999588,nan,nan,20,2,2,89,7.7419154088603e-26,7.7419154088603e-26,-57.820563292014,1,115
0.9,155,-18.423981710298,nan,nan,nan,1.596895991907,0.62621485999588,nan,nan,20,2,2,90,4.1590333935342e-26,4.1590333935342e-26,-58.441929727895,1,115
0.9,155,-18.423981710298,nan,nan,nan,1.596895991907,0.62621485999588,nan,nan,20,2,2,91,2.234277431217e-26,2.234277431217e-26,-59.063294539046,1,115
0.9,155,-18.423981710298,nan,nan,nan,1.596895991907,0.62621485999588,nan,nan,20,2,2,92,1.2002759943117e-26,1.2002759943117e-26,-59.684660892236,1,115
0.9,155,-18.423981710298,nan,nan,nan,1.596895991907,0.62621485999588,nan,nan,20,2,2,93,6.4480120901403e-27,6.4480120901403e-27,-60.306025630615,1,115
0.9,155,-18.423981710298,nan,nan,nan,1.596895991907,0.62621485999588,nan,nan,20,2,2,94,3.4639362672567e-27,3.4639362672567e-27,-60.927391918906,1,115
0.9,155,-18.423981710298,nan,nan,nan,1.596895991907,0.62621485999588,nan,nan,20,2,2,95,1.8608640273145e-27,1.8608640273145e-27,-61.548756600161,1,115
0.9,155,-18.423981710298,nan,nan,nan,1.596895991907,0.62621485999588,nan,nan,20,2,2,96,9.9967472717238e-28,9.9967472717238e-28,-62.17012283658,1,115
0.9,155,-18.423981710298,nan,nan,nan,1.596895991907,0.62621485999588,nan,nan,20,2,2,97,5.3703610514469e-28,5.3703610514469e-28,-62.791487462666,1,115
0.9,155,-18.423981710298,nan,nan,nan,1.596895991907,0.62621485999588,nan,nan,20,2,2,98,2.8850115497059e-28,2.8850115497059e-28,-63.412853700517,1,115
0.9,155,-18.423981710298,nan,nan,nan,1.596895991907,0.62621485999588,nan,nan,20,2,2,99,1.5498595433173e-28,1.5498595433173e-28,-64.034218294223,1,115
0.9,155,-18.423981710298,nan,nan,nan,1.596895991907,0.62621485999588,nan,nan,20,2,2,100,8.3260020091334e-29,8.3260020091334e-29,-64.655584306746,1,115
0.9,155,-18.423981710298,nan,nan,nan,1.596895991907,0.62621485999588,nan,nan,20,2,2,101,4.4728184659388e-29,4.4728184659388e-29,-65.276948957609,1,115
0.9,155,-18.423981710298,nan,nan,nan,1.596895991907,0.62621485999588,nan,nan,20,2,2,102,2.4028412478023e-29,2.4028412478023e-29,-65.898315806424,1,115
0.9,155,-18.423981710298,nan,nan,nan,1.596895991907,0.62621485999588,nan,nan,20,2,2,103,1.2908348624793e-29,1.2908348624793e-29,-66.519678507568,1,115
0.9,155,-18.423981710298,nan,nan,nan,1.596895991907,0.62621485999588,nan,nan,20,2,2,104,6.9344823211954e-30,6.9344823211954e-30,-67.141046386109,1,115
0.9,155,-18.423981710298,nan,nan,nan,1.596895991907,0.62621485999588,nan,nan,20,2,2,105,3.7252824095147e-30,3.7252824095147e-30,-67.762410126229,1,115
0.9,155,-18.423981710298,nan,nan,nan,1.596895991907,0.62621485999588,nan,nan,20,2,2,106,2.0012670635218e-30,2.0012670635218e-30,-68.383772278097,1,115
0.9,155,-18.423981710298,nan,nan,nan,1.596895991907,0.62621485999588,nan,nan,20,2,2,107,1.0750924606978e-30,1.0750924606978e-30,-69.005146121989,1,115
0.9,155,-18.423981710298,nan,nan,nan,1.596895991907,0.62621485999588,nan,nan,20,2,2,108,5.775446610241e-31,5.775446610241e-31,-69.626522294291,1,115
0.9,155,-18.423981710298,nan,nan,nan,1.596895991907,0.62621485999588,nan,nan,20,2,2,109,3.1027241010171e-31,3.1027241010171e-31,-70.247857414929,1,115
0.9,155,-18.423981710298,nan,nan,nan,1.596895991907,0.62621485999588,nan,nan,20,2,2,110,1.6668268979426e-31,1.6668268979426e-31,-70.869216124905,1,115
0.9,155,-18.423981710298,nan,nan,nan,1.596895991907,0.62621485999588,nan,nan,20,2,2,111,8.9541655136796e-32,8.9541655136796e-32,-71.490604131274,1,115
0.9,155,-18.423981710298,nan,nan,nan,1.596895991907,0.62621485999588,nan,nan,20,2,2,112,4.8108274899642e-32,4.8108274899642e-32,-72.111853871153,1,115
0.9,155,-18.423981710298,nan,nan,nan,1.596895991907,0.62621485999588,nan,nan,20,2,2,113,2.5836150024551e-32,2.5836150024551e-32,-72.733533393848,1,115
0.9,155,-18.423981710298,nan,nan,nan,1.596895991907,0.62621485999588,nan,nan,20,2,2,114,1.3872914624536e-32,1.3872914624536e-32,-73.355369717797,1,115
0.9,155,-18.423981710298,nan,nan,nan,1.596895991907,0.62621485999588,nan,nan,20,2,2,115,7.4656313595677e-33,7.4656313595677e-33,-73.974998065425,1,115
0.95,155,-14.285022666931,nan,nan,nan,1.258542120377,0.79457014891201,nan,nan,20,2,2,1,0.063324539036783,0.063324539036783,-2.7594823624453,1,115
0.95,155,-14.285022666931,nan,nan,nan,1.258542120377,0.79457014891201,nan,nan,20,2,2,2,0.026198863967246,0.026198863967246,-3.642039229184,1,115
0.95,155,-14.285022666931,nan,nan,nan,1.258542120377,0.79457014891201,nan,nan,20,2,2,3,0.010894323502392,0.010894323502392,-4.5195134049969,1,115
0.95,155,-14.285022666931,nan,nan,nan,1.258542120377,0.79457014891201,nan,nan,20,2,2,4,0.0046349892918812,0.0046349892918812,-5.3741213902407,1,115
0.95,155,-14.285022666931,nan,nan,nan,1.258542120377,0.79457014891201,nan,nan,20,2,2,5,0.0020116721765849,0.0020116721765849,-6.2087889741228,1,115
0.95,155,-14.285022666931,nan,nan,nan,1.258542120377,0.79457014891201,nan,nan,20,2,2,6,0.0008863339327462,0.0008863339327462,-7.0284167791058,1,115
0.95,155,-14.285022666931,nan,nan,nan,1.258542120377,0.79457014891201,nan,nan,20,2,2,7,0.00039460772774415,0.00039460772774415,-7.8376183808267,1,115
0.95,155,-14.285022666931,nan,nan,nan,1.258542120377,0.79457014891201,nan,nan,20,2,2,8,0.00017690239261381,0.00017690239261381,-8.6399124316565,1,115
0.95,155,-14.285022666931,nan,nan,nan,1.258542120377,0.79457014891201,nan,nan,20,2,2,9,7.9660716378815e-05,7.9660716378815e-05,-9.437733987296,1,115
0.95,155,-14.285022666931,nan,nan,nan,1.258542120377,0.79457014891201,nan,nan,20,2,2,10,3.597471302475e-05,3.597471302475e-05,-10.232694282297,1,115
0.95,155,-14.285022666931,nan,nan,nan,1.258542120377,0.79457014891201,nan,nan,20,2,2,11,1.6275716110463e-05,1.6275716110463e-05,-11.025836370195,1,115
0.95,155,-14.285022666931,nan,nan,nan,1.258542120377,0.79457014891201,nan,nan,20,2,2,12,7.3719546098605e-06,7.3719546098605e-06,-11.817827675275,1,115
0.95,155,-14.285022666931,nan,nan,nan,1.258542120377,0.79457014891201,nan,nan,20,2,2,13,3.3414944351095e-06,3.3414944351095e-06,-12.609092415384,1,115
0.95,155,-14.285022666931,nan,nan,nan,1.258542120377,0.79457014891201,nan,nan,20,2,2,14,1.5152969474252e-06,1.5152969474252e-06,-13.399899133308,1,115
0.95,155,-14.285022666931,nan,nan,nan,1.258542120377,0.79457014891201,nan,nan,20,2,2,15,6.873533105587e-07,6.873533105587e-07,-14.190417396632,1,115
0.95,155,-14.285022666931,nan,nan,nan,1.258542120377,0.79457014891201,nan,nan,20,2,2,16,3.118467027972e-07,3.118467027972e-07,-14.980754107071,1,115
0.95,155,-14.285022666931,nan,nan,nan,1.258542120377,0.79457014891201,nan,nan,20,2,2,17,1.4149851815003e-07,1.4149851815003e-07,-15.770976592356,1,115
0.95,155,-14.285022666931,nan,nan,nan,1.258542120377,0.79457014891201,nan,nan,20,2,2,18,6.4208693055531e-08,6.4208693055531e-08,-16.561127229568,1,115
0.95,155,-14.285022666931,nan,nan,nan,1.258542120377,0.79457014891201,nan,nan,20,2,2,19,2.9137708382057e-08,2.9137708382057e-08,-17.351232680931,1,115
0.95,155,-14.285022666931,nan,nan,nan,1.258542120377,0.79457014891201,nan,nan,20,2,2,20,1.3222978606257e-08,1.3222978606257e-08,-18.141309717292,1,115
0.95,155,-14.285022666931,nan,nan,nan,1.258542120377,0.79457014891201,nan,nan,20,2,2,21,6.0008249469143e-09,6.0008249469143e-09,-18.931368886017,1,115
0.95,155,-14.285022666931,nan,nan,nan,1.258542120377,0.79457014891201,nan,nan,20,2,2,22,2.723312627718e-09,2.723312627718e-09,-19.721416819813,1,115
0.95,155,-14.285022666931,nan,nan,nan,1.258542120377,0.79457014891201,nan,nan,20,2,2,23,1.2359107497928e-09,1.2359107497928e-09,-20.511457689424,1,115
0.95,155,-14.285022666931,nan,nan,nan,1.258542120377,0.79457014891201,nan,nan,20,2,2,24,5.6089122878485e-10,5.6089122878485e-10,-21.301494117289,1,115
0.95,155,-14.285022666931,nan,nan,nan,1.258542120377,0.79457014891201,nan,nan,20,2,2,25,2.545490029689e-10,2.545490029689e-10,-22.091527752426,1,115
0.95,155,-14.285022666931,nan,nan,nan,1.258542120377,0.79457014891201,nan,nan,20,2,2,26,1.1552205733226e-10,1.1552205733226e-10,-22.881559631626,1,115
0.95,155,-14.285022666931,nan,nan,nan,1.258542120377,0.79457014891201,nan,nan,20,2,2,27,5.2427470973592e-11,5.2427470973592e-11,-23.671590406754,1,115
0.95,155,-14.285022666931,nan,nan,nan,1.258542120377,0.79457014891201,nan,nan,20,2,2,28,2.3793219097593e-11,2.3793219097593e-11,-24.461620487712,1,115
0.95,155,-14.285022666931,nan,nan,nan,1.258542120377,0.79457014891201,nan,nan,20,2,2,29,1.0798108541138e-11,1.0798108541138e-11,-25.251650132216,1,115
0.95,155,-14.285022666931,nan,nan,nan,1.258542120377,0.79457014891201,nan,nan,20,2,2,30,4.9005214293749e-12,4.9005214293749e-12,-26.041679502315,1,115
0.95,155,-14.285022666931,nan,nan,nan,1.258542120377,0.79457014891201,nan,nan,20,2,2,31,2.2240112081841e-12,2.2240112081841e-12,-26.831708699902,1,115
0.95,155,-14.285022666931,nan,nan,nan,1.258542120377,0.79457014891201,nan,nan,20,2,2,32,1.009326550653e-12,1.009326550653e-12,-27.621737789005,1,115
0.95,155,-14.285022666931,nan,nan,nan,1.258542120377,0.79457014891201,nan,nan,20,2,2,33,4.5806430812174e-13,4.5806430812174e-13,-28.411766809907,1,115
0.95,155,-14.285022666931,nan,nan,nan,1.258542120377,0.79457014891201,nan,nan,20,2,2,34,2.0788407799201e-13,2.0788407799201e-13,-29.201795787914,1,115
0.95,155,-14.285022666931,nan,nan,nan,1.258542120377,0.79457014891201,nan,nan,20,2,2,35,9.4344375413909e-14,9.4344375413909e-14,-29.991824738928,1,115
0.95,155,-14.285022666931,nan,nan,nan,1.258542120377,0.79457014891201,nan,nan,20,2,2,36,4.2816464873666e-14,4.2816464873666e-14,-30.781853672988,1,115
0.95,155,-14.285022666931,nan,nan,nan,1.258542120377,0.79457014891201,nan,nan,20,2,2,37,1.9431467703164e-14,1.9431467703164e-14,-31.571882596383,1,115
0.95,155,-14.285022666931,nan,nan,nan,1.258542120377,0.79457014891201,nan,nan,20,2,2,38,8.8186154729561e-15,8.8186154729561e-15,-32.361911513069,1,115
0.95,155,-14.285022666931,nan,nan,nan,1.258542120377,0.79457014891201,nan,nan,20,2,2,39,4.002167019825e-15,4.002167019825e-15,-33.151940425531,1,115
0.95,155,-14.285022666931,nan,nan,nan,1.258542120377,0.79457014891201,nan,nan,20,2,2,40,1.8163101618523e-15,1.8163101618523e-15,-33.941969335344,1,115
0.95,155,-14.285022666931,nan,nan,nan,1.258542120377,0.79457014891201,nan,nan,20,2,2,41,8.242990842662e-16,8.242990842662e-16,-34.731998243497,1,115
0.95,155,-14.285022666931,nan,nan,nan,1.258542120377,0.79457014891201,nan,nan,20,2,2,42,3.7409303504692e-16,3.7409303504692e-16,-35.522027150603,1,115
0.95,155,-14.285022666931,nan,nan,nan,1.258542120377,0.79457014891201,nan,nan,20,2,2,43,1.6977526923648e-16,1.6977526923648e-16,-36.312056057051,1,115
0.95,155,-14.285022666931,nan,nan,nan,1.258542120377,0.79457014891201,nan,nan,20,2,2,44,7.7049395085398e-17,7.7049395085398e-17,-37.102084963093,1,115
0.95,155,-14.285022666931,nan,nan,nan,1.258542120377,0.79457014891201,nan,nan,20,2,2,45,3.4967456162406e-17,3.4967456162406e-17,-37.892113868889,1,115
0.95,155,-14.285022666931,nan,nan,nan,1.258542120377,0.79457014891201,nan,nan,20,2,2,46,1.5869339263567e-17,1.5869339263567e-17,-38.682142774527,1,115
0.95,155,-14.285022666931,nan,nan,nan,1.258542120377,0.79457014891201,nan,nan,20,2,2,47,7.2020088484308e-18,7.2020088484308e-18,-39.472171680059,1,115
0.95,155,-14.285022666931,nan,nan,nan,1.258542120377,0.79457014891201,nan,nan,20,2,2,48,3.2684997526124e-18,3.2684997526124e-18,-40.262200585511,1,115
0.95,155,-14.285022666931,nan,nan,nan,1.258542120377,0.79457014891201,nan,nan,20,2,2,49,1.4833487236934e-18,1.4833487236934e-18,-41.052229490913,1,115
0.95,155,-14.285022666931,nan,nan,nan,1.258542120377,0.79457014891201,nan,nan,20,2,2,50,6.7319063871256e-19,6.7319063871256e-19,-41.842258396311,1,115
0.95,155,-14.285022666931,nan,nan,nan,1.258542120377,0.79457014891201,nan,nan,20,2,2,51,3.0551523645167e-19,3.0551523645167e-19,-42.632287301688,1,115
0.95,155,-14.285022666931,nan,nan,nan,1.258542120377,0.79457014891201,nan,nan,20,2,2,52,1.3865249208271e-19,1.3865249208271e-19,-43.422316207064,1,115
0.95,155,-14.285022666931,nan,nan,nan,1.258542120377,0.79457014891201,nan,nan,20,2,2,53,6.2924892991918e-20,6.2924892991918e-20,-44.21234511242,1,115
0.95,155,-14.285022666931,nan,nan,nan,1.258542120377,0.79457014891201,nan,nan,20,2,2,54,2.8557309707e-20,2.8557309707e-20,-45.002374017775,1,115
0.95,155,-14.285022666931,nan,nan,nan,1.258542120377,0.79457014891201,nan,nan,20,2,2,55,1.2960211752721e-20,1.2960211752721e-20,-45.79240292314,1,115
0.95,155,-14.285022666931,nan,nan,nan,1.258542120377,0.79457014891201,nan,nan,20,2,2,56,5.8817546331029e-21,5.8817546331029e-21,-46.582431828489,1,115
0.95,155,-14.285022666931,nan,nan,nan,1.258542120377,0.79457014891201,nan,nan,20,2,2,57,2.6693265684384e-21,2.6693265684384e-21,-47.372460733835,1,115
0.95,155,-14.285022666931,nan,nan,nan,1.258542120377,0.79457014891201,nan,nan,20,2,2,58,1.2114249528375e-21,1.2114249528375e-21,-48.162489639175,1,115
0.95,155,-14.285022666931,nan,nan,nan,1.258542120377,0.79457014891201,nan,nan,20,2,2,59,5.4978301783873e-22,5.4978301783873e-22,-48.952518544492,1,115
0.95,155,-14.285022666931,nan,nan,nan,1.258542120377,0.79457014891201,nan,nan,20,2,2,60,2.4950894893942e-22,2.4950894893942e-22,-49.742547449816,1,115
0.95,155,-14.285022666931,nan,nan,nan,1.258542120377,0.79457014891201,nan,nan,20,2,2,61,1.1323506470828e-22,1.1323506470828e-22,-50.532576355146,1,115
0.95,155,-14.285022666931,nan,nan,nan,1.258542120377,0.79457014891201,nan,nan,20,2,2,62,5.1389659305685e-23,5.1389659305685e-23,-51.322605260459,1,115
0.95,155,-14.285022666931,nan,nan,nan,1.258542120377,0.79457014891201,nan,nan,20,2,2,63,2.3322255259971e-23,2.3322255259971e-23,-52.11263416579,1,115
0.95,155,-14.285022666931,nan,nan,nan,1.258542120377,0.79457014891201,nan,nan,20,2,2,64,1.0584378214499e-23,1.0584378214499e-23,-52.902663071131,1,115
0.95,155,-14.285022666931,nan,nan,nan,1.258542120377,0.79457014891201,nan,nan,20,2,2,65,4.8035261144272e-24,4.8035261144272e-24,-53.692691976463,1,115
0.95,155,-14.285022666931,nan,nan,nan,1.258542120377,0.79457014891201,nan,nan,20,2,2,66,2.1799923117427e-24,2.1799923117427e-24,-54.482720881786,1,115
0.95,155,-14.285022666931,nan,nan,nan,1.258542120377,0.79457014891201,nan,nan,20,2,2,67,9.8934956655188e-25,9.8934956655188e-25,-55.272749787115,1,115
0.95,155,-14.285022666931,nan,nan,nan,1.258542120377,0.79457014891201,nan,nan,20,2,2,68,4.4899817286739e-25,4.4899817286739e-25,-56.062778692443,1,115
0.95,155,-14.285022666931,nan,nan,nan,1.258542120377,0.79457014891201,nan,nan,20,2,2,69,2.0376959373665e-25,2.0376959373665e-25,-56.852807597763,1,115
0.95,155,-14.285022666931,nan,nan,nan,1.258542120377,0.79457014891201,nan,nan,20,2,2,70,9.2477096435888e-26,9.2477096435888e-26,-57.642836503079,1,115
0.95,155,-14.285022666931,nan,nan,nan,1.258542120377,0.79457014891201,nan,nan,20,2,2,71,4.1969035754144e-26,4.1969035754144e-26,-58.432865408403,1,115
0.95,155,-14.285022666931,nan,nan,nan,1.258542120377,0.79457014891201,nan,nan,20,2,2,72,1.9046877876529e-26,1.9046877876529e-26,-59.222894313694,1,115
0.95,155,-14.285022666931,nan,nan,nan,1.258542120377,0.79457014891201,nan,nan,20,2,2,73,8.6440765266288e-27,8.6440765266288e-27,-60.012923219084,1,115
0.95,155,-14.285022666931,nan,nan,nan,1.258542120377,0.79457014891201,nan,nan,20,2,2,74,3.922955744897e-27,3.922955744897e-27,-60.802952124609,1,115
0.95,155,-14.285022666931,nan,nan,nan,1.258542120377,0.79457014891201,nan,nan,20,2,2,75,1.780361585343e-27,1.780361585343e-27,-61.592981029332,1,115
0.95,155,-14.285022666931,nan,nan,nan,1.258542120377,0.79457014891201,nan,nan,20,2,2,76,8.0798448399134e-28,8.0798448399134e-28,-62.383009934466,1,115
0.95,155,-14.285022666931,nan,nan,nan,1.258542120377,0.79457014891201,nan,nan,20,2,2,77,3.6668895301273e-28,3.6668895301273e-28,-63.173038840606,1,115
0.95,155,-14.285022666931,nan,nan,nan,1.258542120377,0.79457014891201,nan,nan,20,2,2,78,1.6641506252685e-28,1.6641506252685e-28,-63.963067745538,1,115
0.95,155,-14.285022666931,nan,nan,nan,1.258542120377,0.79457014891201,nan,nan,20,2,2,79,7.5524426370609e-29,7.5524426370609e-29,-64.753096657803,1,115
0.95,155,-14.285022666931,nan,nan,nan,1.258542120377,0.79457014891201,nan,nan,20,2,2,80,3.4275377401294e-29,3.4275377401294e-29,-65.543125553455,1,115
0.95,155,-14.285022666931,nan,nan,nan,1.258542120377,0.79457014891201,nan,nan,20,2,2,81,1.5555252948807e-29,1.5555252948807e-29,-66.333154398028,1,115
0.95,155,-14.285022666931,nan,nan,nan,1.258542120377,0.79457014891201,nan,nan,20,2,2,82,7.059466323328e-30,7.059466323328e-30,-67.12318333277,1,115
0.95,155,-14.285022666931,nan,nan,nan,1.258542120377,0.79457014891201,nan,nan,20,2,2,83,3.2038094283209e-30,3.2038094283209e-30,-67.913212241685,1,115
0.95,155,-14.285022666931,nan,nan,nan,1.258542120377,0.79457014891201,nan,nan,20,2,2,84,1.4539897484312e-30,1.4539897484312e-30,-68.703241461332,1,115
0.95,155,-14.285022666931,nan,nan,nan,1.258542120377,0.79457014891201,nan,nan,20,2,2,85,6.5986642339253e-31,6.5986642339253e-31,-69.493270643066,1,115
0.95,155,-14.285022666931,nan,nan,nan,1.258542120377,0.79457014891201,nan,nan,20,2,2,86,2.9946812063282e-31,2.9946812063282e-31,-70.283300098874,1,115
0.95,155,-14.285022666931,nan,nan,nan,1.258542120377,0.79457014891201,nan,nan,20,2,2,87,1.3590829302412e-31,1.3590829302412e-31,-71.07332772652,1,115
0.95,155,-14.285022666931,nan,nan,nan,1.258542120377,0.79457014891201,nan,nan,20,2,2,88,6.1678557421402e-32,6.1678557421402e-32,-71.863371727932,1,115
0.95,155,-14.285022666931,nan,nan,nan,1.258542120377,0.79457014891201,nan,nan,20,2,2,89,2.7991214944637e-32,2.7991214944637e-32,-72.653417359836,1,115
0.95,155,-14.285022666931,nan,nan,nan,1.258542120377,0.79457014891201,nan,nan,20,2,2,90,1.2703026815458e-32,1.2703026815458e-32,-73.44346777181,1,115
0.95,155,-14.285022666931,nan,nan,nan,1.258542120377,0.79457014891201,nan,nan,20,2,2,91,5.766114306015e-33,5.766114306015e-33,-74.23330964564,1,115
0.95,155,-14.285022666931,nan,nan,nan,1.258542120377,0.79457014891201,nan,nan,20,2,2,92,2.6162529541765e-33,2.6162529541765e-33,-75.023564944862,1,115
0.95,155,-14.285022666931,nan,nan,nan,1.258542120377,0.79457014891201,nan,nan,20,2,2,93,1.1875116648672e-33,1.1875116648672e-33,-75.813447988879,1,115
0.95,155,-14.285022666931,nan,nan,nan,1.258542120377,0.79457014891201,nan,nan,20,2,2,94,5.3876063938066e-34,5.3876063938066e-34,-76.603791958292,1,115
0.95,155,-14.285022666931,nan,nan,nan,1.258542120377,0.79457014891201,nan,nan,20,2,2,95,2.4511615716455e-34,2.4511615716455e-34,-77.39133113872,1,115
0.95,155,-14.285022666931,nan,nan,nan,1.258542120377,0.79457014891201,nan,nan,20,2,2,96,1.1033220921206e-34,1.1033220921206e-34,-78.189567449539,1,115
0.95,155,-14.285022666931,nan,nan,nan,1.258542120377,0.79457014891201,nan,nan,20,2,2,97,5.0153143898182e-35,5.0153143898182e-35,-78.977982145449,1,115
0.95,155,-14.285022666931,nan,nan,nan,1.258542120377,0.79457014891201,nan,nan,20,2,2,98,2.2696357801686e-35,2.2696357801686e-35,-79.770858885437,1,115
0.95,155,-14.285022666931,nan,nan,nan,1.258542120377,0.79457014891201,nan,nan,20,2,2,99,1.0741569325451e-35,1.0741569325451e-35,-80.518942149691,1,115
0.95,155,-14.285022666931,nan,nan,nan,1.258542120377,0.79457014891201,nan,nan,20,2,2,100,4.5768518078042e-36,4.5768518078042e-36,-81.372051964221,1,115
0.95,155,-14.285022666931,nan,nan,nan,1.258542120377,0.79457014891201,nan,nan,20,2,2,101,1.8570127809943e-36,1.8570127809943e-36,-82.274094182835,1,115
0.95,155,-14.285022666931,nan,nan,nan,1.258542120377,0.79457014891201,nan,nan,20,2,2,102,4.4989367263849e-37,4.4989367263849e-37,-83.691807354948,1,115
0.95,155,-14.285022666931,nan,nan,nan,1.258542120377,0.79457014891201,nan,nan,20,2,2,103,7.2903380881584e-37,7.2903380881584e-37,-83.209098518858,1,115
0.95,155,-14.285022666931,nan,nan,nan,1.258542120377,0.79457014891201,nan,nan,20,2,2,104,5.8391598582026e-37,5.8391598582026e-37,-83.431061514185,1,115
0.95,155,-14.285022666931,nan,nan,nan,1.258542120377,0.79457014891201,nan,nan,20,2,2,105,-2.961275629394e-37,2.961275629394e-37,-84.110028309402,1,115
0.95,155,-14.285022666931,nan,nan,nan,1.258542120377,0.79457014891201,nan,nan,20,2,2,106,-7.8095852505015e-38,7.8095852505015e-38,-85.442881676262,1,115
0.95,155,-14.285022666931,nan,nan,nan,1.258542120377,0.79457014891201,nan,nan,20,2,2,107,-4.0038008372578e-37,4.0038008372578e-37,-83.808404321508,1,115
0.95,155,-14.285022666931,nan,nan,nan,1.258542120377,0.79457014891201,nan,nan,20,2,2,108,3.1742660577396e-37,3.1742660577396e-37,-84.040571998074,1,115
0.95,155,-14.285022666931,nan,nan,nan,1.258542120377,0.79457014891201,nan,nan,20,2,2,109,-5.1069995500019e-37,5.1069995500019e-37,-83.565036381228,1,115
0.95,155,-14.285022666931,nan,nan,nan,1.258542120377,0.79457014891201,nan,nan,20,2,2,110,6.1588670608363e-37,6.1588670608363e-37,-83.377755598845,1,115
0.95,155,-14.285022666931,nan,nan,nan,1.258542120377,0.79457014891201,nan,nan,20,2,2,111,1.4875343788186e-37,1.4875343788186e-37,-84.798528470798,1,115
0.95,155,-14.285022666931,nan,nan,nan,1.258542120377,0.79457014891201,nan,nan,20,2,2,112,5.9765755663296e-40,5.9765755663296e-40,-90.315555963596,1,115
0.95,155,-14.285022666931,nan,nan,nan,1.258542120377,0.79457014891201,nan,nan,20,2,2,113,2.5862038515256e-37,2.5862038515256e-37,-84.245457334641,1,115
0.95,155,-14.285022666931,nan,nan,nan,1.258542120377,0.79457014891201,nan,nan,20,2,2,114,1.740649712145e-37,1.740649712145e-37,-84.641389999464,1,115
0.95,155,-14.285022666931,nan,nan,nan,1.258542120377,0.79457014891201,nan,nan,20,2,2,115,-1.6670255168196e-36,1.6670255168196e-36,-82.382022437104,1,115
1,155,-11.110005599449,nan,nan,nan,1.04317480547,0.95861210868625,nan,nan,20,2,2,1,0.056026384126685,0.056026384126685,-2.8819325540816,1,115
1,155,-11.110005599449,nan,nan,nan,1.04317480547,0.95861210868625,nan,nan,20,2,2,2,0.019544426782161,0.019544426782161,-3.9350651082737,1,115
1,155,-11.110005599449,nan,nan,nan,1.04317480547,0.95861210868625,nan,nan,20,2,2,3,0.0069092637470679,0.0069092637470679,-4.9748921957841,1,115
1,155,-11.110005599449,nan,nan,nan,1.04317480547,0.95861210868625,nan,nan,20,2,2,4,0.0025077708004546,0.0025077708004546,-5.9883610477661,1,115
1,155,-11.110005599449,nan,nan,nan,1.04317480547,0.95861210868625,nan,nan,20,2,2,5,0.0009295257123168,0.0009295257123168,-6.9808360886606,1,115
1,155,-11.110005599449,nan,nan,nan,1.04317480547,0.95861210868625,nan,nan,20,2,2,6,0.00034961296582261,0.00034961296582261,-7.9586838272774,1,115
1,155,-11.110005599449,nan,nan,nan,1.04317480547,0.95861210868625,nan,nan,20,2,2,7,0.00013275167321182,0.00013275167321182,-8.9270302936895,1,115
1,155,-11.110005599449,nan,nan,nan,1.04317480547,0.95861210868625,nan,nan,20,2,2,8,5.0707956241637e-05,5.0707956241637e-05,-9.8894277318361,1,115
1,155,-11.110005599449,nan,nan,nan,1.04317480547,0.95861210868625,nan,nan,20,2,2,9,1.9440178580922e-05,1.9440178580922e-05,-10.848168572713,1,115
1,155,-11.110005599449,nan,nan,nan,1.04317480547,0.95861210868625,nan,nan,20,2,2,10,7.4694952154633e-06,7.4694952154633e-06,-11.804683136007,1,115
1,155,-11.110005599449,nan,nan,nan,1.04317480547,0.95861210868625,nan,nan,20,2,2,11,2.873875122973e-06,2.873875122973e-06,-12.759849221852,1,115
1,155,-11.110005599449,nan,nan,nan,1.04317480547,0.95861210868625,nan,nan,20,2,2,12,1.1066192396486e-06,1.1066192396486e-06,-13.714200920361,1,115
1,155,-11.110005599449,nan,nan,nan,1.04317480547,0.95861210868625,nan,nan,20,2,2,13,4.2632595194655e-07,4.2632595194655e-07,-14.668061637837,1,115
1,155,-11.110005599449,nan,nan,nan,1.04317480547,0.95861210868625,nan,nan,20,2,2,14,1.6429098893187e-07,1.6429098893187e-07,-15.621626658618,1,115
1,155,-11.110005599449,nan,nan,nan,1.04317480547,0.95861210868625,nan,nan,20,2,2,15,6.332322283698e-08,6.332322283698e-08,-16.575013705614,1,115
1,155,-11.110005599449,nan,nan,nan,1.04317480547,0.95861210868625,nan,nan,20,2,2,16,2.440949418589e-08,2.440949418589e-08,-17.52829367435,1,115
1,155,-11.110005599449,nan,nan,nan,1.04317480547,0.95861210868625,nan,nan,20,2,2,17,9.409846141699e-09,9.409846141699e-09,-18.481509233993,1,115
1,155,-11.110005599449,nan,nan,nan,1.04317480547,0.95861210868625,nan,nan,20,2,2,18,3.6276308656558e-09,3.6276308656558e-09,-19.43468605583,1,115
1,155,-11.110005599449,nan,nan,nan,1.04317480547,0.95861210868625,nan,nan,20,2,2,19,1.3985363918695e-09,1.3985363918695e-09,-20.387839581552,1,115
1,155,-11.110005599449,nan,nan,nan,1.04317480547,0.95861210868625,nan,nan,20,2,2,20,5.3917598358432e-10,5.3917598358432e-10,-21.340979098153,1,115
1,155,-11.110005599449,nan,nan,nan,1.04317480547,0.95861210868625,nan,nan,20,2,2,21,2.0786959280601e-10,2.0786959280601e-10,-22.294110190511,1,115
1,155,-11.110005599449,nan,nan,nan,1.04317480547,0.95861210868625,nan,nan,20,2,2,22,8.0140784859365e-11,8.0140784859365e-11,-23.247236217165,1,115
1,155,-11.110005599449,nan,nan,nan,1.04317480547,0.95861210868625,nan,nan,20,2,2,23,3.0897087325453e-11,3.0897087325453e-11,-24.20035919778,1,115
1,155,-11.110005599449,nan,nan,nan,1.04317480547,0.95861210868625,nan,nan,20,2,2,24,1.1911934171494e-11,1.1911934171494e-11,-25.153480346797,1,115
1,155,-11.110005599449,nan,nan,nan,1.04317480547,0.95861210868625,nan,nan,20,2,2,25,4.5924824722893e-12,4.5924824722893e-12,-26.106600394423,1,115
1,155,-11.110005599449,nan,nan,nan,1.04317480547,0.95861210868625,nan,nan,20,2,2,26,1.7705696592088e-12,1.7705696592088e-12,-27.059719779762,1,115
1,155,-11.110005599449,nan,nan,nan,1.04317480547,0.95861210868625,nan,nan,20,2,2,27,6.8261951691143e-13,6.8261951691143e-13,-28.012838766829,1,115
1,155,-11.110005599449,nan,nan,nan,1.04317480547,0.95861210868625,nan,nan,20,2,2,28,2.6317491323977e-13,2.6317491323977e-13,-28.965957514441,1,115
1,155,-11.110005599449,nan,nan,nan,1.04317480547,0.95861210868625,nan,nan,20,2,2,29,1.0146361657463e-13,1.0146361657463e-13,-29.919076118083,1,115
1,155,-11.110005599449,nan,nan,nan,1.04317480547,0.95861210868625,nan,nan,20,2,2,30,3.9117962468736e-14,3.9117962468736e-14,-30.872194635233,1,115
1,155,-11.110005599449,nan,nan,nan,1.04317480547,0.95861210868625,nan,nan,20,2,2,31,1.5081416562153e-14,1.5081416562153e-14,-31.82531310026,1,115
1,155,-11.110005599449,nan,nan,nan,1.04317480547,0.95861210868625,nan,nan,20,2,2,32,5.814442223056e-15,5.814442223056e-15,-32.778431533909,1,115
1,155,-11.110005599449,nan,nan,nan,1.04317480547,0.95861210868625,nan,nan,20,2,2,33,2.2416819311896e-15,2.2416819311896e-15,-33.731549948661,1,115
1,155,-11.110005599449,nan,nan,nan,1.04317480547,0.95861210868625,nan,nan,20,2,2,34,8.6425107422612e-16,8.6425107422612e-16,-34.684668352134,1,115
1,155,-11.110005599449,nan,nan,nan,1.04317480547,0.95861210868625,nan,nan,20,2,2,35,3.3320067130757e-16,3.3320067130757e-16,-35.637786748874,1,115
1,155,-11.110005599449,nan,nan,nan,1.04317480547,0.95861210868625,nan,nan,20,2,2,36,1.2846115107053e-16,1.2846115107053e-16,-36.590905141567,1,115
1,155,-11.110005599449,nan,nan,nan,1.04317480547,0.95861210868625,nan,nan,20,2,2,37,4.9526512990901e-17,4.9526512990901e-17,-37.544023531731,1,115
1,155,-11.110005599449,nan,nan,nan,1.04317480547,0.95861210868625,nan,nan,20,2,2,38,1.9094297943249e-17,1.9094297943249e-17,-38.497141920414,1,115
1,155,-11.110005599449,nan,nan,nan,1.04317480547,0.95861210868625,nan,nan,20,2,2,39,7.3615563110472e-18,7.3615563110472e-18,-39.4502603082,1,115
1,155,-11.110005599449,nan,nan,nan,1.04317480547,0.95861210868625,nan,nan,20,2,2,40,2.8381515524155e-18,2.8381515524155e-18,-40.403378695448,1,115
1,155,-11.110005599449,nan,nan,nan,1.04317480547,0.95861210868625,nan,nan,20,2,2,41,1.0942121335488e-18,1.0942121335488e-18,-41.356497082339,1,115
1,155,-11.110005599449,nan,nan,nan,1.04317480547,0.95861210868625,nan,nan,20,2,2,42,4.2185914718133e-19,4.2185914718133e-19,-42.309615469006,1,115
1,155,-11.110005599449,nan,nan,nan,1.04317480547,0.95861210868625,nan,nan,20,2,2,43,1.6264226527771e-19,1.6264226527771e-19,-43.262733855481,1,115
1,155,-11.110005599449,nan,nan,nan,1.04317480547,0.95861210868625,nan,nan,20,2,2,44,6.2704593775657e-20,6.2704593775657e-20,-44.21585224196,1,115
1,155,-11.110005599449,nan,nan,nan,1.04317480547,0.95861210868625,nan,nan,20,2,2,45,2.4174934319692e-20,2.4174934319692e-20,-45.168970628408,1,115
1,155,-11.110005599449,nan,nan,nan,1.04317480547,0.95861210868625,nan,nan,20,2,2,46,9.3203290883685e-21,9.3203290883685e-21,-46.12208901489,1,115
1,155,-11.110005599449,nan,nan,nan,1.04317480547,0.95861210868625,nan,nan,20,2,2,47,3.5933307271182e-21,3.5933307271182e-21,-47.075207401354,1,115
1,155,-11.110005599449,nan,nan,nan,1.04317480547,0.95861210868625,nan,nan,20,2,2,48,1.3853615674266e-21,1.3853615674266e-21,-48.028325787792,1,115
1,155,-11.110005599449,nan,nan,nan,1.04317480547,0.95861210868625,nan,nan,20,2,2,49,5.3410799570874e-22,5.3410799570874e-22,-48.98144417419,1,115
1,155,-11.110005599449,nan,nan,nan,1.04317480547,0.95861210868625,nan,nan,20,2,2,50,2.0591833769278e-22,2.0591833769278e-22,-49.934562560629,1,115
1,155,-11.110005599449,nan,nan,nan,1.04317480547,0.95861210868625,nan,nan,20,2,2,51,7.9389116317962e-23,7.9389116317962e-23,-50.887680947081,1,115
1,155,-11.110005599449,nan,nan,nan,1.04317480547,0.95861210868625,nan,nan,20,2,2,52,3.060743332011e-23,3.060743332011e-23,-51.840799333441,1,115
1,155,-11.110005599449,nan,nan,nan,1.04317480547,0.95861210868625,nan,nan,20,2,2,53,1.1800294774316e-23,1.1800294774316e-23,-52.793917719823,1,115
1,155,-11.110005599449,nan,nan,nan,1.04317480547,0.95861210868625,nan,nan,20,2,2,54,4.549448995069e-24,4.549448995069e-24,-53.747036106212,1,115
1,155,-11.110005599449,nan,nan,nan,1.04317480547,0.95861210868625,nan,nan,20,2,2,55,1.7539804346967e-24,1.7539804346967e-24,-54.700154492646,1,115
1,155,-11.110005599449,nan,nan,nan,1.04317480547,0.95861210868625,nan,nan,20,2,2,56,6.7622416885191e-25,6.7622416885191e-25,-55.653272879039,1,115
1,155,-11.110005599449,nan,nan,nan,1.04317480547,0.95861210868625,nan,nan,20,2,2,57,2.6070936568303e-25,2.6070936568303e-25,-56.606391265409,1,115
1,155,-11.110005599449,nan,nan,nan,1.04317480547,0.95861210868625,nan,nan,20,2,2,58,1.0051307906718e-25,1.0051307906718e-25,-57.559509651836,1,115
1,155,-11.110005599449,nan,nan,nan,1.04317480547,0.95861210868625,nan,nan,20,2,2,59,3.8751500302483e-26,3.8751500302483e-26,-58.512628038306,1,115
1,155,-11.110005599449,nan,nan,nan,1.04317480547,0.95861210868625,nan,nan,20,2,2,60,1.4940133060595e-26,1.4940133060595e-26,-59.465746424843,1,115
1,155,-11.110005599449,nan,nan,nan,1.04317480547,0.95861210868625,nan,nan,20,2,2,61,5.7599724958267e-27,5.7599724958267e-27,-60.418864811173,1,115
1,155,-11.110005599449,nan,nan,nan,1.04317480547,0.95861210868625,nan,nan,20,2,2,62,2.2206819078286e-27,2.2206819078286e-27,-61.371983196432,1,115
1,155,-11.110005599449,nan,nan,nan,1.04317480547,0.95861210868625,nan,nan,20,2,2,63,8.5615480420775e-28,8.5615480420775e-28,-62.325101583993,1,115
1,155,-11.110005599449,nan,nan,nan,1.04317480547,0.95861210868625,nan,nan,20,2,2,64,3.3007926431641e-28,3.3007926431641e-28,-63.278219969305,1,115
1,155,-11.110005599449,nan,nan,nan,1.04317480547,0.95861210868625,nan,nan,20,2,2,65,1.2725773552425e-28,1.2725773552425e-28,-64.231338346264,1,115
1,155,-11.110005599449,nan,nan,nan,1.04317480547,0.95861210868625,nan,nan,20,2,2,66,4.9062551116685e-29,4.9062551116685e-29,-65.184456752411,1,115
1,155,-11.110005599449,nan,nan,nan,1.04317480547,0.95861210868625,nan,nan,20,2,2,67,1.8915423519109e-29,1.8915423519109e-29,-66.137575141339,1,115
1,155,-11.110005599449,nan,nan,nan,1.04317480547,0.95861210868625,nan,nan,20,2,2,68,7.2925926586388e-30,7.2925926586388e-30,-67.090693661124,1,115
1,155,-11.110005599449,nan,nan,nan,1.04317480547,0.95861210868625,nan,nan,20,2,2,69,2.8115648560714e-30,2.8115648560714e-30,-68.043811573199,1,115
1,155,-11.110005599449,nan,nan,nan,1.04317480547,0.95861210868625,nan,nan,20,2,2,70,1.0839613979011e-30,1.0839613979011e-30,-68.99693049823,1,115
1,155,-11.110005599449,nan,nan,nan,1.04317480547,0.95861210868625,nan,nan,20,2,2,71,4.1790667375543e-31,4.1790667375543e-31,-69.950049929735,1,115
1,155,-11.110005599449,nan,nan,nan,1.04317480547,0.95861210868625,nan,nan,20,2,2,72,1.6111723770141e-31,1.6111723770141e-31,-70.903175784336,1,115
1,155,-11.110005599449,nan,nan,nan,1.04317480547,0.95861210868625,nan,nan,20,2,2,73,6.2116384748854e-32,6.2116384748854e-32,-71.856298270078,1,115
1,155,-11.110005599449,nan,nan,nan,1.04317480547,0.95861210868625,nan,nan,20,2,2,74,2.394924621898e-32,2.394924621898e-32,-72.809371218553,1,115
1,155,-11.110005599449,nan,nan,nan,1.04317480547,0.95861210868625,nan,nan,20,2,2,75,9.2320924187065e-33,9.2320924187065e-33,-73.762622348396,1,115
1,155,-11.110005599449,nan,nan,nan,1.04317480547,0.95861210868625,nan,nan,20,2,2,76,3.5602258389302e-33,3.5602258389302e-33,-74.71548408805,1,115
1,155,-11.110005599449,nan,nan,nan,1.04317480547,0.95861210868625,nan,nan,20,2,2,77,1.3728417034499e-33,1.3728417034499e-33,-75.668425241126,1,115
1,155,-11.110005599449,nan,nan,nan,1.04317480547,0.95861210868625,nan,nan,20,2,2,78,5.3039467902591e-34,5.3039467902591e-34,-76.619441940967,1,115
1,155,-11.110005599449,nan,nan,nan,1.04317480547,0.95861210868625,nan,nan,20,2,2,79,2.0364072840224e-34,2.0364072840224e-34,-77.576706041846,1,115
1,155,-11.110005599449,nan,nan,nan,1.04317480547,0.95861210868625,nan,nan,20,2,2,80,8.0756976322463e-35,8.0756976322463e-35,-78.501618995328,1,115
1,155,-11.110005599449,nan,nan,nan,1.04317480547,0.95861210868625,nan,nan,20,2,2,81,3.0278791137299e-35,3.0278791137299e-35,-79.482615842824,1,115
1,155,-11.110005599449,nan,nan,nan,1.04317480547,0.95861210868625,nan,nan,20,2,2,82,1.1728297291539e-35,1.1728297291539e-35,-80.431058854093,1,115
1,155,-11.110005599449,nan,nan,nan,1.04317480547,0.95861210868625,nan,nan,20,2,2,83,4.7772114975845e-36,4.7772114975845e-36,-81.329206340214,1,115
1,155,-11.110005599449,nan,nan,nan,1.04317480547,0.95861210868625,nan,nan,20,2,2,84,2.5236692686603e-36,2.5236692686603e-36,-81.967349446296,1,115
1,155,-11.110005599449,nan,nan,nan,1.04317480547,0.95861210868625,nan,nan,20,2,2,85,4.9861397282045e-37,4.9861397282045e-37,-83.588986431963,1,115
1,155,-11.110005599449,nan,nan,nan,1.04317480547,0.95861210868625,nan,nan,20,2,2,86,4.2546351049276e-37,4.2546351049276e-37,-83.747639439205,1,115
1,155,-11.110005599449,nan,nan,nan,1.04317480547,0.95861210868625,nan,nan,20,2,2,87,-7.4091713453964e-37,7.4091713453964e-37,-83.192929836956,1,115
1,155,-11.110005599449,nan,nan,nan,1.04317480547,0.95861210868625,nan,nan,20,2,2,88,2.6294714091556e-37,2.6294714091556e-37,-84.228865599902,1,115
1,155,-11.110005599449,nan,nan,nan,1.04317480547,0.95861210868625,nan,nan,20,2,2,89,6.1842664802033e-37,6.1842664802033e-37,-83.37364003854,1,115
1,155,-11.110005599449,nan,nan,nan,1.04317480547,0.95861210868625,nan,nan,20,2,2,90,-6.1337166048965e-37,6.1337166048965e-37,-83.381847576857,1,115
1,155,-11.110005599449,nan,nan,nan,1.04317480547,0.95861210868625,nan,nan,20,2,2,91,6.8486937117216e-37,6.8486937117216e-37,-83.27159050571,1,115
1,155,-11.110005599449,nan,nan,nan,1.04317480547,0.95861210868625,nan,nan,20,2,2,92,-1.996218439685e-38,1.996218439685e-38,-86.806978923152,1,115
1,155,-11.110005599449,nan,nan,nan,1.04317480547,0.95861210868625,nan,nan,20,2,2,93,-1.4312780301176e-37,1.4312780301176e-37,-84.837080668289,1,115
1,155,-11.110005599449,nan,nan,nan,1.04317480547,0.95861210868625,nan,nan,20,2,2,94,5.63690602988e-37,5.63690602988e-37,-83.466313102055,1,115
1,155,-11.110005599449,nan,nan,nan,1.04317480547,0.95861210868625,nan,nan,20,2,2,95,-1.1873999248686e-37,1.1873999248686e-37,-85.023882461199,1,115
1,155,-11.110005599449,nan,nan,nan,1.04317480547,0.95861210868625,nan,nan,20,2,2,96,-7.9065715726746e-37,7.9065715726746e-37,-83.127954182455,1,115
1,155,-11.110005599449,nan,nan,nan,1.04317480547,0.95861210868625,nan,nan,20,2,2,97,-4.7043274363188e-37,4.7043274363188e-37,-83.647165624545,1,115
1,155,-11.110005599449,nan,nan,nan,1.04317480547,0.95861210868625,nan,nan,20,2,2,98,-9.0882332095999e-37,9.0882332095999e-37,-82.988667917863,1,115
1,155,-11.110005599449,nan,nan,nan,1.04317480547,0.95861210868625,nan,nan,20,2,2,99,9.6001008366957e-37,9.6001008366957e-37,-82.933874838539,1,115
1,155,-11.110005599449,nan,nan,nan,1.04317480547,0.95861210868625,nan,nan,20,2,2,100,7.8933366766552e-37,7.8933366766552e-37,-83.129629495869,1,115
1,155,-11.110005599449,nan,nan,nan,1.04317480547,0.95861210868625,nan,nan,20,2,2,101,-1.441193102464e-36,1.441193102464e-36,-82.527592033873,1,115
1,155,-11.110005599449,nan,nan,nan,1.04317480547,0.95861210868625,nan,nan,20,2,2,102,2.9095373553125e-37,2.9095373553125e-37,-84.127654356664,1,115
1,155,-11.110005599449,nan,nan,nan,1.04317480547,0.95861210868625,nan,nan,20,2,2,103,6.342905150437e-37,6.342905150437e-37,-83.348311551663,1,115
1,155,-11.110005599449,nan,nan,nan,1.04317480547,0.95861210868625,nan,nan,20,2,2,104,-1.5748108169165e-36,1.5748108169165e-36,-82.438928198966,1,115
1,155,-11.110005599449,nan,nan,nan,1.04317480547,0.95861210868625,nan,nan,20,2,2,105,1.4464887669094e-36,1.4464887669094e-36,-82.523924268086,1,115
1,155,-11.110005599449,nan,nan,nan,1.04317480547,0.95861210868625,nan,nan,20,2,2,106,9.9595977832623e-38,9.9595977832623e-38,-85.199696846199,1,115
1,155,-11.110005599449,nan,nan,nan,1.04317480547,0.95861210868625,nan,nan,20,2,2,107,6.7894521125582e-38,6.7894521125582e-38,-85.582863285804,1,115
1,155,-11.110005599449,nan,nan,nan,1.04317480547,0.95861210868625,nan,nan,20,2,2,108,1.0035481811414e-36,1.0035481811414e-36,-82.889521446588,1,115
1,155,-11.110005599449,nan,nan,nan,1.04317480547,0.95861210868625,nan,nan,20,2,2,109,-1.5750442648882e-36,1.5750442648882e-36,-82.438779971212,1,115
1,155,-11.110005599449,nan,nan,nan,1.04317480547,0.95861210868625,nan,nan,20,2,2,110,-7.5402548375281e-37,7.5402548375281e-37,-83.17539246125,1,115
1,155,-11.110005599449,nan,nan,nan,1.04317480547,0.95861210868625,nan,nan,20,2,2,111,2.8938076904632e-37,2.8938076904632e-37,-84.133075265897,1,115
1,155,-11.110005599449,nan,nan,nan,1.04317480547,0.95861210868625,nan,nan,20,2,2,112,4.3712931349184e-37,4.3712931349184e-37,-83.720589563565,1,115
1,155,-11.110005599449,nan,nan,nan,1.04317480547,0.95861210868625,nan,nan,20,2,2,113,5.2173571886808e-37,5.2173571886808e-37,-83.543657452784,1,115
1,155,-11.110005599449,nan,nan,nan,1.04317480547,0.95861210868625,nan,nan,20,2,2,114,4.7317268534089e-37,4.7317268534089e-37,-83.641358219616,1,115
1,155,-11.110005599449,nan,nan,nan,1.04317480547,0.95861210868625,nan,nan,20,2,2,115,4.2189455890419e-37,4.2189455890419e-37,-83.756063204369,1,115
1.05,155,-8.6754126256218,nan,nan,nan,0.89178761032731,1.1213432306297,nan,nan,20,2,2,1,0.049314026150164,0.049314026150164,-3.0095467323092,1,115
1.05,155,-8.6754126256218,nan,nan,nan,0.89178761032731,1.1213432306297,nan,nan,20,2,2,2,0.014499324287844,0.014499324287844,-4.2336532314798,1,115
1.05,155,-8.6754126256218,nan,nan,nan,0.89178761032731,1.1213432306297,nan,nan,20,2,2,3,0.0043578372866632,0.0043578372866632,-5.4357793798563,1,115
1.05,155,-8.6754126256218,nan,nan,nan,0.89178761032731,1.1213432306297,nan,nan,20,2,2,4,0.001349137947443,0.001349137947443,-6.6082894479461,1,115
1.05,155,-8.6754126256218,nan,nan,nan,0.89178761032731,1.1213432306297,nan,nan,20,2,2,5,0.00042687980907271,0.00042687980907271,-7.7590080619394,1,115
1.05,155,-8.6754126256218,nan,nan,nan,0.89178761032731,1.1213432306297,nan,nan,20,2,2,6,0.00013702523318486,0.00013702523318486,-8.8953454652648,1,115
1.05,155,-8.6754126256218,nan,nan,nan,0.89178761032731,1.1213432306297,nan,nan,20,2,2,7,4.4379345621915e-05,4.4379345621915e-05,-10.022736385456,1,115
1.05,155,-8.6754126256218,nan,nan,nan,0.89178761032731,1.1213432306297,nan,nan,20,2,2,8,1.445124052819e-05,1.445124052819e-05,-11.144730297389,1,115
1.05,155,-8.6754126256218,nan,nan,nan,0.89178761032731,1.1213432306297,nan,nan,20,2,2,9,4.7208661456911e-06,4.7208661456911e-06,-12.263518269759,1,115
1.05,155,-8.6754126256218,nan,nan,nan,0.89178761032731,1.1213432306297,nan,nan,20,2,2,10,1.545107773695e-06,1.545107773695e-06,-13.380416893611,1,115
1.05,155,-8.6754126256218,nan,nan,nan,0.89178761032731,1.1213432306297,nan,nan,20,2,2,11,5.0626436977575e-07,5.0626436977575e-07,-14.496206834186,1,115
1.05,155,-8.6754126256218,nan,nan,nan,0.89178761032731,1.1213432306297,nan,nan,20,2,2,12,1.6598842833129e-07,1.6598842833129e-07,-15.611347759867,1,115
1.05,155,-8.6754126256218,nan,nan,nan,0.89178761032731,1.1213432306297,nan,nan,20,2,2,13,5.4443123497524e-08,5.4443123497524e-08,-16.726109285763,1,115
1.05,155,-8.6754126256218,nan,nan,nan,0.89178761032731,1.1213432306297,nan,nan,20,2,2,14,1.786094765208e-08,1.786094765208e-08,-17.840649202879,1,115
1.05,155,-8.6754126256218,nan,nan,nan,0.89178761032731,1.1213432306297,nan,nan,20,2,2,15,5.8603310666404e-09,5.8603310666404e-09,-18.95505973894,1,115
1.05,155,-8.6754126256218,nan,nan,nan,0.89178761032731,1.1213432306297,nan,nan,20,2,2,16,1.9229704060424e-09,1.9229704060424e-09,-20.069394759932,1,115
1.05,155,-8.6754126256218,nan,nan,nan,0.89178761032731,1.1213432306297,nan,nan,20,2,2,17,6.31018640532e-10,6.31018640532e-10,-21.183685712569,1,115
1.05,155,-8.6754126256218,nan,nan,nan,0.89178761032731,1.1213432306297,nan,nan,20,2,2,18,2.070727467813e-10,2.070727467813e-10,-22.297950950675,1,115
1.05,155,-8.6754126256218,nan,nan,nan,0.89178761032731,1.1213432306297,nan,nan,20,2,2,19,6.7953247441534e-11,6.7953247441534e-11,-23.412201184839,1,115
1.05,155,-8.6754126256218,nan,nan,nan,0.89178761032731,1.1213432306297,nan,nan,20,2,2,20,2.2299816532363e-11,2.2299816532363e-11,-24.526442664745,1,115
1.05,155,-8.6754126256218,nan,nan,nan,0.89178761032731,1.1213432306297,nan,nan,20,2,2,21,7.3180366807448e-12,7.3180366807448e-12,-25.640679036944,1,115
1.05,155,-8.6754126256218,nan,nan,nan,0.89178761032731,1.1213432306297,nan,nan,20,2,2,22,2.4015363703902e-12,2.4015363703902e-12,-26.754912429057,1,115
1.05,155,-8.6754126256218,nan,nan,nan,0.89178761032731,1.1213432306297,nan,nan,20,2,2,23,7.8810577447854e-13,7.8810577447854e-13,-27.869144082489,1,115
1.05,155,-8.6754126256218,nan,nan,nan,0.89178761032731,1.1213432306297,nan,nan,20,2,2,24,2.5863082879009e-13,2.5863082879009e-13,-28.983374721486,1,115
1.05,155,-8.6754126256218,nan,nan,nan,0.89178761032731,1.1213432306297,nan,nan,20,2,2,25,8.4874324431939e-14,8.4874324431939e-14,-30.097604768628,1,115
1.05,155,-8.6754126256218,nan,nan,nan,0.89178761032731,1.1213432306297,nan,nan,20,2,2,26,2.7853034647381e-14,2.7853034647381e-14,-31.211834470474,1,115
1.05,155,-8.6754126256218,nan,nan,nan,0.89178761032731,1.1213432306297,nan,nan,20,2,2,27,9.1404756449915e-15,9.1404756449915e-15,-32.326063970865,1,115
1.05,155,-8.6754126256218,nan,nan,nan,0.89178761032731,1.1213432306297,nan,nan,20,2,2,28,2.9996122826633e-15,2.9996122826633e-15,-33.440293353707,1,115
1.05,155,-8.6754126256218,nan,nan,nan,0.89178761032731,1.1213432306297,nan,nan,20,2,2,29,9.8437705135713e-16,9.8437705135713e-16,-34.554522667963,1,115
1.05,155,-8.6754126256218,nan,nan,nan,0.89178761032731,1.1213432306297,nan,nan,20,2,2,30,3.2304115555469e-16,3.2304115555469e-16,-35.668751942209,1,115
1.05,155,-8.6754126256218,nan,nan,nan,0.89178761032731,1.1213432306297,nan,nan,20,2,2,31,1.0601180764455e-16,1.0601180764455e-16,-36.782981193111,1,115
1.05,155,-8.6754126256218,nan,nan,nan,0.89178761032731,1.1213432306297,nan,nan,20,2,2,32,3.4789695739686e-17,3.4789695739686e-17,-37.897210430393,1,115
1.05,155,-8.6754126256218,nan,nan,nan,0.89178761032731,1.1213432306297,nan,nan,20,2,2,33,1.1416869178683e-17,1.1416869178683e-17,-39.011439659731,1,115
1.05,155,-8.6754126256218,nan,nan,nan,0.89178761032731,1.1213432306297,nan,nan,20,2,2,34,3.7466525555503e-18,3.7466525555503e-18,-40.125668884415,1,115
1.05,155,-8.6754126256218,nan,nan,nan,0.89178761032731,1.1213432306297,nan,nan,20,2,2,35,1.2295319487313e-18,1.2295319487313e-18,-41.239898106415,1,115
1.05,155,-8.6754126256218,nan,nan,nan,0.89178761032731,1.1213432306297,nan,nan,20,2,2,36,4.0349319637159e-19,4.0349319637159e-19,-42.35412732684,1,115
1.05,155,-8.6754126256218,nan,nan,nan,0.89178761032731,1.1213432306297,nan,nan,20,2,2,37,1.3241360652434e-19,1.3241360652434e-19,-43.468356546342,1,115
1.05,155,-8.6754126256218,nan,nan,nan,0.89178761032731,1.1213432306297,nan,nan,20,2,2,38,4.3453925270475e-20,4.3453925270475e-20,-44.582585765302,1,115
1.05,155,-8.6754126256218,nan,nan,nan,0.89178761032731,1.1213432306297,nan,nan,20,2,2,39,1.4260193280273e-20,1.4260193280273e-20,-45.696814983964,1,115
1.05,155,-8.6754126256218,nan,nan,nan,0.89178761032731,1.1213432306297,nan,nan,20,2,2,40,4.6797409247649e-21,4.6797409247649e-21,-46.811044202434,1,115
1.05,155,-8.6754126256218,nan,nan,nan,0.89178761032731,1.1213432306297,nan,nan,20,2,2,41,1.5357418160484e-21,1.5357418160484e-21,-47.925273420788,1,115
1.05,155,-8.6754126256218,nan,nan,nan,0.89178761032731,1.1213432306297,nan,nan,20,2,2,42,5.0398151599402e-22,5.0398151599402e-22,-49.039502639073,1,115
1.05,155,-8.6754126256218,nan,nan,nan,0.89178761032731,1.1213432306297,nan,nan,20,2,2,43,1.6539067037042e-22,1.6539067037042e-22,-50.153731857325,1,115
1.05,155,-8.6754126256218,nan,nan,nan,0.89178761032731,1.1213432306297,nan,nan,20,2,2,44,5.4275946593493e-23,5.4275946593493e-23,-51.267961075554,1,115
1.05,155,-8.6754126256218,nan,nan,nan,0.89178761032731,1.1213432306297,nan,nan,20,2,2,45,1.781163575907e-23,1.781163575907e-23,-52.382190293794,1,115
1.05,155,-8.6754126256218,nan,nan,nan,0.89178761032731,1.1213432306297,nan,nan,20,2,2,46,5.8452111538833e-24,5.8452111538833e-24,-53.496419512028,1,115
1.05,155,-8.6754126256218,nan,nan,nan,0.89178761032731,1.1213432306297,nan,nan,20,2,2,47,1.9182119989632e-24,1.9182119989632e-24,-54.610648730241,1,115
1.05,155,-8.6754126256218,nan,nan,nan,0.89178761032731,1.1213432306297,nan,nan,20,2,2,48,6.2949603978283e-25,6.2949603978283e-25,-55.724877948427,1,115
1.05,155,-8.6754126256218,nan,nan,nan,0.89178761032731,1.1213432306297,nan,nan,20,2,2,49,2.0658053662121e-25,2.0658053662121e-25,-56.839107166621,1,115
1.05,155,-8.6754126256218,nan,nan,nan,0.89178761032731,1.1213432306297,nan,nan,20,2,2,50,6.77931478737e-26,6.77931478737e-26,-57.95333638481,1,115
1.05,155,-8.6754126256218,nan,nan,nan,0.89178761032731,1.1213432306297,nan,nan,20,2,2,51,2.2247550391737e-26,2.2247550391737e-26,-59.067565603041,1,115
1.05,155,-8.6754126256218,nan,nan,nan,0.89178761032731,1.1213432306297,nan,nan,20,2,2,52,7.3009369532216e-27,7.3009369532216e-27,-60.181794821165,1,115
1.05,155,-8.6754126256218,nan,nan,nan,0.89178761032731,1.1213432306297,nan,nan,20,2,2,53,2.3959348085614e-27,2.3959348085614e-27,-61.296024039403,1,115
1.05,155,-8.6754126256218,nan,nan,nan,0.89178761032731,1.1213432306297,nan,nan,20,2,2,54,7.8626943968355e-28,7.8626943968355e-28,-62.410253257555,1,115
1.05,155,-8.6754126256218,nan,nan,nan,0.89178761032731,1.1213432306297,nan,nan,20,2,2,55,2.5802856972752e-28,2.5802856972752e-28,-63.524482475652,1,115
1.05,155,-8.6754126256218,nan,nan,nan,0.89178761032731,1.1213432306297,nan,nan,20,2,2,56,8.4676752637227e-29,8.4676752637227e-29,-64.638711692929,1,115
1.05,155,-8.6754126256218,nan,nan,nan,0.89178761032731,1.1213432306297,nan,nan,20,2,2,57,2.7788211493398e-29,2.7788211493398e-29,-65.752940906058,1,115
1.05,155,-8.6754126256218,nan,nan,nan,0.89178761032731,1.1213432306297,nan,nan,20,2,2,58,9.1192052674861e-30,9.1192052674861e-30,-66.867170131255,1,115
1.05,155,-8.6754126256218,nan,nan,nan,0.89178761032731,1.1213432306297,nan,nan,20,2,2,59,2.992632513145e-30,2.992632513145e-30,-67.981399350599,1,115
1.05,155,-8.6754126256218,nan,nan,nan,0.89178761032731,1.1213432306297,nan,nan,20,2,2,60,9.8208647602677e-31,9.8208647602677e-31,-69.095628703199,1,115
1.05,155,-8.6754126256218,nan,nan,nan,0.89178761032731,1.1213432306297,nan,nan,20,2,2,61,3.2228922273434e-31,3.2228922273434e-31,-70.209858719156,1,115
1.05,155,-8.6754126256218,nan,nan,nan,0.89178761032731,1.1213432306297,nan,nan,20,2,2,62,1.0576513454081e-31,1.0576513454081e-31,-71.324087144892,1,115
1.05,155,-8.6754126256218,nan,nan,nan,0.89178761032731,1.1213432306297,nan,nan,20,2,2,63,3.4708681371449e-32,3.4708681371449e-32,-72.438318229526,1,115
1.05,155,-8.6754126256218,nan,nan,nan,0.89178761032731,1.1213432306297,nan,nan,20,2,2,64,1.1390325920001e-32,1.1390325920001e-32,-73.55254367718,1,115
1.05,155,-8.6754126256218,nan,nan,nan,0.89178761032731,1.1213432306297,nan,nan,20,2,2,65,3.7381246358347e-33,3.7381246358347e-33,-74.666724017406,1,115
1.05,155,-8.6754126256218,nan,nan,nan,0.89178761032731,1.1213432306297,nan,nan,20,2,2,66,1.2267348367111e-33,1.2267348367111e-33,-75.780952033429,1,115
1.05,155,-8.6754126256218,nan,nan,nan,0.89178761032731,1.1213432306297,nan,nan,20,2,2,67,4.0281837238905e-34,4.0281837238905e-34,-76.894577576291,1,115
1.05,155,-8.6754126256218,nan,nan,nan,0.89178761032731,1.1213432306297,nan,nan,20,2,2,68,1.3228589279139e-34,1.3228589279139e-34,-78.008097912801,1,115
1.05,155,-8.6754126256218,nan,nan,nan,0.89178761032731,1.1213432306297,nan,nan,20,2,2,69,4.3398660322905e-35,4.3398660322905e-35,-79.122634775292,1,115
1.05,155,-8.6754126256218,nan,nan,nan,0.89178761032731,1.1213432306297,nan,nan,20,2,2,70,1.4334336019827e-35,1.4334336019827e-35,-80.230405568335,1,115
1.05,155,-8.6754126256218,nan,nan,nan,0.89178761032731,1.1213432306297,nan,nan,20,2,2,71,4.6438273992455e-36,4.6438273992455e-36,-81.357524451039,1,115
1.05,155,-8.6754126256218,nan,nan,nan,0.89178761032731,1.1213432306297,nan,nan,20,2,2,72,1.6497329380192e-36,1.6497329380192e-36,-82.392449928719,1,115
1.05,155,-8.6754126256218,nan,nan,nan,0.89178761032731,1.1213432306297,nan,nan,20,2,2,73,5.5284301431119e-37,5.5284301431119e-37,-83.485744545635,1,115
1.05,155,-8.6754126256218,nan,nan,nan,0.89178761032731,1.1213432306297,nan,nan,20,2,2,74,-1.205795940255e-38,1.205795940255e-38,-87.311093653554,1,115
1.05,155,-8.6754126256218,nan,nan,nan,0.89178761032731,1.1213432306297,nan,nan,20,2,2,75,1.268165396494e-37,1.268165396494e-37,-84.958077154396,1,115
1.05,155,-8.6754126256218,nan,nan,nan,0.89178761032731,1.1213432306297,nan,nan,20,2,2,76,-2.2509109635103e-38,2.2509109635103e-38,-86.686898526825,1,115
1.05,155,-8.6754126256218,nan,nan,nan,0.89178761032731,1.1213432306297,nan,nan,20,2,2,77,1.3958258931856e-37,1.3958258931856e-37,-84.862162162566,1,115
1.05,155,-8.6754126256218,nan,nan,nan,0.89178761032731,1.1213432306297,nan,nan,20,2,2,78,-2.5317539367569e-37,2.5317539367569e-37,-84.266736122596,1,115
1.05,155,-8.6754126256218,nan,nan,nan,0.89178761032731,1.1213432306297,nan,nan,20,2,2,79,-7.22703254495e-38,7.22703254495e-38,-85.520405018238,1,115
1.05,155,-8.6754126256218,nan,nan,nan,0.89178761032731,1.1213432306297,nan,nan,20,2,2,80,-9.5763076639607e-38,9.5763076639607e-38,-85.238941437383,1,115
1.05,155,-8.6754126256218,nan,nan,nan,0.89178761032731,1.1213432306297,nan,nan,20,2,2,81,-3.4778678293678e-39,3.4778678293678e-39,-88.554399213465,1,115
1.05,155,-8.6754126256218,nan,nan,nan,0.89178761032731,1.1213432306297,nan,nan,20,2,2,82,2.2275358703212e-37,2.2275358703212e-37,-84.394752457148,1,115
1.05,155,-8.6754126256218,nan,nan,nan,0.89178761032731,1.1213432306297,nan,nan,20,2,2,83,4.5684021089143e-38,4.5684021089143e-38,-85.979070037949,1,115
1.05,155,-8.6754126256218,nan,nan,nan,0.89178761032731,1.1213432306297,nan,nan,20,2,2,84,2.124996003986e-37,2.124996003986e-37,-84.441878518882,1,115
1.05,155,-8.6754126256218,nan,nan,nan,0.89178761032731,1.1213432306297,nan,nan,20,2,2,85,7.4772206994692e-38,7.4772206994692e-38,-85.486372375077,1,115
1.05,155,-8.6754126256218,nan,nan,nan,0.89178761032731,1.1213432306297,nan,nan,20,2,2,86,1.2119282652173e-37,1.2119282652173e-37,-85.003435741999,1,115
1.05,155,-8.6754126256218,nan,nan,nan,0.89178761032731,1.1213432306297,nan,nan,20,2,2,87,-7.4714002439688e-38,7.4714002439688e-38,-85.487151103204,1,115
1.05,155,-8.6754126256218,nan,nan,nan,0.89178761032731,1.1213432306297,nan,nan,20,2,2,88,1.6223290400685e-37,1.6223290400685e-37,-84.711785644952,1,115
1.05,155,-8.6754126256218,nan,nan,nan,0.89178761032731,1.1213432306297,nan,nan,20,2,2,89,1.2748536396982e-37,1.2748536396982e-37,-84.952817061152,1,115
1.05,155,-8.6754126256218,nan,nan,nan,0.89178761032731,1.1213432306297,nan,nan,20,2,2,90,-2.0224700306336e-37,2.0224700306336e-37,-84.49132888892,1,115
1.05,155,-8.6754126256218,nan,nan,nan,0.89178761032731,1.1213432306297,nan,nan,20,2,2,91,1.1678081551283e-37,1.1678081551283e-37,-85.040519820611,1,115
1.05,155,-8.6754126256218,nan,nan,nan,0.89178761032731,1.1213432306297,nan,nan,20,2,2,92,-6.5204149927246e-37,6.5204149927246e-37,-83.320710417676,1,115
1.05,155,-8.6754126256218,nan,nan,nan,0.89178761032731,1.1213432306297,nan,nan,20,2,2,93,8.1213434495293e-37,8.1213434495293e-37,-83.101152850842,1,115
1.05,155,-8.6754126256218,nan,nan,nan,0.89178761032731,1.1213432306297,nan,nan,20,2,2,94,5.3484519561065e-38,5.3484519561065e-38,-85.821426368736,1,115
1.05,155,-8.6754126256218,nan,nan,nan,0.89178761032731,1.1213432306297,nan,nan,20,2,2,95,-7.0835469037922e-38,7.0835469037922e-38,-85.540458776402,1,115
1.05,155,-8.6754126256218,nan,nan,nan,0.89178761032731,1.1213432306297,nan,nan,20,2,2,96,4.2277342628382e-38,4.2277342628382e-38,-86.056567319482,1,115
1.05,155,-8.6754126256218,nan,nan,nan,0.89178761032731,1.1213432306297,nan,nan,20,2,2,97,8.9610374763835e-38,8.9610374763835e-38,-85.305347523715,1,115
1.05,155,-8.6754126256218,nan,nan,nan,0.89178761032731,1.1213432306297,nan,nan,20,2,2,98,1.1278298200739e-39,1.1278298200739e-39,-89.680523353803,1,115
1.05,155,-8.6754126256218,nan,nan,nan,0.89178761032731,1.1213432306297,nan,nan,20,2,2,99,6.3168912819928e-37,6.3168912819928e-37,-83.352421239397,1,115
1.05,155,-8.6754126256218,nan,nan,nan,0.89178761032731,1.1213432306297,nan,nan,20,2,2,100,1.4033173989871e-37,1.4033173989871e-37,-84.856809436459,1,115
1.05,155,-8.6754126256218,nan,nan,nan,0.89178761032731,1.1213432306297,nan,nan,20,2,2,101,-3.2122173639344e-38,3.2122173639344e-38,-86.331272067521,1,115
1.05,155,-8.6754126256218,nan,nan,nan,0.89178761032731,1.1213432306297,nan,nan,20,2,2,102,2.4622101669454e-37,2.4622101669454e-37,-84.294589052345,1,115
1.05,155,-8.6754126256218,nan,nan,nan,0.89178761032731,1.1213432306297,nan,nan,20,2,2,103,9.896769101046e-39,9.896769101046e-39,-87.508610276322,1,115
1.05,155,-8.6754126256218,nan,nan,nan,0.89178761032731,1.1213432306297,nan,nan,20,2,2,104,-4.8668883804204e-38,4.8668883804204e-38,-85.915778737145,1,115
1.05,155,-8.6754126256218,nan,nan,nan,0.89178761032731,1.1213432306297,nan,nan,20,2,2,105,-1.3054767472298e-38,1.3054767472298e-38,-87.231665236166,1,115
1.05,155,-8.6754126256218,nan,nan,nan,0.89178761032731,1.1213432306297,nan,nan,20,2,2,106,2.6226647739404e-37,2.6226647739404e-37,-84.231457550601,1,115
1.05,155,-8.6754126256218,nan,nan,nan,0.89178761032731,1.1213432306297,nan,nan,20,2,2,107,-3.6176651759774e-37,3.6176651759774e-37,-83.909819602042,1,115
1.05,155,-8.6754126256218,nan,nan,nan,0.89178761032731,1.1213432306297,nan,nan,20,2,2,108,-2.1895187973066e-37,2.1895187973066e-37,-84.411966648352,1,115
1.05,155,-8.6754126256218,nan,nan,nan,0.89178761032731,1.1213432306297,nan,nan,20,2,2,109,-1.0077485599696e-37,1.0077485599696e-37,-85.187929746722,1,115
1.05,155,-8.6754126256218,nan,nan,nan,0.89178761032731,1.1213432306297,nan,nan,20,2,2,110,1.0324266002325e-38,1.0324266002325e-38,-87.466321579811,1,115
1.05,155,-8.6754126256218,nan,nan,nan,0.89178761032731,1.1213432306297,nan,nan,20,2,2,111,-1.6959713714365e-37,1.6959713714365e-37,-84.667392783602,1,115
1.05,155,-8.6754126256218,nan,nan,nan,0.89178761032731,1.1213432306297,nan,nan,20,2,2,112,6.7836714149437e-38,6.7836714149437e-38,-85.583715071754,1,115
1.05,155,-8.6754126256218,nan,nan,nan,0.89178761032731,1.1213432306297,nan,nan,20,2,2,113,8.3442564033624e-38,8.3442564033624e-38,-85.376660087477,1,115
1.05,155,-8.6754126256218,nan,nan,nan,0.89178761032731,1.1213432306297,nan,nan,20,2,2,114,-1.0546211210987e-37,1.0546211210987e-37,-85.142466865274,1,115
1.05,155,-8.6754126256218,nan,nan,nan,0.89178761032731,1.1213432306297,nan,nan,20,2,2,115,5.970930769865e-38,5.970930769865e-38,-85.711330710672,1,115
1.1,155,-6.8067595853506,nan,nan,nan,0.78199723997358,1.27877689189,nan,nan,20,2,2,1,0.043255132923187,0.043255132923187,-3.1406393723413,1,115
1.1,155,-6.8067595853506,nan,nan,nan,0.78199723997358,1.27877689189,nan,nan,20,2,2,2,0.010736797560999,0.010736797560999,-4.5340784130435,1,115
1.1,155,-6.8067595853506,nan,nan,nan,0.78199723997358,1.27877689189,nan,nan,20,2,2,3,0.0027476914007838,0.0027476914007838,-5.8969942104973,1,115
1.1,155,-6.8067595853506,nan,nan,nan,0.78199723997358,1.27877689189,nan,nan,20,2,2,4,0.00072638998426491,0.00072638998426491,-7.2274235189538,1,115
1.1,155,-6.8067595853506,nan,nan,nan,0.78199723997358,1.27877689189,nan,nan,20,2,2,5,0.00019648323869433,0.00019648323869433,-8.5349334295586,1,115
1.1,155,-6.8067595853506,nan,nan,nan,0.78199723997358,1.27877689189,nan,nan,20,2,2,6,5.3949276838984e-05,5.3949276838984e-05,-9.827466270632,1,115
1.1,155,-6.8067595853506,nan,nan,nan,0.78199723997358,1.27877689189,nan,nan,20,2,2,7,1.4951853285211e-05,1.4951853285211e-05,-11.110675300245,1,115
1.1,155,-6.8067595853506,nan,nan,nan,0.78199723997358,1.27877689189,nan,nan,20,2,2,8,4.167328514414e-06,4.167328514414e-06,-12.388235371479,1,115
1.1,155,-6.8067595853506,nan,nan,nan,0.78199723997358,1.27877689189,nan,nan,20,2,2,9,1.1654280348233e-06,1.1654280348233e-06,-13.66242212656,1,115
1.1,155,-6.8067595853506,nan,nan,nan,0.78199723997358,1.27877689189,nan,nan,20,2,2,10,3.26573673267e-07,3.26573673267e-07,-14.93461026815,1,115
1.1,155,-6.8067595853506,nan,nan,nan,0.78199723997358,1.27877689189,nan,nan,20,2,2,11,9.1619701689012e-08,9.1619701689012e-08,-16.205619504452,1,115
1.1,155,-6.8067595853506,nan,nan,nan,0.78199723997358,1.27877689189,nan,nan,20,2,2,12,2.5721589959234e-08,2.5721589959234e-08,-17.475935121477,1,115
1.1,155,-6.8067595853506,nan,nan,nan,0.78199723997358,1.27877689189,nan,nan,20,2,2,13,7.2240994923395e-09,7.2240994923395e-09,-18.745843248454,1,115
1.1,155,-6.8067595853506,nan,nan,nan,0.78199723997358,1.27877689189,nan,nan,20,2,2,14,2.0294273226572e-09,2.0294273226572e-09,-20.015512190758,1,115
1.1,155,-6.8067595853506,nan,nan,nan,0.78199723997358,1.27877689189,nan,nan,20,2,2,15,5.7019608201628e-10,5.7019608201628e-10,-21.285040810718,1,115
1.1,155,-6.8067595853506,nan,nan,nan,0.78199723997358,1.27877689189,nan,nan,20,2,2,16,1.6021777498473e-10,1.6021777498473e-10,-22.554487132488,1,115
1.1,155,-6.8067595853506,nan,nan,nan,0.78199723997358,1.27877689189,nan,nan,20,2,2,17,4.5021309425526e-11,4.5021309425526e-11,-23.823885195455,1,115
1.1,155,-6.8067595853506,nan,nan,nan,0.78199723997358,1.27877689189,nan,nan,20,2,2,18,1.2651378134109e-11,1.2651378134109e-11,-25.093254963281,1,115
1.1,155,-6.8067595853506,nan,nan,nan,0.78199723997358,1.27877689189,nan,nan,20,2,2,19,3.5552058792543e-12,3.5552058792543e-12,-26.362608141761,1,115
1.1,155,-6.8067595853506,nan,nan,nan,0.78199723997358,1.27877689189,nan,nan,20,2,2,20,9.9906995464585e-13,9.9906995464585e-13,-27.631951594043,1,115
1.1,155,-6.8067595853506,nan,nan,nan,0.78199723997358,1.27877689189,nan,nan,20,2,2,21,2.8075630488087e-13,2.8075630488087e-13,-28.901289344266,1,115
1.1,155,-6.8067595853506,nan,nan,nan,0.78199723997358,1.27877689189,nan,nan,20,2,2,22,7.8897744702678e-14,7.8897744702678e-14,-30.170623751717,1,115
1.1,155,-6.8067595853506,nan,nan,nan,0.78199723997358,1.27877689189,nan,nan,20,2,2,23,2.2171777480676e-14,2.2171777480676e-14,-31.439956199455,1,115
1.1,155,-6.8067595853506,nan,nan,nan,0.78199723997358,1.27877689189,nan,nan,20,2,2,24,6.2307013114808e-15,6.2307013114808e-15,-32.709287498386,1,115
1.1,155,-6.8067595853506,nan,nan,nan,0.78199723997358,1.27877689189,nan,nan,20,2,2,25,1.7509496031147e-15,1.7509496031147e-15,-33.978618123795,1,115
1.1,155,-6.8067595853506,nan,nan,nan,0.78199723997358,1.27877689189,nan,nan,20,2,2,26,4.9205146740066e-16,4.9205146740066e-16,-35.247948354334,1,115
1.1,155,-6.8067595853506,nan,nan,nan,0.78199723997358,1.27877689189,nan,nan,20,2,2,27,1.3827622577246e-16,1.3827622577246e-16,-36.517278353308,1,115
1.1,155,-6.8067595853506,nan,nan,nan,0.78199723997358,1.27877689189,nan,nan,20,2,2,28,3.8858368431493e-17,3.8858368431493e-17,-37.786608216633,1,115
1.1,155,-6.8067595853506,nan,nan,nan,0.78199723997358,1.27877689189,nan,nan,20,2,2,29,1.0919974916568e-17,1.0919974916568e-17,-39.055938000596,1,115
1.1,155,-6.8067595853506,nan,nan,nan,0.78199723997358,1.27877689189,nan,nan,20,2,2,30,3.0687304321692e-18,3.0687304321692e-18,-40.325267737835,1,115
1.1,155,-6.8067595853506,nan,nan,nan,0.78199723997358,1.27877689189,nan,nan,20,2,2,31,8.6237439142737e-19,8.6237439142737e-19,-41.594597447703,1,115
1.1,155,-6.8067595853506,nan,nan,nan,0.78199723997358,1.27877689189,nan,nan,20,2,2,32,2.4234438944268e-19,2.4234438944268e-19,-42.86392714149,1,115
1.1,155,-6.8067595853506,nan,nan,nan,0.78199723997358,1.27877689189,nan,nan,20,2,2,33,6.8103603522671e-20,6.8103603522671e-20,-44.133256825955,1,115
1.1,155,-6.8067595853506,nan,nan,nan,0.78199723997358,1.27877689189,nan,nan,20,2,2,34,1.9138470046327e-20,1.9138470046327e-20,-45.402586504929,1,115
1.1,155,-6.8067595853506,nan,nan,nan,0.78199723997358,1.27877689189,nan,nan,20,2,2,35,5.3782915729227e-21,5.3782915729227e-21,-46.671916180633,1,115
1.1,155,-6.8067595853506,nan,nan,nan,0.78199723997358,1.27877689189,nan,nan,20,2,2,36,1.5114071411419e-21,1.5114071411419e-21,-47.941245854429,1,115
1.1,155,-6.8067595853506,nan,nan,nan,0.78199723997358,1.27877689189,nan,nan,20,2,2,37,4.2473553504334e-22,4.2473553504334e-22,-49.21057552711,1,115
1.1,155,-6.8067595853506,nan,nan,nan,0.78199723997358,1.27877689189,nan,nan,20,2,2,38,1.1935915210214e-22,1.1935915210214e-22,-50.479905199129,1,115
1.1,155,-6.8067595853506,nan,nan,nan,0.78199723997358,1.27877689189,nan,nan,20,2,2,39,3.3542301080834e-23,3.3542301080834e-23,-51.749234870754,1,115
1.1,155,-6.8067595853506,nan,nan,nan,0.78199723997358,1.27877689189,nan,nan,20,2,2,40,9.4260552481012e-24,9.4260552481012e-24,-53.018564542127,1,115
1.1,155,-6.8067595853506,nan,nan,nan,0.78199723997358,1.27877689189,nan,nan,20,2,2,41,2.6489094272312e-24,2.6489094272312e-24,-54.287894213457,1,115
1.1,155,-6.8067595853506,nan,nan,nan,0.78199723997358,1.27877689189,nan,nan,20,2,2,42,7.4439635342567e-25,7.4439635342567e-25,-55.557223884759,1,115
1.1,155,-6.8067595853506,nan,nan,nan,0.78199723997358,1.27877689189,nan,nan,20,2,2,43,2.0919021438106e-25,2.0919021438106e-25,-56.826553556124,1,115
1.1,155,-6.8067595853506,nan,nan,nan,0.78199723997358,1.27877689189,nan,nan,20,2,2,44,5.8786620316278e-26,5.8786620316278e-26,-58.095883227469,1,115
1.1,155,-6.8067595853506,nan,nan,nan,0.78199723997358,1.27877689189,nan,nan,20,2,2,45,1.6520212183878e-26,1.6520212183878e-26,-59.365212898768,1,115
1.1,155,-6.8067595853506,nan,nan,nan,0.78199723997358,1.27877689189,nan,nan,20,2,2,46,4.6425089441836e-27,4.6425089441836e-27,-60.634542570009,1,115
1.1,155,-6.8067595853506,nan,nan,nan,0.78199723997358,1.27877689189,nan,nan,20,2,2,47,1.3046375590742e-27,1.3046375590742e-27,-61.90387224115,1,115
1.1,155,-6.8067595853506,nan,nan,nan,0.78199723997358,1.27877689189,nan,nan,20,2,2,48,3.6662916170412e-28,3.6662916170412e-28,-63.173201911196,1,115
1.1,155,-6.8067595853506,nan,nan,nan,0.78199723997358,1.27877689189,nan,nan,20,2,2,49,1.0303010282593e-28,1.0303010282593e-28,-64.442531583846,1,115
1.1,155,-6.8067595853506,nan,nan,nan,0.78199723997358,1.27877689189,nan,nan,20,2,2,50,2.8953512612706e-29,2.8953512612706e-29,-65.71186125939,1,115
1.1,155,-6.8067595853506,nan,nan,nan,0.78199723997358,1.27877689189,nan,nan,20,2,2,51,8.1365142662936e-30,8.1365142662936e-30,-66.981190924335,1,115
1.1,155,-6.8067595853506,nan,nan,nan,0.78199723997358,1.27877689189,nan,nan,20,2,2,52,2.2865226609242e-30,2.2865226609242e-30,-68.250520615007,1,115
1.1,155,-6.8067595853506,nan,nan,nan,0.78199723997358,1.27877689189,nan,nan,20,2,2,53,6.4255845985528e-31,6.4255845985528e-31,-69.519850268072,1,115
1.1,155,-6.8067595853506,nan,nan,nan,0.78199723997358,1.27877689189,nan,nan,20,2,2,54,1.8057175664925e-31,1.8057175664925e-31,-70.789179826267,1,115
1.1,155,-6.8067595853506,nan,nan,nan,0.78199723997358,1.27877689189,nan,nan,20,2,2,55,5.0744290357523e-32,5.0744290357523e-32,-72.058508962481,1,115
1.1,155,-6.8067595853506,nan,nan,nan,0.78199723997358,1.27877689189,nan,nan,20,2,2,56,1.4260144885767e-32,1.4260144885767e-32,-73.327839493577,1,115
1.1,155,-6.8067595853506,nan,nan,nan,0.78199723997358,1.27877689189,nan,nan,20,2,2,57,4.0073939901566e-33,4.0073939901566e-33,-74.597166916514,1,115
1.1,155,-6.8067595853506,nan,nan,nan,0.78199723997358,1.27877689189,nan,nan,20,2,2,58,1.1261670031456e-33,1.1261670031456e-33,-75.866488234679,1,115
1.1,155,-6.8067595853506,nan,nan,nan,0.78199723997358,1.27877689189,nan,nan,20,2,2,59,3.1651011955965e-34,3.1651011955965e-34,-77.13570813338,1,115
1.1,155,-6.8067595853506,nan,nan,nan,0.78199723997358,1.27877689189,nan,nan,20,2,2,60,8.8903917154425e-35,8.8903917154425e-35,-78.405507143757,1,115
1.1,155,-6.8067595853506,nan,nan,nan,0.78199723997358,1.27877689189,nan,nan,20,2,2,61,2.5032882104011e-35,2.5032882104011e-35,-79.672873102985,1,115
1.1,155,-6.8067595853506,nan,nan,nan,0.78199723997358,1.27877689189,nan,nan,20,2,2,62,7.04849085082e-36,7.04849085082e-36,-80.94024981759,1,115
1.1,155,-6.8067595853506,nan,nan,nan,0.78199723997358,1.27877689189,nan,nan,20,2,2,63,1.9527043070545e-36,1.9527043070545e-36,-82.223848111832,1,115
1.1,155,-6.8067595853506,nan,nan,nan,0.78199723997358,1.27877689189,nan,nan,20,2,2,64,5.8084968211586e-37,5.8084968211586e-37,-83.436326626083,1,115
1.1,155,-6.8067595853506,nan,nan,nan,0.78199723997358,1.27877689189,nan,nan,20,2,2,65,1.345662028914e-37,1.345662028914e-37,-84.898762334018,1,115
1.1,155,-6.8067595853506,nan,nan,nan,0.78199723997358,1.27877689189,nan,nan,20,2,2,66,1.373751141467e-37,1.373751141467e-37,-84.878103383131,1,115
1.1,155,-6.8067595853506,nan,nan,nan,0.78199723997358,1.27877689189,nan,nan,20,2,2,67,1.5118159276599e-38,1.5118159276599e-38,-87.084922004393,1,115
1.1,155,-6.8067595853506,nan,nan,nan,0.78199723997358,1.27877689189,nan,nan,20,2,2,68,4.1078220353671e-38,4.1078220353671e-38,-86.085340564124,1,115
1.1,155,-6.8067595853506,nan,nan,nan,0.78199723997358,1.27877689189,nan,nan,20,2,2,69,-4.4861797809743e-38,4.4861797809743e-38,-85.99723202247,1,115
1.1,155,-6.8067595853506,nan,nan,nan,0.78199723997358,1.27877689189,nan,nan,20,2,2,70,-8.3499548105398e-38,8.3499548105398e-38,-85.375977406837,1,115
1.1,155,-6.8067595853506,nan,nan,nan,0.78199723997358,1.27877689189,nan,nan,20,2,2,71,2.5852394693111e-37,2.5852394693111e-37,-84.245830299079,1,115
1.1,155,-6.8067595853506,nan,nan,nan,0.78199723997358,1.27877689189,nan,nan,20,2,2,72,-1.7430992173754e-38,1.7430992173754e-38,-86.942568845519,1,115
1.1,155,-6.8067595853506,nan,nan,nan,0.78199723997358,1.27877689189,nan,nan,20,2,2,73,7.2951970494497e-38,7.2951970494497e-38,-85.511017340587,1,115
1.1,155,-6.8067595853506,nan,nan,nan,0.78199723997358,1.27877689189,nan,nan,20,2,2,74,-2.2327013347263e-38,2.2327013347263e-38,-86.695021320543,1,115
1.1,155,-6.8067595853506,nan,nan,nan,0.78199723997358,1.27877689189,nan,nan,20,2,2,75,1.6277724317187e-37,1.6277724317187e-37,-84.708435966927,1,115
1.1,155,-6.8067595853506,nan,nan,nan,0.78199723997358,1.27877689189,nan,nan,20,2,2,76,-1.9846360466503e-37,1.9846360466503e-37,-84.510212895265,1,115
1.1,155,-6.8067595853506,nan,nan,nan,0.78199723997358,1.27877689189,nan,nan,20,2,2,77,-2.1844615834317e-37,2.1844615834317e-37,-84.414279057503,1,115
1.1,155,-6.8067595853506,nan,nan,nan,0.78199723997358,1.27877689189,nan,nan,20,2,2,78,9.3795656180659e-38,9.3795656180659e-38,-85.259700081203,1,115
1.1,155,-6.8067595853506,nan,nan,nan,0.78199723997358,1.27877689189,nan,nan,20,2,2,79,-4.1257234415774e-38,4.1257234415774e-38,-86.080992149588,1,115
1.1,155,-6.8067595853506,nan,nan,nan,0.78199723997358,1.27877689189,nan,nan,20,2,2,80,4.8895424094112e-39,4.8895424094112e-39,-88.213719904467,1,115
1.1,155,-6.8067595853506,nan,nan,nan,0.78199723997358,1.27877689189,nan,nan,20,2,2,81,5.330998786276e-38,5.330998786276e-38,-85.824694923606,1,115
1.1,155,-6.8067595853506,nan,nan,nan,0.78199723997358,1.27877689189,nan,nan,20,2,2,82,1.0385747175833e-37,1.0385747175833e-37,-85.157799131433,1,115
1.1,155,-6.8067595853506,nan,nan,nan,0.78199723997358,1.27877689189,nan,nan,20,2,2,83,-8.3479786607563e-38,8.3479786607563e-38,-85.376214100772,1,115
1.1,155,-6.8067595853506,nan,nan,nan,0.78199723997358,1.27877689189,nan,nan,20,2,2,84,6.1123884864096e-38,6.1123884864096e-38,-85.687915922671,1,115
1.1,155,-6.8067595853506,nan,nan,nan,0.78199723997358,1.27877689189,nan,nan,20,2,2,85,-8.6558573873237e-38,8.6558573873237e-38,-85.339997287392,1,115
1.1,155,-6.8067595853506,nan,nan,nan,0.78199723997358,1.27877689189,nan,nan,20,2,2,86,1.0361171582796e-37,1.0361171582796e-37,-85.160168216194,1,115
1.1,155,-6.8067595853506,nan,nan,nan,0.78199723997358,1.27877689189,nan,nan,20,2,2,87,-5.4655148688439e-41,5.4655148688439e-41,-92.707530483517,1,115
1.1,155,-6.8067595853506,nan,nan,nan,0.78199723997358,1.27877689189,nan,nan,20,2,2,88,3.4442334810814e-38,3.4442334810814e-38,-86.261532155928,1,115
1.1,155,-6.8067595853506,nan,nan,nan,0.78199723997358,1.27877689189,nan,nan,20,2,2,89,1.2762389448359e-38,1.2762389448359e-38,-87.254316105539,1,115
1.1,155,-6.8067595853506,nan,nan,nan,0.78199723997358,1.27877689189,nan,nan,20,2,2,90,-2.5989287767932e-38,2.5989287767932e-38,-86.543134182571,1,115
1.1,155,-6.8067595853506,nan,nan,nan,0.78199723997358,1.27877689189,nan,nan,20,2,2,91,-1.193279727202e-38,1.193279727202e-38,-87.321527944377,1,115
1.1,155,-6.8067595853506,nan,nan,nan,0.78199723997358,1.27877689189,nan,nan,20,2,2,92,-4.3157720585504e-38,4.3157720585504e-38,-86.035957300898,1,115
1.1,155,-6.8067595853506,nan,nan,nan,0.78199723997358,1.27877689189,nan,nan,20,2,2,93,9.487922857649e-38,9.487922857649e-38,-85.248213822069,1,115
1.1,155,-6.8067595853506,nan,nan,nan,0.78199723997358,1.27877689189,nan,nan,20,2,2,94,2.8409021621197e-38,2.8409021621197e-38,-86.454111869327,1,115
1.1,155,-6.8067595853506,nan,nan,nan,0.78199723997358,1.27877689189,nan,nan,20,2,2,95,-5.4387944806102e-39,5.4387944806102e-39,-88.107261193286,1,115
1.1,155,-6.8067595853506,nan,nan,nan,0.78199723997358,1.27877689189,nan,nan,20,2,2,96,1.5913552092957e-37,1.5913552092957e-37,-84.731062454687,1,115
1.1,155,-6.8067595853506,nan,nan,nan,0.78199723997358,1.27877689189,nan,nan,20,2,2,97,-1.2259242864071e-39,1.2259242864071e-39,-89.597123547762,1,115
1.1,155,-6.8067595853506,nan,nan,nan,0.78199723997358,1.27877689189,nan,nan,20,2,2,98,-5.6032469176173e-38,5.6032469176173e-38,-85.774887297338,1,115
1.1,155,-6.8067595853506,nan,nan,nan,0.78199723997358,1.27877689189,nan,nan,20,2,2,99,6.0710953424397e-39,6.0710953424397e-39,-87.997279586174,1,115
1.1,155,-6.8067595853506,nan,nan,nan,0.78199723997358,1.27877689189,nan,nan,20,2,2,100,1.3281751323078e-37,1.3281751323078e-37,-84.911842521683,1,115
1.1,155,-6.8067595853506,nan,nan,nan,0.78199723997358,1.27877689189,nan,nan,20,2,2,101,7.9099877155157e-38,7.9099877155157e-38,-85.430107305028,1,115
1.1,155,-6.8067595853506,nan,nan,nan,0.78199723997358,1.27877689189,nan,nan,20,2,2,102,6.0474169485453e-38,6.0474169485453e-38,-85.698602303554,1,115
1.1,155,-6.8067595853506,nan,nan,nan,0.78199723997358,1.27877689189,nan,nan,20,2,2,103,-6.8632744993121e-38,6.8632744993121e-38,-85.572048873662,1,115
1.1,155,-6.8067595853506,nan,nan,nan,0.78199723997358,1.27877689189,nan,nan,20,2,2,104,7.233437607443e-38,7.233437607443e-38,-85.519519146224,1,115
1.1,155,-6.8067595853506,nan,nan,nan,0.78199723997358,1.27877689189,nan,nan,20,2,2,105,-2.1116363057276e-38,2.1116363057276e-38,-86.750770386486,1,115
1.1,155,-6.8067595853506,nan,nan,nan,0.78199723997358,1.27877689189,nan,nan,20,2,2,106,-2.3174126496187e-38,2.3174126496187e-38,-86.657782207669,1,115
1.1,155,-6.8067595853506,nan,nan,nan,0.78199723997358,1.27877689189,nan,nan,20,2,2,107,-1.3092099026335e-37,1.3092099026335e-37,-84.926224613282,1,115
1.1,155,-6.8067595853506,nan,nan,nan,0.78199723997358,1.27877689189,nan,nan,20,2,2,108,2.5995767619311e-38,2.5995767619311e-38,-86.54288488587,1,115
1.1,155,-6.8067595853506,nan,nan,nan,0.78199723997358,1.27877689189,nan,nan,20,2,2,109,-9.9592837947305e-38,9.9592837947305e-38,-85.199728372922,1,115
1.1,155,-6.8067595853506,nan,nan,nan,0.78199723997358,1.27877689189,nan,nan,20,2,2,110,3.927428533648e-38,3.927428533648e-38,-86.130248639189,1,115
1.1,155,-6.8067595853506,nan,nan,nan,0.78199723997358,1.27877689189,nan,nan,20,2,2,111,2.893656457687e-39,2.893656457687e-39,-88.738297714075,1,115
1.1,155,-6.8067595853506,nan,nan,nan,0.78199723997358,1.27877689189,nan,nan,20,2,2,112,7.7428780247341e-38,7.7428780247341e-38,-85.451460077466,1,115
1.1,155,-6.8067595853506,nan,nan,nan,0.78199723997358,1.27877689189,nan,nan,20,2,2,113,-6.0509882532451e-38,6.0509882532451e-38,-85.698011927427,1,115
1.1,155,-6.8067595853506,nan,nan,nan,0.78199723997358,1.27877689189,nan,nan,20,2,2,114,2.6378604296699e-38,2.6378604296699e-38,-86.528265388509,1,115
1.1,155,-6.8067595853506,nan,nan,nan,0.78199723997358,1.27877689189,nan,nan,20,2,2,115,2.1511164401826e-38,2.1511164401826e-38,-86.732246551907,1,115
1.15,155,-5.3692719398472,nan,nan,nan,0.69708031869589,1.4345549188232,nan,nan,20,2,2,1,0.037865139399675,0.037865139399675,-3.2737243949317,1,115
1.15,155,-5.3692719398472,nan,nan,nan,0.69708031869589,1.4345549188232,nan,nan,20,2,2,2,0.0079588508430531,0.0079588508430531,-4.8334706559983,1,115
1.15,155,-5.3692719398472,nan,nan,nan,0.69708031869589,1.4345549188232,nan,nan,20,2,2,3,0.0017389007830916,0.0017389007830916,-6.354502099239,1,115
1.15,155,-5.3692719398472,nan,nan,nan,0.69708031869589,1.4345549188232,nan,nan,20,2,2,4,0.00039341877853698,0.00039341877853698,-7.8406359191959,1,115
1.15,155,-5.3692719398472,nan,nan,nan,0.69708031869589,1.4345549188232,nan,nan,20,2,2,5,9.1151644858549e-05,9.1151644858549e-05,-9.3029860113793,1,115
1.15,155,-5.3692719398472,nan,nan,nan,0.69708031869589,1.4345549188232,nan,nan,20,2,2,6,2.1447075343952e-05,2.1447075343952e-05,-10.749922269488,1,115
1.15,155,-5.3692719398472,nan,nan,nan,0.69708031869589,1.4345549188232,nan,nan,20,2,2,7,5.0949694315783e-06,5.0949694315783e-06,-12.187256890998,1,115
1.15,155,-5.3692719398472,nan,nan,nan,0.69708031869589,1.4345549188232,nan,nan,20,2,2,8,1.2174473455687e-06,1.2174473455687e-06,-13.618754230918,1,115
1.15,155,-5.3692719398472,nan,nan,nan,0.69708031869589,1.4345549188232,nan,nan,20,2,2,9,2.9193007596868e-07,2.9193007596868e-07,-15.046751529215,1,115
1.15,155,-5.3692719398472,nan,nan,nan,0.69708031869589,1.4345549188232,nan,nan,20,2,2,10,7.0147432684328e-08,7.0147432684328e-08,-16.472666628583,1,115
1.15,155,-5.3692719398472,nan,nan,nan,0.69708031869589,1.4345549188232,nan,nan,20,2,2,11,1.6876417093506e-08,1.6876417093506e-08,-17.897348627802,1,115
1.15,155,-5.3692719398472,nan,nan,nan,0.69708031869589,1.4345549188232,nan,nan,20,2,2,12,4.0631702806503e-09,4.0631702806503e-09,-19.32130231074,1,115
1.15,155,-5.3692719398472,nan,nan,nan,0.69708031869589,1.4345549188232,nan,nan,20,2,2,13,9.7867011277672e-10,9.7867011277672e-10,-20.744826493639,1,115
1.15,155,-5.3692719398472,nan,nan,nan,0.69708031869589,1.4345549188232,nan,nan,20,2,2,14,2.3578573491739e-10,2.3578573491739e-10,-22.168097626189,1,115
1.15,155,-5.3692719398472,nan,nan,nan,0.69708031869589,1.4345549188232,nan,nan,20,2,2,15,5.6815056327815e-11,5.6815056327815e-11,-23.591219749134,1,115
1.15,155,-5.3692719398472,nan,nan,nan,0.69708031869589,1.4345549188232,nan,nan,20,2,2,16,1.3691387163856e-11,1.3691387163856e-11,-25.014254154964,1,115
1.15,155,-5.3692719398472,nan,nan,nan,0.69708031869589,1.4345549188232,nan,nan,20,2,2,17,3.2995436864299e-12,3.2995436864299e-12,-26.437236933857,1,115
1.15,155,-5.3692719398472,nan,nan,nan,0.69708031869589,1.4345549188232,nan,nan,20,2,2,18,7.9519475821735e-13,7.9519475821735e-13,-27.860189331369,1,115
1.15,155,-5.3692719398472,nan,nan,nan,0.69708031869589,1.4345549188232,nan,nan,20,2,2,19,1.9164650279582e-13,1.9164650279582e-13,-29.28312385112,1,115
1.15,155,-5.3692719398472,nan,nan,nan,0.69708031869589,1.4345549188232,nan,nan,20,2,2,20,4.6188393526247e-14,4.6188393526247e-14,-30.70604785076,1,115
1.15,155,-5.3692719398472,nan,nan,nan,0.69708031869589,1.4345549188232,nan,nan,20,2,2,21,1.1131854076077e-14,1.1131854076077e-14,-32.128965659842,1,115
1.15,155,-5.3692719398472,nan,nan,nan,0.69708031869589,1.4345549188232,nan,nan,20,2,2,22,2.682895357001e-15,2.682895357001e-15,-33.551879826464,1,115
1.15,155,-5.3692719398472,nan,nan,nan,0.69708031869589,1.4345549188232,nan,nan,20,2,2,23,6.4660773257374e-16,6.4660773257374e-16,-34.974791849852,1,115
1.15,155,-5.3692719398472,nan,nan,nan,0.69708031869589,1.4345549188232,nan,nan,20,2,2,24,1.5583987865138e-16,1.5583987865138e-16,-36.397702612673,1,115
1.15,155,-5.3692719398472,nan,nan,nan,0.69708031869589,1.4345549188232,nan,nan,20,2,2,25,3.7559225749321e-17,3.7559225749321e-17,-37.820612633468,1,115
1.15,155,-5.3692719398472,nan,nan,nan,0.69708031869589,1.4345549188232,nan,nan,20,2,2,26,9.0522147956449e-18,9.0522147956449e-18,-39.243522217322,1,115
1.15,155,-5.3692719398472,nan,nan,nan,0.69708031869589,1.4345549188232,nan,nan,20,2,2,27,2.1816907059649e-18,2.1816907059649e-18,-40.666431544483,1,115
1.15,155,-5.3692719398472,nan,nan,nan,0.69708031869589,1.4345549188232,nan,nan,20,2,2,28,5.2581331331476e-19,5.2581331331476e-19,-42.089340720788,1,115
1.15,155,-5.3692719398472,nan,nan,nan,0.69708031869589,1.4345549188232,nan,nan,20,2,2,29,1.2672725077658e-19,1.2672725077658e-19,-43.512249807565,1,115
1.15,155,-5.3692719398472,nan,nan,nan,0.69708031869589,1.4345549188232,nan,nan,20,2,2,30,3.0542773492062e-20,3.0542773492062e-20,-44.935158842144,1,115
1.15,155,-5.3692719398472,nan,nan,nan,0.69708031869589,1.4345549188232,nan,nan,20,2,2,31,7.3611716113448e-21,7.3611716113448e-21,-46.358067846479,1,115
1.15,155,-5.3692719398472,nan,nan,nan,0.69708031869589,1.4345549188232,nan,nan,20,2,2,32,1.7741299261836e-21,1.7741299261836e-21,-47.780976832558,1,115
1.15,155,-5.3692719398472,nan,nan,nan,0.69708031869589,1.4345549188232,nan,nan,20,2,2,33,4.2758642165145e-22,4.2758642165145e-22,-49.203885808001,1,115
1.15,155,-5.3692719398472,nan,nan,nan,0.69708031869589,1.4345549188232,nan,nan,20,2,2,34,1.0305341589949e-22,1.0305341589949e-22,-50.626794777089,1,115
1.15,155,-5.3692719398472,nan,nan,nan,0.69708031869589,1.4345549188232,nan,nan,20,2,2,35,2.4837099660898e-23,2.4837099660898e-23,-52.049703742442,1,115
1.15,155,-5.3692719398472,nan,nan,nan,0.69708031869589,1.4345549188232,nan,nan,20,2,2,36,5.9860366154906e-24,5.9860366154906e-24,-53.472612705591,1,115
1.15,155,-5.3692719398472,nan,nan,nan,0.69708031869589,1.4345549188232,nan,nan,20,2,2,37,1.442706068946e-24,1.442706068946e-24,-54.895521667238,1,115
1.15,155,-5.3692719398472,nan,nan,nan,0.69708031869589,1.4345549188232,nan,nan,20,2,2,38,3.47709333617e-25,3.47709333617e-25,-56.318430628306,1,115
1.15,155,-5.3692719398472,nan,nan,nan,0.69708031869589,1.4345549188232,nan,nan,20,2,2,39,8.380208785524e-26,8.380208785524e-26,-57.741339588921,1,115
1.15,155,-5.3692719398472,nan,nan,nan,0.69708031869589,1.4345549188232,nan,nan,20,2,2,40,2.0197300605828e-26,2.0197300605828e-26,-59.164248548737,1,115
1.15,155,-5.3692719398472,nan,nan,nan,0.69708031869589,1.4345549188232,nan,nan,20,2,2,41,4.8677898368561e-27,4.8677898368561e-27,-60.587157509026,1,115
1.15,155,-5.3692719398472,nan,nan,nan,0.69708031869589,1.4345549188232,nan,nan,20,2,2,42,1.1731952874843e-27,1.1731952874843e-27,-62.010066469531,1,115
1.15,155,-5.3692719398472,nan,nan,nan,0.69708031869589,1.4345549188232,nan,nan,20,2,2,43,2.8275402795696e-28,2.8275402795696e-28,-63.432975429279,1,115
1.15,155,-5.3692719398472,nan,nan,nan,0.69708031869589,1.4345549188232,nan,nan,20,2,2,44,6.8147086163082e-29,6.8147086163082e-29,-64.855884388821,1,115
1.15,155,-5.3692719398472,nan,nan,nan,0.69708031869589,1.4345549188232,nan,nan,20,2,2,45,1.6424258832107e-29,1.6424258832107e-29,-66.278793350846,1,115
1.15,155,-5.3692719398472,nan,nan,nan,0.69708031869589,1.4345549188232,nan,nan,20,2,2,46,3.9584419114088e-30,3.9584419114088e-30,-67.701702298694,1,115
1.15,155,-5.3692719398472,nan,nan,nan,0.69708031869589,1.4345549188232,nan,nan,20,2,2,47,9.5403160625317e-31,9.5403160625317e-31,-69.12461126766,1,115
1.15,155,-5.3692719398472,nan,nan,nan,0.69708031869589,1.4345549188232,nan,nan,20,2,2,48,2.2993289277455e-31,2.2993289277455e-31,-70.547520572999,1,115
1.15,155,-5.3692719398472,nan,nan,nan,0.69708031869589,1.4345549188232,nan,nan,20,2,2,49,5.5416587962646e-32,5.5416587962646e-32,-71.97042909816,1,115
1.15,155,-5.3692719398472,nan,nan,nan,0.69708031869589,1.4345549188232,nan,nan,20,2,2,50,1.3356081531829e-32,1.3356081531829e-32,-73.393336242231,1,115
1.15,155,-5.3692719398472,nan,nan,nan,0.69708031869589,1.4345549188232,nan,nan,20,2,2,51,3.2189619745741e-33,3.2189619745741e-33,-74.816249129364,1,115
1.15,155,-5.3692719398472,nan,nan,nan,0.69708031869589,1.4345549188232,nan,nan,20,2,2,52,7.7581719480107e-34,7.7581719480107e-34,-76.239146429064,1,115
1.15,155,-5.3692719398472,nan,nan,nan,0.69708031869589,1.4345549188232,nan,nan,20,2,2,53,1.8697634674924e-34,1.8697634674924e-34,-77.662081226903,1,115
1.15,155,-5.3692719398472,nan,nan,nan,0.69708031869589,1.4345549188232,nan,nan,20,2,2,54,4.5095273436616e-35,4.5095273436616e-35,-79.084285908618,1,115
1.15,155,-5.3692719398472,nan,nan,nan,0.69708031869589,1.4345549188232,nan,nan,20,2,2,55,1.0825141698839e-35,1.0825141698839e-35,-80.511191984021,1,115
1.15,155,-5.3692719398472,nan,nan,nan,0.69708031869589,1.4345549188232,nan,nan,20,2,2,56,2.6092946387411e-36,2.6092946387411e-36,-81.933983416332,1,115
1.15,155,-5.3692719398472,nan,nan,nan,0.69708031869589,1.4345549188232,nan,nan,20,2,2,57,6.4067807340732e-37,6.4067807340732e-37,-83.338291521578,1,115
1.15,155,-5.3692719398472,nan,nan,nan,0.69708031869589,1.4345549188232,nan,nan,20,2,2,58,1.7308728300198e-37,1.7308728300198e-37,-84.647022633477,1,115
1.15,155,-5.3692719398472,nan,nan,nan,0.69708031869589,1.4345549188232,nan,nan,20,2,2,59,2.8939170336225e-38,2.8939170336225e-38,-86.435622574385,1,115
1.15,155,-5.3692719398472,nan,nan,nan,0.69708031869589,1.4345549188232,nan,nan,20,2,2,60,-8.708202165086e-39,8.708202165086e-39,-87.636553267647,1,115
1.15,155,-5.3692719398472,nan,nan,nan,0.69708031869589,1.4345549188232,nan,nan,20,2,2,61,1.1845371865087e-38,1.1845371865087e-38,-87.328881395383,1,115
1.15,155,-5.3692719398472,nan,nan,nan,0.69708031869589,1.4345549188232,nan,nan,20,2,2,62,1.3585972092653e-38,1.3585972092653e-38,-87.191780830126,1,115
1.15,155,-5.3692719398472,nan,nan,nan,0.69708031869589,1.4345549188232,nan,nan,20,2,2,63,-4.2021748138401e-38,4.2021748138401e-38,-86.062631329684,1,115
1.15,155,-5.3692719398472,nan,nan,nan,0.69708031869589,1.4345549188232,nan,nan,20,2,2,64,3.4497623199693e-38,3.4497623199693e-38,-86.259928197866,1,115
1.15,155,-5.3692719398472,nan,nan,nan,0.69708031869589,1.4345549188232,nan,nan,20,2,2,65,-1.4063563766078e-38,1.4063563766078e-38,-87.157231304076,1,115
1.15,155,-5.3692719398472,nan,nan,nan,0.69708031869589,1.4345549188232,nan,nan,20,2,2,66,-4.1258927142324e-38,4.1258927142324e-38,-86.08095112183,1,115
1.15,155,-5.3692719398472,nan,nan,nan,0.69708031869589,1.4345549188232,nan,nan,20,2,2,67,1.7271617546267e-38,1.7271617546267e-38,-86.951754076791,1,115
1.15,155,-5.3692719398472,nan,nan,nan,0.69708031869589,1.4345549188232,nan,nan,20,2,2,68,-2.6484298307748e-38,2.6484298307748e-38,-86.524266586072,1,115
1.15,155,-5.3692719398472,nan,nan,nan,0.69708031869589,1.4345549188232,nan,nan,20,2,2,69,3.1792578953439e-38,3.1792578953439e-38,-86.34158573046,1,115
1.15,155,-5.3692719398472,nan,nan,nan,0.69708031869589,1.4345549188232,nan,nan,20,2,2,70,2.6939908048522e-39,2.6939908048522e-39,-88.809794961981,1,115
1.15,155,-5.3692719398472,nan,nan,nan,0.69708031869589,1.4345549188232,nan,nan,20,2,2,71,-8.3996339442006e-38,8.3996339442006e-38,-85.370045406945,1,115
1.15,155,-5.3692719398472,nan,nan,nan,0.69708031869589,1.4345549188232,nan,nan,20,2,2,72,-5.1702727879919e-38,5.1702727879919e-38,-85.855308083011,1,115
1.15,155,-5.3692719398472,nan,nan,nan,0.69708031869589,1.4345549188232,nan,nan,20,2,2,73,5.9568558954263e-38,5.9568558954263e-38,-85.713690726216,1,115
1.15,155,-5.3692719398472,nan,nan,nan,0.69708031869589,1.4345549188232,nan,nan,20,2,2,74,-4.663595540582e-42,4.663595540582e-42,-95.168787179891,1,115
1.15,155,-5.3692719398472,nan,nan,nan,0.69708031869589,1.4345549188232,nan,nan,20,2,2,75,5.7229567954108e-38,5.7229567954108e-38,-85.753747939666,1,115
1.15,155,-5.3692719398472,nan,nan,nan,0.69708031869589,1.4345549188232,nan,nan,20,2,2,76,-2.4968278528202e-38,2.4968278528202e-38,-86.583212466455,1,115
1.15,155,-5.3692719398472,nan,nan,nan,0.69708031869589,1.4345549188232,nan,nan,20,2,2,77,-2.15719295279e-38,2.15719295279e-38,-86.72942571613,1,115
1.15,155,-5.3692719398472,nan,nan,nan,0.69708031869589,1.4345549188232,nan,nan,20,2,2,78,2.8302053190239e-38,2.8302053190239e-38,-86.457884273858,1,115
1.15,155,-5.3692719398472,nan,nan,nan,0.69708031869589,1.4345549188232,nan,nan,20,2,2,79,4.6522123072606e-39,4.6522123072606e-39,-88.263475755307,1,115
1.15,155,-5.3692719398472,nan,nan,nan,0.69708031869589,1.4345549188232,nan,nan,20,2,2,80,2.1349784617374e-38,2.1349784617374e-38,-86.739776975323,1,115
1.15,155,-5.3692719398472,nan,nan,nan,0.69708031869589,1.4345549188232,nan,nan,20,2,2,81,-5.3454105618992e-39,5.3454105618992e-39,-88.124580272912,1,115
1.15,155,-5.3692719398472,nan,nan,nan,0.69708031869589,1.4345549188232,nan,nan,20,2,2,82,1.6352290082546e-38,1.6352290082546e-38,-87.006450673022,1,115
1.15,155,-5.3692719398472,nan,nan,nan,0.69708031869589,1.4345549188232,nan,nan,20,2,2,83,5.4950780646685e-39,5.4950780646685e-39,-88.096965832522,1,115
1.15,155,-5.3692719398472,nan,nan,nan,0.69708031869589,1.4345549188232,nan,nan,20,2,2,84,-1.7794534346e-38,1.7794534346e-38,-86.921927275836,1,115
1.15,155,-5.3692719398472,nan,nan,nan,0.69708031869589,1.4345549188232,nan,nan,20,2,2,85,6.0027908323404e-39,6.0027908323404e-39,-88.00859412696,1,115
1.15,155,-5.3692719398472,nan,nan,nan,0.69708031869589,1.4345549188232,nan,nan,20,2,2,86,1.173375890937e-38,1.173375890937e-38,-87.338348562805,1,115
1.15,155,-5.3692719398472,nan,nan,nan,0.69708031869589,1.4345549188232,nan,nan,20,2,2,87,-3.449342571167e-39,3.449342571167e-39,-88.562634972965,1,115
1.15,155,-5.3692719398472,nan,nan,nan,0.69708031869589,1.4345549188232,nan,nan,20,2,2,88,1.5200289806664e-38,1.5200289806664e-38,-87.079504132869,1,115
1.15,155,-5.3692719398472,nan,nan,nan,0.69708031869589,1.4345549188232,nan,nan,20,2,2,89,-3.1395770520185e-38,3.1395770520185e-38,-86.354145439735,1,115
1.15,155,-5.3692719398472,nan,nan,nan,0.69708031869589,1.4345549188232,nan,nan,20,2,2,90,-5.6670974038629e-39,5.6670974038629e-39,-88.066141561822,1,115
1.15,155,-5.3692719398472,nan,nan,nan,0.69708031869589,1.4345549188232,nan,nan,20,2,2,91,1.1083657343323e-38,1.1083657343323e-38,-87.395346914777,1,115
1.15,155,-5.3692719398472,nan,nan,nan,0.69708031869589,1.4345549188232,nan,nan,20,2,2,92,2.0688203097948e-38,2.0688203097948e-38,-86.7712549876,1,115
1.15,155,-5.3692719398472,nan,nan,nan,0.69708031869589,1.4345549188232,nan,nan,20,2,2,93,-2.5960889538516e-38,2.5960889538516e-38,-86.544227469783,1,115
1.15,155,-5.3692719398472,nan,nan,nan,0.69708031869589,1.4345549188232,nan,nan,20,2,2,94,9.2985954868534e-38,9.2985954868534e-38,-85.268370167939,1,115
1.15,155,-5.3692719398472,nan,nan,nan,0.69708031869589,1.4345549188232,nan,nan,20,2,2,95,4.4525350187034e-39,4.4525350187034e-39,-88.307345025664,1,115
1.15,155,-5.3692719398472,nan,nan,nan,0.69708031869589,1.4345549188232,nan,nan,20,2,2,96,1.2818353811015e-38,1.2818353811015e-38,-87.249940591397,1,115
1.15,155,-5.3692719398472,nan,nan,nan,0.69708031869589,1.4345549188232,nan,nan,20,2,2,97,-3.4695531090342e-38,3.4695531090342e-38,-86.254207735131,1,115
1.15,155,-5.3692719398472,nan,nan,nan,0.69708031869589,1.4345549188232,nan,nan,20,2,2,98,-2.3137539148637e-38,2.3137539148637e-38,-86.65936225687,1,115
1.15,155,-5.3692719398472,nan,nan,nan,0.69708031869589,1.4345549188232,nan,nan,20,2,2,99,2.4485425771928e-38,2.4485425771928e-38,-86.602740552672,1,115
1.15,155,-5.3692719398472,nan,nan,nan,0.69708031869589,1.4345549188232,nan,nan,20,2,2,100,1.3111787220515e-38,1.3111787220515e-38,-87.227307013302,1,115
1.15,155,-5.3692719398472,nan,nan,nan,0.69708031869589,1.4345549188232,nan,nan,20,2,2,101,-4.1729418878663e-38,4.1729418878663e-38,-86.069612258006,1,115
1.15,155,-5.3692719398472,nan,nan,nan,0.69708031869589,1.4345549188232,nan,nan,20,2,2,102,3.4993224988815e-38,3.4993224988815e-38,-86.245664155764,1,115
1.15,155,-5.3692719398472,nan,nan,nan,0.69708031869589,1.4345549188232,nan,nan,20,2,2,103,-3.0725492460933e-38,3.0725492460933e-38,-86.375725943424,1,115
1.15,155,-5.3692719398472,nan,nan,nan,0.69708031869589,1.4345549188232,nan,nan,20,2,2,104,1.3999478861004e-38,1.3999478861004e-38,-87.161798522059,1,115
1.15,155,-5.3692719398472,nan,nan,nan,0.69708031869589,1.4345549188232,nan,nan,20,2,2,105,-3.1333779254409e-39,3.1333779254409e-39,-88.658706994738,1,115
1.15,155,-5.3692719398472,nan,nan,nan,0.69708031869589,1.4345549188232,nan,nan,20,2,2,106,3.7248863185329e-39,3.7248863185329e-39,-88.485782293917,1,115
1.15,155,-5.3692719398472,nan,nan,nan,0.69708031869589,1.4345549188232,nan,nan,20,2,2,107,-2.3042092049348e-38,2.3042092049348e-38,-86.663495994309,1,115
1.15,155,-5.3692719398472,nan,nan,nan,0.69708031869589,1.4345549188232,nan,nan,20,2,2,108,-4.9529066401877e-40,4.9529066401877e-40,-90.503429115478,1,115
1.15,155,-5.3692719398472,nan,nan,nan,0.69708031869589,1.4345549188232,nan,nan,20,2,2,109,4.9252799619508e-38,4.9252799619508e-38,-85.903852415699,1,115
1.15,155,-5.3692719398472,nan,nan,nan,0.69708031869589,1.4345549188232,nan,nan,20,2,2,110,-3.8617991286977e-38,3.8617991286977e-38,-86.147100363368,1,115
1.15,155,-5.3692719398472,nan,nan,nan,0.69708031869589,1.4345549188232,nan,nan,20,2,2,111,2.7779347893288e-38,2.7779347893288e-38,-86.476525763681,1,115
1.15,155,-5.3692719398472,nan,nan,nan,0.69708031869589,1.4345549188232,nan,nan,20,2,2,112,-1.7164198492772e-38,1.7164198492772e-38,-86.957992895223,1,115
1.15,155,-5.3692719398472,nan,nan,nan,0.69708031869589,1.4345549188232,nan,nan,20,2,2,113,7.0692655770689e-40,7.0692655770689e-40,-90.147647124023,1,115
1.15,155,-5.3692719398472,nan,nan,nan,0.69708031869589,1.4345549188232,nan,nan,20,2,2,114,-2.5043326306177e-38,2.5043326306177e-38,-86.580211249655,1,115
1.15,155,-5.3692719398472,nan,nan,nan,0.69708031869589,1.4345549188232,nan,nan,20,2,2,115,3.7321491084571e-38,3.7321491084571e-38,-86.181249297552,1,115
1.2,155,-4.2597677626275,nan,nan,nan,0.60855365833022,1.6432404707645,nan,nan,20,2,2,1,0.033122207457645,0.033122207457645,-3.4075513013949,1,115
1.2,155,-4.2597677626275,nan,nan,nan,0.60855365833022,1.6432404707645,nan,nan,20,2,2,2,0.0059183474399448,0.0059183474399448,-5.1296980177134,1,115
1.2,155,-4.2597677626275,nan,nan,nan,0.60855365833022,1.6432404707645,nan,nan,20,2,2,3,0.0011077569676638,0.0011077569676638,-6.8054180579801,1,115
1.2,155,-4.2597677626275,nan,nan,nan,0.60855365833022,1.6432404707645,nan,nan,20,2,2,4,0.00021242932186721,0.00021242932186721,-8.4569012279023,1,115
1.2,155,-4.2597677626275,nan,nan,nan,0.60855365833022,1.6432404707645,nan,nan,20,2,2,5,4.1066111531129e-05,4.1066111531129e-05,-10.100327313535,1,115
1.2,155,-4.2597677626275,nan,nan,nan,0.60855365833022,1.6432404707645,nan,nan,20,2,2,6,7.9589744841484e-06,7.9589744841484e-06,-11.741210400057,1,115
1.2,155,-4.2597677626275,nan,nan,nan,0.60855365833022,1.6432404707645,nan,nan,20,2,2,7,1.5437452321388e-06,1.5437452321388e-06,-13.381299125068,1,115
1.2,155,-4.2597677626275,nan,nan,nan,0.60855365833022,1.6432404707645,nan,nan,20,2,2,8,2.9950331201013e-07,2.9950331201013e-07,-15.021140360988,1,115
1.2,155,-4.2597677626275,nan,nan,nan,0.60855365833022,1.6432404707645,nan,nan,20,2,2,9,5.8111366989114e-08,5.8111366989114e-08,-16.660904546973,1,115
1.2,155,-4.2597677626275,nan,nan,nan,0.60855365833022,1.6432404707645,nan,nan,20,2,2,10,1.1275374347258e-08,1.1275374347258e-08,-18.300644750578,1,115
1.2,155,-4.2597677626275,nan,nan,nan,0.60855365833022,1.6432404707645,nan,nan,20,2,2,11,2.1877822225339e-09,2.1877822225339e-09,-19.940377490003,1,115
1.2,155,-4.2597677626275,nan,nan,nan,0.60855365833022,1.6432404707645,nan,nan,20,2,2,12,4.2450051102453e-10,4.2450051102453e-10,-21.580107906351,1,115
1.2,155,-4.2597677626275,nan,nan,nan,0.60855365833022,1.6432404707645,nan,nan,20,2,2,13,8.2366888390344e-11,8.2366888390344e-11,-23.219837599695,1,115
1.2,155,-4.2597677626275,nan,nan,nan,0.60855365833022,1.6432404707645,nan,nan,20,2,2,14,1.5981855506691e-11,1.5981855506691e-11,-24.85956706802,1,115
1.2,155,-4.2597677626275,nan,nan,nan,0.60855365833022,1.6432404707645,nan,nan,20,2,2,15,3.1010000294505e-12,3.1010000294505e-12,-26.499296466313,1,115
1.2,155,-4.2597677626275,nan,nan,nan,0.60855365833022,1.6432404707645,nan,nan,20,2,2,16,6.0169492761473e-13,6.0169492761473e-13,-28.13902584281,1,115
1.2,155,-4.2597677626275,nan,nan,nan,0.60855365833022,1.6432404707645,nan,nan,20,2,2,17,1.167483988825e-13,1.167483988825e-13,-29.778755212524,1,115
1.2,155,-4.2597677626275,nan,nan,nan,0.60855365833022,1.6432404707645,nan,nan,20,2,2,18,2.2652989155906e-14,2.2652989155906e-14,-31.418484580126,1,115
1.2,155,-4.2597677626275,nan,nan,nan,0.60855365833022,1.6432404707645,nan,nan,20,2,2,19,4.395417178706e-15,4.395417178706e-15,-33.058213947071,1,115
1.2,155,-4.2597677626275,nan,nan,nan,0.60855365833022,1.6432404707645,nan,nan,20,2,2,20,8.5285398963692e-16,8.5285398963692e-16,-34.697943313811,1,115
1.2,155,-4.2597677626275,nan,nan,nan,0.60855365833022,1.6432404707645,nan,nan,20,2,2,21,1.6548143170772e-16,1.6548143170772e-16,-36.33767268049,1,115
1.2,155,-4.2597677626275,nan,nan,nan,0.60855365833022,1.6432404707645,nan,nan,20,2,2,22,3.2108783652712e-17,3.2108783652712e-17,-37.977402047147,1,115
1.2,155,-4.2597677626275,nan,nan,nan,0.60855365833022,1.6432404707645,nan,nan,20,2,2,23,6.2301490688305e-18,6.2301490688305e-18,-39.617131413799,1,115
1.2,155,-4.2597677626275,nan,nan,nan,0.60855365833022,1.6432404707645,nan,nan,20,2,2,24,1.208851691169e-18,1.208851691169e-18,-41.256860780447,1,115
1.2,155,-4.2597677626275,nan,nan,nan,0.60855365833022,1.6432404707645,nan,nan,20,2,2,25,2.3455657241892e-19,2.3455657241892e-19,-42.896590147095,1,115
1.2,155,-4.2597677626275,nan,nan,nan,0.60855365833022,1.6432404707645,nan,nan,20,2,2,26,4.5511609130196e-20,4.5511609130196e-20,-44.536319513744,1,115
1.2,155,-4.2597677626275,nan,nan,nan,0.60855365833022,1.6432404707645,nan,nan,20,2,2,27,8.8307334314189e-21,8.8307334314189e-21,-46.176048880393,1,115
1.2,155,-4.2597677626275,nan,nan,nan,0.60855365833022,1.6432404707645,nan,nan,20,2,2,28,1.7134496983785e-21,1.7134496983785e-21,-47.815778247041,1,115
1.2,155,-4.2597677626275,nan,nan,nan,0.60855365833022,1.6432404707645,nan,nan,20,2,2,29,3.3246500889999e-22,3.3246500889999e-22,-49.45550761369,1,115
1.2,155,-4.2597677626275,nan,nan,nan,0.60855365833022,1.6432404707645,nan,nan,20,2,2,30,6.4509032420161e-23,6.4509032420161e-23,-51.095236980338,1,115
1.2,155,-4.2597677626275,nan,nan,nan,0.60855365833022,1.6432404707645,nan,nan,20,2,2,31,1.2516851856255e-23,1.2516851856255e-23,-52.734966346985,1,115
1.2,155,-4.2597677626275,nan,nan,nan,0.60855365833022,1.6432404707645,nan,nan,20,2,2,32,2.4286766443898e-24,2.4286766443898e-24,-54.374695713634,1,115
1.2,155,-4.2597677626275,nan,nan,nan,0.60855365833022,1.6432404707645,nan,nan,20,2,2,33,4.7124231482124e-25,4.7124231482124e-25,-56.014425080282,1,115
1.2,155,-4.2597677626275,nan,nan,nan,0.60855365833022,1.6432404707645,nan,nan,20,2,2,34,9.1436346535016e-26,9.1436346535016e-26,-57.65415444693,1,115
1.2,155,-4.2597677626275,nan,nan,nan,0.60855365833022,1.6432404707645,nan,nan,20,2,2,35,1.7741627194164e-26,1.7741627194164e-26,-59.293883813578,1,115
1.2,155,-4.2597677626275,nan,nan,nan,0.60855365833022,1.6432404707645,nan,nan,20,2,2,36,3.4424531099889e-27,3.4424531099889e-27,-60.93361318023,1,115
1.2,155,-4.2597677626275,nan,nan,nan,0.60855365833022,1.6432404707645,nan,nan,20,2,2,37,6.6794794440367e-28,6.6794794440367e-28,-62.573342546861,1,115
1.2,155,-4.2597677626275,nan,nan,nan,0.60855365833022,1.6432404707645,nan,nan,20,2,2,38,1.2960364082349e-28,1.2960364082349e-28,-64.213071913524,1,115
1.2,155,-4.2597677626275,nan,nan,nan,0.60855365833022,1.6432404707645,nan,nan,20,2,2,39,2.5147324509378e-29,2.5147324509378e-29,-65.852801280271,1,115
1.2,155,-4.2597677626275,nan,nan,nan,0.60855365833022,1.6432404707645,nan,nan,20,2,2,40,4.8793994196071e-30,4.8793994196071e-30,-67.492530647283,1,115
1.2,155,-4.2597677626275,nan,nan,nan,0.60855365833022,1.6432404707645,nan,nan,20,2,2,41,9.4676229672918e-31,9.4676229672918e-31,-69.132260013747,1,115
1.2,155,-4.2597677626275,nan,nan,nan,0.60855365833022,1.6432404707645,nan,nan,20,2,2,42,1.8370269533463e-31,1.8370269533463e-31,-70.77198940421,1,115
1.2,155,-4.2597677626275,nan,nan,nan,0.60855365833022,1.6432404707645,nan,nan,20,2,2,43,3.5644292656315e-32,3.5644292656315e-32,-72.411719028552,1,115
1.2,155,-4.2597677626275,nan,nan,nan,0.60855365833022,1.6432404707645,nan,nan,20,2,2,44,6.9161701537558e-33,6.9161701537558e-33,-74.051445898371,1,115
1.2,155,-4.2597677626275,nan,nan,nan,0.60855365833022,1.6432404707645,nan,nan,20,2,2,45,1.3419581833477e-33,1.3419581833477e-33,-75.691178190689,1,115
1.2,155,-4.2597677626275,nan,nan,nan,0.60855365833022,1.6432404707645,nan,nan,20,2,2,46,2.6038620081507e-34,2.6038620081507e-34,-77.330897431117,1,115
1.2,155,-4.2597677626275,nan,nan,nan,0.60855365833022,1.6432404707645,nan,nan,20,2,2,47,5.0536838654036e-35,5.0536838654036e-35,-78.970360799147,1,115
1.2,155,-4.2597677626275,nan,nan,nan,0.60855365833022,1.6432404707645,nan,nan,20,2,2,48,9.7942726597426e-36,9.7942726597426e-36,-80.611265555426,1,115
1.2,155,-4.2597677626275,nan,nan,nan,0.60855365833022,1.6432404707645,nan,nan,20,2,2,49,1.8974844838717e-36,1.8974844838717e-36,-82.252534294674,1,115
1.2,155,-4.2597677626275,nan,nan,nan,0.60855365833022,1.6432404707645,nan,nan,20,2,2,50,3.6167724757473e-37,3.6167724757473e-37,-83.910066393922,1,115
1.2,155,-4.2597677626275,nan,nan,nan,0.60855365833022,1.6432404707645,nan,nan,20,2,2,51,7.0378318670008e-38,7.0378318670008e-38,-85.546933384475,1,115
1.2,155,-4.2597677626275,nan,nan,nan,0.60855365833022,1.6432404707645,nan,nan,20,2,2,52,1.6480638630963e-38,1.6480638630963e-38,-86.998632351158,1,115
1.2,155,-4.2597677626275,nan,nan,nan,0.60855365833022,1.6432404707645,nan,nan,20,2,2,53,1.9445649310819e-38,1.9445649310819e-38,-86.833195267544,1,115
1.2,155,-4.2597677626275,nan,nan,nan,0.60855365833022,1.6432404707645,nan,nan,20,2,2,54,-2.9962421344589e-39,2.9962421344589e-39,-88.703459745133,1,115
1.2,155,-4.2597677626275,nan,nan,nan,0.60855365833022,1.6432404707645,nan,nan,20,2,2,55,7.7282430330634e-40,7.7282430330634e-40,-90.058522174968,1,115
1.2,155,-4.2597677626275,nan,nan,nan,0.60855365833022,1.6432404707645,nan,nan,20,2,2,56,2.4179551241442e-39,2.4179551241442e-39,-88.917896433828,1,115
1.2,155,-4.2597677626275,nan,nan,nan,0.60855365833022,1.6432404707645,nan,nan,20,2,2,57,-7.416145503689e-41,7.416145503689e-41,-92.402329364446,1,115
1.2,155,-4.2597677626275,nan,nan,nan,0.60855365833022,1.6432404707645,nan,nan,20,2,2,58,-8.5714328047015e-39,8.5714328047015e-39,-87.652383719719,1,115
1.2,155,-4.2597677626275,nan,nan,nan,0.60855365833022,1.6432404707645,nan,nan,20,2,2,59,-3.6466916874033e-39,3.6466916874033e-39,-88.506998257203,1,115
1.2,155,-4.2597677626275,nan,nan,nan,0.60855365833022,1.6432404707645,nan,nan,20,2,2,60,-1.8531920766285e-39,1.8531920766285e-39,-89.183909027725,1,115
1.2,155,-4.2597677626275,nan,nan,nan,0.60855365833022,1.6432404707645,nan,nan,20,2,2,61,1.6173845067472e-40,1.6173845067472e-40,-91.622593377238,1,115
1.2,155,-4.2597677626275,nan,nan,nan,0.60855365833022,1.6432404707645,nan,nan,20,2,2,62,-2.9235632217304e-39,2.9235632217304e-39,-88.728015473011,1,115
1.2,155,-4.2597677626275,nan,nan,nan,0.60855365833022,1.6432404707645,nan,nan,20,2,2,63,-5.6052417817947e-40,5.6052417817947e-40,-90.379701527363,1,115
1.2,155,-4.2597677626275,nan,nan,nan,0.60855365833022,1.6432404707645,nan,nan,20,2,2,64,-1.0967717810175e-40,1.0967717810175e-40,-92.011032599294,1,115
1.2,155,-4.2597677626275,nan,nan,nan,0.60855365833022,1.6432404707645,nan,nan,20,2,2,65,-3.4044480584487e-39,3.4044480584487e-39,-88.575735797677,1,115
1.2,155,-4.2597677626275,nan,nan,nan,0.60855365833022,1.6432404707645,nan,nan,20,2,2,66,-5.439712471612e-40,5.439712471612e-40,-90.409677514774,1,115
1.2,155,-4.2597677626275,nan,nan,nan,0.60855365833022,1.6432404707645,nan,nan,20,2,2,67,-6.2080189631992e-41,6.2080189631992e-41,-92.580146975241,1,115
1.2,155,-4.2597677626275,nan,nan,nan,0.60855365833022,1.6432404707645,nan,nan,20,2,2,68,2.5801605048299e-39,2.5801605048299e-39,-88.852967018595,1,115
1.2,155,-4.2597677626275,nan,nan,nan,0.60855365833022,1.6432404707645,nan,nan,20,2,2,69,2.3892127320424e-39,2.3892127320424e-39,-88.929854715908,1,115
1.2,155,-4.2597677626275,nan,nan,nan,0.60855365833022,1.6432404707645,nan,nan,20,2,2,70,-6.8205880344406e-39,6.8205880344406e-39,-87.880872936571,1,115
1.2,155,-4.2597677626275,nan,nan,nan,0.60855365833022,1.6432404707645,nan,nan,20,2,2,71,7.7036431415585e-39,7.7036431415585e-39,-87.759125274534,1,115
1.2,155,-4.2597677626275,nan,nan,nan,0.60855365833022,1.6432404707645,nan,nan,20,2,2,72,1.0914266295563e-40,1.0914266295563e-40,-92.015918044843,1,115
1.2,155,-4.2597677626275,nan,nan,nan,0.60855365833022,1.6432404707645,nan,nan,20,2,2,73,-2.2763869229918e-39,2.2763869229918e-39,-88.978229123638,1,115
1.2,155,-4.2597677626275,nan,nan,nan,0.60855365833022,1.6432404707645,nan,nan,20,2,2,74,-1.3744851134826e-38,1.3744851134826e-38,-87.180154335706,1,115
1.2,155,-4.2597677626275,nan,nan,nan,0.60855365833022,1.6432404707645,nan,nan,20,2,2,75,4.8241879616443e-39,4.8241879616443e-39,-88.227176204245,1,115
1.2,155,-4.2597677626275,nan,nan,nan,0.60855365833022,1.6432404707645,nan,nan,20,2,2,76,-1.554014478293e-39,1.554014478293e-39,-89.359977058075,1,115
1.2,155,-4.2597677626275,nan,nan,nan,0.60855365833022,1.6432404707645,nan,nan,20,2,2,77,9.3978503290119e-39,9.3978503290119e-39,-87.560337652048,1,115
1.2,155,-4.2597677626275,nan,nan,nan,0.60855365833022,1.6432404707645,nan,nan,20,2,2,78,-4.5862118650903e-39,4.5862118650903e-39,-88.277764245168,1,115
1.2,155,-4.2597677626275,nan,nan,nan,0.60855365833022,1.6432404707645,nan,nan,20,2,2,79,-9.1136191761571e-39,9.1136191761571e-39,-87.591048719289,1,115
1.2,155,-4.2597677626275,nan,nan,nan,0.60855365833022,1.6432404707645,nan,nan,20,2,2,80,-1.0031627964862e-38,1.0031627964862e-38,-87.495075728407,1,115
1.2,155,-4.2597677626275,nan,nan,nan,0.60855365833022,1.6432404707645,nan,nan,20,2,2,81,-3.2240853874143e-39,3.2240853874143e-39,-88.630169317544,1,115
1.2,155,-4.2597677626275,nan,nan,nan,0.60855365833022,1.6432404707645,nan,nan,20,2,2,82,-6.5210349283334e-39,6.5210349283334e-39,-87.925785532086,1,115
1.2,155,-4.2597677626275,nan,nan,nan,0.60855365833022,1.6432404707645,nan,nan,20,2,2,83,1.3059833023235e-38,1.3059833023235e-38,-87.231277288358,1,115
1.2,155,-4.2597677626275,nan,nan,nan,0.60855365833022,1.6432404707645,nan,nan,20,2,2,84,-4.460855173652e-39,4.460855173652e-39,-88.305478136145,1,115
1.2,155,-4.2597677626275,nan,nan,nan,0.60855365833022,1.6432404707645,nan,nan,20,2,2,85,1.8936646474163e-38,1.8936646474163e-38,-86.859719615185,1,115
1.2,155,-4.2597677626275,nan,nan,nan,0.60855365833022,1.6432404707645,nan,nan,20,2,2,86,-2.9889687472709e-39,2.9889687472709e-39,-88.705890199435,1,115
1.2,155,-4.2597677626275,nan,nan,nan,0.60855365833022,1.6432404707645,nan,nan,20,2,2,87,6.0294576900464e-39,6.0294576900464e-39,-88.004161555389,1,115
1.2,155,-4.2597677626275,nan,nan,nan,0.60855365833022,1.6432404707645,nan,nan,20,2,2,88,-9.5319873014964e-40,9.5319873014964e-40,-89.848750492723,1,115
1.2,155,-4.2597677626275,nan,nan,nan,0.60855365833022,1.6432404707645,nan,nan,20,2,2,89,-3.1491482963718e-39,3.1491482963718e-39,-88.653686592594,1,115
1.2,155,-4.2597677626275,nan,nan,nan,0.60855365833022,1.6432404707645,nan,nan,20,2,2,90,-1.7650852884878e-38,1.7650852884878e-38,-86.930034522467,1,115
1.2,155,-4.2597677626275,nan,nan,nan,0.60855365833022,1.6432404707645,nan,nan,20,2,2,91,1.2196207772987e-39,1.2196207772987e-39,-89.602278654623,1,115
1.2,155,-4.2597677626275,nan,nan,nan,0.60855365833022,1.6432404707645,nan,nan,20,2,2,92,-3.3766440156584e-41,3.3766440156584e-41,-93.189106491283,1,115
1.2,155,-4.2597677626275,nan,nan,nan,0.60855365833022,1.6432404707645,nan,nan,20,2,2,93,2.5786414971307e-39,2.5786414971307e-39,-88.853555918011,1,115
1.2,155,-4.2597677626275,nan,nan,nan,0.60855365833022,1.6432404707645,nan,nan,20,2,2,94,4.3668192736865e-39,4.3668192736865e-39,-88.326783737667,1,115
1.2,155,-4.2597677626275,nan,nan,nan,0.60855365833022,1.6432404707645,nan,nan,20,2,2,95,-2.0165789751309e-39,2.0165789751309e-39,-89.099416127745,1,115
1.2,155,-4.2597677626275,nan,nan,nan,0.60855365833022,1.6432404707645,nan,nan,20,2,2,96,7.8236643320482e-40,7.8236643320482e-40,-90.046250690295,1,115
1.2,155,-4.2597677626275,nan,nan,nan,0.60855365833022,1.6432404707645,nan,nan,20,2,2,97,1.5943989082997e-38,1.5943989082997e-38,-87.031736728567,1,115
1.2,155,-4.2597677626275,nan,nan,nan,0.60855365833022,1.6432404707645,nan,nan,20,2,2,98,-2.7010353422056e-39,2.7010353422056e-39,-88.807183467183,1,115
1.2,155,-4.2597677626275,nan,nan,nan,0.60855365833022,1.6432404707645,nan,nan,20,2,2,99,-1.5451692492404e-38,1.5451692492404e-38,-87.06310008299,1,115
1.2,155,-4.2597677626275,nan,nan,nan,0.60855365833022,1.6432404707645,nan,nan,20,2,2,100,5.4586944737737e-39,5.4586944737737e-39,-88.103608972969,1,115
1.2,155,-4.2597677626275,nan,nan,nan,0.60855365833022,1.6432404707645,nan,nan,20,2,2,101,1.8439816529915e-39,1.8439816529915e-39,-89.188891451254,1,115
1.2,155,-4.2597677626275,nan,nan,nan,0.60855365833022,1.6432404707645,nan,nan,20,2,2,102,4.724760999001e-39,4.724760999001e-39,-88.248001649323,1,115
1.2,155,-4.2597677626275,nan,nan,nan,0.60855365833022,1.6432404707645,nan,nan,20,2,2,103,-1.5269913861738e-38,1.5269913861738e-38,-87.074934148566,1,115
1.2,155,-4.2597677626275,nan,nan,nan,0.60855365833022,1.6432404707645,nan,nan,20,2,2,104,-9.3952833948685e-39,9.3952833948685e-39,-87.560610829922,1,115
1.2,155,-4.2597677626275,nan,nan,nan,0.60855365833022,1.6432404707645,nan,nan,20,2,2,105,3.0679961408218e-39,3.0679961408218e-39,-88.679794001144,1,115
1.2,155,-4.2597677626275,nan,nan,nan,0.60855365833022,1.6432404707645,nan,nan,20,2,2,106,2.9916298681272e-39,2.9916298681272e-39,-88.705000281485,1,115
1.2,155,-4.2597677626275,nan,nan,nan,0.60855365833022,1.6432404707645,nan,nan,20,2,2,107,-1.0676083891026e-38,1.0676083891026e-38,-87.432812537348,1,115
1.2,155,-4.2597677626275,nan,nan,nan,0.60855365833022,1.6432404707645,nan,nan,20,2,2,108,-7.1109570017551e-39,7.1109570017551e-39,-87.839181792607,1,115
1.2,155,-4.2597677626275,nan,nan,nan,0.60855365833022,1.6432404707645,nan,nan,20,2,2,109,7.1358209835591e-40,7.1358209835591e-40,-90.138276411183,1,115
1.2,155,-4.2597677626275,nan,nan,nan,0.60855365833022,1.6432404707645,nan,nan,20,2,2,110,1.518757201419e-39,1.518757201419e-39,-89.382926256997,1,115
1.2,155,-4.2597677626275,nan,nan,nan,0.60855365833022,1.6432404707645,nan,nan,20,2,2,111,7.3987988912726e-39,7.3987988912726e-39,-87.799500951722,1,115
1.2,155,-4.2597677626275,nan,nan,nan,0.60855365833022,1.6432404707645,nan,nan,20,2,2,112,-1.4978980729877e-38,1.4978980729877e-38,-87.094170693058,1,115
1.2,155,-4.2597677626275,nan,nan,nan,0.60855365833022,1.6432404707645,nan,nan,20,2,2,113,1.7612945451573e-39,1.7612945451573e-39,-89.234769551071,1,115
1.2,155,-4.2597677626275,nan,nan,nan,0.60855365833022,1.6432404707645,nan,nan,20,2,2,114,-3.8562713154524e-39,3.8562713154524e-39,-88.451117890604,1,115
1.2,155,-4.2597677626275,nan,nan,nan,0.60855365833022,1.6432404707645,nan,nan,20,2,2,115,-1.9425992896698e-39,1.9425992896698e-39,-89.136791710441,1,115
1.25,155,-3.3997920323084,nan,nan,nan,0.5575634559944,1.7935178305697,nan,nan,20,2,2,1,0.028981037899878,0.028981037899878,-3.5411135283804,1,115
1.25,155,-3.3997920323084,nan,nan,nan,0.5575634559944,1.7935178305697,nan,nan,20,2,2,2,0.0044216459313062,0.0044216459313062,-5.4212432695613,1,115
1.25,155,-3.3997920323084,nan,nan,nan,0.5575634559944,1.7935178305697,nan,nan,20,2,2,3,0.00071128806702367,0.00071128806702367,-7.2484330526573,1,115
1.25,155,-3.3997920323084,nan,nan,nan,0.5575634559944,1.7935178305697,nan,nan,20,2,2,4,0.00011742079186256,0.00011742079186256,-9.0497465635036,1,115
1.25,155,-3.3997920323084,nan,nan,nan,0.5575634559944,1.7935178305697,nan,nan,20,2,2,5,1.9551108822553e-05,1.9551108822553e-05,-10.842478555875,1,115
1.25,155,-3.3997920323084,nan,nan,nan,0.5575634559944,1.7935178305697,nan,nan,20,2,2,6,3.2642154127201e-06,3.2642154127201e-06,-12.632491126496,1,115
1.25,155,-3.3997920323084,nan,nan,nan,0.5575634559944,1.7935178305697,nan,nan,20,2,2,7,5.4545243569191e-07,5.4545243569191e-07,-14.42165022944,1,115
1.25,155,-3.3997920323084,nan,nan,nan,0.5575634559944,1.7935178305697,nan,nan,20,2,2,8,9.1169795922977e-08,9.1169795922977e-08,-16.210542179775,1,115
1.25,155,-3.3997920323084,nan,nan,nan,0.5575634559944,1.7935178305697,nan,nan,20,2,2,9,1.5239873742896e-08,1.5239873742896e-08,-17.999350571309,1,115
1.25,155,-3.3997920323084,nan,nan,nan,0.5575634559944,1.7935178305697,nan,nan,20,2,2,10,2.5475522671107e-09,2.5475522671107e-09,-19.788132834021,1,115
1.25,155,-3.3997920323084,nan,nan,nan,0.5575634559944,1.7935178305697,nan,nan,20,2,2,11,4.2586150554134e-10,4.2586150554134e-10,-21.57690692688,1,115
1.25,155,-3.3997920323084,nan,nan,nan,0.5575634559944,1.7935178305697,nan,nan,20,2,2,12,7.118930885744e-11,7.118930885744e-11,-23.365678465282,1,115
1.25,155,-3.3997920323084,nan,nan,nan,0.5575634559944,1.7935178305697,nan,nan,20,2,2,13,1.1900398785397e-11,1.1900398785397e-11,-25.154449204995,1,115
1.25,155,-3.3997920323084,nan,nan,nan,0.5575634559944,1.7935178305697,nan,nan,20,2,2,14,1.9893370070621e-12,1.9893370070621e-12,-26.943219694983,1,115
1.25,155,-3.3997920323084,nan,nan,nan,0.5575634559944,1.7935178305697,nan,nan,20,2,2,15,3.3254869084994e-13,3.3254869084994e-13,-28.731990106889,1,115
1.25,155,-3.3997920323084,nan,nan,nan,0.5575634559944,1.7935178305697,nan,nan,20,2,2,16,5.5590698857455e-14,5.5590698857455e-14,-30.520760494385,1,115
1.25,155,-3.3997920323084,nan,nan,nan,0.5575634559944,1.7935178305697,nan,nan,20,2,2,17,9.2928521689673e-15,9.2928521689673e-15,-32.309530874246,1,115
1.25,155,-3.3997920323084,nan,nan,nan,0.5575634559944,1.7935178305697,nan,nan,20,2,2,18,1.5534451520723e-15,1.5534451520723e-15,-34.09830125172,1,115
1.25,155,-3.3997920323084,nan,nan,nan,0.5575634559944,1.7935178305697,nan,nan,20,2,2,19,2.5968258166759e-16,2.5968258166759e-16,-35.887071628449,1,115
1.25,155,-3.3997920323084,nan,nan,nan,0.5575634559944,1.7935178305697,nan,nan,20,2,2,20,4.3409993038568e-17,4.3409993038568e-17,-37.675842004946,1,115
1.25,155,-3.3997920323084,nan,nan,nan,0.5575634559944,1.7935178305697,nan,nan,20,2,2,21,7.2566572761553e-18,7.2566572761553e-18,-39.464612381368,1,115
1.25,155,-3.3997920323084,nan,nan,nan,0.5575634559944,1.7935178305697,nan,nan,20,2,2,22,1.2130634247743e-18,1.2130634247743e-18,-41.253382757768,1,115
1.25,155,-3.3997920323084,nan,nan,nan,0.5575634559944,1.7935178305697,nan,nan,20,2,2,23,2.0278246808891e-19,2.0278246808891e-19,-43.042153134161,1,115
1.25,155,-3.3997920323084,nan,nan,nan,0.5575634559944,1.7935178305697,nan,nan,20,2,2,24,3.3898251752198e-20,3.3898251752198e-20,-44.83092351055,1,115
1.25,155,-3.3997920323084,nan,nan,nan,0.5575634559944,1.7935178305697,nan,nan,20,2,2,25,5.6666213932861e-21,5.6666213932861e-21,-46.619693886939,1,115
1.25,155,-3.3997920323084,nan,nan,nan,0.5575634559944,1.7935178305697,nan,nan,20,2,2,26,9.4726413178206e-22,9.4726413178206e-22,-48.408464263324,1,115
1.25,155,-3.3997920323084,nan,nan,nan,0.5575634559944,1.7935178305697,nan,nan,20,2,2,27,1.583499713638e-22,1.583499713638e-22,-50.197234639714,1,115
1.25,155,-3.3997920323084,nan,nan,nan,0.5575634559944,1.7935178305697,nan,nan,20,2,2,28,2.6470667039546e-23,2.6470667039546e-23,-51.986005016104,1,115
1.25,155,-3.3997920323084,nan,nan,nan,0.5575634559944,1.7935178305697,nan,nan,20,2,2,29,4.4249847820314e-24,4.4249847820314e-24,-53.774775392492,1,115
1.25,155,-3.3997920323084,nan,nan,nan,0.5575634559944,1.7935178305697,nan,nan,20,2,2,30,7.3970520999194e-25,7.3970520999194e-25,-55.563545768885,1,115
1.25,155,-3.3997920323084,nan,nan,nan,0.5575634559944,1.7935178305697,nan,nan,20,2,2,31,1.2365326089109e-25,1.2365326089109e-25,-57.352316145274,1,115
1.25,155,-3.3997920323084,nan,nan,nan,0.5575634559944,1.7935178305697,nan,nan,20,2,2,32,2.0670570819893e-26,2.0670570819893e-26,-59.141086521664,1,115
1.25,155,-3.3997920323084,nan,nan,nan,0.5575634559944,1.7935178305697,nan,nan,20,2,2,33,3.4554082516246e-27,3.4554082516246e-27,-60.929856898046,1,115
1.25,155,-3.3997920323084,nan,nan,nan,0.5575634559944,1.7935178305697,nan,nan,20,2,2,34,5.7762537334974e-28,5.7762537334974e-28,-62.718627274278,1,115
1.25,155,-3.3997920323084,nan,nan,nan,0.5575634559944,1.7935178305697,nan,nan,20,2,2,35,9.6559088666167e-29,9.6559088666167e-29,-64.507397651082,1,115
1.25,155,-3.3997920323084,nan,nan,nan,0.5575634559944,1.7935178305697,nan,nan,20,2,2,36,1.6141357463883e-29,1.6141357463883e-29,-66.296168024947,1,115
1.25,155,-3.3997920323084,nan,nan,nan,0.5575634559944,1.7935178305697,nan,nan,20,2,2,37,2.698279507158e-30,2.698279507158e-30,-68.084938439493,1,115
1.25,155,-3.3997920323084,nan,nan,nan,0.5575634559944,1.7935178305697,nan,nan,20,2,2,38,4.5105953512492e-31,4.5105953512492e-31,-69.873708731084,1,115
1.25,155,-3.3997920323084,nan,nan,nan,0.5575634559944,1.7935178305697,nan,nan,20,2,2,39,7.5401613050657e-32,7.5401613050657e-32,-71.662479400774,1,115
1.25,155,-3.3997920323084,nan,nan,nan,0.5575634559944,1.7935178305697,nan,nan,20,2,2,40,1.2604549733839e-32,1.2604549733839e-32,-73.451250230036,1,115
1.25,155,-3.3997920323084,nan,nan,nan,0.5575634559944,1.7935178305697,nan,nan,20,2,2,41,2.1071629722848e-33,2.1071629722848e-33,-75.23996558895,1,115
1.25,155,-3.3997920323084,nan,nan,nan,0.5575634559944,1.7935178305697,nan,nan,20,2,2,42,3.522386217181e-34,3.522386217181e-34,-77.028754499251,1,115
1.25,155,-3.3997920323084,nan,nan,nan,0.5575634559944,1.7935178305697,nan,nan,20,2,2,43,5.9038872681723e-35,5.9038872681723e-35,-78.81486726182,1,115
1.25,155,-3.3997920323084,nan,nan,nan,0.5575634559944,1.7935178305697,nan,nan,20,2,2,44,9.8752118889254e-36,9.8752118889254e-36,-80.603035580122,1,115
1.25,155,-3.3997920323084,nan,nan,nan,0.5575634559944,1.7935178305697,nan,nan,20,2,2,45,1.6292776164227e-36,1.6292776164227e-36,-82.404926611309,1,115
1.25,155,-3.3997920323084,nan,nan,nan,0.5575634559944,1.7935178305697,nan,nan,20,2,2,46,2.715639105822e-37,2.715639105822e-37,-84.196621117003,1,115
1.25,155,-3.3997920323084,nan,nan,nan,0.5575634559944,1.7935178305697,nan,nan,20,2,2,47,2.4337204515462e-38,2.4337204515462e-38,-86.608812397264,1,115
1.25,155,-3.3997920323084,nan,nan,nan,0.5575634559944,1.7935178305697,nan,nan,20,2,2,48,1.1752422875588e-37,1.1752422875588e-37,-85.034174112263,1,115
1.25,155,-3.3997920323084,nan,nan,nan,0.5575634559944,1.7935178305697,nan,nan,20,2,2,49,2.1520544552077e-38,2.1520544552077e-38,-86.73181058733,1,115
1.25,155,-3.3997920323084,nan,nan,nan,0.5575634559944,1.7935178305697,nan,nan,20,2,2,50,6.9536843661396e-38,6.9536843661396e-38,-85.558961890039,1,115
1.25,155,-3.3997920323084,nan,nan,nan,0.5575634559944,1.7935178305697,nan,nan,20,2,2,51,-2.9161848108685e-38,2.9161848108685e-38,-86.427957343423,1,115
1.25,155,-3.3997920323084,nan,nan,nan,0.5575634559944,1.7935178305697,nan,nan,20,2,2,52,-1.150597932439e-38,1.150597932439e-38,-87.35795178527,1,115
1.25,155,-3.3997920323084,nan,nan,nan,0.5575634559944,1.7935178305697,nan,nan,20,2,2,53,-1.1296749770965e-38,1.1296749770965e-38,-87.376303573311,1,115
1.25,155,-3.3997920323084,nan,nan,nan,0.5575634559944,1.7935178305697,nan,nan,20,2,2,54,2.4281476135365e-38,2.4281476135365e-38,-86.611104866075,1,115
1.25,155,-3.3997920323084,nan,nan,nan,0.5575634559944,1.7935178305697,nan,nan,20,2,2,55,-2.0007215764437e-39,2.0007215764437e-39,-89.107310723054,1,115
1.25,155,-3.3997920323084,nan,nan,nan,0.5575634559944,1.7935178305697,nan,nan,20,2,2,56,1.0661486876555e-37,1.0661486876555e-37,-85.13159564291,1,115
1.25,155,-3.3997920323084,nan,nan,nan,0.5575634559944,1.7935178305697,nan,nan,20,2,2,57,4.1613957635692e-38,4.1613957635692e-38,-86.072382995686,1,115
1.25,155,-3.3997920323084,nan,nan,nan,0.5575634559944,1.7935178305697,nan,nan,20,2,2,58,-1.1503274447302e-38,1.1503274447302e-38,-87.35818689738,1,115
1.25,155,-3.3997920323084,nan,nan,nan,0.5575634559944,1.7935178305697,nan,nan,20,2,2,59,-3.8706187559987e-38,3.8706187559987e-38,-86.144819154241,1,115
1.25,155,-3.3997920323084,nan,nan,nan,0.5575634559944,1.7935178305697,nan,nan,20,2,2,60,2.0071417077358e-38,2.0071417077358e-38,-86.801521859708,1,115
1.25,155,-3.3997920323084,nan,nan,nan,0.5575634559944,1.7935178305697,nan,nan,20,2,2,61,-4.0190836815887e-38,4.0190836815887e-38,-86.107179597028,1,115
1.25,155,-3.3997920323084,nan,nan,nan,0.5575634559944,1.7935178305697,nan,nan,20,2,2,62,2.3153880924714e-38,2.3153880924714e-38,-86.65865621775,1,115
1.25,155,-3.3997920323084,nan,nan,nan,0.5575634559944,1.7935178305697,nan,nan,20,2,2,63,9.316099207036e-38,9.316099207036e-38,-85.266489532706,1,115
1.25,155,-3.3997920323084,nan,nan,nan,0.5575634559944,1.7935178305697,nan,nan,20,2,2,64,-3.5819044293301e-38,3.5819044293301e-38,-86.222338911304,1,115
1.25,155,-3.3997920323084,nan,nan,nan,0.5575634559944,1.7935178305697,nan,nan,20,2,2,65,3.328544842388e-38,3.328544842388e-38,-86.295698309555,1,115
1.25,155,-3.3997920323084,nan,nan,nan,0.5575634559944,1.7935178305697,nan,nan,20,2,2,66,-4.802475755308e-39,4.802475755308e-39,-88.231687059468,1,115
1.25,155,-3.3997920323084,nan,nan,nan,0.5575634559944,1.7935178305697,nan,nan,20,2,2,67,4.7807508707779e-38,4.7807508707779e-38,-85.93363591367,1,115
1.25,155,-3.3997920323084,nan,nan,nan,0.5575634559944,1.7935178305697,nan,nan,20,2,2,68,-1.7606281596962e-38,1.7606281596962e-38,-86.932562879482,1,115
1.25,155,-3.3997920323084,nan,nan,nan,0.5575634559944,1.7935178305697,nan,nan,20,2,2,69,-6.5294632451476e-38,6.5294632451476e-38,-85.621908792157,1,115
1.25,155,-3.3997920323084,nan,nan,nan,0.5575634559944,1.7935178305697,nan,nan,20,2,2,70,3.49085491338e-39,3.49085491338e-39,-88.550671959698,1,115
1.25,155,-3.3997920323084,nan,nan,nan,0.5575634559944,1.7935178305697,nan,nan,20,2,2,71,-2.6638424497433e-38,2.6638424497433e-38,-86.518463923331,1,115
1.25,155,-3.3997920323084,nan,nan,nan,0.5575634559944,1.7935178305697,nan,nan,20,2,2,72,2.175918462893e-38,2.175918462893e-38,-86.720782676579,1,115
1.25,155,-3.3997920323084,nan,nan,nan,0.5575634559944,1.7935178305697,nan,nan,20,2,2,73,9.450071567432e-38,9.450071567432e-38,-85.252211219024,1,115
1.25,155,-3.3997920323084,nan,nan,nan,0.5575634559944,1.7935178305697,nan,nan,20,2,2,74,-1.4722979776449e-39,1.4722979776449e-39,-89.413994196482,1,115
1.25,155,-3.3997920323084,nan,nan,nan,0.5575634559944,1.7935178305697,nan,nan,20,2,2,75,-6.4286640707473e-38,6.4286640707473e-38,-85.637466782157,1,115
1.25,155,-3.3997920323084,nan,nan,nan,0.5575634559944,1.7935178305697,nan,nan,20,2,2,76,1.9457448616007e-38,1.9457448616007e-38,-86.832588667752,1,115
1.25,155,-3.3997920323084,nan,nan,nan,0.5575634559944,1.7935178305697,nan,nan,20,2,2,77,2.6818510128023e-38,2.6818510128023e-38,-86.511726301239,1,115
1.25,155,-3.3997920323084,nan,nan,nan,0.5575634559944,1.7935178305697,nan,nan,20,2,2,78,-2.693398809641e-38,2.693398809641e-38,-86.507429639694,1,115
1.25,155,-3.3997920323084,nan,nan,nan,0.5575634559944,1.7935178305697,nan,nan,20,2,2,79,7.1068122964221e-39,7.1068122964221e-39,-87.839764824356,1,115
1.25,155,-3.3997920323084,nan,nan,nan,0.5575634559944,1.7935178305697,nan,nan,20,2,2,80,3.36772618987e-38,3.36772618987e-38,-86.283995738243,1,115
1.25,155,-3.3997920323084,nan,nan,nan,0.5575634559944,1.7935178305697,nan,nan,20,2,2,81,7.7753715606757e-39,7.7753715606757e-39,-87.74985738069,1,115
1.25,155,-3.3997920323084,nan,nan,nan,0.5575634559944,1.7935178305697,nan,nan,20,2,2,82,-6.6275975819991e-38,6.6275975819991e-38,-85.606991150899,1,115
1.25,155,-3.3997920323084,nan,nan,nan,0.5575634559944,1.7935178305697,nan,nan,20,2,2,83,-1.5416884472801e-38,1.5416884472801e-38,-87.065355323612,1,115
1.25,155,-3.3997920323084,nan,nan,nan,0.5575634559944,1.7935178305697,nan,nan,20,2,2,84,3.1251748305873e-38,3.1251748305873e-38,-86.358743306362,1,115
1.25,155,-3.3997920323084,nan,nan,nan,0.5575634559944,1.7935178305697,nan,nan,20,2,2,85,-5.1359430936342e-38,5.1359430936342e-38,-85.861970047347,1,115
1.25,155,-3.3997920323084,nan,nan,nan,0.5575634559944,1.7935178305697,nan,nan,20,2,2,86,-9.5375010981369e-38,9.5375010981369e-38,-85.243002022024,1,115
1.25,155,-3.3997920323084,nan,nan,nan,0.5575634559944,1.7935178305697,nan,nan,20,2,2,87,8.3249440816805e-38,8.3249440816805e-38,-85.378977214845,1,115
1.25,155,-3.3997920323084,nan,nan,nan,0.5575634559944,1.7935178305697,nan,nan,20,2,2,88,-1.8781408340323e-38,1.8781408340323e-38,-86.867951164302,1,115
1.25,155,-3.3997920323084,nan,nan,nan,0.5575634559944,1.7935178305697,nan,nan,20,2,2,89,-6.3857025126878e-38,6.3857025126878e-38,-85.644172024862,1,115
1.25,155,-3.3997920323084,nan,nan,nan,0.5575634559944,1.7935178305697,nan,nan,20,2,2,90,6.0944703646736e-39,6.0944703646736e-39,-87.9934367643,1,115
1.25,155,-3.3997920323084,nan,nan,nan,0.5575634559944,1.7935178305697,nan,nan,20,2,2,91,-1.497096437515e-38,1.497096437515e-38,-87.094706009893,1,115
1.25,155,-3.3997920323084,nan,nan,nan,0.5575634559944,1.7935178305697,nan,nan,20,2,2,92,-4.478714025542e-38,4.478714025542e-38,-85.998897576423,1,115
1.25,155,-3.3997920323084,nan,nan,nan,0.5575634559944,1.7935178305697,nan,nan,20,2,2,93,2.9754610443619e-38,2.9754610443619e-38,-86.407834533888,1,115
1.25,155,-3.3997920323084,nan,nan,nan,0.5575634559944,1.7935178305697,nan,nan,20,2,2,94,-8.9247368779333e-38,8.9247368779333e-38,-85.309406688007,1,115
1.25,155,-3.3997920323084,nan,nan,nan,0.5575634559944,1.7935178305697,nan,nan,20,2,2,95,7.2837138958e-38,7.2837138958e-38,-85.512592651126,1,115
1.25,155,-3.3997920323084,nan,nan,nan,0.5575634559944,1.7935178305697,nan,nan,20,2,2,96,-1.2425590559442e-38,1.2425590559442e-38,-87.28106052598,1,115
1.25,155,-3.3997920323084,nan,nan,nan,0.5575634559944,1.7935178305697,nan,nan,20,2,2,97,-1.3245211119967e-37,1.3245211119967e-37,-84.914597471579,1,115
1.25,155,-3.3997920323084,nan,nan,nan,0.5575634559944,1.7935178305697,nan,nan,20,2,2,98,1.7565513868322e-38,1.7565513868322e-38,-86.934881086236,1,115
1.25,155,-3.3997920323084,nan,nan,nan,0.5575634559944,1.7935178305697,nan,nan,20,2,2,99,1.1242287510972e-38,1.1242287510972e-38,-87.381136287798,1,115
1.25,155,-3.3997920323084,nan,nan,nan,0.5575634559944,1.7935178305697,nan,nan,20,2,2,100,-1.251386799959e-38,1.251386799959e-38,-87.273981157466,1,115
1.25,155,-3.3997920323084,nan,nan,nan,0.5575634559944,1.7935178305697,nan,nan,20,2,2,101,-3.2841564045549e-38,3.2841564045549e-38,-86.309123717083,1,115
1.25,155,-3.3997920323084,nan,nan,nan,0.5575634559944,1.7935178305697,nan,nan,20,2,2,102,-5.624948268387e-39,5.624948268387e-39,-88.073606875451,1,115
1.25,155,-3.3997920323084,nan,nan,nan,0.5575634559944,1.7935178305697,nan,nan,20,2,2,103,-3.1279945560539e-39,3.1279945560539e-39,-88.660426544478,1,115
1.25,155,-3.3997920323084,nan,nan,nan,0.5575634559944,1.7935178305697,nan,nan,20,2,2,104,-6.9524380752626e-38,6.9524380752626e-38,-85.559141133518,1,115
1.25,155,-3.3997920323084,nan,nan,nan,0.5575634559944,1.7935178305697,nan,nan,20,2,2,105,-1.93090165883e-38,1.93090165883e-38,-86.840246459211,1,115
1.25,155,-3.3997920323084,nan,nan,nan,0.5575634559944,1.7935178305697,nan,nan,20,2,2,106,2.4122386855557e-38,2.4122386855557e-38,-86.617678302278,1,115
1.25,155,-3.3997920323084,nan,nan,nan,0.5575634559944,1.7935178305697,nan,nan,20,2,2,107,-5.1375504425208e-39,5.1375504425208e-39,-88.164242228498,1,115
1.25,155,-3.3997920323084,nan,nan,nan,0.5575634559944,1.7935178305697,nan,nan,20,2,2,108,7.89943770692e-38,7.89943770692e-38,-85.431441953173,1,115
1.25,155,-3.3997920323084,nan,nan,nan,0.5575634559944,1.7935178305697,nan,nan,20,2,2,109,1.099827838808e-38,1.099827838808e-38,-87.403079876393,1,115
1.25,155,-3.3997920323084,nan,nan,nan,0.5575634559944,1.7935178305697,nan,nan,20,2,2,110,1.3077114220855e-38,1.3077114220855e-38,-87.229954930397,1,115
1.25,155,-3.3997920323084,nan,nan,nan,0.5575634559944,1.7935178305697,nan,nan,20,2,2,111,-3.7792049404303e-38,3.7792049404303e-38,-86.168719879485,1,115
1.25,155,-3.3997920323084,nan,nan,nan,0.5575634559944,1.7935178305697,nan,nan,20,2,2,112,-3.6285779777614e-38,3.6285779777614e-38,-86.209392703911,1,115
1.25,155,-3.3997920323084,nan,nan,nan,0.5575634559944,1.7935178305697,nan,nan,20,2,2,113,7.3205235938392e-38,7.3205235938392e-38,-85.507551679146,1,115
1.25,155,-3.3997920323084,nan,nan,nan,0.5575634559944,1.7935178305697,nan,nan,20,2,2,114,-4.1583971609633e-38,4.1583971609633e-38,-86.073103831592,1,115
1.25,155,-3.3997920323084,nan,nan,nan,0.5575634559944,1.7935178305697,nan,nan,20,2,2,115,-4.2999177050829e-38,4.2999177050829e-38,-86.03963764961,1,115
1.3,155,-2.7299646373048,nan,nan,nan,0.51549211556682,1.9398938796579,nan,nan,20,2,2,1,0.025384081276321,0.025384081276321,-3.6736330228343,1,115
1.3,155,-2.7299646373048,nan,nan,nan,0.51549211556682,1.9398938796579,nan,nan,20,2,2,2,0.0033223303099914,0.0033223303099914,-5.7070888416709,1,115
1.3,155,-2.7299646373048,nan,nan,nan,0.51549211556682,1.9398938796579,nan,nan,20,2,2,3,0.000461134067896,0.000461134067896,-7.6818217375165,1,115
1.3,155,-2.7299646373048,nan,nan,nan,0.51549211556682,1.9398938796579,nan,nan,20,2,2,4,6.5777184555708e-05,6.5777184555708e-05,-9.6292375190359,1,115
1.3,155,-2.7299646373048,nan,nan,nan,0.51549211556682,1.9398938796579,nan,nan,20,2,2,5,9.4678879939485e-06,9.4678879939485e-06,-11.567604696341,1,115
1.3,155,-2.7299646373048,nan,nan,nan,0.51549211556682,1.9398938796579,nan,nan,20,2,2,6,1.3667217267516e-06,1.3667217267516e-06,-13.503095585867,1,115
1.3,155,-2.7299646373048,nan,nan,nan,0.51549211556682,1.9398938796579,nan,nan,20,2,2,7,1.9746968859674e-07,1.9746968859674e-07,-15.437680739843,1,115
1.3,155,-2.7299646373048,nan,nan,nan,0.51549211556682,1.9398938796579,nan,nan,20,2,2,8,2.853936590466e-08,2.853936590466e-08,-17.371981442921,1,115
1.3,155,-2.7299646373048,nan,nan,nan,0.51549211556682,1.9398938796579,nan,nan,20,2,2,9,4.1250285918621e-09,4.1250285918621e-09,-19.306192885823,1,115
1.3,155,-2.7299646373048,nan,nan,nan,0.51549211556682,1.9398938796579,nan,nan,20,2,2,10,5.9624090577081e-10,5.9624090577081e-10,-21.240376326218,1,115
1.3,155,-2.7299646373048,nan,nan,nan,0.51549211556682,1.9398938796579,nan,nan,20,2,2,11,8.618275791835e-11,8.618275791835e-11,-23.174550982415,1,115
1.3,155,-2.7299646373048,nan,nan,nan,0.51549211556682,1.9398938796579,nan,nan,20,2,2,12,1.2457193320445e-11,1.2457193320445e-11,-25.108722883124,1,115
1.3,155,-2.7299646373048,nan,nan,nan,0.51549211556682,1.9398938796579,nan,nan,20,2,2,13,1.8006130611666e-12,1.8006130611666e-12,-27.042893919477,1,115
1.3,155,-2.7299646373048,nan,nan,nan,0.51549211556682,1.9398938796579,nan,nan,20,2,2,14,2.6026795856942e-13,2.6026795856942e-13,-28.977064684727,1,115
1.3,155,-2.7299646373048,nan,nan,nan,0.51549211556682,1.9398938796579,nan,nan,20,2,2,15,3.7620195853412e-14,3.7620195853412e-14,-30.911235364953,1,115
1.3,155,-2.7299646373048,nan,nan,nan,0.51549211556682,1.9398938796579,nan,nan,20,2,2,16,5.4377772108867e-15,5.4377772108867e-15,-32.845406018483,1,115
1.3,155,-2.7299646373048,nan,nan,nan,0.51549211556682,1.9398938796579,nan,nan,20,2,2,17,7.8599859920563e-16,7.8599859920563e-16,-34.779576663646,1,115
1.3,155,-2.7299646373048,nan,nan,nan,0.51549211556682,1.9398938796579,nan,nan,20,2,2,18,1.1361145843567e-16,1.1361145843567e-16,-36.713747306181,1,115
1.3,155,-2.7299646373048,nan,nan,nan,0.51549211556682,1.9398938796579,nan,nan,20,2,2,19,1.6421865778804e-17,1.6421865778804e-17,-38.647917947895,1,115
1.3,155,-2.7299646373048,nan,nan,nan,0.51549211556682,1.9398938796579,nan,nan,20,2,2,20,2.3736837766286e-18,2.3736837766286e-18,-40.582088589346,1,115
1.3,155,-2.7299646373048,nan,nan,nan,0.51549211556682,1.9398938796579,nan,nan,20,2,2,21,3.4310198047686e-19,3.4310198047686e-19,-42.516259230725,1,115
1.3,155,-2.7299646373048,nan,nan,nan,0.51549211556682,1.9398938796579,nan,nan,20,2,2,22,4.9593366298648e-20,4.9593366298648e-20,-44.450429872067,1,115
1.3,155,-2.7299646373048,nan,nan,nan,0.51549211556682,1.9398938796579,nan,nan,20,2,2,23,7.168428399626e-21,7.168428399626e-21,-46.384600513415,1,115
1.3,155,-2.7299646373048,nan,nan,nan,0.51549211556682,1.9398938796579,nan,nan,20,2,2,24,1.0361540172906e-21,1.0361540172906e-21,-48.318771154749,1,115
1.3,155,-2.7299646373048,nan,nan,nan,0.51549211556682,1.9398938796579,nan,nan,20,2,2,25,1.497699478454e-22,1.497699478454e-22,-50.252941796084,1,115
1.3,155,-2.7299646373048,nan,nan,nan,0.51549211556682,1.9398938796579,nan,nan,20,2,2,26,2.1648362022784e-23,2.1648362022784e-23,-52.187112437417,1,115
1.3,155,-2.7299646373048,nan,nan,nan,0.51549211556682,1.9398938796579,nan,nan,20,2,2,27,3.1291429623431e-24,3.1291429623431e-24,-54.121283078747,1,115
1.3,155,-2.7299646373048,nan,nan,nan,0.51549211556682,1.9398938796579,nan,nan,20,2,2,28,4.5229914709054e-25,4.5229914709054e-25,-56.055453720073,1,115
1.3,155,-2.7299646373048,nan,nan,nan,0.51549211556682,1.9398938796579,nan,nan,20,2,2,29,6.5377172254871e-26,6.5377172254871e-26,-57.989624361398,1,115
1.3,155,-2.7299646373048,nan,nan,nan,0.51549211556682,1.9398938796579,nan,nan,20,2,2,30,9.4498843951106e-27,9.4498843951106e-27,-59.92379500273,1,115
1.3,155,-2.7299646373048,nan,nan,nan,0.51549211556682,1.9398938796579,nan,nan,20,2,2,31,1.3659250163422e-27,1.3659250163422e-27,-61.857965644065,1,115
1.3,155,-2.7299646373048,nan,nan,nan,0.51549211556682,1.9398938796579,nan,nan,20,2,2,32,1.9743639945885e-28,1.9743639945885e-28,-63.792136285399,1,115
1.3,155,-2.7299646373048,nan,nan,nan,0.51549211556682,1.9398938796579,nan,nan,20,2,2,33,2.8538266275433e-29,2.8538266275433e-29,-65.7263069268,1,115
1.3,155,-2.7299646373048,nan,nan,nan,0.51549211556682,1.9398938796579,nan,nan,20,2,2,34,4.1250379611167e-30,4.1250379611167e-30,-67.660477567382,1,115
1.3,155,-2.7299646373048,nan,nan,nan,0.51549211556682,1.9398938796579,nan,nan,20,2,2,35,5.9624988851262e-31,5.9624988851262e-31,-69.594648213582,1,115
1.3,155,-2.7299646373048,nan,nan,nan,0.51549211556682,1.9398938796579,nan,nan,20,2,2,36,8.6184412638137e-32,8.6184412638137e-32,-71.528818735349,1,115
1.3,155,-2.7299646373048,nan,nan,nan,0.51549211556682,1.9398938796579,nan,nan,20,2,2,37,1.2457448902674e-32,1.2457448902674e-32,-73.46298931937,1,115
1.3,155,-2.7299646373048,nan,nan,nan,0.51549211556682,1.9398938796579,nan,nan,20,2,2,38,1.8006589367188e-33,1.8006589367188e-33,-75.397155394936,1,115
1.3,155,-2.7299646373048,nan,nan,nan,0.51549211556682,1.9398938796579,nan,nan,20,2,2,39,2.602668884502e-34,2.602668884502e-34,-77.331355749216,1,115
1.3,155,-2.7299646373048,nan,nan,nan,0.51549211556682,1.9398938796579,nan,nan,20,2,2,40,3.7623678194192e-35,3.7623678194192e-35,-79.265429756385,1,115
1.3,155,-2.7299646373048,nan,nan,nan,0.51549211556682,1.9398938796579,nan,nan,20,2,2,41,5.4383594237403e-36,5.4383594237403e-36,-81.199585908919,1,115
1.3,155,-2.7299646373048,nan,nan,nan,0.51549211556682,1.9398938796579,nan,nan,20,2,2,42,7.8813260858368e-37,7.8813260858368e-37,-83.131152266064,1,115
1.3,155,-2.7299646373048,nan,nan,nan,0.51549211556682,1.9398938796579,nan,nan,20,2,2,43,1.1048417402967e-37,1.1048417402967e-37,-85.095946337518,1,115
1.3,155,-2.7299646373048,nan,nan,nan,0.51549211556682,1.9398938796579,nan,nan,20,2,2,44,1.5119537379413e-38,1.5119537379413e-38,-87.084830853084,1,115
1.3,155,-2.7299646373048,nan,nan,nan,0.51549211556682,1.9398938796579,nan,nan,20,2,2,45,6.4486540919939e-40,6.4486540919939e-40,-90.239532278636,1,115
1.3,155,-2.7299646373048,nan,nan,nan,0.51549211556682,1.9398938796579,nan,nan,20,2,2,46,-3.9912005056517e-39,3.9912005056517e-39,-88.416726562511,1,115
1.3,155,-2.7299646373048,nan,nan,nan,0.51549211556682,1.9398938796579,nan,nan,20,2,2,47,8.1641690640954e-40,8.1641690640954e-40,-90.003648766541,1,115
1.3,155,-2.7299646373048,nan,nan,nan,0.51549211556682,1.9398938796579,nan,nan,20,2,2,48,3.3966401598278e-39,3.3966401598278e-39,-88.578031872012,1,115
1.3,155,-2.7299646373048,nan,nan,nan,0.51549211556682,1.9398938796579,nan,nan,20,2,2,49,-4.1613715046842e-40,4.1613715046842e-40,-90.677559011198,1,115
1.3,155,-2.7299646373048,nan,nan,nan,0.51549211556682,1.9398938796579,nan,nan,20,2,2,50,-1.7187942927162e-39,1.7187942927162e-39,-89.259195574359,1,115
1.3,155,-2.7299646373048,nan,nan,nan,0.51549211556682,1.9398938796579,nan,nan,20,2,2,51,-1.7008194840346e-39,1.7008194840346e-39,-89.269708442422,1,115
1.3,155,-2.7299646373048,nan,nan,nan,0.51549211556682,1.9398938796579,nan,nan,20,2,2,52,6.8438514928577e-39,6.8438514928577e-39,-87.877467969854,1,115
1.3,155,-2.7299646373048,nan,nan,nan,0.51549211556682,1.9398938796579,nan,nan,20,2,2,53,-5.5397649157393e-39,5.5397649157393e-39,-88.088866560891,1,115
1.3,155,-2.7299646373048,nan,nan,nan,0.51549211556682,1.9398938796579,nan,nan,20,2,2,54,-5.8398272631152e-40,5.8398272631152e-40,-90.338702501593,1,115
1.3,155,-2.7299646373048,nan,nan,nan,0.51549211556682,1.9398938796579,nan,nan,20,2,2,55,7.2276325220099e-40,7.2276325220099e-40,-90.125492189219,1,115
1.3,155,-2.7299646373048,nan,nan,nan,0.51549211556682,1.9398938796579,nan,nan,20,2,2,56,3.8603798486301e-39,3.8603798486301e-39,-88.450053041752,1,115
1.3,155,-2.7299646373048,nan,nan,nan,0.51549211556682,1.9398938796579,nan,nan,20,2,2,57,4.7652460523991e-39,4.7652460523991e-39,-88.239469453555,1,115
1.3,155,-2.7299646373048,nan,nan,nan,0.51549211556682,1.9398938796579,nan,nan,20,2,2,58,1.2289292912132e-38,1.2289292912132e-38,-87.292090238439,1,115
1.3,155,-2.7299646373048,nan,nan,nan,0.51549211556682,1.9398938796579,nan,nan,20,2,2,59,-1.7891871993812e-39,1.7891871993812e-39,-89.219057188598,1,115
1.3,155,-2.7299646373048,nan,nan,nan,0.51549211556682,1.9398938796579,nan,nan,20,2,2,60,-6.104232733739e-39,6.104232733739e-39,-87.991836205443,1,115
1.3,155,-2.7299646373048,nan,nan,nan,0.51549211556682,1.9398938796579,nan,nan,20,2,2,61,6.4854160953881e-39,6.4854160953881e-39,-87.931262648315,1,115
1.3,155,-2.7299646373048,nan,nan,nan,0.51549211556682,1.9398938796579,nan,nan,20,2,2,62,1.7296468853325e-40,1.7296468853325e-40,-91.555486444611,1,115
1.3,155,-2.7299646373048,nan,nan,nan,0.51549211556682,1.9398938796579,nan,nan,20,2,2,63,6.2557640288356e-39,6.2557640288356e-39,-87.967315343412,1,115
1.3,155,-2.7299646373048,nan,nan,nan,0.51549211556682,1.9398938796579,nan,nan,20,2,2,64,-7.3436138155405e-39,7.3436138155405e-39,-87.806987559862,1,115
1.3,155,-2.7299646373048,nan,nan,nan,0.51549211556682,1.9398938796579,nan,nan,20,2,2,65,2.8020155599628e-39,2.8020155599628e-39,-88.770479625705,1,115
1.3,155,-2.7299646373048,nan,nan,nan,0.51549211556682,1.9398938796579,nan,nan,20,2,2,66,-2.9199065201221e-39,2.9199065201221e-39,-88.729267024657,1,115
1.3,155,-2.7299646373048,nan,nan,nan,0.51549211556682,1.9398938796579,nan,nan,20,2,2,67,-1.1037849996598e-38,1.1037849996598e-38,-87.399488351569,1,115
1.3,155,-2.7299646373048,nan,nan,nan,0.51549211556682,1.9398938796579,nan,nan,20,2,2,68,1.7881350618861e-38,1.7881350618861e-38,-86.917060321908,1,115
1.3,155,-2.7299646373048,nan,nan,nan,0.51549211556682,1.9398938796579,nan,nan,20,2,2,69,-2.4045564595099e-39,2.4045564595099e-39,-88.923453164539,1,115
1.3,155,-2.7299646373048,nan,nan,nan,0.51549211556682,1.9398938796579,nan,nan,20,2,2,70,8.3392363046086e-40,8.3392363046086e-40,-89.982432077775,1,115
1.3,155,-2.7299646373048,nan,nan,nan,0.51549211556682,1.9398938796579,nan,nan,20,2,2,71,-2.905861334046e-39,2.905861334046e-39,-88.734088779879,1,115
1.3,155,-2.7299646373048,nan,nan,nan,0.51549211556682,1.9398938796579,nan,nan,20,2,2,72,-9.2910690806112e-40,9.2910690806112e-40,-89.874350094912,1,115
1.3,155,-2.7299646373048,nan,nan,nan,0.51549211556682,1.9398938796579,nan,nan,20,2,2,73,3.865688344427e-39,3.865688344427e-39,-88.448678863709,1,115
1.3,155,-2.7299646373048,nan,nan,nan,0.51549211556682,1.9398938796579,nan,nan,20,2,2,74,5.5648270653742e-39,5.5648270653742e-39,-88.084352717928,1,115
1.3,155,-2.7299646373048,nan,nan,nan,0.51549211556682,1.9398938796579,nan,nan,20,2,2,75,-3.3063706766693e-39,3.3063706766693e-39,-88.60496751125,1,115
1.3,155,-2.7299646373048,nan,nan,nan,0.51549211556682,1.9398938796579,nan,nan,20,2,2,76,1.9564831045167e-38,1.9564831045167e-38,-86.827085006708,1,115
1.3,155,-2.7299646373048,nan,nan,nan,0.51549211556682,1.9398938796579,nan,nan,20,2,2,77,-7.4516315850049e-39,7.4516315850049e-39,-87.792385613656,1,115
1.3,155,-2.7299646373048,nan,nan,nan,0.51549211556682,1.9398938796579,nan,nan,20,2,2,78,5.3357217664686e-39,5.3357217664686e-39,-88.12639446223,1,115
1.3,155,-2.7299646373048,nan,nan,nan,0.51549211556682,1.9398938796579,nan,nan,20,2,2,79,-3.7267313100253e-39,3.7267313100253e-39,-88.485287101699,1,115
1.3,155,-2.7299646373048,nan,nan,nan,0.51549211556682,1.9398938796579,nan,nan,20,2,2,80,2.5533610059098e-39,2.5533610059098e-39,-88.863408093918,1,115
1.3,155,-2.7299646373048,nan,nan,nan,0.51549211556682,1.9398938796579,nan,nan,20,2,2,81,-1.9321240013904e-39,1.9321240013904e-39,-89.142198710123,1,115
1.3,155,-2.7299646373048,nan,nan,nan,0.51549211556682,1.9398938796579,nan,nan,20,2,2,82,1.3389724885163e-38,1.3389724885163e-38,-87.206331013567,1,115
1.3,155,-2.7299646373048,nan,nan,nan,0.51549211556682,1.9398938796579,nan,nan,20,2,2,83,-7.1851277667477e-39,7.1851277667477e-39,-87.828805324967,1,115
1.3,155,-2.7299646373048,nan,nan,nan,0.51549211556682,1.9398938796579,nan,nan,20,2,2,84,1.4700344531137e-38,1.4700344531137e-38,-87.112947695765,1,115
1.3,155,-2.7299646373048,nan,nan,nan,0.51549211556682,1.9398938796579,nan,nan,20,2,2,85,3.9851731885219e-39,3.9851731885219e-39,-88.418237855364,1,115
1.3,155,-2.7299646373048,nan,nan,nan,0.51549211556682,1.9398938796579,nan,nan,20,2,2,86,-3.0103491714285e-40,3.0103491714285e-40,-91.001347643932,1,115
1.3,155,-2.7299646373048,nan,nan,nan,0.51549211556682,1.9398938796579,nan,nan,20,2,2,87,-5.2340865597452e-39,5.2340865597452e-39,-88.145626284825,1,115
1.3,155,-2.7299646373048,nan,nan,nan,0.51549211556682,1.9398938796579,nan,nan,20,2,2,88,6.7021786886981e-39,6.7021786886981e-39,-87.898385975812,1,115
1.3,155,-2.7299646373048,nan,nan,nan,0.51549211556682,1.9398938796579,nan,nan,20,2,2,89,-3.3388797105495e-39,3.3388797105495e-39,-88.595183292047,1,115
1.3,155,-2.7299646373048,nan,nan,nan,0.51549211556682,1.9398938796579,nan,nan,20,2,2,90,2.9140050874689e-39,2.9140050874689e-39,-88.731290173125,1,115
1.3,155,-2.7299646373048,nan,nan,nan,0.51549211556682,1.9398938796579,nan,nan,20,2,2,91,6.1436970143558e-39,6.1436970143558e-39,-87.985391946208,1,115
1.3,155,-2.7299646373048,nan,nan,nan,0.51549211556682,1.9398938796579,nan,nan,20,2,2,92,-4.8366595591232e-39,4.8366595591232e-39,-88.224594318054,1,115
1.3,155,-2.7299646373048,nan,nan,nan,0.51549211556682,1.9398938796579,nan,nan,20,2,2,93,7.1411052253391e-39,7.1411052253391e-39,-87.834951068931,1,115
1.3,155,-2.7299646373048,nan,nan,nan,0.51549211556682,1.9398938796579,nan,nan,20,2,2,94,3.7720676951414e-39,3.7720676951414e-39,-88.473195315408,1,115
1.3,155,-2.7299646373048,nan,nan,nan,0.51549211556682,1.9398938796579,nan,nan,20,2,2,95,-4.2448185801332e-39,4.2448185801332e-39,-88.355119545224,1,115
1.3,155,-2.7299646373048,nan,nan,nan,0.51549211556682,1.9398938796579,nan,nan,20,2,2,96,-7.1688341044249e-39,7.1688341044249e-39,-87.83107559285,1,115
1.3,155,-2.7299646373048,nan,nan,nan,0.51549211556682,1.9398938796579,nan,nan,20,2,2,97,2.1709322841324e-40,2.1709322841324e-40,-91.328247020447,1,115
1.3,155,-2.7299646373048,nan,nan,nan,0.51549211556682,1.9398938796579,nan,nan,20,2,2,98,-2.7556568471641e-39,2.7556568471641e-39,-88.787162792557,1,115
1.3,155,-2.7299646373048,nan,nan,nan,0.51549211556682,1.9398938796579,nan,nan,20,2,2,99,-8.3005146459188e-39,8.3005146459188e-39,-87.684501108355,1,115
1.3,155,-2.7299646373048,nan,nan,nan,0.51549211556682,1.9398938796579,nan,nan,20,2,2,100,-3.0206932114931e-39,3.0206932114931e-39,-88.695332281492,1,115
1.3,155,-2.7299646373048,nan,nan,nan,0.51549211556682,1.9398938796579,nan,nan,20,2,2,101,-3.2479941308517e-39,3.2479941308517e-39,-88.622781011474,1,115
1.3,155,-2.7299646373048,nan,nan,nan,0.51549211556682,1.9398938796579,nan,nan,20,2,2,102,7.3150689933768e-39,7.3150689933768e-39,-87.810882160573,1,115
1.3,155,-2.7299646373048,nan,nan,nan,0.51549211556682,1.9398938796579,nan,nan,20,2,2,103,7.0017772079656e-39,7.0017772079656e-39,-87.854654623084,1,115
1.3,155,-2.7299646373048,nan,nan,nan,0.51549211556682,1.9398938796579,nan,nan,20,2,2,104,1.0717273973074e-38,1.0717273973074e-38,-87.42896179702,1,115
1.3,155,-2.7299646373048,nan,nan,nan,0.51549211556682,1.9398938796579,nan,nan,20,2,2,105,-5.2965112330343e-39,5.2965112330343e-39,-88.133770280875,1,115
1.3,155,-2.7299646373048,nan,nan,nan,0.51549211556682,1.9398938796579,nan,nan,20,2,2,106,8.4712378212185e-40,8.4712378212185e-40,-89.966727079955,1,115
1.3,155,-2.7299646373048,nan,nan,nan,0.51549211556682,1.9398938796579,nan,nan,20,2,2,107,-9.9510731714855e-39,9.9510731714855e-39,-87.503138224983,1,115
1.3,155,-2.7299646373048,nan,nan,nan,0.51549211556682,1.9398938796579,nan,nan,20,2,2,108,1.0674349369251e-38,1.0674349369251e-38,-87.432975018527,1,115
1.3,155,-2.7299646373048,nan,nan,nan,0.51549211556682,1.9398938796579,nan,nan,20,2,2,109,1.8971363164191e-39,1.8971363164191e-39,-89.160473079451,1,115
1.3,155,-2.7299646373048,nan,nan,nan,0.51549211556682,1.9398938796579,nan,nan,20,2,2,110,-5.2653218266258e-40,5.2653218266258e-40,-90.442261450379,1,115
1.3,155,-2.7299646373048,nan,nan,nan,0.51549211556682,1.9398938796579,nan,nan,20,2,2,111,-2.1937061098224e-39,2.1937061098224e-39,-89.015226225654,1,115
1.3,155,-2.7299646373048,nan,nan,nan,0.51549211556682,1.9398938796579,nan,nan,20,2,2,112,1.9042575271279e-39,1.9042575271279e-39,-89.1567264437,1,115
1.3,155,-2.7299646373048,nan,nan,nan,0.51549211556682,1.9398938796579,nan,nan,20,2,2,113,2.0193368367816e-38,2.0193368367816e-38,-86.795464374885,1,115
1.3,155,-2.7299646373048,nan,nan,nan,0.51549211556682,1.9398938796579,nan,nan,20,2,2,114,-2.0033794671437e-38,2.0033794671437e-38,-86.803398045636,1,115
1.3,155,-2.7299646373048,nan,nan,nan,0.51549211556682,1.9398938796579,nan,nan,20,2,2,115,-3.1769000792094e-39,3.1769000792094e-39,-88.644912723278,1,115
