g,N,E0,E1,gap,xi_gap,xi_corr,m_corr,xi_transfer,m_transfer,i0,comp_i,comp_j,r,corr,abs_corr,log_abs_corr,rMin,rMax
0.45,200,-227.40492362042,nan,nan,nan,78.033243362847,0.012815051084704,nan,nan,20,2,2,1,0.1106193771793,0.1106193771793,-2.2016600047035,1,160
0.45,200,-227.40492362042,nan,nan,nan,78.033243362847,0.012815051084704,nan,nan,20,2,2,2,0.10955763560471,0.10955763560471,-2.2113045156461,1,160
0.45,200,-227.40492362042,nan,nan,nan,78.033243362847,0.012815051084704,nan,nan,20,2,2,3,0.10817912243376,0.10817912243376,-2.2239668846649,1,160
0.45,200,-227.40492362042,nan,nan,nan,78.033243362847,0.012815051084704,nan,nan,20,2,2,4,0.1066467349474,0.1066467349474,-2.2382334491851,1,160
0.45,200,-227.40492362042,nan,nan,nan,78.033243362847,0.012815051084704,nan,nan,20,2,2,5,0.10506256900792,0.10506256900792,-2.2531992109862,1,160
0.45,200,-227.40492362042,nan,nan,nan,78.033243362847,0.012815051084704,nan,nan,20,2,2,6,0.10348383160063,0.10348383160063,-2.2683398948988,1,160
0.45,200,-227.40492362042,nan,nan,nan,78.033243362847,0.012815051084704,nan,nan,20,2,2,7,0.10194081961513,0.10194081961513,-2.2833628339306,1,160
0.45,200,-227.40492362042,nan,nan,nan,78.033243362847,0.012815051084704,nan,nan,20,2,2,8,0.10044599681404,0.10044599681404,-2.2981350410386,1,160
0.45,200,-227.40492362042,nan,nan,nan,78.033243362847,0.012815051084704,nan,nan,20,2,2,9,0.099006918570367,0.099006918570367,-2.3125655467402,1,160
0.45,200,-227.40492362042,nan,nan,nan,78.033243362847,0.012815051084704,nan,nan,20,2,2,10,0.097630269788117,0.097630269788117,-2.3265676923753,1,160
0.45,200,-227.40492362042,nan,nan,nan,78.033243362847,0.012815051084704,nan,nan,20,2,2,11,0.096304984065457,0.096304984065457,-2.3402352059051,1,160
0.45,200,-227.40492362042,nan,nan,nan,78.033243362847,0.012815051084704,nan,nan,20,2,2,12,0.095031049551596,0.095031049551596,-2.3535516033961,1,160
0.45,200,-227.40492362042,nan,nan,nan,78.033243362847,0.012815051084704,nan,nan,20,2,2,13,0.093803436698171,0.093803436698171,-2.3665537850679,1,160
0.45,200,-227.40492362042,nan,nan,nan,78.033243362847,0.012815051084704,nan,nan,20,2,2,14,0.092618196080499,0.092618196080499,-2.3792696546848,1,160
0.45,200,-227.40492362042,nan,nan,nan,78.033243362847,0.012815051084704,nan,nan,20,2,2,15,0.091466978571597,0.091466978571597,-2.391777261765,1,160
0.45,200,-227.40492362042,nan,nan,nan,78.033243362847,0.012815051084704,nan,nan,20,2,2,16,0.090348290966161,0.090348290966161,-2.4040831778266,1,160
0.45,200,-227.40492362042,nan,nan,nan,78.033243362847,0.012815051084704,nan,nan,20,2,2,17,0.089260430315763,0.089260430315763,-2.4161969988677,1,160
0.45,200,-227.40492362042,nan,nan,nan,78.033243362847,0.012815051084704,nan,nan,20,2,2,18,0.088196990760241,0.088196990760241,-2.4281824349161,1,160
0.45,200,-227.40492362042,nan,nan,nan,78.033243362847,0.012815051084704,nan,nan,20,2,2,19,0.087153853541586,0.087153853541586,-2.440080290649,1,160
0.45,200,-227.40492362042,nan,nan,nan,78.033243362847,0.012815051084704,nan,nan,20,2,2,20,0.086136223750394,0.086136223750394,-2.4518252388312,1,160
0.45,200,-227.40492362042,nan,nan,nan,78.033243362847,0.012815051084704,nan,nan,20,2,2,21,0.08513407223006,0.08513407223006,-2.4635279448014,1,160
0.45,200,-227.40492362042,nan,nan,nan,78.033243362847,0.012815051084704,nan,nan,20,2,2,22,0.08415146116084,0.08415146116084,-2.4751369947309,1,160
0.45,200,-227.40492362042,nan,nan,nan,78.033243362847,0.012815051084704,nan,nan,20,2,2,23,0.083182273859513,0.083182273859513,-2.4867210084275,1,160
0.45,200,-227.40492362042,nan,nan,nan,78.033243362847,0.012815051084704,nan,nan,20,2,2,24,0.082224147164391,0.082224147164391,-2.4983062589354,1,160
0.45,200,-227.40492362042,nan,nan,nan,78.033243362847,0.012815051084704,nan,nan,20,2,2,25,0.081278433857278,0.081278433857278,-2.5098745638258,1,160
0.45,200,-227.40492362042,nan,nan,nan,78.033243362847,0.012815051084704,nan,nan,20,2,2,26,0.080345163338197,0.080345163338197,-2.5214233835302,1,160
0.45,200,-227.40492362042,nan,nan,nan,78.033243362847,0.012815051084704,nan,nan,20,2,2,27,0.07942263805845,0.07942263805845,-2.5329718372801,1,160
0.45,200,-227.40492362042,nan,nan,nan,78.033243362847,0.012815051084704,nan,nan,20,2,2,28,0.07851458126717,0.07851458126717,-2.5444709228165,1,160
0.45,200,-227.40492362042,nan,nan,nan,78.033243362847,0.012815051084704,nan,nan,20,2,2,29,0.07761509382148,0.07761509382148,-2.5559933626984,1,160
0.45,200,-227.40492362042,nan,nan,nan,78.033243362847,0.012815051084704,nan,nan,20,2,2,30,0.076720068533602,0.076720068533602,-2.5675919551122,1,160
0.45,200,-227.40492362042,nan,nan,nan,78.033243362847,0.012815051084704,nan,nan,20,2,2,31,0.075830397416032,0.075830397416032,-2.5792560454017,1,160
0.45,200,-227.40492362042,nan,nan,nan,78.033243362847,0.012815051084704,nan,nan,20,2,2,32,0.074946090257141,0.074946090257141,-2.5909862204754,1,160
0.45,200,-227.40492362042,nan,nan,nan,78.033243362847,0.012815051084704,nan,nan,20,2,2,33,0.074065511233254,0.074065511233254,-2.6028052904775,1,160
0.45,200,-227.40492362042,nan,nan,nan,78.033243362847,0.012815051084704,nan,nan,20,2,2,34,0.073189123948402,0.073189123948402,-2.6147084489938,1,160
0.45,200,-227.40492362042,nan,nan,nan,78.033243362847,0.012815051084704,nan,nan,20,2,2,35,0.072314248137657,0.072314248137657,-2.626734099556,1,160
0.45,200,-227.40492362042,nan,nan,nan,78.033243362847,0.012815051084704,nan,nan,20,2,2,36,0.071447634343749,0.071447634343749,-2.6387904844091,1,160
0.45,200,-227.40492362042,nan,nan,nan,78.033243362847,0.012815051084704,nan,nan,20,2,2,37,0.070580855468925,0.070580855468925,-2.6509963402513,1,160
0.45,200,-227.40492362042,nan,nan,nan,78.033243362847,0.012815051084704,nan,nan,20,2,2,38,0.069714763648338,0.069714763648338,-2.6633431665964,1,160
0.45,200,-227.40492362042,nan,nan,nan,78.033243362847,0.012815051084704,nan,nan,20,2,2,39,0.06885074173689,0.06885074173689,-2.6758142806354,1,160
0.45,200,-227.40492362042,nan,nan,nan,78.033243362847,0.012815051084704,nan,nan,20,2,2,40,0.067990166648073,0.067990166648073,-2.6883921923794,1,160
0.45,200,-227.40492362042,nan,nan,nan,78.033243362847,0.012815051084704,nan,nan,20,2,2,41,0.067132203224435,0.067132203224435,-2.7010914213044,1,160
0.45,200,-227.40492362042,nan,nan,nan,78.033243362847,0.012815051084704,nan,nan,20,2,2,42,0.066272617841561,0.066272617841561,-2.7139784709979,1,160
0.45,200,-227.40492362042,nan,nan,nan,78.033243362847,0.012815051084704,nan,nan,20,2,2,43,0.065417646656115,0.065417646656115,-2.7269632303695,1,160
0.45,200,-227.40492362042,nan,nan,nan,78.033243362847,0.012815051084704,nan,nan,20,2,2,44,0.064570611000714,0.064570611000714,-2.7399959097787,1,160
0.45,200,-227.40492362042,nan,nan,nan,78.033243362847,0.012815051084704,nan,nan,20,2,2,45,0.063728572618973,0.063728572618973,-2.753122267224,1,160
0.45,200,-227.40492362042,nan,nan,nan,78.033243362847,0.012815051084704,nan,nan,20,2,2,46,0.062885626495933,0.062885626495933,-2.7664376549671,1,160
0.45,200,-227.40492362042,nan,nan,nan,78.033243362847,0.012815051084704,nan,nan,20,2,2,47,0.062049101577893,0.062049101577893,-2.7798292464389,1,160
0.45,200,-227.40492362042,nan,nan,nan,78.033243362847,0.012815051084704,nan,nan,20,2,2,48,0.061219971846409,0.061219971846409,-2.7932818053407,1,160
0.45,200,-227.40492362042,nan,nan,nan,78.033243362847,0.012815051084704,nan,nan,20,2,2,49,0.060401016327499,0.060401016327499,-2.8067493475687,1,160
0.45,200,-227.40492362042,nan,nan,nan,78.033243362847,0.012815051084704,nan,nan,20,2,2,50,0.059588917303846,0.059588917303846,-2.8202856734797,1,160
0.45,200,-227.40492362042,nan,nan,nan,78.033243362847,0.012815051084704,nan,nan,20,2,2,51,0.058786195047322,0.058786195047322,-2.833848229749,1,160
0.45,200,-227.40492362042,nan,nan,nan,78.033243362847,0.012815051084704,nan,nan,20,2,2,52,0.057994669599428,0.057994669599428,-2.8474041761172,1,160
0.45,200,-227.40492362042,nan,nan,nan,78.033243362847,0.012815051084704,nan,nan,20,2,2,53,0.057210474123233,0.057210474123233,-2.8610182833172,1,160
0.45,200,-227.40492362042,nan,nan,nan,78.033243362847,0.012815051084704,nan,nan,20,2,2,54,0.056437262704227,0.056437262704227,-2.87462565239,1,160
0.45,200,-227.40492362042,nan,nan,nan,78.033243362847,0.012815051084704,nan,nan,20,2,2,55,0.055672910104117,0.055672910104117,-2.8882616039637,1,160
0.45,200,-227.40492362042,nan,nan,nan,78.033243362847,0.012815051084704,nan,nan,20,2,2,56,0.054922119386996,0.054922119386996,-2.9018391083864,1,160
0.45,200,-227.40492362042,nan,nan,nan,78.033243362847,0.012815051084704,nan,nan,20,2,2,57,0.054183636917159,0.054183636917159,-2.9153763180155,1,160
0.45,200,-227.40492362042,nan,nan,nan,78.033243362847,0.012815051084704,nan,nan,20,2,2,58,0.053453875595343,0.053453875595343,-2.92893613534,1,160
0.45,200,-227.40492362042,nan,nan,nan,78.033243362847,0.012815051084704,nan,nan,20,2,2,59,0.052735178695026,0.052735178695026,-2.9424725187123,1,160
0.45,200,-227.40492362042,nan,nan,nan,78.033243362847,0.012815051084704,nan,nan,20,2,2,60,0.052031759630161,0.052031759630161,-2.9559009847215,1,160
0.45,200,-227.40492362042,nan,nan,nan,78.033243362847,0.012815051084704,nan,nan,20,2,2,61,0.051335600362411,0.051335600362411,-2.9693708033077,1,160
0.45,200,-227.40492362042,nan,nan,nan,78.033243362847,0.012815051084704,nan,nan,20,2,2,62,0.050655863332464,0.050655863332464,-2.9827002932407,1,160
0.45,200,-227.40492362042,nan,nan,nan,78.033243362847,0.012815051084704,nan,nan,20,2,2,63,0.049982433875943,0.049982433875943,-2.9960836577633,1,160
0.45,200,-227.40492362042,nan,nan,nan,78.033243362847,0.012815051084704,nan,nan,20,2,2,64,0.04931991296998,0.04931991296998,-3.0094273652865,1,160
0.45,200,-227.40492362042,nan,nan,nan,78.033243362847,0.012815051084704,nan,nan,20,2,2,65,0.048666580684041,0.048666580684041,-3.0227627127098,1,160
0.45,200,-227.40492362042,nan,nan,nan,78.033243362847,0.012815051084704,nan,nan,20,2,2,66,0.0480237131517,0.0480237131517,-3.0360603660702,1,160
0.45,200,-227.40492362042,nan,nan,nan,78.033243362847,0.012815051084704,nan,nan,20,2,2,67,0.047391384683974,0.047391384683974,-3.0493148245231,1,160
0.45,200,-227.40492362042,nan,nan,nan,78.033243362847,0.012815051084704,nan,nan,20,2,2,68,0.046769113120605,0.046769113120605,-3.0625322699941,1,160
0.45,200,-227.40492362042,nan,nan,nan,78.033243362847,0.012815051084704,nan,nan,20,2,2,69,0.04615310231865,0.04615310231865,-3.0757910977867,1,160
0.45,200,-227.40492362042,nan,nan,nan,78.033243362847,0.012815051084704,nan,nan,20,2,2,70,0.045545770841931,0.045545770841931,-3.0890375060865,1,160
0.45,200,-227.40492362042,nan,nan,nan,78.033243362847,0.012815051084704,nan,nan,20,2,2,71,0.04494702579011,0.04494702579011,-3.1022706873257,1,160
0.45,200,-227.40492362042,nan,nan,nan,78.033243362847,0.012815051084704,nan,nan,20,2,2,72,0.044361354045216,0.044361354045216,-3.1153865929528,1,160
0.45,200,-227.40492362042,nan,nan,nan,78.033243362847,0.012815051084704,nan,nan,20,2,2,73,0.043784103855642,0.043784103855642,-3.1284844531435,1,160
0.45,200,-227.40492362042,nan,nan,nan,78.033243362847,0.012815051084704,nan,nan,20,2,2,74,0.04321647264255,0.04321647264255,-3.1415335452426,1,160
0.45,200,-227.40492362042,nan,nan,nan,78.033243362847,0.012815051084704,nan,nan,20,2,2,75,0.042656188247566,0.042656188247566,-3.15458292184,1,160
0.45,200,-227.40492362042,nan,nan,nan,78.033243362847,0.012815051084704,nan,nan,20,2,2,76,0.042102678561796,0.042102678561796,-3.1676439165221,1,160
0.45,200,-227.40492362042,nan,nan,nan,78.033243362847,0.012815051084704,nan,nan,20,2,2,77,0.041558405377202,0.041558405377202,-3.1806554826595,1,160
0.45,200,-227.40492362042,nan,nan,nan,78.033243362847,0.012815051084704,nan,nan,20,2,2,78,0.04102355506294,0.04102355506294,-3.1936088635174,1,160
0.45,200,-227.40492362042,nan,nan,nan,78.033243362847,0.012815051084704,nan,nan,20,2,2,79,0.040497461445859,0.040497461445859,-3.2065159871833,1,160
0.45,200,-227.40492362042,nan,nan,nan,78.033243362847,0.012815051084704,nan,nan,20,2,2,80,0.039979307436403,0.039979307436403,-3.2193932728112,1,160
0.45,200,-227.40492362042,nan,nan,nan,78.033243362847,0.012815051084704,nan,nan,20,2,2,81,0.039470148941944,0.039470148941944,-3.2322106157664,1,160
0.45,200,-227.40492362042,nan,nan,nan,78.033243362847,0.012815051084704,nan,nan,20,2,2,82,0.038967832888955,0.038967832888955,-3.2450187709044,1,160
0.45,200,-227.40492362042,nan,nan,nan,78.033243362847,0.012815051084704,nan,nan,20,2,2,83,0.038474175819428,0.038474175819428,-3.2577680206841,1,160
0.45,200,-227.40492362042,nan,nan,nan,78.033243362847,0.012815051084704,nan,nan,20,2,2,84,0.037986200466334,0.037986200466334,-3.2705323308319,1,160
0.45,200,-227.40492362042,nan,nan,nan,78.033243362847,0.012815051084704,nan,nan,20,2,2,85,0.037504876151074,0.037504876151074,-3.2832843237637,1,160
0.45,200,-227.40492362042,nan,nan,nan,78.033243362847,0.012815051084704,nan,nan,20,2,2,86,0.037031663027576,0.037031663027576,-3.2959819747875,1,160
0.45,200,-227.40492362042,nan,nan,nan,78.033243362847,0.012815051084704,nan,nan,20,2,2,87,0.036566317400104,0.036566317400104,-3.3086277519159,1,160
0.45,200,-227.40492362042,nan,nan,nan,78.033243362847,0.012815051084704,nan,nan,20,2,2,88,0.036107266296895,0.036107266296895,-3.3212611514354,1,160
0.45,200,-227.40492362042,nan,nan,nan,78.033243362847,0.012815051084704,nan,nan,20,2,2,89,0.035655846235182,0.035655846235182,-3.3338421558,1,160
0.45,200,-227.40492362042,nan,nan,nan,78.033243362847,0.012815051084704,nan,nan,20,2,2,90,0.035211522400201,0.035211522400201,-3.3463819090276,1,160
0.45,200,-227.40492362042,nan,nan,nan,78.033243362847,0.012815051084704,nan,nan,20,2,2,91,0.034774358020996,0.034774358020996,-3.3588750022777,1,160
0.45,200,-227.40492362042,nan,nan,nan,78.033243362847,0.012815051084704,nan,nan,20,2,2,92,0.034341272350414,0.034341272350414,-3.3714073726438,1,160
0.45,200,-227.40492362042,nan,nan,nan,78.033243362847,0.012815051084704,nan,nan,20,2,2,93,0.033915020172544,0.033915020172544,-3.3838972897871,1,160
0.45,200,-227.40492362042,nan,nan,nan,78.033243362847,0.012815051084704,nan,nan,20,2,2,94,0.033494641298885,0.033494641298885,-3.3963698141736,1,160
0.45,200,-227.40492362042,nan,nan,nan,78.033243362847,0.012815051084704,nan,nan,20,2,2,95,0.033079914751083,0.033079914751083,-3.4088289858831,1,160
0.45,200,-227.40492362042,nan,nan,nan,78.033243362847,0.012815051084704,nan,nan,20,2,2,96,0.032668234146557,0.032668234146557,-3.4213521060526,1,160
0.45,200,-227.40492362042,nan,nan,nan,78.033243362847,0.012815051084704,nan,nan,20,2,2,97,0.032260304127466,0.032260304127466,-3.4339177789437,1,160
0.45,200,-227.40492362042,nan,nan,nan,78.033243362847,0.012815051084704,nan,nan,20,2,2,98,0.031857712835631,0.031857712835631,-3.446475765036,1,160
0.45,200,-227.40492362042,nan,nan,nan,78.033243362847,0.012815051084704,nan,nan,20,2,2,99,0.031458587569855,0.031458587569855,-3.459083278423,1,160
0.45,200,-227.40492362042,nan,nan,nan,78.033243362847,0.012815051084704,nan,nan,20,2,2,100,0.031063645835305,0.031063645835305,-3.4717170877475,1,160
0.45,200,-227.40492362042,nan,nan,nan,78.033243362847,0.012815051084704,nan,nan,20,2,2,101,0.030674503839863,0.030674503839863,-3.4843234632556,1,160
0.45,200,-227.40492362042,nan,nan,nan,78.033243362847,0.012815051084704,nan,nan,20,2,2,102,0.030287630330067,0.030287630330067,-3.4970158897512,1,160
0.45,200,-227.40492362042,nan,nan,nan,78.033243362847,0.012815051084704,nan,nan,20,2,2,103,0.029904432602431,0.029904432602431,-3.5097485620001,1,160
0.45,200,-227.40492362042,nan,nan,nan,78.033243362847,0.012815051084704,nan,nan,20,2,2,104,0.029525231836756,0.029525231836756,-3.5225100647109,1,160
0.45,200,-227.40492362042,nan,nan,nan,78.033243362847,0.012815051084704,nan,nan,20,2,2,105,0.029150411657857,0.029150411657857,-3.5352862442319,1,160
0.45,200,-227.40492362042,nan,nan,nan,78.033243362847,0.012815051084704,nan,nan,20,2,2,106,0.028778045436062,0.028778045436062,-3.548142493795,1,160
0.45,200,-227.40492362042,nan,nan,nan,78.033243362847,0.012815051084704,nan,nan,20,2,2,107,0.02840851745655,0.02840851745655,-3.5610662683372,1,160
0.45,200,-227.40492362042,nan,nan,nan,78.033243362847,0.012815051084704,nan,nan,20,2,2,108,0.028041559017032,0.028041559017032,-3.5740676186099,1,160
0.45,200,-227.40492362042,nan,nan,nan,78.033243362847,0.012815051084704,nan,nan,20,2,2,109,0.027678873740817,0.027678873740817,-3.5870858376148,1,160
0.45,200,-227.40492362042,nan,nan,nan,78.033243362847,0.012815051084704,nan,nan,20,2,2,110,0.027320755331528,0.027320755331528,-3.6001085970948,1,160
0.45,200,-227.40492362042,nan,nan,nan,78.033243362847,0.012815051084704,nan,nan,20,2,2,111,0.026967218987873,0.026967218987873,-3.6131332621686,1,160
0.45,200,-227.40492362042,nan,nan,nan,78.033243362847,0.012815051084704,nan,nan,20,2,2,112,0.026616665245393,0.026616665245393,-3.6262177463871,1,160
0.45,200,-227.40492362042,nan,nan,nan,78.033243362847,0.012815051084704,nan,nan,20,2,2,113,0.026272102049784,0.026272102049784,-3.6392476613643,1,160
0.45,200,-227.40492362042,nan,nan,nan,78.033243362847,0.012815051084704,nan,nan,20,2,2,114,0.025932345482154,0.025932345482154,-3.6522642291392,1,160
0.45,200,-227.40492362042,nan,nan,nan,78.033243362847,0.012815051084704,nan,nan,20,2,2,115,0.02559753318453,0.02559753318453,-3.6652592921188,1,160
0.45,200,-227.40492362042,nan,nan,nan,78.033243362847,0.012815051084704,nan,nan,20,2,2,116,0.02526596907014,0.02526596907014,-3.6782968847443,1,160
0.45,200,-227.40492362042,nan,nan,nan,78.033243362847,0.012815051084704,nan,nan,20,2,2,117,0.024938470446668,0.024938470446668,-3.6913436699346,1,160
0.45,200,-227.40492362042,nan,nan,nan,78.033243362847,0.012815051084704,nan,nan,20,2,2,118,0.024615585022594,0.024615585022594,-3.7043754991402,1,160
0.45,200,-227.40492362042,nan,nan,nan,78.033243362847,0.012815051084704,nan,nan,20,2,2,119,0.024297729360576,0.024297729360576,-3.7173723749532,1,160
0.45,200,-227.40492362042,nan,nan,nan,78.033243362847,0.012815051084704,nan,nan,20,2,2,120,0.023983588600031,0.023983588600031,-3.7303854908698,1,160
0.45,200,-227.40492362042,nan,nan,nan,78.033243362847,0.012815051084704,nan,nan,20,2,2,121,0.023672673141489,0.023672673141489,-3.7434339280985,1,160
0.45,200,-227.40492362042,nan,nan,nan,78.033243362847,0.012815051084704,nan,nan,20,2,2,122,0.0233662614648,0.0233662614648,-3.7564621147814,1,160
0.45,200,-227.40492362042,nan,nan,nan,78.033243362847,0.012815051084704,nan,nan,20,2,2,123,0.023065611187056,0.023065611187056,-3.7694124638601,1,160
0.45,200,-227.40492362042,nan,nan,nan,78.033243362847,0.012815051084704,nan,nan,20,2,2,124,0.02276764890351,0.02276764890351,-3.7824146583654,1,160
0.45,200,-227.40492362042,nan,nan,nan,78.033243362847,0.012815051084704,nan,nan,20,2,2,125,0.022474512621837,0.022474512621837,-3.7953733842061,1,160
0.45,200,-227.40492362042,nan,nan,nan,78.033243362847,0.012815051084704,nan,nan,20,2,2,126,0.022185261785199,0.022185261785199,-3.8083270941217,1,160
0.45,200,-227.40492362042,nan,nan,nan,78.033243362847,0.012815051084704,nan,nan,20,2,2,127,0.021901777315493,0.021901777315493,-3.8211874894941,1,160
0.45,200,-227.40492362042,nan,nan,nan,78.033243362847,0.012815051084704,nan,nan,20,2,2,128,0.021622162826232,0.021622162826232,-3.8340364335585,1,160
0.45,200,-227.40492362042,nan,nan,nan,78.033243362847,0.012815051084704,nan,nan,20,2,2,129,0.021349353055077,0.021349353055077,-3.8467338416365,1,160
0.45,200,-227.40492362042,nan,nan,nan,78.033243362847,0.012815051084704,nan,nan,20,2,2,130,0.021079321237515,0.021079321237515,-3.8594627551863,1,160
0.45,200,-227.40492362042,nan,nan,nan,78.033243362847,0.012815051084704,nan,nan,20,2,2,131,0.020813388902542,0.020813388902542,-3.8721588021215,1,160
0.45,200,-227.40492362042,nan,nan,nan,78.033243362847,0.012815051084704,nan,nan,20,2,2,132,0.020549427887217,0.020549427887217,-3.8849221784656,1,160
0.45,200,-227.40492362042,nan,nan,nan,78.033243362847,0.012815051084704,nan,nan,20,2,2,133,0.020289487512979,0.020289487512979,-3.8976523835719,1,160
0.45,200,-227.40492362042,nan,nan,nan,78.033243362847,0.012815051084704,nan,nan,20,2,2,134,0.020032628615133,0.020032628615133,-3.910392904009,1,160
0.45,200,-227.40492362042,nan,nan,nan,78.033243362847,0.012815051084704,nan,nan,20,2,2,135,0.019780619658534,0.019780619658534,-3.9230526257488,1,160
0.45,200,-227.40492362042,nan,nan,nan,78.033243362847,0.012815051084704,nan,nan,20,2,2,136,0.019530018338177,0.019530018338177,-3.9358025951192,1,160
0.45,200,-227.40492362042,nan,nan,nan,78.033243362847,0.012815051084704,nan,nan,20,2,2,137,0.019286011488254,0.019286011488254,-3.9483752392157,1,160
0.45,200,-227.40492362042,nan,nan,nan,78.033243362847,0.012815051084704,nan,nan,20,2,2,138,0.019043211460828,0.019043211460828,-3.9610445946808,1,160
0.45,200,-227.40492362042,nan,nan,nan,78.033243362847,0.012815051084704,nan,nan,20,2,2,139,0.01880533794953,0.01880533794953,-3.9736145159621,1,160
0.45,200,-227.40492362042,nan,nan,nan,78.033243362847,0.012815051084704,nan,nan,20,2,2,140,0.018569257142616,0.018569257142616,-3.9862479075078,1,160
0.45,200,-227.40492362042,nan,nan,nan,78.033243362847,0.012815051084704,nan,nan,20,2,2,141,0.01833815621382,0.01833815621382,-3.9987713508053,1,160
0.45,200,-227.40492362042,nan,nan,nan,78.033243362847,0.012815051084704,nan,nan,20,2,2,142,0.018112017816526,0.018112017816526,-4.0111795932756,1,160
0.45,200,-227.40492362042,nan,nan,nan,78.033243362847,0.012815051084704,nan,nan,20,2,2,143,0.017889385538191,0.017889385538191,-4.0235477287148,1,160
0.45,200,-227.40492362042,nan,nan,nan,78.033243362847,0.012815051084704,nan,nan,20,2,2,144,0.017669661798687,0.017669661798687,-4.0359061326929,1,160
0.45,200,-227.40492362042,nan,nan,nan,78.033243362847,0.012815051084704,nan,nan,20,2,2,145,0.0174540569356,0.0174540569356,-4.048183168209,1,160
0.45,200,-227.40492362042,nan,nan,nan,78.033243362847,0.012815051084704,nan,nan,20,2,2,146,0.017242520266471,0.017242520266471,-4.0603768372806,1,160
0.45,200,-227.40492362042,nan,nan,nan,78.033243362847,0.012815051084704,nan,nan,20,2,2,147,0.017034110702072,0.017034110702072,-4.0725374333956,1,160
0.45,200,-227.40492362042,nan,nan,nan,78.033243362847,0.012815051084704,nan,nan,20,2,2,148,0.016829517231288,0.016829517231288,-4.0846209562005,1,160
0.45,200,-227.40492362042,nan,nan,nan,78.033243362847,0.012815051084704,nan,nan,20,2,2,149,0.016629100984808,0.016629100984808,-4.0966010470817,1,160
0.45,200,-227.40492362042,nan,nan,nan,78.033243362847,0.012815051084704,nan,nan,20,2,2,150,0.016432338172964,0.016432338172964,-4.1085040458614,1,160
0.45,200,-227.40492362042,nan,nan,nan,78.033243362847,0.012815051084704,nan,nan,20,2,2,151,0.016240860342681,0.016240860342681,-4.1202249688858,1,160
0.45,200,-227.40492362042,nan,nan,nan,78.033243362847,0.012815051084704,nan,nan,20,2,2,152,0.016053185319114,0.016053185319114,-4.131847986847,1,160
0.45,200,-227.40492362042,nan,nan,nan,78.033243362847,0.012815051084704,nan,nan,20,2,2,153,0.015870234835981,0.015870234835981,-4.143309947075,1,160
0.45,200,-227.40492362042,nan,nan,nan,78.033243362847,0.012815051084704,nan,nan,20,2,2,154,0.015691081461396,0.015691081461396,-4.1546627878187,1,160
0.45,200,-227.40492362042,nan,nan,nan,78.033243362847,0.012815051084704,nan,nan,20,2,2,155,0.015515888113317,0.015515888113317,-4.1658907404824,1,160
0.45,200,-227.40492362042,nan,nan,nan,78.033243362847,0.012815051084704,nan,nan,20,2,2,156,0.015345813403129,0.015345813403129,-4.1769125846171,1,160
0.45,200,-227.40492362042,nan,nan,nan,78.033243362847,0.012815051084704,nan,nan,20,2,2,157,0.015179315966927,0.015179315966927,-4.1878215694972,1,160
0.45,200,-227.40492362042,nan,nan,nan,78.033243362847,0.012815051084704,nan,nan,20,2,2,158,0.015016947457474,0.015016947457474,-4.1985758851598,1,160
0.45,200,-227.40492362042,nan,nan,nan,78.033243362847,0.012815051084704,nan,nan,20,2,2,159,0.014857991546339,0.014857991546339,-4.2092174072163,1,160
0.45,200,-227.40492362042,nan,nan,nan,78.033243362847,0.012815051084704,nan,nan,20,2,2,160,0.014702679430426,0.014702679430426,-4.2197255276287,1,160
0.5,200,-177.08137752568,nan,nan,nan,71.363300628106,0.014012804777785,nan,nan,20,2,2,1,0.11015852216052,0.11015852216052,-2.2058348400428,1,160
0.5,200,-177.08137752568,nan,nan,nan,71.363300628106,0.014012804777785,nan,nan,20,2,2,2,0.10821560646987,0.10821560646987,-2.2236296857263,1,160
0.5,200,-177.08137752568,nan,nan,nan,71.363300628106,0.014012804777785,nan,nan,20,2,2,3,0.10584788715071,0.10584788715071,-2.2457522423874,1,160
0.5,200,-177.08137752568,nan,nan,nan,71.363300628106,0.014012804777785,nan,nan,20,2,2,4,0.10335874557099,0.10335874557099,-2.269549375525,1,160
0.5,200,-177.08137752568,nan,nan,nan,71.363300628106,0.014012804777785,nan,nan,20,2,2,5,0.10090825418762,0.10090825418762,-2.2935435493429,1,160
0.5,200,-177.08137752568,nan,nan,nan,71.363300628106,0.014012804777785,nan,nan,20,2,2,6,0.098574169969152,0.098574169969152,-2.3169460195516,1,160
0.5,200,-177.08137752568,nan,nan,nan,71.363300628106,0.014012804777785,nan,nan,20,2,2,7,0.096384550717906,0.096384550717906,-2.3394093524714,1,160
0.5,200,-177.08137752568,nan,nan,nan,71.363300628106,0.014012804777785,nan,nan,20,2,2,8,0.094349222642953,0.094349222642953,-2.3607522462799,1,160
0.5,200,-177.08137752568,nan,nan,nan,71.363300628106,0.014012804777785,nan,nan,20,2,2,9,0.092461339349993,0.092461339349993,-2.3809646748035,1,160
0.5,200,-177.08137752568,nan,nan,nan,71.363300628106,0.014012804777785,nan,nan,20,2,2,10,0.090709704519426,0.090709704519426,-2.4000909317807,1,160
0.5,200,-177.08137752568,nan,nan,nan,71.363300628106,0.014012804777785,nan,nan,20,2,2,11,0.089079056715716,0.089079056715716,-2.4182310258305,1,160
0.5,200,-177.08137752568,nan,nan,nan,71.363300628106,0.014012804777785,nan,nan,20,2,2,12,0.08755772926492,0.08755772926492,-2.4354569401389,1,160
0.5,200,-177.08137752568,nan,nan,nan,71.363300628106,0.014012804777785,nan,nan,20,2,2,13,0.086138338261215,0.086138338261215,-2.4518006906821,1,160
0.5,200,-177.08137752568,nan,nan,nan,71.363300628106,0.014012804777785,nan,nan,20,2,2,14,0.084800420829341,0.084800420829341,-2.4674547735864,1,160
0.5,200,-177.08137752568,nan,nan,nan,71.363300628106,0.014012804777785,nan,nan,20,2,2,15,0.08353681448397,0.08353681448397,-2.4824678522661,1,160
0.5,200,-177.08137752568,nan,nan,nan,71.363300628106,0.014012804777785,nan,nan,20,2,2,16,0.082340609354914,0.082340609354914,-2.4968908621952,1,160
0.5,200,-177.08137752568,nan,nan,nan,71.363300628106,0.014012804777785,nan,nan,20,2,2,17,0.081196278303247,0.081196278303247,-2.5108858665688,1,160
0.5,200,-177.08137752568,nan,nan,nan,71.363300628106,0.014012804777785,nan,nan,20,2,2,18,0.080110629956595,0.080110629956595,-2.5243467251411,1,160
0.5,200,-177.08137752568,nan,nan,nan,71.363300628106,0.014012804777785,nan,nan,20,2,2,19,0.079058299686982,0.079058299686982,-2.5375697279603,1,160
0.5,200,-177.08137752568,nan,nan,nan,71.363300628106,0.014012804777785,nan,nan,20,2,2,20,0.078047048927449,0.078047048927449,-2.5504434427618,1,160
0.5,200,-177.08137752568,nan,nan,nan,71.363300628106,0.014012804777785,nan,nan,20,2,2,21,0.077068457876374,0.077068457876374,-2.5630611887816,1,160
0.5,200,-177.08137752568,nan,nan,nan,71.363300628106,0.014012804777785,nan,nan,20,2,2,22,0.076126162821088,0.076126162821088,-2.5753632779149,1,160
0.5,200,-177.08137752568,nan,nan,nan,71.363300628106,0.014012804777785,nan,nan,20,2,2,23,0.075203015872822,0.075203015872822,-2.5875639441387,1,160
0.5,200,-177.08137752568,nan,nan,nan,71.363300628106,0.014012804777785,nan,nan,20,2,2,24,0.074307367550031,0.074307367550031,-2.5995451726854,1,160
0.5,200,-177.08137752568,nan,nan,nan,71.363300628106,0.014012804777785,nan,nan,20,2,2,25,0.073424145824592,0.073424145824592,-2.61150243527,1,160
0.5,200,-177.08137752568,nan,nan,nan,71.363300628106,0.014012804777785,nan,nan,20,2,2,26,0.072556896611412,0.072556896611412,-2.6233842440539,1,160
0.5,200,-177.08137752568,nan,nan,nan,71.363300628106,0.014012804777785,nan,nan,20,2,2,27,0.071694573016966,0.071694573016966,-2.6353402243811,1,160
0.5,200,-177.08137752568,nan,nan,nan,71.363300628106,0.014012804777785,nan,nan,20,2,2,28,0.070834566405645,0.070834566405645,-2.6474081713576,1,160
0.5,200,-177.08137752568,nan,nan,nan,71.363300628106,0.014012804777785,nan,nan,20,2,2,29,0.069991084461541,0.069991084461541,-2.6593874098795,1,160
0.5,200,-177.08137752568,nan,nan,nan,71.363300628106,0.014012804777785,nan,nan,20,2,2,30,0.069136177891769,0.069136177891769,-2.6716771267258,1,160
0.5,200,-177.08137752568,nan,nan,nan,71.363300628106,0.014012804777785,nan,nan,20,2,2,31,0.068276966645191,0.068276966645191,-2.6841828072743,1,160
0.5,200,-177.08137752568,nan,nan,nan,71.363300628106,0.014012804777785,nan,nan,20,2,2,32,0.067429634948357,0.067429634948357,-2.6966706700371,1,160
0.5,200,-177.08137752568,nan,nan,nan,71.363300628106,0.014012804777785,nan,nan,20,2,2,33,0.066587724710829,0.066587724710829,-2.7092350320749,1,160
0.5,200,-177.08137752568,nan,nan,nan,71.363300628106,0.014012804777785,nan,nan,20,2,2,34,0.065745659215886,0.065745659215886,-2.7219616296339,1,160
0.5,200,-177.08137752568,nan,nan,nan,71.363300628106,0.014012804777785,nan,nan,20,2,2,35,0.064900953211553,0.064900953211553,-2.7348929679909,1,160
0.5,200,-177.08137752568,nan,nan,nan,71.363300628106,0.014012804777785,nan,nan,20,2,2,36,0.064058616954676,0.064058616954676,-2.7479567248769,1,160
0.5,200,-177.08137752568,nan,nan,nan,71.363300628106,0.014012804777785,nan,nan,20,2,2,37,0.063222453945625,0.063222453945625,-2.761095756978,1,160
0.5,200,-177.08137752568,nan,nan,nan,71.363300628106,0.014012804777785,nan,nan,20,2,2,38,0.062384343997588,0.062384343997588,-2.7744409325613,1,160
0.5,200,-177.08137752568,nan,nan,nan,71.363300628106,0.014012804777785,nan,nan,20,2,2,39,0.061551825098462,0.061551825098462,-2.7878757745011,1,160
0.5,200,-177.08137752568,nan,nan,nan,71.363300628106,0.014012804777785,nan,nan,20,2,2,40,0.060718048722801,0.060718048722801,-2.8015142820699,1,160
0.5,200,-177.08137752568,nan,nan,nan,71.363300628106,0.014012804777785,nan,nan,20,2,2,41,0.059892413938647,0.059892413938647,-2.8152054273125,1,160
0.5,200,-177.08137752568,nan,nan,nan,71.363300628106,0.014012804777785,nan,nan,20,2,2,42,0.05908295483947,0.05908295483947,-2.8288128083606,1,160
0.5,200,-177.08137752568,nan,nan,nan,71.363300628106,0.014012804777785,nan,nan,20,2,2,43,0.058278447528777,0.058278447528777,-2.8425229361572,1,160
0.5,200,-177.08137752568,nan,nan,nan,71.363300628106,0.014012804777785,nan,nan,20,2,2,44,0.057490116915675,0.057490116915675,-2.8561422256792,1,160
0.5,200,-177.08137752568,nan,nan,nan,71.363300628106,0.014012804777785,nan,nan,20,2,2,45,0.056706124818131,0.056706124818131,-2.8698730525985,1,160
0.5,200,-177.08137752568,nan,nan,nan,71.363300628106,0.014012804777785,nan,nan,20,2,2,46,0.055935259076742,0.055935259076742,-2.8835603449474,1,160
0.5,200,-177.08137752568,nan,nan,nan,71.363300628106,0.014012804777785,nan,nan,20,2,2,47,0.05517540018449,0.05517540018449,-2.8972380738618,1,160
0.5,200,-177.08137752568,nan,nan,nan,71.363300628106,0.014012804777785,nan,nan,20,2,2,48,0.054428892619542,0.054428892619542,-2.9108601517817,1,160
0.5,200,-177.08137752568,nan,nan,nan,71.363300628106,0.014012804777785,nan,nan,20,2,2,49,0.053696111516974,0.053696111516974,-2.9244146913187,1,160
0.5,200,-177.08137752568,nan,nan,nan,71.363300628106,0.014012804777785,nan,nan,20,2,2,50,0.052968263364347,0.052968263364347,-2.9380623492313,1,160
0.5,200,-177.08137752568,nan,nan,nan,71.363300628106,0.014012804777785,nan,nan,20,2,2,51,0.052254664765531,0.052254664765531,-2.951626114313,1,160
0.5,200,-177.08137752568,nan,nan,nan,71.363300628106,0.014012804777785,nan,nan,20,2,2,52,0.051551062408204,0.051551062408204,-2.965182459455,1,160
0.5,200,-177.08137752568,nan,nan,nan,71.363300628106,0.014012804777785,nan,nan,20,2,2,53,0.050855934255088,0.050855934255088,-2.978758462115,1,160
0.5,200,-177.08137752568,nan,nan,nan,71.363300628106,0.014012804777785,nan,nan,20,2,2,54,0.050170032791964,0.050170032791964,-2.9923373868692,1,160
0.5,200,-177.08137752568,nan,nan,nan,71.363300628106,0.014012804777785,nan,nan,20,2,2,55,0.049494415778439,0.049494415778439,-3.0058954283281,1,160
0.5,200,-177.08137752568,nan,nan,nan,71.363300628106,0.014012804777785,nan,nan,20,2,2,56,0.04882582886781,0.04882582886781,-3.0194958260643,1,160
0.5,200,-177.08137752568,nan,nan,nan,71.363300628106,0.014012804777785,nan,nan,20,2,2,57,0.048166044275346,0.048166044275346,-3.0331009818004,1,160
0.5,200,-177.08137752568,nan,nan,nan,71.363300628106,0.014012804777785,nan,nan,20,2,2,58,0.047517594652649,0.047517594652649,-3.0466552227878,1,160
0.5,200,-177.08137752568,nan,nan,nan,71.363300628106,0.014012804777785,nan,nan,20,2,2,59,0.04688025809729,0.04688025809729,-3.0601586282403,1,160
0.5,200,-177.08137752568,nan,nan,nan,71.363300628106,0.014012804777785,nan,nan,20,2,2,60,0.046253788417785,0.046253788417785,-3.0736119066424,1,160
0.5,200,-177.08137752568,nan,nan,nan,71.363300628106,0.014012804777785,nan,nan,20,2,2,61,0.045637188310643,0.045637188310643,-3.0870323617001,1,160
0.5,200,-177.08137752568,nan,nan,nan,71.363300628106,0.014012804777785,nan,nan,20,2,2,62,0.045028034548395,0.045028034548395,-3.1004699932252,1,160
0.5,200,-177.08137752568,nan,nan,nan,71.363300628106,0.014012804777785,nan,nan,20,2,2,63,0.044428802760591,0.044428802760591,-3.1138673090418,1,160
0.5,200,-177.08137752568,nan,nan,nan,71.363300628106,0.014012804777785,nan,nan,20,2,2,64,0.043833463273324,0.043833463273324,-3.1273577516264,1,160
0.5,200,-177.08137752568,nan,nan,nan,71.363300628106,0.014012804777785,nan,nan,20,2,2,65,0.043243984717993,0.043243984717993,-3.1408971369419,1,160
0.5,200,-177.08137752568,nan,nan,nan,71.363300628106,0.014012804777785,nan,nan,20,2,2,66,0.042663114195994,0.042663114195994,-3.1544205682284,1,160
0.5,200,-177.08137752568,nan,nan,nan,71.363300628106,0.014012804777785,nan,nan,20,2,2,67,0.042090374278197,0.042090374278197,-3.1679362039085,1,160
0.5,200,-177.08137752568,nan,nan,nan,71.363300628106,0.014012804777785,nan,nan,20,2,2,68,0.041521287915749,0.041521287915749,-3.1815490214401,1,160
0.5,200,-177.08137752568,nan,nan,nan,71.363300628106,0.014012804777785,nan,nan,20,2,2,69,0.040958328477848,0.040958328477848,-3.1952001077299,1,160
0.5,200,-177.08137752568,nan,nan,nan,71.363300628106,0.014012804777785,nan,nan,20,2,2,70,0.040405033889481,0.040405033889481,-3.2088009005523,1,160
0.5,200,-177.08137752568,nan,nan,nan,71.363300628106,0.014012804777785,nan,nan,20,2,2,71,0.039858637168685,0.039858637168685,-3.2224161552314,1,160
0.5,200,-177.08137752568,nan,nan,nan,71.363300628106,0.014012804777785,nan,nan,20,2,2,72,0.039315542221252,0.039315542221252,-3.2361353619193,1,160
0.5,200,-177.08137752568,nan,nan,nan,71.363300628106,0.014012804777785,nan,nan,20,2,2,73,0.038779120014937,0.038779120014937,-3.2498733211492,1,160
0.5,200,-177.08137752568,nan,nan,nan,71.363300628106,0.014012804777785,nan,nan,20,2,2,74,0.038247540505511,0.038247540505511,-3.2636760212865,1,160
0.5,200,-177.08137752568,nan,nan,nan,71.363300628106,0.014012804777785,nan,nan,20,2,2,75,0.037718092693453,0.037718092693453,-3.2776153873561,1,160
0.5,200,-177.08137752568,nan,nan,nan,71.363300628106,0.014012804777785,nan,nan,20,2,2,76,0.037190585975633,0.037190585975633,-3.2916996149006,1,160
0.5,200,-177.08137752568,nan,nan,nan,71.363300628106,0.014012804777785,nan,nan,20,2,2,77,0.036667205974118,0.036667205974118,-3.3058724935809,1,160
0.5,200,-177.08137752568,nan,nan,nan,71.363300628106,0.014012804777785,nan,nan,20,2,2,78,0.036150983320253,0.036150983320253,-3.3200511296338,1,160
0.5,200,-177.08137752568,nan,nan,nan,71.363300628106,0.014012804777785,nan,nan,20,2,2,79,0.035637149268827,0.035637149268827,-3.3343666664241,1,160
0.5,200,-177.08137752568,nan,nan,nan,71.363300628106,0.014012804777785,nan,nan,20,2,2,80,0.035126656329515,0.035126656329515,-3.3487949971513,1,160
0.5,200,-177.08137752568,nan,nan,nan,71.363300628106,0.014012804777785,nan,nan,20,2,2,81,0.034619907781586,0.034619907781586,-3.36332639297,1,160
0.5,200,-177.08137752568,nan,nan,nan,71.363300628106,0.014012804777785,nan,nan,20,2,2,82,0.034120299864464,0.034120299864464,-3.3778627678725,1,160
0.5,200,-177.08137752568,nan,nan,nan,71.363300628106,0.014012804777785,nan,nan,20,2,2,83,0.033625295528084,0.033625295528084,-3.3924766521595,1,160
0.5,200,-177.08137752568,nan,nan,nan,71.363300628106,0.014012804777785,nan,nan,20,2,2,84,0.033135692661314,0.033135692661314,-3.4071442494409,1,160
0.5,200,-177.08137752568,nan,nan,nan,71.363300628106,0.014012804777785,nan,nan,20,2,2,85,0.032650647755467,0.032650647755467,-3.4218905840854,1,160
0.5,200,-177.08137752568,nan,nan,nan,71.363300628106,0.014012804777785,nan,nan,20,2,2,86,0.032171965072903,0.032171965072903,-3.4366598555774,1,160
0.5,200,-177.08137752568,nan,nan,nan,71.363300628106,0.014012804777785,nan,nan,20,2,2,87,0.03169980990183,0.03169980990183,-3.4514445949046,1,160
0.5,200,-177.08137752568,nan,nan,nan,71.363300628106,0.014012804777785,nan,nan,20,2,2,88,0.031234680433348,0.031234680433348,-3.4662262491327,1,160
0.5,200,-177.08137752568,nan,nan,nan,71.363300628106,0.014012804777785,nan,nan,20,2,2,89,0.030776335325524,0.030776335325524,-3.481009217909,1,160
0.5,200,-177.08137752568,nan,nan,nan,71.363300628106,0.014012804777785,nan,nan,20,2,2,90,0.030323497239758,0.030323497239758,-3.4958323805404,1,160
0.5,200,-177.08137752568,nan,nan,nan,71.363300628106,0.014012804777785,nan,nan,20,2,2,91,0.029879777205712,0.029879777205712,-3.5105733750468,1,160
0.5,200,-177.08137752568,nan,nan,nan,71.363300628106,0.014012804777785,nan,nan,20,2,2,92,0.029441541466315,0.029441541466315,-3.5253486269027,1,160
0.5,200,-177.08137752568,nan,nan,nan,71.363300628106,0.014012804777785,nan,nan,20,2,2,93,0.029009671026108,0.029009671026108,-3.5401260209301,1,160
0.5,200,-177.08137752568,nan,nan,nan,71.363300628106,0.014012804777785,nan,nan,20,2,2,94,0.028585153768948,0.028585153768948,-3.5548677949227,1,160
0.5,200,-177.08137752568,nan,nan,nan,71.363300628106,0.014012804777785,nan,nan,20,2,2,95,0.028170568762044,0.028170568762044,-3.5694775069518,1,160
0.5,200,-177.08137752568,nan,nan,nan,71.363300628106,0.014012804777785,nan,nan,20,2,2,96,0.027758559303441,0.027758559303441,-3.5842110429813,1,160
0.5,200,-177.08137752568,nan,nan,nan,71.363300628106,0.014012804777785,nan,nan,20,2,2,97,0.027356624129909,0.027356624129909,-3.5987965809053,1,160
0.5,200,-177.08137752568,nan,nan,nan,71.363300628106,0.014012804777785,nan,nan,20,2,2,98,0.026958921334314,0.026958921334314,-3.6134410035933,1,160
0.5,200,-177.08137752568,nan,nan,nan,71.363300628106,0.014012804777785,nan,nan,20,2,2,99,0.026569691755595,0.026569691755595,-3.6279841204973,1,160
0.5,200,-177.08137752568,nan,nan,nan,71.363300628106,0.014012804777785,nan,nan,20,2,2,100,0.026186009847803,0.026186009847803,-3.6425299861054,1,160
0.5,200,-177.08137752568,nan,nan,nan,71.363300628106,0.014012804777785,nan,nan,20,2,2,101,0.025808428389688,0.025808428389688,-3.6570541586326,1,160
0.5,200,-177.08137752568,nan,nan,nan,71.363300628106,0.014012804777785,nan,nan,20,2,2,102,0.025435933389981,0.025435933389981,-3.6715924043105,1,160
0.5,200,-177.08137752568,nan,nan,nan,71.363300628106,0.014012804777785,nan,nan,20,2,2,103,0.025071558851267,0.025071558851267,-3.6860211887982,1,160
0.5,200,-177.08137752568,nan,nan,nan,71.363300628106,0.014012804777785,nan,nan,20,2,2,104,0.024714739138212,0.024714739138212,-3.7003554870751,1,160
0.5,200,-177.08137752568,nan,nan,nan,71.363300628106,0.014012804777785,nan,nan,20,2,2,105,0.024362808023738,0.024362808023738,-3.7146975708733,1,160
0.5,200,-177.08137752568,nan,nan,nan,71.363300628106,0.014012804777785,nan,nan,20,2,2,106,0.024016498735969,0.024016498735969,-3.7290142374858,1,160
0.5,200,-177.08137752568,nan,nan,nan,71.363300628106,0.014012804777785,nan,nan,20,2,2,107,0.023676962138258,0.023676962138258,-3.7432527652763,1,160
0.5,200,-177.08137752568,nan,nan,nan,71.363300628106,0.014012804777785,nan,nan,20,2,2,108,0.023343763420303,0.023343763420303,-3.75742542175,1,160
0.5,200,-177.08137752568,nan,nan,nan,71.363300628106,0.014012804777785,nan,nan,20,2,2,109,0.023014914833638,0.023014914833638,-3.7716128021917,1,160
0.5,200,-177.08137752568,nan,nan,nan,71.363300628106,0.014012804777785,nan,nan,20,2,2,110,0.022690480892967,0.022690480892967,-3.7858097863662,1,160
0.5,200,-177.08137752568,nan,nan,nan,71.363300628106,0.014012804777785,nan,nan,20,2,2,111,0.02237335817537,0.02237335817537,-3.7998843951506,1,160
0.5,200,-177.08137752568,nan,nan,nan,71.363300628106,0.014012804777785,nan,nan,20,2,2,112,0.022061360162672,0.022061360162672,-3.8139276096381,1,160
0.5,200,-177.08137752568,nan,nan,nan,71.363300628106,0.014012804777785,nan,nan,20,2,2,113,0.021752493662293,0.021752493662293,-3.8280268768795,1,160
0.5,200,-177.08137752568,nan,nan,nan,71.363300628106,0.014012804777785,nan,nan,20,2,2,114,0.021448663681495,0.021448663681495,-3.8420929347798,1,160
0.5,200,-177.08137752568,nan,nan,nan,71.363300628106,0.014012804777785,nan,nan,20,2,2,115,0.021150058884933,0.021150058884933,-3.8561125893361,1,160
0.5,200,-177.08137752568,nan,nan,nan,71.363300628106,0.014012804777785,nan,nan,20,2,2,116,0.020857024499549,0.020857024499549,-3.8700644810244,1,160
0.5,200,-177.08137752568,nan,nan,nan,71.363300628106,0.014012804777785,nan,nan,20,2,2,117,0.020566135138386,0.020566135138386,-3.8841094812356,1,160
0.5,200,-177.08137752568,nan,nan,nan,71.363300628106,0.014012804777785,nan,nan,20,2,2,118,0.020280606283731,0.020280606283731,-3.8980902050585,1,160
0.5,200,-177.08137752568,nan,nan,nan,71.363300628106,0.014012804777785,nan,nan,20,2,2,119,0.019999304469289,0.019999304469289,-3.9120577825684,1,160
0.5,200,-177.08137752568,nan,nan,nan,71.363300628106,0.014012804777785,nan,nan,20,2,2,120,0.019721894595144,0.019721894595144,-3.9260258596181,1,160
0.5,200,-177.08137752568,nan,nan,nan,71.363300628106,0.014012804777785,nan,nan,20,2,2,121,0.019446742096411,0.019446742096411,-3.9400757244175,1,160
0.5,200,-177.08137752568,nan,nan,nan,71.363300628106,0.014012804777785,nan,nan,20,2,2,122,0.019173960140226,0.019173960140226,-3.9542021631745,1,160
0.5,200,-177.08137752568,nan,nan,nan,71.363300628106,0.014012804777785,nan,nan,20,2,2,123,0.018904304903506,0.018904304903506,-3.9683656101805,1,160
0.5,200,-177.08137752568,nan,nan,nan,71.363300628106,0.014012804777785,nan,nan,20,2,2,124,0.01863863353187,0.01863863353187,-3.9825187807879,1,160
0.5,200,-177.08137752568,nan,nan,nan,71.363300628106,0.014012804777785,nan,nan,20,2,2,125,0.0183732095048,0.0183732095048,-3.9968616805467,1,160
0.5,200,-177.08137752568,nan,nan,nan,71.363300628106,0.014012804777785,nan,nan,20,2,2,126,0.018111284475053,0.018111284475053,-4.0112200833152,1,160
0.5,200,-177.08137752568,nan,nan,nan,71.363300628106,0.014012804777785,nan,nan,20,2,2,127,0.017852280276461,0.017852280276461,-4.025624032335,1,160
0.5,200,-177.08137752568,nan,nan,nan,71.363300628106,0.014012804777785,nan,nan,20,2,2,128,0.017598162324938,0.017598162324938,-4.0399607957453,1,160
0.5,200,-177.08137752568,nan,nan,nan,71.363300628106,0.014012804777785,nan,nan,20,2,2,129,0.017344641856344,0.017344641856344,-4.0544716470097,1,160
0.5,200,-177.08137752568,nan,nan,nan,71.363300628106,0.014012804777785,nan,nan,20,2,2,130,0.017097592410524,0.017097592410524,-4.0688176200922,1,160
0.5,200,-177.08137752568,nan,nan,nan,71.363300628106,0.014012804777785,nan,nan,20,2,2,131,0.0168514164947,0.0168514164947,-4.0833205607497,1,160
0.5,200,-177.08137752568,nan,nan,nan,71.363300628106,0.014012804777785,nan,nan,20,2,2,132,0.016610309194496,0.016610309194496,-4.0977317405695,1,160
0.5,200,-177.08137752568,nan,nan,nan,71.363300628106,0.014012804777785,nan,nan,20,2,2,133,0.016373026738036,0.016373026738036,-4.1121200092695,1,160
0.5,200,-177.08137752568,nan,nan,nan,71.363300628106,0.014012804777785,nan,nan,20,2,2,134,0.016138220020523,0.016138220020523,-4.1265649059567,1,160
0.5,200,-177.08137752568,nan,nan,nan,71.363300628106,0.014012804777785,nan,nan,20,2,2,135,0.015906559305397,0.015906559305397,-4.1410237198945,1,160
0.5,200,-177.08137752568,nan,nan,nan,71.363300628106,0.014012804777785,nan,nan,20,2,2,136,0.015679105361262,0.015679105361262,-4.1554263217296,1,160
0.5,200,-177.08137752568,nan,nan,nan,71.363300628106,0.014012804777785,nan,nan,20,2,2,137,0.015454287460546,0.015454287460546,-4.1698688085989,1,160
0.5,200,-177.08137752568,nan,nan,nan,71.363300628106,0.014012804777785,nan,nan,20,2,2,138,0.015232407562851,0.015232407562851,-4.1843300442762,1,160
0.5,200,-177.08137752568,nan,nan,nan,71.363300628106,0.014012804777785,nan,nan,20,2,2,139,0.015014597955801,0.015014597955801,-4.1987323540757,1,160
0.5,200,-177.08137752568,nan,nan,nan,71.363300628106,0.014012804777785,nan,nan,20,2,2,140,0.014800511934462,0.014800511934462,-4.2130935086439,1,160
0.5,200,-177.08137752568,nan,nan,nan,71.363300628106,0.014012804777785,nan,nan,20,2,2,141,0.014589409387492,0.014589409387492,-4.2274593979048,1,160
0.5,200,-177.08137752568,nan,nan,nan,71.363300628106,0.014012804777785,nan,nan,20,2,2,142,0.014380909514089,0.014380909514089,-4.2418536801435,1,160
0.5,200,-177.08137752568,nan,nan,nan,71.363300628106,0.014012804777785,nan,nan,20,2,2,143,0.014176244217746,0.014176244217746,-4.256187657718,1,160
0.5,200,-177.08137752568,nan,nan,nan,71.363300628106,0.014012804777785,nan,nan,20,2,2,144,0.01397698184255,0.01397698184255,-4.2703434565752,1,160
0.5,200,-177.08137752568,nan,nan,nan,71.363300628106,0.014012804777785,nan,nan,20,2,2,145,0.013782175793205,0.013782175793205,-4.2843791308531,1,160
0.5,200,-177.08137752568,nan,nan,nan,71.363300628106,0.014012804777785,nan,nan,20,2,2,146,0.01359223682941,0.01359223682941,-4.2982564705876,1,160
0.5,200,-177.08137752568,nan,nan,nan,71.363300628106,0.014012804777785,nan,nan,20,2,2,147,0.013405575534747,0.013405575534747,-4.3120845738819,1,160
0.5,200,-177.08137752568,nan,nan,nan,71.363300628106,0.014012804777785,nan,nan,20,2,2,148,0.013224343645897,0.013224343645897,-4.3256959322693,1,160
0.5,200,-177.08137752568,nan,nan,nan,71.363300628106,0.014012804777785,nan,nan,20,2,2,149,0.013048213516846,0.013048213516846,-4.3391040498453,1,160
0.5,200,-177.08137752568,nan,nan,nan,71.363300628106,0.014012804777785,nan,nan,20,2,2,150,0.012876994627481,0.012876994627481,-4.3523129219088,1,160
0.5,200,-177.08137752568,nan,nan,nan,71.363300628106,0.014012804777785,nan,nan,20,2,2,151,0.012710724517032,0.012710724517032,-4.3653091917051,1,160
0.5,200,-177.08137752568,nan,nan,nan,71.363300628106,0.014012804777785,nan,nan,20,2,2,152,0.01254828938706,0.01254828938706,-4.3781709265145,1,160
0.5,200,-177.08137752568,nan,nan,nan,71.363300628106,0.014012804777785,nan,nan,20,2,2,153,0.012391400270943,0.012391400270943,-4.3907525735088,1,160
0.5,200,-177.08137752568,nan,nan,nan,71.363300628106,0.014012804777785,nan,nan,20,2,2,154,0.012238884731398,0.012238884731398,-4.4031371227652,1,160
0.5,200,-177.08137752568,nan,nan,nan,71.363300628106,0.014012804777785,nan,nan,20,2,2,155,0.012090035461755,0.012090035461755,-4.4153736812121,1,160
0.5,200,-177.08137752568,nan,nan,nan,71.363300628106,0.014012804777785,nan,nan,20,2,2,156,0.011944452695548,0.011944452695548,-4.4274883179608,1,160
0.5,200,-177.08137752568,nan,nan,nan,71.363300628106,0.014012804777785,nan,nan,20,2,2,157,0.011803050612255,0.011803050612255,-4.4393972544604,1,160
0.5,200,-177.08137752568,nan,nan,nan,71.363300628106,0.014012804777785,nan,nan,20,2,2,158,0.011664836382746,0.011664836382746,-4.4511763999469,1,160
0.5,200,-177.08137752568,nan,nan,nan,71.363300628106,0.014012804777785,nan,nan,20,2,2,159,0.011529127837105,0.011529127837105,-4.4628785904846,1,160
0.5,200,-177.08137752568,nan,nan,nan,71.363300628106,0.014012804777785,nan,nan,20,2,2,160,0.011396223653247,0.011396223653247,-4.474473236947,1,160
0.55,200,-138.84665218831,nan,nan,nan,80.368883144248,0.012442626559898,nan,nan,20,2,2,1,0.10930215293862,0.10930215293862,-2.2136391864766,1,160
0.55,200,-138.84665218831,nan,nan,nan,80.368883144248,0.012442626559898,nan,nan,20,2,2,2,0.10592603996709,0.10592603996709,-2.2450141645607,1,160
0.55,200,-138.84665218831,nan,nan,nan,80.368883144248,0.012442626559898,nan,nan,20,2,2,3,0.10208264173882,0.10208264173882,-2.2819725806176,1,160
0.55,200,-138.84665218831,nan,nan,nan,80.368883144248,0.012442626559898,nan,nan,20,2,2,4,0.098267216799231,0.098267216799231,-2.3200648089868,1,160
0.55,200,-138.84665218831,nan,nan,nan,80.368883144248,0.012442626559898,nan,nan,20,2,2,5,0.094688351351678,0.094688351351678,-2.357164292146,1,160
0.55,200,-138.84665218831,nan,nan,nan,80.368883144248,0.012442626559898,nan,nan,20,2,2,6,0.09141270587119,0.09141270587119,-2.3923707962756,1,160
0.55,200,-138.84665218831,nan,nan,nan,80.368883144248,0.012442626559898,nan,nan,20,2,2,7,0.088441206685305,0.088441206685305,-2.4254172789735,1,160
0.55,200,-138.84665218831,nan,nan,nan,80.368883144248,0.012442626559898,nan,nan,20,2,2,8,0.085751048116743,0.085751048116743,-2.456306970075,1,160
0.55,200,-138.84665218831,nan,nan,nan,80.368883144248,0.012442626559898,nan,nan,20,2,2,9,0.083310538806243,0.083310538806243,-2.4851802215304,1,160
0.55,200,-138.84665218831,nan,nan,nan,80.368883144248,0.012442626559898,nan,nan,20,2,2,10,0.081087223225527,0.081087223225527,-2.5122298737304,1,160
0.55,200,-138.84665218831,nan,nan,nan,80.368883144248,0.012442626559898,nan,nan,20,2,2,11,0.079050858600956,0.079050858600956,-2.5376638538935,1,160
0.55,200,-138.84665218831,nan,nan,nan,80.368883144248,0.012442626559898,nan,nan,20,2,2,12,0.077175695906365,0.077175695906365,-2.5616706913833,1,160
0.55,200,-138.84665218831,nan,nan,nan,80.368883144248,0.012442626559898,nan,nan,20,2,2,13,0.07544228262646,0.07544228262646,-2.5843873836059,1,160
0.55,200,-138.84665218831,nan,nan,nan,80.368883144248,0.012442626559898,nan,nan,20,2,2,14,0.073828977841113,0.073828977841113,-2.6060039707704,1,160
0.55,200,-138.84665218831,nan,nan,nan,80.368883144248,0.012442626559898,nan,nan,20,2,2,15,0.072324617569309,0.072324617569309,-2.6265907158033,1,160
0.55,200,-138.84665218831,nan,nan,nan,80.368883144248,0.012442626559898,nan,nan,20,2,2,16,0.070915048030941,0.070915048030941,-2.6462726249328,1,160
0.55,200,-138.84665218831,nan,nan,nan,80.368883144248,0.012442626559898,nan,nan,20,2,2,17,0.069588504014564,0.069588504014564,-2.6651558974887,1,160
0.55,200,-138.84665218831,nan,nan,nan,80.368883144248,0.012442626559898,nan,nan,20,2,2,18,0.068337661221888,0.068337661221888,-2.683294255563,1,160
0.55,200,-138.84665218831,nan,nan,nan,80.368883144248,0.012442626559898,nan,nan,20,2,2,19,0.067152842206309,0.067152842206309,-2.7007840306792,1,160
0.55,200,-138.84665218831,nan,nan,nan,80.368883144248,0.012442626559898,nan,nan,20,2,2,20,0.066028889995211,0.066028889995211,-2.7176629055301,1,160
0.55,200,-138.84665218831,nan,nan,nan,80.368883144248,0.012442626559898,nan,nan,20,2,2,21,0.064960644986716,0.064960644986716,-2.7339736541953,1,160
0.55,200,-138.84665218831,nan,nan,nan,80.368883144248,0.012442626559898,nan,nan,20,2,2,22,0.063938911695385,0.063938911695385,-2.7498271562118,1,160
0.55,200,-138.84665218831,nan,nan,nan,80.368883144248,0.012442626559898,nan,nan,20,2,2,23,0.062966139289045,0.062966139289045,-2.7651581686827,1,160
0.55,200,-138.84665218831,nan,nan,nan,80.368883144248,0.012442626559898,nan,nan,20,2,2,24,0.062032022171118,0.062032022171118,-2.7801045406394,1,160
0.55,200,-138.84665218831,nan,nan,nan,80.368883144248,0.012442626559898,nan,nan,20,2,2,25,0.061135385245198,0.061135385245198,-2.7946644438568,1,160
0.55,200,-138.84665218831,nan,nan,nan,80.368883144248,0.012442626559898,nan,nan,20,2,2,26,0.060273250171269,0.060273250171269,-2.8088668860909,1,160
0.55,200,-138.84665218831,nan,nan,nan,80.368883144248,0.012442626559898,nan,nan,20,2,2,27,0.059443105435416,0.059443105435416,-2.8227356350616,1,160
0.55,200,-138.84665218831,nan,nan,nan,80.368883144248,0.012442626559898,nan,nan,20,2,2,28,0.0586393156555,0.0586393156555,-2.8363498917396,1,160
0.55,200,-138.84665218831,nan,nan,nan,80.368883144248,0.012442626559898,nan,nan,20,2,2,29,0.057864528731612,0.057864528731612,-2.8496507119888,1,160
0.55,200,-138.84665218831,nan,nan,nan,80.368883144248,0.012442626559898,nan,nan,20,2,2,30,0.05711617927099,0.05711617927099,-2.8626678527015,1,160
0.55,200,-138.84665218831,nan,nan,nan,80.368883144248,0.012442626559898,nan,nan,20,2,2,31,0.056390723713791,0.056390723713791,-2.8754506071651,1,160
0.55,200,-138.84665218831,nan,nan,nan,80.368883144248,0.012442626559898,nan,nan,20,2,2,32,0.055684167207202,0.055684167207202,-2.8880594236731,1,160
0.55,200,-138.84665218831,nan,nan,nan,80.368883144248,0.012442626559898,nan,nan,20,2,2,33,0.055001640768029,0.055001640768029,-2.9003922620487,1,160
0.55,200,-138.84665218831,nan,nan,nan,80.368883144248,0.012442626559898,nan,nan,20,2,2,34,0.054332743560078,0.054332743560078,-2.9126282216249,1,160
0.55,200,-138.84665218831,nan,nan,nan,80.368883144248,0.012442626559898,nan,nan,20,2,2,35,0.05367929994929,0.05367929994929,-2.9247278275869,1,160
0.55,200,-138.84665218831,nan,nan,nan,80.368883144248,0.012442626559898,nan,nan,20,2,2,36,0.05304020773966,0.05304020773966,-2.9367050164519,1,160
0.55,200,-138.84665218831,nan,nan,nan,80.368883144248,0.012442626559898,nan,nan,20,2,2,37,0.052416913003748,0.052416913003748,-2.9485259724862,1,160
0.55,200,-138.84665218831,nan,nan,nan,80.368883144248,0.012442626559898,nan,nan,20,2,2,38,0.051803670857935,0.051803670857935,-2.9602942662443,1,160
0.55,200,-138.84665218831,nan,nan,nan,80.368883144248,0.012442626559898,nan,nan,20,2,2,39,0.051199997536773,0.051199997536773,-2.9720157950466,1,160
0.55,200,-138.84665218831,nan,nan,nan,80.368883144248,0.012442626559898,nan,nan,20,2,2,40,0.050608877202744,0.050608877202744,-2.9836282792869,1,160
0.55,200,-138.84665218831,nan,nan,nan,80.368883144248,0.012442626559898,nan,nan,20,2,2,41,0.050023658660536,0.050023658660536,-2.9952592122544,1,160
0.55,200,-138.84665218831,nan,nan,nan,80.368883144248,0.012442626559898,nan,nan,20,2,2,42,0.049448021528824,0.049448021528824,-3.0068332312421,1,160
0.55,200,-138.84665218831,nan,nan,nan,80.368883144248,0.012442626559898,nan,nan,20,2,2,43,0.048882448927526,0.048882448927526,-3.0183368645652,1,160
0.55,200,-138.84665218831,nan,nan,nan,80.368883144248,0.012442626559898,nan,nan,20,2,2,44,0.048323214383228,0.048323214383228,-3.0298432047364,1,160
0.55,200,-138.84665218831,nan,nan,nan,80.368883144248,0.012442626559898,nan,nan,20,2,2,45,0.047774876885384,0.047774876885384,-3.0412553658265,1,160
0.55,200,-138.84665218831,nan,nan,nan,80.368883144248,0.012442626559898,nan,nan,20,2,2,46,0.047229528102029,0.047229528102029,-3.0527359866119,1,160
0.55,200,-138.84665218831,nan,nan,nan,80.368883144248,0.012442626559898,nan,nan,20,2,2,47,0.046694949220547,0.046694949220547,-3.0641192738919,1,160
0.55,200,-138.84665218831,nan,nan,nan,80.368883144248,0.012442626559898,nan,nan,20,2,2,48,0.046165343022726,0.046165343022726,-3.0755259134218,1,160
0.55,200,-138.84665218831,nan,nan,nan,80.368883144248,0.012442626559898,nan,nan,20,2,2,49,0.04564461436025,0.04564461436025,-3.0868696556753,1,160
0.55,200,-138.84665218831,nan,nan,nan,80.368883144248,0.012442626559898,nan,nan,20,2,2,50,0.045127785889388,0.045127785889388,-3.0982571270738,1,160
0.55,200,-138.84665218831,nan,nan,nan,80.368883144248,0.012442626559898,nan,nan,20,2,2,51,0.044620505409443,0.044620505409443,-3.109561763071,1,160
0.55,200,-138.84665218831,nan,nan,nan,80.368883144248,0.012442626559898,nan,nan,20,2,2,52,0.04411813693317,0.04411813693317,-3.1208843127511,1,160
0.55,200,-138.84665218831,nan,nan,nan,80.368883144248,0.012442626559898,nan,nan,20,2,2,53,0.043624671314137,0.043624671314137,-3.1321324328344,1,160
0.55,200,-138.84665218831,nan,nan,nan,80.368883144248,0.012442626559898,nan,nan,20,2,2,54,0.043136236704802,0.043136236704802,-3.1433918763,1,160
0.55,200,-138.84665218831,nan,nan,nan,80.368883144248,0.012442626559898,nan,nan,20,2,2,55,0.042655583734214,0.042655583734214,-3.1545970937025,1,160
0.55,200,-138.84665218831,nan,nan,nan,80.368883144248,0.012442626559898,nan,nan,20,2,2,56,0.042180427205513,0.042180427205513,-3.1657989758293,1,160
0.55,200,-138.84665218831,nan,nan,nan,80.368883144248,0.012442626559898,nan,nan,20,2,2,57,0.041714837002097,0.041714837002097,-3.1768984100528,1,160
0.55,200,-138.84665218831,nan,nan,nan,80.368883144248,0.012442626559898,nan,nan,20,2,2,58,0.04125122554615,0.04125122554615,-3.1880744564331,1,160
0.55,200,-138.84665218831,nan,nan,nan,80.368883144248,0.012442626559898,nan,nan,20,2,2,59,0.040797217902711,0.040797217902711,-3.199141388556,1,160
0.55,200,-138.84665218831,nan,nan,nan,80.368883144248,0.012442626559898,nan,nan,20,2,2,60,0.040346161827298,0.040346161827298,-3.2102590107906,1,160
0.55,200,-138.84665218831,nan,nan,nan,80.368883144248,0.012442626559898,nan,nan,20,2,2,61,0.039905421527253,0.039905421527253,-3.2212430864409,1,160
0.55,200,-138.84665218831,nan,nan,nan,80.368883144248,0.012442626559898,nan,nan,20,2,2,62,0.039469804269392,0.039469804269392,-3.2322193482913,1,160
0.55,200,-138.84665218831,nan,nan,nan,80.368883144248,0.012442626559898,nan,nan,20,2,2,63,0.039041520684667,0.039041520684667,-3.243129566232,1,160
0.55,200,-138.84665218831,nan,nan,nan,80.368883144248,0.012442626559898,nan,nan,20,2,2,64,0.03862057806491,0.03862057806491,-3.2539700340744,1,160
0.55,200,-138.84665218831,nan,nan,nan,80.368883144248,0.012442626559898,nan,nan,20,2,2,65,0.038205649313299,0.038205649313299,-3.2647718865212,1,160
0.55,200,-138.84665218831,nan,nan,nan,80.368883144248,0.012442626559898,nan,nan,20,2,2,66,0.037797421464106,0.037797421464106,-3.2755143939187,1,160
0.55,200,-138.84665218831,nan,nan,nan,80.368883144248,0.012442626559898,nan,nan,20,2,2,67,0.037392207308635,0.037392207308635,-3.2862929570034,1,160
0.55,200,-138.84665218831,nan,nan,nan,80.368883144248,0.012442626559898,nan,nan,20,2,2,68,0.036993610131038,0.036993610131038,-3.2970100804133,1,160
0.55,200,-138.84665218831,nan,nan,nan,80.368883144248,0.012442626559898,nan,nan,20,2,2,69,0.036601654235575,0.036601654235575,-3.3076618419029,1,160
0.55,200,-138.84665218831,nan,nan,nan,80.368883144248,0.012442626559898,nan,nan,20,2,2,70,0.036213439458153,0.036213439458153,-3.3183249732987,1,160
0.55,200,-138.84665218831,nan,nan,nan,80.368883144248,0.012442626559898,nan,nan,20,2,2,71,0.035832161646191,0.035832161646191,-3.328909418863,1,160
0.55,200,-138.84665218831,nan,nan,nan,80.368883144248,0.012442626559898,nan,nan,20,2,2,72,0.035452422278979,0.035452422278979,-3.339563698889,1,160
0.55,200,-138.84665218831,nan,nan,nan,80.368883144248,0.012442626559898,nan,nan,20,2,2,73,0.035079112646872,0.035079112646872,-3.3501494069272,1,160
0.55,200,-138.84665218831,nan,nan,nan,80.368883144248,0.012442626559898,nan,nan,20,2,2,74,0.034709522693632,0.034709522693632,-3.3607412004668,1,160
0.55,200,-138.84665218831,nan,nan,nan,80.368883144248,0.012442626559898,nan,nan,20,2,2,75,0.03434512059123,0.03434512059123,-3.3712953201497,1,160
0.55,200,-138.84665218831,nan,nan,nan,80.368883144248,0.012442626559898,nan,nan,20,2,2,76,0.033984412142412,0.033984412142412,-3.3818533258935,1,160
0.55,200,-138.84665218831,nan,nan,nan,80.368883144248,0.012442626559898,nan,nan,20,2,2,77,0.033630161859829,0.033630161859829,-3.392331940282,1,160
0.55,200,-138.84665218831,nan,nan,nan,80.368883144248,0.012442626559898,nan,nan,20,2,2,78,0.033278066370126,0.033278066370126,-3.4028567665763,1,160
0.55,200,-138.84665218831,nan,nan,nan,80.368883144248,0.012442626559898,nan,nan,20,2,2,79,0.032930399804522,0.032930399804522,-3.4133590416253,1,160
0.55,200,-138.84665218831,nan,nan,nan,80.368883144248,0.012442626559898,nan,nan,20,2,2,80,0.032585068875502,0.032585068875502,-3.423901105482,1,160
0.55,200,-138.84665218831,nan,nan,nan,80.368883144248,0.012442626559898,nan,nan,20,2,2,81,0.032243762096385,0.032243762096385,-3.434430677817,1,160
0.55,200,-138.84665218831,nan,nan,nan,80.368883144248,0.012442626559898,nan,nan,20,2,2,82,0.031905438995331,0.031905438995331,-3.444978782304,1,160
0.55,200,-138.84665218831,nan,nan,nan,80.368883144248,0.012442626559898,nan,nan,20,2,2,83,0.031568825582687,0.031568825582687,-3.4555851775259,1,160
0.55,200,-138.84665218831,nan,nan,nan,80.368883144248,0.012442626559898,nan,nan,20,2,2,84,0.03123419065801,0.03123419065801,-3.4662419297534,1,160
0.55,200,-138.84665218831,nan,nan,nan,80.368883144248,0.012442626559898,nan,nan,20,2,2,85,0.030901976177445,0.030901976177445,-3.4769351431608,1,160
0.55,200,-138.84665218831,nan,nan,nan,80.368883144248,0.012442626559898,nan,nan,20,2,2,86,0.030568422149634,0.030568422149634,-3.4877877587512,1,160
0.55,200,-138.84665218831,nan,nan,nan,80.368883144248,0.012442626559898,nan,nan,20,2,2,87,0.030236671707647,0.030236671707647,-3.4986997963059,1,160
0.55,200,-138.84665218831,nan,nan,nan,80.368883144248,0.012442626559898,nan,nan,20,2,2,88,0.029906500354722,0.029906500354722,-3.5096794190462,1,160
0.55,200,-138.84665218831,nan,nan,nan,80.368883144248,0.012442626559898,nan,nan,20,2,2,89,0.029574567356677,0.029574567356677,-3.5208404979085,1,160
0.55,200,-138.84665218831,nan,nan,nan,80.368883144248,0.012442626559898,nan,nan,20,2,2,90,0.029243115323449,0.029243115323449,-3.5321111065663,1,160
0.55,200,-138.84665218831,nan,nan,nan,80.368883144248,0.012442626559898,nan,nan,20,2,2,91,0.028913416357623,0.028913416357623,-3.5434495577592,1,160
0.55,200,-138.84665218831,nan,nan,nan,80.368883144248,0.012442626559898,nan,nan,20,2,2,92,0.028579833605855,0.028579833605855,-3.5550539285458,1,160
0.55,200,-138.84665218831,nan,nan,nan,80.368883144248,0.012442626559898,nan,nan,20,2,2,93,0.028251344843042,0.028251344843042,-3.5666142174594,1,160
0.55,200,-138.84665218831,nan,nan,nan,80.368883144248,0.012442626559898,nan,nan,20,2,2,94,0.027920426696947,0.027920426696947,-3.5783967183628,1,160
0.55,200,-138.84665218831,nan,nan,nan,80.368883144248,0.012442626559898,nan,nan,20,2,2,95,0.027594557668306,0.027594557668306,-3.5901367116337,1,160
0.55,200,-138.84665218831,nan,nan,nan,80.368883144248,0.012442626559898,nan,nan,20,2,2,96,0.02726440381024,0.02726440381024,-3.6021733173299,1,160
0.55,200,-138.84665218831,nan,nan,nan,80.368883144248,0.012442626559898,nan,nan,20,2,2,97,0.026938648222764,0.026938648222764,-3.6141932865876,1,160
0.55,200,-138.84665218831,nan,nan,nan,80.368883144248,0.012442626559898,nan,nan,20,2,2,98,0.02661122956914,0.02661122956914,-3.6264219880274,1,160
0.55,200,-138.84665218831,nan,nan,nan,80.368883144248,0.012442626559898,nan,nan,20,2,2,99,0.026286242555986,0.026286242555986,-3.6387095733918,1,160
0.55,200,-138.84665218831,nan,nan,nan,80.368883144248,0.012442626559898,nan,nan,20,2,2,100,0.025959783388356,0.025959783388356,-3.6512067312352,1,160
0.55,200,-138.84665218831,nan,nan,nan,80.368883144248,0.012442626559898,nan,nan,20,2,2,101,0.025637527790593,0.025637527790593,-3.6636980716021,1,160
0.55,200,-138.84665218831,nan,nan,nan,80.368883144248,0.012442626559898,nan,nan,20,2,2,102,0.025313895513644,0.025313895513644,-3.6764018042319,1,160
0.55,200,-138.84665218831,nan,nan,nan,80.368883144248,0.012442626559898,nan,nan,20,2,2,103,0.024996663180559,0.024996663180559,-3.6890129357999,1,160
0.55,200,-138.84665218831,nan,nan,nan,80.368883144248,0.012442626559898,nan,nan,20,2,2,104,0.02467812563501,0.02467812563501,-3.7018380295466,1,160
0.55,200,-138.84665218831,nan,nan,nan,80.368883144248,0.012442626559898,nan,nan,20,2,2,105,0.024364380447467,0.024364380447467,-3.7146330309818,1,160
0.55,200,-138.84665218831,nan,nan,nan,80.368883144248,0.012442626559898,nan,nan,20,2,2,106,0.024051968244225,0.024051968244225,-3.7275384461023,1,160
0.55,200,-138.84665218831,nan,nan,nan,80.368883144248,0.012442626559898,nan,nan,20,2,2,107,0.023743401880351,0.023743401880351,-3.7404506026635,1,160
0.55,200,-138.84665218831,nan,nan,nan,80.368883144248,0.012442626559898,nan,nan,20,2,2,108,0.023436802504049,0.023436802504049,-3.7534477355216,1,160
0.55,200,-138.84665218831,nan,nan,nan,80.368883144248,0.012442626559898,nan,nan,20,2,2,109,0.023134680439366,0.023134680439366,-3.7664224695837,1,160
0.55,200,-138.84665218831,nan,nan,nan,80.368883144248,0.012442626559898,nan,nan,20,2,2,110,0.022835325367746,0.022835325367746,-3.7794465838044,1,160
0.55,200,-138.84665218831,nan,nan,nan,80.368883144248,0.012442626559898,nan,nan,20,2,2,111,0.022540325407554,0.022540325407554,-3.7924493335824,1,160
0.55,200,-138.84665218831,nan,nan,nan,80.368883144248,0.012442626559898,nan,nan,20,2,2,112,0.022249201886442,0.022249201886442,-3.8054491412855,1,160
0.55,200,-138.84665218831,nan,nan,nan,80.368883144248,0.012442626559898,nan,nan,20,2,2,113,0.021962044247613,0.021962044247613,-3.8184395770735,1,160
0.55,200,-138.84665218831,nan,nan,nan,80.368883144248,0.012442626559898,nan,nan,20,2,2,114,0.02167870963745,0.02167870963745,-3.8314246227498,1,160
0.55,200,-138.84665218831,nan,nan,nan,80.368883144248,0.012442626559898,nan,nan,20,2,2,115,0.021400031216945,0.021400031216945,-3.8443628982196,1,160
0.55,200,-138.84665218831,nan,nan,nan,80.368883144248,0.012442626559898,nan,nan,20,2,2,116,0.021123456495814,0.021123456495814,-3.8573711736952,1,160
0.55,200,-138.84665218831,nan,nan,nan,80.368883144248,0.012442626559898,nan,nan,20,2,2,117,0.020850943986289,0.020850943986289,-3.8703560566404,1,160
0.55,200,-138.84665218831,nan,nan,nan,80.368883144248,0.012442626559898,nan,nan,20,2,2,118,0.020582547027955,0.020582547027955,-3.8833117939428,1,160
0.55,200,-138.84665218831,nan,nan,nan,80.368883144248,0.012442626559898,nan,nan,20,2,2,119,0.020315863525085,0.020315863525085,-3.8963532436733,1,160
0.55,200,-138.84665218831,nan,nan,nan,80.368883144248,0.012442626559898,nan,nan,20,2,2,120,0.020051959550696,0.020051959550696,-3.9094283968033,1,160
0.55,200,-138.84665218831,nan,nan,nan,80.368883144248,0.012442626559898,nan,nan,20,2,2,121,0.019789685859144,0.019789685859144,-3.9225943932105,1,160
0.55,200,-138.84665218831,nan,nan,nan,80.368883144248,0.012442626559898,nan,nan,20,2,2,122,0.019529176492882,0.019529176492882,-3.9358457012457,1,160
0.55,200,-138.84665218831,nan,nan,nan,80.368883144248,0.012442626559898,nan,nan,20,2,2,123,0.01927341256412,0.01927341256412,-3.9490287201684,1,160
0.55,200,-138.84665218831,nan,nan,nan,80.368883144248,0.012442626559898,nan,nan,20,2,2,124,0.019017974559972,0.019017974559972,-3.9623707175474,1,160
0.55,200,-138.84665218831,nan,nan,nan,80.368883144248,0.012442626559898,nan,nan,20,2,2,125,0.018767082719222,0.018767082719222,-3.9756508629872,1,160
0.55,200,-138.84665218831,nan,nan,nan,80.368883144248,0.012442626559898,nan,nan,20,2,2,126,0.018519038098193,0.018519038098193,-3.9889559896554,1,160
0.55,200,-138.84665218831,nan,nan,nan,80.368883144248,0.012442626559898,nan,nan,20,2,2,127,0.018272670346513,0.018272670346513,-4.0023487590912,1,160
0.55,200,-138.84665218831,nan,nan,nan,80.368883144248,0.012442626559898,nan,nan,20,2,2,128,0.01802994608125,0.01802994608125,-4.0157212322733,1,160
0.55,200,-138.84665218831,nan,nan,nan,80.368883144248,0.012442626559898,nan,nan,20,2,2,129,0.017790112961502,0.017790112961502,-4.0291124276055,1,160
0.55,200,-138.84665218831,nan,nan,nan,80.368883144248,0.012442626559898,nan,nan,20,2,2,130,0.017554369782932,0.017554369782932,-4.0424523695828,1,160
0.55,200,-138.84665218831,nan,nan,nan,80.368883144248,0.012442626559898,nan,nan,20,2,2,131,0.01732108938342,0.01732108938342,-4.0558304803997,1,160
0.55,200,-138.84665218831,nan,nan,nan,80.368883144248,0.012442626559898,nan,nan,20,2,2,132,0.017092225759158,0.017092225759158,-4.0691315528182,1,160
0.55,200,-138.84665218831,nan,nan,nan,80.368883144248,0.012442626559898,nan,nan,20,2,2,133,0.016866178894105,0.016866178894105,-4.0824449110968,1,160
0.55,200,-138.84665218831,nan,nan,nan,80.368883144248,0.012442626559898,nan,nan,20,2,2,134,0.016643883154113,0.016643883154113,-4.0957125081869,1,160
0.55,200,-138.84665218831,nan,nan,nan,80.368883144248,0.012442626559898,nan,nan,20,2,2,135,0.016425752303222,0.016425752303222,-4.1089049133333,1,160
0.55,200,-138.84665218831,nan,nan,nan,80.368883144248,0.012442626559898,nan,nan,20,2,2,136,0.016208983795641,0.016208983795641,-4.1221896351663,1,160
0.55,200,-138.84665218831,nan,nan,nan,80.368883144248,0.012442626559898,nan,nan,20,2,2,137,0.0159942437017,0.0159942437017,-4.1355263901184,1,160
0.55,200,-138.84665218831,nan,nan,nan,80.368883144248,0.012442626559898,nan,nan,20,2,2,138,0.015782711631766,0.015782711631766,-4.1488401385448,1,160
0.55,200,-138.84665218831,nan,nan,nan,80.368883144248,0.012442626559898,nan,nan,20,2,2,139,0.015573430060151,0.015573430060151,-4.1621890180954,1,160
0.55,200,-138.84665218831,nan,nan,nan,80.368883144248,0.012442626559898,nan,nan,20,2,2,140,0.015370223616629,0.015370223616629,-4.1753231726351,1,160
0.55,200,-138.84665218831,nan,nan,nan,80.368883144248,0.012442626559898,nan,nan,20,2,2,141,0.015168178302278,0.015168178302278,-4.1885555783779,1,160
0.55,200,-138.84665218831,nan,nan,nan,80.368883144248,0.012442626559898,nan,nan,20,2,2,142,0.014970027091377,0.014970027091377,-4.201705270841,1,160
0.55,200,-138.84665218831,nan,nan,nan,80.368883144248,0.012442626559898,nan,nan,20,2,2,143,0.01477431270644,0.01477431270644,-4.2148652341026,1,160
0.55,200,-138.84665218831,nan,nan,nan,80.368883144248,0.012442626559898,nan,nan,20,2,2,144,0.014582556469446,0.014582556469446,-4.2279292269321,1,160
0.55,200,-138.84665218831,nan,nan,nan,80.368883144248,0.012442626559898,nan,nan,20,2,2,145,0.014392874342242,0.014392874342242,-4.2410220322169,1,160
0.55,200,-138.84665218831,nan,nan,nan,80.368883144248,0.012442626559898,nan,nan,20,2,2,146,0.014206046940472,0.014206046940472,-4.2540875641411,1,160
0.55,200,-138.84665218831,nan,nan,nan,80.368883144248,0.012442626559898,nan,nan,20,2,2,147,0.014022010245398,0.014022010245398,-4.2671270235317,1,160
0.55,200,-138.84665218831,nan,nan,nan,80.368883144248,0.012442626559898,nan,nan,20,2,2,148,0.013841511484232,0.013841511484232,-4.2800831234673,1,160
0.55,200,-138.84665218831,nan,nan,nan,80.368883144248,0.012442626559898,nan,nan,20,2,2,149,0.013662986506665,0.013662986506665,-4.2930648172084,1,160
0.55,200,-138.84665218831,nan,nan,nan,80.368883144248,0.012442626559898,nan,nan,20,2,2,150,0.013487572619103,0.013487572619103,-4.3059865642342,1,160
0.55,200,-138.84665218831,nan,nan,nan,80.368883144248,0.012442626559898,nan,nan,20,2,2,151,0.013314785268272,0.013314785268272,-4.3188801869006,1,160
0.55,200,-138.84665218831,nan,nan,nan,80.368883144248,0.012442626559898,nan,nan,20,2,2,152,0.013144412260688,0.013144412260688,-4.3317585338054,1,160
0.55,200,-138.84665218831,nan,nan,nan,80.368883144248,0.012442626559898,nan,nan,20,2,2,153,0.012976430530054,0.012976430530054,-4.3446206032096,1,160
0.55,200,-138.84665218831,nan,nan,nan,80.368883144248,0.012442626559898,nan,nan,20,2,2,154,0.012810442518229,0.012810442518229,-4.3574946189216,1,160
0.55,200,-138.84665218831,nan,nan,nan,80.368883144248,0.012442626559898,nan,nan,20,2,2,155,0.012646117329996,0.012646117329996,-4.3704050413565,1,160
0.55,200,-138.84665218831,nan,nan,nan,80.368883144248,0.012442626559898,nan,nan,20,2,2,156,0.012483916891111,0.012483916891111,-4.3833141118281,1,160
0.55,200,-138.84665218831,nan,nan,nan,80.368883144248,0.012442626559898,nan,nan,20,2,2,157,0.012322996888582,0.012322996888582,-4.3962880965149,1,160
0.55,200,-138.84665218831,nan,nan,nan,80.368883144248,0.012442626559898,nan,nan,20,2,2,158,0.012163431801239,0.012163431801239,-4.4093212217642,1,160
0.55,200,-138.84665218831,nan,nan,nan,80.368883144248,0.012442626559898,nan,nan,20,2,2,159,0.012004889161298,0.012004889161298,-4.4224412820631,1,160
0.55,200,-138.84665218831,nan,nan,nan,80.368883144248,0.012442626559898,nan,nan,20,2,2,160,0.01184697874654,0.01184697874654,-4.4356824020062,1,160
0.6,200,-108.9739465091,nan,nan,nan,57.904724120247,0.01726974811111,nan,nan,20,2,2,1,0.10780043825353,0.10780043825353,-2.2274735550839,1,160
0.6,200,-108.9739465091,nan,nan,nan,57.904724120247,0.01726974811111,nan,nan,20,2,2,2,0.10209607369619,0.10209607369619,-2.2818410100241,1,160
0.6,200,-108.9739465091,nan,nan,nan,57.904724120247,0.01726974811111,nan,nan,20,2,2,3,0.096068329413535,0.096068329413535,-2.3426955759744,1,160
0.6,200,-108.9739465091,nan,nan,nan,57.904724120247,0.01726974811111,nan,nan,20,2,2,4,0.090433347625526,0.090433347625526,-2.4031421899442,1,160
0.6,200,-108.9739465091,nan,nan,nan,57.904724120247,0.01726974811111,nan,nan,20,2,2,5,0.08539099315731,0.08539099315731,-2.4605146502916,1,160
0.6,200,-108.9739465091,nan,nan,nan,57.904724120247,0.01726974811111,nan,nan,20,2,2,6,0.080940170900571,0.080940170900571,-2.514045028089,1,160
0.6,200,-108.9739465091,nan,nan,nan,57.904724120247,0.01726974811111,nan,nan,20,2,2,7,0.077013965007581,0.077013965007581,-2.563768509838,1,160
0.6,200,-108.9739465091,nan,nan,nan,57.904724120247,0.01726974811111,nan,nan,20,2,2,8,0.073533244038314,0.073533244038314,-2.6100176751791,1,160
0.6,200,-108.9739465091,nan,nan,nan,57.904724120247,0.01726974811111,nan,nan,20,2,2,9,0.070425320600424,0.070425320600424,-2.6532024128634,1,160
0.6,200,-108.9739465091,nan,nan,nan,57.904724120247,0.01726974811111,nan,nan,20,2,2,10,0.06762868045536,0.06762868045536,-2.6937231188179,1,160
0.6,200,-108.9739465091,nan,nan,nan,57.904724120247,0.01726974811111,nan,nan,20,2,2,11,0.065093159300611,0.065093159300611,-2.7319358151566,1,160
0.6,200,-108.9739465091,nan,nan,nan,57.904724120247,0.01726974811111,nan,nan,20,2,2,12,0.062778342216897,0.062778342216897,-2.7681451341467,1,160
0.6,200,-108.9739465091,nan,nan,nan,57.904724120247,0.01726974811111,nan,nan,20,2,2,13,0.060651524095403,0.060651524095403,-2.8026105145524,1,160
0.6,200,-108.9739465091,nan,nan,nan,57.904724120247,0.01726974811111,nan,nan,20,2,2,14,0.058686593397534,0.058686593397534,-2.8355439700983,1,160
0.6,200,-108.9739465091,nan,nan,nan,57.904724120247,0.01726974811111,nan,nan,20,2,2,15,0.056862094333544,0.056862094333544,-2.8671263402764,1,160
0.6,200,-108.9739465091,nan,nan,nan,57.904724120247,0.01726974811111,nan,nan,20,2,2,16,0.055160642493454,0.055160642493454,-2.8975055783103,1,160
0.6,200,-108.9739465091,nan,nan,nan,57.904724120247,0.01726974811111,nan,nan,20,2,2,17,0.053567708324434,0.053567708324434,-2.926808849089,1,160
0.6,200,-108.9739465091,nan,nan,nan,57.904724120247,0.01726974811111,nan,nan,20,2,2,18,0.052071323754321,0.052071323754321,-2.9551408895393,1,160
0.6,200,-108.9739465091,nan,nan,nan,57.904724120247,0.01726974811111,nan,nan,20,2,2,19,0.050661302352366,0.050661302352366,-2.9825929270334,1,160
0.6,200,-108.9739465091,nan,nan,nan,57.904724120247,0.01726974811111,nan,nan,20,2,2,20,0.049329094185025,0.049329094185025,-3.0092412262601,1,160
0.6,200,-108.9739465091,nan,nan,nan,57.904724120247,0.01726974811111,nan,nan,20,2,2,21,0.048067155823573,0.048067155823573,-3.0351561662165,1,160
0.6,200,-108.9739465091,nan,nan,nan,57.904724120247,0.01726974811111,nan,nan,20,2,2,22,0.046869125109873,0.046869125109873,-3.0603961335355,1,160
0.6,200,-108.9739465091,nan,nan,nan,57.904724120247,0.01726974811111,nan,nan,20,2,2,23,0.045729885270737,0.045729885270737,-3.0850032501555,1,160
0.6,200,-108.9739465091,nan,nan,nan,57.904724120247,0.01726974811111,nan,nan,20,2,2,24,0.044643809410247,0.044643809410247,-3.109039628299,1,160
0.6,200,-108.9739465091,nan,nan,nan,57.904724120247,0.01726974811111,nan,nan,20,2,2,25,0.043607241993795,0.043607241993795,-3.1325320416452,1,160
0.6,200,-108.9739465091,nan,nan,nan,57.904724120247,0.01726974811111,nan,nan,20,2,2,26,0.042615874053826,0.042615874053826,-3.1555284647448,1,160
0.6,200,-108.9739465091,nan,nan,nan,57.904724120247,0.01726974811111,nan,nan,20,2,2,27,0.041666974021471,0.041666974021471,-3.1780464538598,1,160
0.6,200,-108.9739465091,nan,nan,nan,57.904724120247,0.01726974811111,nan,nan,20,2,2,28,0.040756388307881,0.040756388307881,-3.2001426832906,1,160
0.6,200,-108.9739465091,nan,nan,nan,57.904724120247,0.01726974811111,nan,nan,20,2,2,29,0.039882742265623,0.039882742265623,-3.2218115733232,1,160
0.6,200,-108.9739465091,nan,nan,nan,57.904724120247,0.01726974811111,nan,nan,20,2,2,30,0.039042412798914,0.039042412798914,-3.2431067160961,1,160
0.6,200,-108.9739465091,nan,nan,nan,57.904724120247,0.01726974811111,nan,nan,20,2,2,31,0.038233881082367,0.038233881082367,-3.2640332171389,1,160
0.6,200,-108.9739465091,nan,nan,nan,57.904724120247,0.01726974811111,nan,nan,20,2,2,32,0.037454412249131,0.037454412249131,-3.2846307588926,1,160
0.6,200,-108.9739465091,nan,nan,nan,57.904724120247,0.01726974811111,nan,nan,20,2,2,33,0.036702468608986,0.036702468608986,-3.3049112616337,1,160
0.6,200,-108.9739465091,nan,nan,nan,57.904724120247,0.01726974811111,nan,nan,20,2,2,34,0.035976625178861,0.035976625178861,-3.3248858520001,1,160
0.6,200,-108.9739465091,nan,nan,nan,57.904724120247,0.01726974811111,nan,nan,20,2,2,35,0.035274848327985,0.035274848327985,-3.3445850809553,1,160
0.6,200,-108.9739465091,nan,nan,nan,57.904724120247,0.01726974811111,nan,nan,20,2,2,36,0.034596066241636,0.034596066241636,-3.3640152958202,1,160
0.6,200,-108.9739465091,nan,nan,nan,57.904724120247,0.01726974811111,nan,nan,20,2,2,37,0.033938464490298,0.033938464490298,-3.3832062620882,1,160
0.6,200,-108.9739465091,nan,nan,nan,57.904724120247,0.01726974811111,nan,nan,20,2,2,38,0.033301318023847,0.033301318023847,-3.4021583024833,1,160
0.6,200,-108.9739465091,nan,nan,nan,57.904724120247,0.01726974811111,nan,nan,20,2,2,39,0.032683276470477,0.032683276470477,-3.4208917548214,1,160
0.6,200,-108.9739465091,nan,nan,nan,57.904724120247,0.01726974811111,nan,nan,20,2,2,40,0.032082957922617,0.032082957922617,-3.4394302956641,1,160
0.6,200,-108.9739465091,nan,nan,nan,57.904724120247,0.01726974811111,nan,nan,20,2,2,41,0.031500276003103,0.031500276003103,-3.4577589711857,1,160
0.6,200,-108.9739465091,nan,nan,nan,57.904724120247,0.01726974811111,nan,nan,20,2,2,42,0.030933513183705,0.030933513183705,-3.4759151137466,1,160
0.6,200,-108.9739465091,nan,nan,nan,57.904724120247,0.01726974811111,nan,nan,20,2,2,43,0.030381930488399,0.030381930488399,-3.4939072391198,1,160
0.6,200,-108.9739465091,nan,nan,nan,57.904724120247,0.01726974811111,nan,nan,20,2,2,44,0.029844601410143,0.029844601410143,-3.5117513127818,1,160
0.6,200,-108.9739465091,nan,nan,nan,57.904724120247,0.01726974811111,nan,nan,20,2,2,45,0.029321716549374,0.029321716549374,-3.5294268583372,1,160
0.6,200,-108.9739465091,nan,nan,nan,57.904724120247,0.01726974811111,nan,nan,20,2,2,46,0.028811890948494,0.028811890948494,-3.5469670968957,1,160
0.6,200,-108.9739465091,nan,nan,nan,57.904724120247,0.01726974811111,nan,nan,20,2,2,47,0.028314741006307,0.028314741006307,-3.5643727263307,1,160
0.6,200,-108.9739465091,nan,nan,nan,57.904724120247,0.01726974811111,nan,nan,20,2,2,48,0.027829587708293,0.027829587708293,-3.581655518204,1,160
0.6,200,-108.9739465091,nan,nan,nan,57.904724120247,0.01726974811111,nan,nan,20,2,2,49,0.027355773064853,0.027355773064853,-3.5988276914068,1,160
0.6,200,-108.9739465091,nan,nan,nan,57.904724120247,0.01726974811111,nan,nan,20,2,2,50,0.026892870299984,0.026892870299984,-3.6158940721152,1,160
0.6,200,-108.9739465091,nan,nan,nan,57.904724120247,0.01726974811111,nan,nan,20,2,2,51,0.026440368059452,0.026440368059452,-3.6328633435414,1,160
0.6,200,-108.9739465091,nan,nan,nan,57.904724120247,0.01726974811111,nan,nan,20,2,2,52,0.025998278462233,0.025998278462233,-3.6497249561439,1,160
0.6,200,-108.9739465091,nan,nan,nan,57.904724120247,0.01726974811111,nan,nan,20,2,2,53,0.025565876721893,0.025565876721893,-3.6664967572032,1,160
0.6,200,-108.9739465091,nan,nan,nan,57.904724120247,0.01726974811111,nan,nan,20,2,2,54,0.025142772745391,0.025142772745391,-3.6831847897223,1,160
0.6,200,-108.9739465091,nan,nan,nan,57.904724120247,0.01726974811111,nan,nan,20,2,2,55,0.024728491840277,0.024728491840277,-3.6997991843357,1,160
0.6,200,-108.9739465091,nan,nan,nan,57.904724120247,0.01726974811111,nan,nan,20,2,2,56,0.024322838272894,0.024322838272894,-3.7163395233938,1,160
0.6,200,-108.9739465091,nan,nan,nan,57.904724120247,0.01726974811111,nan,nan,20,2,2,57,0.023925529390229,0.023925529390229,-3.7328092148146,1,160
0.6,200,-108.9739465091,nan,nan,nan,57.904724120247,0.01726974811111,nan,nan,20,2,2,58,0.023536549761238,0.023536549761238,-3.7492007570836,1,160
0.6,200,-108.9739465091,nan,nan,nan,57.904724120247,0.01726974811111,nan,nan,20,2,2,59,0.023155175849341,0.023155175849341,-3.7655369446347,1,160
0.6,200,-108.9739465091,nan,nan,nan,57.904724120247,0.01726974811111,nan,nan,20,2,2,60,0.022781059138465,0.022781059138465,-3.7818258278181,1,160
0.6,200,-108.9739465091,nan,nan,nan,57.904724120247,0.01726974811111,nan,nan,20,2,2,61,0.022414279846954,0.022414279846954,-3.798057030066,1,160
0.6,200,-108.9739465091,nan,nan,nan,57.904724120247,0.01726974811111,nan,nan,20,2,2,62,0.022054983824341,0.022054983824341,-3.8142166788491,1,160
0.6,200,-108.9739465091,nan,nan,nan,57.904724120247,0.01726974811111,nan,nan,20,2,2,63,0.021702378380966,0.021702378380966,-3.8303334216322,1,160
0.6,200,-108.9739465091,nan,nan,nan,57.904724120247,0.01726974811111,nan,nan,20,2,2,64,0.021356365170337,0.021356365170337,-3.8464054492987,1,160
0.6,200,-108.9739465091,nan,nan,nan,57.904724120247,0.01726974811111,nan,nan,20,2,2,65,0.021016733996361,0.021016733996361,-3.8624363016111,1,160
0.6,200,-108.9739465091,nan,nan,nan,57.904724120247,0.01726974811111,nan,nan,20,2,2,66,0.020683397623755,0.020683397623755,-3.8784239476843,1,160
0.6,200,-108.9739465091,nan,nan,nan,57.904724120247,0.01726974811111,nan,nan,20,2,2,67,0.020356242747161,0.020356242747161,-3.8943676452353,1,160
0.6,200,-108.9739465091,nan,nan,nan,57.904724120247,0.01726974811111,nan,nan,20,2,2,68,0.020034963560149,0.020034963560149,-3.9102763537053,1,160
0.6,200,-108.9739465091,nan,nan,nan,57.904724120247,0.01726974811111,nan,nan,20,2,2,69,0.019719689231847,0.019719689231847,-3.9261376889659,1,160
0.6,200,-108.9739465091,nan,nan,nan,57.904724120247,0.01726974811111,nan,nan,20,2,2,70,0.019409644784827,0.019409644784827,-3.9419851825958,1,160
0.6,200,-108.9739465091,nan,nan,nan,57.904724120247,0.01726974811111,nan,nan,20,2,2,71,0.01910538733168,0.01910538733168,-3.9577849244505,1,160
0.6,200,-108.9739465091,nan,nan,nan,57.904724120247,0.01726974811111,nan,nan,20,2,2,72,0.018806106749127,0.018806106749127,-3.9735736348099,1,160
0.6,200,-108.9739465091,nan,nan,nan,57.904724120247,0.01726974811111,nan,nan,20,2,2,73,0.018512157324739,0.018512157324739,-3.9893276100396,1,160
0.6,200,-108.9739465091,nan,nan,nan,57.904724120247,0.01726974811111,nan,nan,20,2,2,74,0.018223146171543,0.018223146171543,-4.0050627252437,1,160
0.6,200,-108.9739465091,nan,nan,nan,57.904724120247,0.01726974811111,nan,nan,20,2,2,75,0.017939058498389,0.017939058498389,-4.0207749043089,1,160
0.6,200,-108.9739465091,nan,nan,nan,57.904724120247,0.01726974811111,nan,nan,20,2,2,76,0.017659985560274,0.017659985560274,-4.0364539014582,1,160
0.6,200,-108.9739465091,nan,nan,nan,57.904724120247,0.01726974811111,nan,nan,20,2,2,77,0.017385446833462,0.017385446833462,-4.0521218116115,1,160
0.6,200,-108.9739465091,nan,nan,nan,57.904724120247,0.01726974811111,nan,nan,20,2,2,78,0.01711551390848,0.01711551390848,-4.0677699806626,1,160
0.6,200,-108.9739465091,nan,nan,nan,57.904724120247,0.01726974811111,nan,nan,20,2,2,79,0.016850048494436,0.016850048494436,-4.0834017441798,1,160
0.6,200,-108.9739465091,nan,nan,nan,57.904724120247,0.01726974811111,nan,nan,20,2,2,80,0.016589138293889,0.016589138293889,-4.0990071174254,1,160
0.6,200,-108.9739465091,nan,nan,nan,57.904724120247,0.01726974811111,nan,nan,20,2,2,81,0.016332587995052,0.016332587995052,-4.1145929035368,1,160
0.6,200,-108.9739465091,nan,nan,nan,57.904724120247,0.01726974811111,nan,nan,20,2,2,82,0.016080224607354,0.016080224607354,-4.1301650472098,1,160
0.6,200,-108.9739465091,nan,nan,nan,57.904724120247,0.01726974811111,nan,nan,20,2,2,83,0.015832275289488,0.015832275289488,-4.1457046826642,1,160
0.6,200,-108.9739465091,nan,nan,nan,57.904724120247,0.01726974811111,nan,nan,20,2,2,84,0.015588246310843,0.015588246310843,-4.1612380903191,1,160
0.6,200,-108.9739465091,nan,nan,nan,57.904724120247,0.01726974811111,nan,nan,20,2,2,85,0.015348406529001,0.015348406529001,-4.1767436195231,1,160
0.6,200,-108.9739465091,nan,nan,nan,57.904724120247,0.01726974811111,nan,nan,20,2,2,86,0.015112522292718,0.015112522292718,-4.1922315879245,1,160
0.6,200,-108.9739465091,nan,nan,nan,57.904724120247,0.01726974811111,nan,nan,20,2,2,87,0.014880755443755,0.014880755443755,-4.2076864817964,1,160
0.6,200,-108.9739465091,nan,nan,nan,57.904724120247,0.01726974811111,nan,nan,20,2,2,88,0.014652293600796,0.014652293600796,-4.223158395992,1,160
0.6,200,-108.9739465091,nan,nan,nan,57.904724120247,0.01726974811111,nan,nan,20,2,2,89,0.014428042197259,0.014428042197259,-4.2385815912668,1,160
0.6,200,-108.9739465091,nan,nan,nan,57.904724120247,0.01726974811111,nan,nan,20,2,2,90,0.014207235324282,0.014207235324282,-4.2540039142622,1,160
0.6,200,-108.9739465091,nan,nan,nan,57.904724120247,0.01726974811111,nan,nan,20,2,2,91,0.013990160158719,0.013990160158719,-4.2694010422846,1,160
0.6,200,-108.9739465091,nan,nan,nan,57.904724120247,0.01726974811111,nan,nan,20,2,2,92,0.013776374461989,0.013776374461989,-4.2848001494661,1,160
0.6,200,-108.9739465091,nan,nan,nan,57.904724120247,0.01726974811111,nan,nan,20,2,2,93,0.013566271467331,0.013566271467331,-4.3001686057982,1,160
0.6,200,-108.9739465091,nan,nan,nan,57.904724120247,0.01726974811111,nan,nan,20,2,2,94,0.013359588358231,0.013359588358231,-4.315520922858,1,160
0.6,200,-108.9739465091,nan,nan,nan,57.904724120247,0.01726974811111,nan,nan,20,2,2,95,0.013156064535246,0.013156064535246,-4.3308724452823,1,160
0.6,200,-108.9739465091,nan,nan,nan,57.904724120247,0.01726974811111,nan,nan,20,2,2,96,0.0129559825221,0.0129559825221,-4.3461976266937,1,160
0.6,200,-108.9739465091,nan,nan,nan,57.904724120247,0.01726974811111,nan,nan,20,2,2,97,0.012758890185527,0.012758890185527,-4.361526980904,1,160
0.6,200,-108.9739465091,nan,nan,nan,57.904724120247,0.01726974811111,nan,nan,20,2,2,98,0.012565119881497,0.012565119881497,-4.376830567125,1,160
0.6,200,-108.9739465091,nan,nan,nan,57.904724120247,0.01726974811111,nan,nan,20,2,2,99,0.012374254133422,0.012374254133422,-4.3921372443905,1,160
0.6,200,-108.9739465091,nan,nan,nan,57.904724120247,0.01726974811111,nan,nan,20,2,2,100,0.012186362126502,0.012186362126502,-4.4074378109961,1,160
0.6,200,-108.9739465091,nan,nan,nan,57.904724120247,0.01726974811111,nan,nan,20,2,2,101,0.012001446405068,0.012001446405068,-4.422728102702,1,160
0.6,200,-108.9739465091,nan,nan,nan,57.904724120247,0.01726974811111,nan,nan,20,2,2,102,0.011819335306732,0.011819335306732,-4.4380185032105,1,160
0.6,200,-108.9739465091,nan,nan,nan,57.904724120247,0.01726974811111,nan,nan,20,2,2,103,0.011639989053645,0.011639989053645,-4.4533087770878,1,160
0.6,200,-108.9739465091,nan,nan,nan,57.904724120247,0.01726974811111,nan,nan,20,2,2,104,0.011463489808763,0.011463489808763,-4.4685880932181,1,160
0.6,200,-108.9739465091,nan,nan,nan,57.904724120247,0.01726974811111,nan,nan,20,2,2,105,0.01128954406311,0.01128954406311,-4.4838782857716,1,160
0.6,200,-108.9739465091,nan,nan,nan,57.904724120247,0.01726974811111,nan,nan,20,2,2,106,0.011118401178241,0.011118401178241,-4.499153779432,1,160
0.6,200,-108.9739465091,nan,nan,nan,57.904724120247,0.01726974811111,nan,nan,20,2,2,107,0.010949814264654,0.010949814264654,-4.5144327849955,1,160
0.6,200,-108.9739465091,nan,nan,nan,57.904724120247,0.01726974811111,nan,nan,20,2,2,108,0.01078377284337,0.01078377284337,-4.5297127892616,1,160
0.6,200,-108.9739465091,nan,nan,nan,57.904724120247,0.01726974811111,nan,nan,20,2,2,109,0.010620167853295,0.010620167853295,-4.5450004578982,1,160
0.6,200,-108.9739465091,nan,nan,nan,57.904724120247,0.01726974811111,nan,nan,20,2,2,110,0.010458989534197,0.010458989534197,-4.560293427861,1,160
0.6,200,-108.9739465091,nan,nan,nan,57.904724120247,0.01726974811111,nan,nan,20,2,2,111,0.010300250485868,0.010300250485868,-4.575587065026,1,160
0.6,200,-108.9739465091,nan,nan,nan,57.904724120247,0.01726974811111,nan,nan,20,2,2,112,0.010143863623579,0.010143863623579,-4.5908863254254,1,160
0.6,200,-108.9739465091,nan,nan,nan,57.904724120247,0.01726974811111,nan,nan,20,2,2,113,0.0099897641665187,0.0099897641665187,-4.6061942935554,1,160
0.6,200,-108.9739465091,nan,nan,nan,57.904724120247,0.01726974811111,nan,nan,20,2,2,114,0.0098379178194087,0.0098379178194087,-4.6215111940278,1,160
0.6,200,-108.9739465091,nan,nan,nan,57.904724120247,0.01726974811111,nan,nan,20,2,2,115,0.0096883171586558,0.0096883171586558,-4.6368345359988,1,160
0.6,200,-108.9739465091,nan,nan,nan,57.904724120247,0.01726974811111,nan,nan,20,2,2,116,0.0095409335158736,0.0095409335158736,-4.6521639454923,1,160
0.6,200,-108.9739465091,nan,nan,nan,57.904724120247,0.01726974811111,nan,nan,20,2,2,117,0.0093956753456314,0.0093956753456314,-4.6675057651844,1,160
0.6,200,-108.9739465091,nan,nan,nan,57.904724120247,0.01726974811111,nan,nan,20,2,2,118,0.0092525651747355,0.0092525651747355,-4.6828544497152,1,160
0.6,200,-108.9739465091,nan,nan,nan,57.904724120247,0.01726974811111,nan,nan,20,2,2,119,0.0091115057849437,0.0091115057849437,-4.6982172921326,1,160
0.6,200,-108.9739465091,nan,nan,nan,57.904724120247,0.01726974811111,nan,nan,20,2,2,120,0.0089725097484183,0.0089725097484183,-4.7135898484657,1,160
0.6,200,-108.9739465091,nan,nan,nan,57.904724120247,0.01726974811111,nan,nan,20,2,2,121,0.0088355631409426,0.0088355631409426,-4.7289704354633,1,160
0.6,200,-108.9739465091,nan,nan,nan,57.904724120247,0.01726974811111,nan,nan,20,2,2,122,0.0087006014699668,0.0087006014699668,-4.7443631212323,1,160
0.6,200,-108.9739465091,nan,nan,nan,57.904724120247,0.01726974811111,nan,nan,20,2,2,123,0.0085675721283121,0.0085675721283121,-4.7597708854226,1,160
0.6,200,-108.9739465091,nan,nan,nan,57.904724120247,0.01726974811111,nan,nan,20,2,2,124,0.0084365113946903,0.0084365113946903,-4.7751863976849,1,160
0.6,200,-108.9739465091,nan,nan,nan,57.904724120247,0.01726974811111,nan,nan,20,2,2,125,0.0083073120098737,0.0083073120098737,-4.7906191869565,1,160
0.6,200,-108.9739465091,nan,nan,nan,57.904724120247,0.01726974811111,nan,nan,20,2,2,126,0.0081799738318695,0.0081799738318695,-4.8060663274106,1,160
0.6,200,-108.9739465091,nan,nan,nan,57.904724120247,0.01726974811111,nan,nan,20,2,2,127,0.0080544411381147,0.0080544411381147,-4.8215316455032,1,160
0.6,200,-108.9739465091,nan,nan,nan,57.904724120247,0.01726974811111,nan,nan,20,2,2,128,0.00793074536272,0.00793074536272,-4.8370082549756,1,160
0.6,200,-108.9739465091,nan,nan,nan,57.904724120247,0.01726974811111,nan,nan,20,2,2,129,0.0078087427844969,0.0078087427844969,-4.8525113031849,1,160
0.6,200,-108.9739465091,nan,nan,nan,57.904724120247,0.01726974811111,nan,nan,20,2,2,130,0.0076884982975701,0.0076884982975701,-4.868029794434,1,160
0.6,200,-108.9739465091,nan,nan,nan,57.904724120247,0.01726974811111,nan,nan,20,2,2,131,0.0075699082303368,0.0075699082303368,-4.8835743344151,1,160
0.6,200,-108.9739465091,nan,nan,nan,57.904724120247,0.01726974811111,nan,nan,20,2,2,132,0.0074529569387499,0.0074529569387499,-4.8991444208063,1,160
0.6,200,-108.9739465091,nan,nan,nan,57.904724120247,0.01726974811111,nan,nan,20,2,2,133,0.0073376475142022,0.0073376475142022,-4.9147369898798,1,160
0.6,200,-108.9739465091,nan,nan,nan,57.904724120247,0.01726974811111,nan,nan,20,2,2,134,0.007223882713787,0.007223882713787,-4.9303626986323,1,160
0.6,200,-108.9739465091,nan,nan,nan,57.904724120247,0.01726974811111,nan,nan,20,2,2,135,0.0071116483391131,0.0071116483391131,-4.9460212281245,1,160
0.6,200,-108.9739465091,nan,nan,nan,57.904724120247,0.01726974811111,nan,nan,20,2,2,136,0.0070008957373348,0.0070008957373348,-4.9617171756369,1,160
0.6,200,-108.9739465091,nan,nan,nan,57.904724120247,0.01726974811111,nan,nan,20,2,2,137,0.0068916094203698,0.0068916094203698,-4.9774506333719,1,160
0.6,200,-108.9739465091,nan,nan,nan,57.904724120247,0.01726974811111,nan,nan,20,2,2,138,0.0067837371621697,0.0067837371621697,-4.993227125027,1,160
0.6,200,-108.9739465091,nan,nan,nan,57.904724120247,0.01726974811111,nan,nan,20,2,2,139,0.0066772123674661,0.0066772123674661,-5.0090546887913,1,160
0.6,200,-108.9739465091,nan,nan,nan,57.904724120247,0.01726974811111,nan,nan,20,2,2,140,0.0065720122688636,0.0065720122688636,-5.0249352119702,1,160
0.6,200,-108.9739465091,nan,nan,nan,57.904724120247,0.01726974811111,nan,nan,20,2,2,141,0.00646810229169,0.00646810229169,-5.0408725223506,1,160
0.6,200,-108.9739465091,nan,nan,nan,57.904724120247,0.01726974811111,nan,nan,20,2,2,142,0.0063654285113411,0.0063654285113411,-5.0568737261688,1,160
0.6,200,-108.9739465091,nan,nan,nan,57.904724120247,0.01726974811111,nan,nan,20,2,2,143,0.0062639642354866,0.0062639642354866,-5.0729420298427,1,160
0.6,200,-108.9739465091,nan,nan,nan,57.904724120247,0.01726974811111,nan,nan,20,2,2,144,0.0061636539723437,0.0061636539723437,-5.0890854999683,1,160
0.6,200,-108.9739465091,nan,nan,nan,57.904724120247,0.01726974811111,nan,nan,20,2,2,145,0.006064460329965,0.006064460329965,-5.1053097215897,1,160
0.6,200,-108.9739465091,nan,nan,nan,57.904724120247,0.01726974811111,nan,nan,20,2,2,146,0.0059663462819922,0.0059663462819922,-5.1216205520007,1,160
0.6,200,-108.9739465091,nan,nan,nan,57.904724120247,0.01726974811111,nan,nan,20,2,2,147,0.0058692585166154,0.0058692585166154,-5.1380269705629,1,160
0.6,200,-108.9739465091,nan,nan,nan,57.904724120247,0.01726974811111,nan,nan,20,2,2,148,0.0057731519858138,0.0057731519858138,-5.1545370762425,1,160
0.6,200,-108.9739465091,nan,nan,nan,57.904724120247,0.01726974811111,nan,nan,20,2,2,149,0.0056779767549881,0.0056779767549881,-5.1711603148129,1,160
0.6,200,-108.9739465091,nan,nan,nan,57.904724120247,0.01726974811111,nan,nan,20,2,2,150,0.0055836869789432,0.0055836869789432,-5.1879059718728,1,160
0.6,200,-108.9739465091,nan,nan,nan,57.904724120247,0.01726974811111,nan,nan,20,2,2,151,0.0054902247204766,0.0054902247204766,-5.2047860916069,1,160
0.6,200,-108.9739465091,nan,nan,nan,57.904724120247,0.01726974811111,nan,nan,20,2,2,152,0.0053975388399152,0.0053975388399152,-5.2218121996929,1,160
0.6,200,-108.9739465091,nan,nan,nan,57.904724120247,0.01726974811111,nan,nan,20,2,2,153,0.0053055646086345,0.0053055646086345,-5.2389990830536,1,160
0.6,200,-108.9739465091,nan,nan,nan,57.904724120247,0.01726974811111,nan,nan,20,2,2,154,0.0052142454591891,0.0052142454591891,-5.2563608876343,1,160
0.6,200,-108.9739465091,nan,nan,nan,57.904724120247,0.01726974811111,nan,nan,20,2,2,155,0.0051235114193109,0.0051235114193109,-5.2739152509164,1,160
0.6,200,-108.9739465091,nan,nan,nan,57.904724120247,0.01726974811111,nan,nan,20,2,2,156,0.0050332948522407,0.0050332948522407,-5.2916804691088,1,160
0.6,200,-108.9739465091,nan,nan,nan,57.904724120247,0.01726974811111,nan,nan,20,2,2,157,0.0049435167770602,0.0049435167770602,-5.3096783028713,1,160
0.6,200,-108.9739465091,nan,nan,nan,57.904724120247,0.01726974811111,nan,nan,20,2,2,158,0.004854092868839,0.004854092868839,-5.3279330394259,1,160
0.6,200,-108.9739465091,nan,nan,nan,57.904724120247,0.01726974811111,nan,nan,20,2,2,159,0.0047649337562529,0.0047649337562529,-5.3464716441231,1,160
0.6,200,-108.9739465091,nan,nan,nan,57.904724120247,0.01726974811111,nan,nan,20,2,2,160,0.0046759393834144,0.0046759393834144,-5.365325198798,1,160
0.65,200,-85.241497921983,nan,nan,nan,24.004459576298,0.041658925785081,nan,nan,20,2,2,1,0.10510256713639,0.10510256713639,-2.252818575742,1,160
0.65,200,-85.241497921983,nan,nan,nan,24.004459576298,0.041658925785081,nan,nan,20,2,2,2,0.095474324152356,0.095474324152356,-2.3488979246874,1,160
0.65,200,-85.241497921983,nan,nan,nan,24.004459576298,0.041658925785081,nan,nan,20,2,2,3,0.086074225706502,0.086074225706502,-2.4525452653658,1,160
0.65,200,-85.241497921983,nan,nan,nan,24.004459576298,0.041658925785081,nan,nan,20,2,2,4,0.077805699755265,0.077805699755265,-2.5535405888455,1,160
0.65,200,-85.241497921983,nan,nan,nan,24.004459576298,0.041658925785081,nan,nan,20,2,2,5,0.07073747999565,0.07073747999565,-2.6487797193105,1,160
0.65,200,-85.241497921983,nan,nan,nan,24.004459576298,0.041658925785081,nan,nan,20,2,2,6,0.064706969610303,0.064706969610303,-2.7378863613247,1,160
0.65,200,-85.241497921983,nan,nan,nan,24.004459576298,0.041658925785081,nan,nan,20,2,2,7,0.059522398379029,0.059522398379029,-2.8214025939225,1,160
0.65,200,-85.241497921983,nan,nan,nan,24.004459576298,0.041658925785081,nan,nan,20,2,2,8,0.055018389735434,0.055018389735434,-2.900087790809,1,160
0.65,200,-85.241497921983,nan,nan,nan,24.004459576298,0.041658925785081,nan,nan,20,2,2,9,0.051064279626156,0.051064279626156,-2.9746700550494,1,160
0.65,200,-85.241497921983,nan,nan,nan,24.004459576298,0.041658925785081,nan,nan,20,2,2,10,0.047559421108075,0.047559421108075,-3.0457753790571,1,160
0.65,200,-85.241497921983,nan,nan,nan,24.004459576298,0.041658925785081,nan,nan,20,2,2,11,0.044426459197664,0.044426459197664,-3.1139200591632,1,160
0.65,200,-85.241497921983,nan,nan,nan,24.004459576298,0.041658925785081,nan,nan,20,2,2,12,0.041605431484547,0.041605431484547,-3.1795245557054,1,160
0.65,200,-85.241497921983,nan,nan,nan,24.004459576298,0.041658925785081,nan,nan,20,2,2,13,0.039049259181249,0.039049259181249,-3.2429313739072,1,160
0.65,200,-85.241497921983,nan,nan,nan,24.004459576298,0.041658925785081,nan,nan,20,2,2,14,0.036720478586509,0.036720478586509,-3.3044206799131,1,160
0.65,200,-85.241497921983,nan,nan,nan,24.004459576298,0.041658925785081,nan,nan,20,2,2,15,0.034588876824376,0.034588876824376,-3.3642231276682,1,160
0.65,200,-85.241497921983,nan,nan,nan,24.004459576298,0.041658925785081,nan,nan,20,2,2,16,0.032629765676469,0.032629765676469,-3.4225303496326,1,160
0.65,200,-85.241497921983,nan,nan,nan,24.004459576298,0.041658925785081,nan,nan,20,2,2,17,0.030822732687584,0.030822732687584,-3.4795027869733,1,160
0.65,200,-85.241497921983,nan,nan,nan,24.004459576298,0.041658925785081,nan,nan,20,2,2,18,0.029150710599171,0.029150710599171,-3.5352759891527,1,160
0.65,200,-85.241497921983,nan,nan,nan,24.004459576298,0.041658925785081,nan,nan,20,2,2,19,0.027599285996001,0.027599285996001,-3.5899653763038,1,160
0.65,200,-85.241497921983,nan,nan,nan,24.004459576298,0.041658925785081,nan,nan,20,2,2,20,0.026156177986829,0.026156177986829,-3.6436698644879,1,160
0.65,200,-85.241497921983,nan,nan,nan,24.004459576298,0.041658925785081,nan,nan,20,2,2,21,0.024810826080205,0.024810826080205,-3.696475185573,1,160
0.65,200,-85.241497921983,nan,nan,nan,24.004459576298,0.041658925785081,nan,nan,20,2,2,22,0.023554094638188,0.023554094638188,-3.7484556036466,1,160
0.65,200,-85.241497921983,nan,nan,nan,24.004459576298,0.041658925785081,nan,nan,20,2,2,23,0.02237801221389,0.02237801221389,-3.7996763997977,1,160
0.65,200,-85.241497921983,nan,nan,nan,24.004459576298,0.041658925785081,nan,nan,20,2,2,24,0.021275591821287,0.021275591821287,-3.8501947872228,1,160
0.65,200,-85.241497921983,nan,nan,nan,24.004459576298,0.041658925785081,nan,nan,20,2,2,25,0.02024064946941,0.02024064946941,-3.9000623466681,1,160
0.65,200,-85.241497921983,nan,nan,nan,24.004459576298,0.041658925785081,nan,nan,20,2,2,26,0.01926772024897,0.01926772024897,-3.9493241092645,1,160
0.65,200,-85.241497921983,nan,nan,nan,24.004459576298,0.041658925785081,nan,nan,20,2,2,27,0.018351919362692,0.018351919362692,-3.9980211125296,1,160
0.65,200,-85.241497921983,nan,nan,nan,24.004459576298,0.041658925785081,nan,nan,20,2,2,28,0.017488881128906,0.017488881128906,-4.0461899640444,1,160
0.65,200,-85.241497921983,nan,nan,nan,24.004459576298,0.041658925785081,nan,nan,20,2,2,29,0.016674670786005,0.016674670786005,-4.0938644303435,1,160
0.65,200,-85.241497921983,nan,nan,nan,24.004459576298,0.041658925785081,nan,nan,20,2,2,30,0.01590575403878,0.01590575403878,-4.1410743459906,1,160
0.65,200,-85.241497921983,nan,nan,nan,24.004459576298,0.041658925785081,nan,nan,20,2,2,31,0.015178921048932,0.015178921048932,-4.1878475866862,1,160
0.65,200,-85.241497921983,nan,nan,nan,24.004459576298,0.041658925785081,nan,nan,20,2,2,32,0.014491258362019,0.014491258362019,-4.2342096829407,1,160
0.65,200,-85.241497921983,nan,nan,nan,24.004459576298,0.041658925785081,nan,nan,20,2,2,33,0.013840108265737,0.013840108265737,-4.2801845061543,1,160
0.65,200,-85.241497921983,nan,nan,nan,24.004459576298,0.041658925785081,nan,nan,20,2,2,34,0.013223057763067,0.013223057763067,-4.3257931730387,1,160
0.65,200,-85.241497921983,nan,nan,nan,24.004459576298,0.041658925785081,nan,nan,20,2,2,35,0.012637883732286,0.012637883732286,-4.3710563305239,1,160
0.65,200,-85.241497921983,nan,nan,nan,24.004459576298,0.041658925785081,nan,nan,20,2,2,36,0.012082558910125,0.012082558910125,-4.4159922786,1,160
0.65,200,-85.241497921983,nan,nan,nan,24.004459576298,0.041658925785081,nan,nan,20,2,2,37,0.011555210358532,0.011555210358532,-4.4606188304425,1,160
0.65,200,-85.241497921983,nan,nan,nan,24.004459576298,0.041658925785081,nan,nan,20,2,2,38,0.011054118307856,0.011054118307856,-4.5049522229093,1,160
0.65,200,-85.241497921983,nan,nan,nan,24.004459576298,0.041658925785081,nan,nan,20,2,2,39,0.010577691537423,0.010577691537423,-4.549008067529,1,160
0.65,200,-85.241497921983,nan,nan,nan,24.004459576298,0.041658925785081,nan,nan,20,2,2,40,0.010124464215711,0.010124464215711,-4.5928005843565,1,160
0.65,200,-85.241497921983,nan,nan,nan,24.004459576298,0.041658925785081,nan,nan,20,2,2,41,0.0096930787279997,0.0096930787279997,-4.6363431813547,1,160
0.65,200,-85.241497921983,nan,nan,nan,24.004459576298,0.041658925785081,nan,nan,20,2,2,42,0.0092822779598592,0.0092822779598592,-4.6796482924944,1,160
0.65,200,-85.241497921983,nan,nan,nan,24.004459576298,0.041658925785081,nan,nan,20,2,2,43,0.0088909060681307,0.0088909060681307,-4.7227263147251,1,160
0.65,200,-85.241497921983,nan,nan,nan,24.004459576298,0.041658925785081,nan,nan,20,2,2,44,0.0085178399096936,0.0085178399096936,-4.7655925020116,1,160
0.65,200,-85.241497921983,nan,nan,nan,24.004459576298,0.041658925785081,nan,nan,20,2,2,45,0.0081620750481033,0.0081620750481033,-4.8082568472229,1,160
0.65,200,-85.241497921983,nan,nan,nan,24.004459576298,0.041658925785081,nan,nan,20,2,2,46,0.0078226767504596,0.0078226767504596,-4.8507284875394,1,160
0.65,200,-85.241497921983,nan,nan,nan,24.004459576298,0.041658925785081,nan,nan,20,2,2,47,0.007498765351017,0.007498765351017,-4.8930168918556,1,160
0.65,200,-85.241497921983,nan,nan,nan,24.004459576298,0.041658925785081,nan,nan,20,2,2,48,0.0071895084905002,0.0071895084905002,-4.9351324697388,1,160
0.65,200,-85.241497921983,nan,nan,nan,24.004459576298,0.041658925785081,nan,nan,20,2,2,49,0.0068941419982773,0.0068941419982773,-4.9770832137284,1,160
0.65,200,-85.241497921983,nan,nan,nan,24.004459576298,0.041658925785081,nan,nan,20,2,2,50,0.0066119455997229,0.0066119455997229,-5.0188773265643,1,160
0.65,200,-85.241497921983,nan,nan,nan,24.004459576298,0.041658925785081,nan,nan,20,2,2,51,0.0063422467979937,0.0063422467979937,-5.0605221887708,1,160
0.65,200,-85.241497921983,nan,nan,nan,24.004459576298,0.041658925785081,nan,nan,20,2,2,52,0.0060844160504212,0.0060844160504212,-5.1020245225673,1,160
0.65,200,-85.241497921983,nan,nan,nan,24.004459576298,0.041658925785081,nan,nan,20,2,2,53,0.0058378601567575,0.0058378601567575,-5.1433909608012,1,160
0.65,200,-85.241497921983,nan,nan,nan,24.004459576298,0.041658925785081,nan,nan,20,2,2,54,0.0056020231718932,0.0056020231718932,-5.184627465792,1,160
0.65,200,-85.241497921983,nan,nan,nan,24.004459576298,0.041658925785081,nan,nan,20,2,2,55,0.0053763726675581,0.0053763726675581,-5.2257413575615,1,160
0.65,200,-85.241497921983,nan,nan,nan,24.004459576298,0.041658925785081,nan,nan,20,2,2,56,0.0051604150595208,0.0051604150595208,-5.266738264832,1,160
0.65,200,-85.241497921983,nan,nan,nan,24.004459576298,0.041658925785081,nan,nan,20,2,2,57,0.0049536782885651,0.0049536782885651,-5.3076248897562,1,160
0.65,200,-85.241497921983,nan,nan,nan,24.004459576298,0.041658925785081,nan,nan,20,2,2,58,0.0047557238720165,0.0047557238720165,-5.3484063607086,1,160
0.65,200,-85.241497921983,nan,nan,nan,24.004459576298,0.041658925785081,nan,nan,20,2,2,59,0.0045661372135046,0.0045661372135046,-5.3890876801862,1,160
0.65,200,-85.241497921983,nan,nan,nan,24.004459576298,0.041658925785081,nan,nan,20,2,2,60,0.0043845257722396,0.0043845257722396,-5.4296738067282,1,160
0.65,200,-85.241497921983,nan,nan,nan,24.004459576298,0.041658925785081,nan,nan,20,2,2,61,0.0042105163543477,0.0042105163543477,-5.4701699893199,1,160
0.65,200,-85.241497921983,nan,nan,nan,24.004459576298,0.041658925785081,nan,nan,20,2,2,62,0.0040437535708026,0.0040437535708026,-5.5105819166731,1,160
0.65,200,-85.241497921983,nan,nan,nan,24.004459576298,0.041658925785081,nan,nan,20,2,2,63,0.0038839058351828,0.0038839058351828,-5.5509139731356,1,160
0.65,200,-85.241497921983,nan,nan,nan,24.004459576298,0.041658925785081,nan,nan,20,2,2,64,0.0037306587465063,0.0037306587465063,-5.5911704532773,1,160
0.65,200,-85.241497921983,nan,nan,nan,24.004459576298,0.041658925785081,nan,nan,20,2,2,65,0.0035837213997521,0.0035837213997521,-5.6313535213351,1,160
0.65,200,-85.241497921983,nan,nan,nan,24.004459576298,0.041658925785081,nan,nan,20,2,2,66,0.0034428114826338,0.0034428114826338,-5.6714668499343,1,160
0.65,200,-85.241497921983,nan,nan,nan,24.004459576298,0.041658925785081,nan,nan,20,2,2,67,0.0033076607084215,0.0033076607084215,-5.7115140740637,1,160
0.65,200,-85.241497921983,nan,nan,nan,24.004459576298,0.041658925785081,nan,nan,20,2,2,68,0.0031780114461537,0.0031780114461537,-5.7514996091895,1,160
0.65,200,-85.241497921983,nan,nan,nan,24.004459576298,0.041658925785081,nan,nan,20,2,2,69,0.003053621518431,0.003053621518431,-5.7914270096525,1,160
0.65,200,-85.241497921983,nan,nan,nan,24.004459576298,0.041658925785081,nan,nan,20,2,2,70,0.0029342616819223,0.0029342616819223,-5.8312994137626,1,160
0.65,200,-85.241497921983,nan,nan,nan,24.004459576298,0.041658925785081,nan,nan,20,2,2,71,0.002819717810445,0.002819717810445,-5.8711184662573,1,160
0.65,200,-85.241497921983,nan,nan,nan,24.004459576298,0.041658925785081,nan,nan,20,2,2,72,0.0027097841767718,0.0027097841767718,-5.9108862868295,1,160
0.65,200,-85.241497921983,nan,nan,nan,24.004459576298,0.041658925785081,nan,nan,20,2,2,73,0.0026042612729019,0.0026042612729019,-5.9506062244533,1,160
0.65,200,-85.241497921983,nan,nan,nan,24.004459576298,0.041658925785081,nan,nan,20,2,2,74,0.0025029637210929,0.0025029637210929,-5.9902797608074,1,160
0.65,200,-85.241497921983,nan,nan,nan,24.004459576298,0.041658925785081,nan,nan,20,2,2,75,0.0024057106826117,0.0024057106826117,-6.0299099169511,1,160
0.65,200,-85.241497921983,nan,nan,nan,24.004459576298,0.041658925785081,nan,nan,20,2,2,76,0.0023123308201606,0.0023123308201606,-6.0694992501034,1,160
0.65,200,-85.241497921983,nan,nan,nan,24.004459576298,0.041658925785081,nan,nan,20,2,2,77,0.0022226617436882,0.0022226617436882,-6.1090498176615,1,160
0.65,200,-85.241497921983,nan,nan,nan,24.004459576298,0.041658925785081,nan,nan,20,2,2,78,0.0021365501112849,0.0021365501112849,-6.1485628483063,1,160
0.65,200,-85.241497921983,nan,nan,nan,24.004459576298,0.041658925785081,nan,nan,20,2,2,79,0.0020538459617631,0.0020538459617631,-6.1880411645611,1,160
0.65,200,-85.241497921983,nan,nan,nan,24.004459576298,0.041658925785081,nan,nan,20,2,2,80,0.0019744094482419,0.0019744094482419,-6.2274859388909,1,160
0.65,200,-85.241497921983,nan,nan,nan,24.004459576298,0.041658925785081,nan,nan,20,2,2,81,0.0018981045149585,0.0018981045149585,-6.2668995144735,1,160
0.65,200,-85.241497921983,nan,nan,nan,24.004459576298,0.041658925785081,nan,nan,20,2,2,82,0.0018248025219995,0.0018248025219995,-6.3062835049261,1,160
0.65,200,-85.241497921983,nan,nan,nan,24.004459576298,0.041658925785081,nan,nan,20,2,2,83,0.0017543811401888,0.0017543811401888,-6.3456391109247,1,160
0.65,200,-85.241497921983,nan,nan,nan,24.004459576298,0.041658925785081,nan,nan,20,2,2,84,0.0016867219379515,0.0016867219379515,-6.3849683153513,1,160
0.65,200,-85.241497921983,nan,nan,nan,24.004459576298,0.041658925785081,nan,nan,20,2,2,85,0.0016217131576393,0.0016217131576393,-6.4242721837864,1,160
0.65,200,-85.241497921983,nan,nan,nan,24.004459576298,0.041658925785081,nan,nan,20,2,2,86,0.0015592465032699,0.0015592465032699,-6.4635525851323,1,160
0.65,200,-85.241497921983,nan,nan,nan,24.004459576298,0.041658925785081,nan,nan,20,2,2,87,0.0014992191680045,0.0014992191680045,-6.5028108610732,1,160
0.65,200,-85.241497921983,nan,nan,nan,24.004459576298,0.041658925785081,nan,nan,20,2,2,88,0.001441533280001,0.001441533280001,-6.5420479540895,1,160
0.65,200,-85.241497921983,nan,nan,nan,24.004459576298,0.041658925785081,nan,nan,20,2,2,89,0.0013860945798878,0.0013860945798878,-6.5812651410854,1,160
0.65,200,-85.241497921983,nan,nan,nan,24.004459576298,0.041658925785081,nan,nan,20,2,2,90,0.0013328140814845,0.0013328140814845,-6.620462721268,1,160
0.65,200,-85.241497921983,nan,nan,nan,24.004459576298,0.041658925785081,nan,nan,20,2,2,91,0.0012816034891067,0.0012816034891067,-6.6596432591923,1,160
0.65,200,-85.241497921983,nan,nan,nan,24.004459576298,0.041658925785081,nan,nan,20,2,2,92,0.0012323808069643,0.0012323808069643,-6.6988073650694,1,160
0.65,200,-85.241497921983,nan,nan,nan,24.004459576298,0.041658925785081,nan,nan,20,2,2,93,0.0011850657877054,0.0011850657877054,-6.7379569888851,1,160
0.65,200,-85.241497921983,nan,nan,nan,24.004459576298,0.041658925785081,nan,nan,20,2,2,94,0.0011395843522589,0.0011395843522589,-6.7770916863413,1,160
0.65,200,-85.241497921983,nan,nan,nan,24.004459576298,0.041658925785081,nan,nan,20,2,2,95,0.0010958620716696,0.0010958620716696,-6.8162139453925,1,160
0.65,200,-85.241497921983,nan,nan,nan,24.004459576298,0.041658925785081,nan,nan,20,2,2,96,0.0010538313576888,0.0010538313576888,-6.8553228438575,1,160
0.65,200,-85.241497921983,nan,nan,nan,24.004459576298,0.041658925785081,nan,nan,20,2,2,97,0.0010134234045216,0.0010134234045216,-6.8944211701412,1,160
0.65,200,-85.241497921983,nan,nan,nan,24.004459576298,0.041658925785081,nan,nan,20,2,2,98,0.00097457616863214,0.00097457616863214,-6.9335078803142,1,160
0.65,200,-85.241497921983,nan,nan,nan,24.004459576298,0.041658925785081,nan,nan,20,2,2,99,0.00093722593740866,0.00093722593740866,-6.9725861762882,1,160
0.65,200,-85.241497921983,nan,nan,nan,24.004459576298,0.041658925785081,nan,nan,20,2,2,100,0.00090131411721984,0.00090131411721984,-7.0116567293493,1,160
0.65,200,-85.241497921983,nan,nan,nan,24.004459576298,0.041658925785081,nan,nan,20,2,2,101,0.00086678602630667,0.00086678602630667,-7.0507184094442,1,160
0.65,200,-85.241497921983,nan,nan,nan,24.004459576298,0.041658925785081,nan,nan,20,2,2,102,0.00083358715233946,0.00083358715233946,-7.0897722993447,1,160
0.65,200,-85.241497921983,nan,nan,nan,24.004459576298,0.041658925785081,nan,nan,20,2,2,103,0.00080166390219681,0.00080166390219681,-7.1288211125016,1,160
0.65,200,-85.241497921983,nan,nan,nan,24.004459576298,0.041658925785081,nan,nan,20,2,2,104,0.00077096682393555,0.00077096682393555,-7.1678652152417,1,160
0.65,200,-85.241497921983,nan,nan,nan,24.004459576298,0.041658925785081,nan,nan,20,2,2,105,0.00074144800833025,0.00074144800833025,-7.2069055157289,1,160
0.65,200,-85.241497921983,nan,nan,nan,24.004459576298,0.041658925785081,nan,nan,20,2,2,106,0.00071306281008468,0.00071306281008468,-7.2459410487445,1,160
0.65,200,-85.241497921983,nan,nan,nan,24.004459576298,0.041658925785081,nan,nan,20,2,2,107,0.00068576733870854,0.00068576733870854,-7.2849721441665,1,160
0.65,200,-85.241497921983,nan,nan,nan,24.004459576298,0.041658925785081,nan,nan,20,2,2,108,0.00065951960427638,0.00065951960427638,-7.32399886028,1,160
0.65,200,-85.241497921983,nan,nan,nan,24.004459576298,0.041658925785081,nan,nan,20,2,2,109,0.00063427784482995,0.00063427784482995,-7.3630234584699,1,160
0.65,200,-85.241497921983,nan,nan,nan,24.004459576298,0.041658925785081,nan,nan,20,2,2,110,0.00061000336766702,0.00061000336766702,-7.4020460800466,1,160
0.65,200,-85.241497921983,nan,nan,nan,24.004459576298,0.041658925785081,nan,nan,20,2,2,111,0.00058665917437515,0.00058665917437515,-7.4410665296332,1,160
0.65,200,-85.241497921983,nan,nan,nan,24.004459576298,0.041658925785081,nan,nan,20,2,2,112,0.00056420857455936,0.00056420857455936,-7.4800865617817,1,160
0.65,200,-85.241497921983,nan,nan,nan,24.004459576298,0.041658925785081,nan,nan,20,2,2,113,0.00054261762821708,0.00054261762821708,-7.5191056698465,1,160
0.65,200,-85.241497921983,nan,nan,nan,24.004459576298,0.041658925785081,nan,nan,20,2,2,114,0.00052185264875893,0.00052185264875893,-7.5581252920017,1,160
0.65,200,-85.241497921983,nan,nan,nan,24.004459576298,0.041658925785081,nan,nan,20,2,2,115,0.00050188275271069,0.00050188275271069,-7.5971440258893,1,160
0.65,200,-85.241497921983,nan,nan,nan,24.004459576298,0.041658925785081,nan,nan,20,2,2,116,0.000482676277956,0.000482676277956,-7.6361643609927,1,160
0.65,200,-85.241497921983,nan,nan,nan,24.004459576298,0.041658925785081,nan,nan,20,2,2,117,0.00046420328465116,0.00046420328465116,-7.6751879882094,1,160
0.65,200,-85.241497921983,nan,nan,nan,24.004459576298,0.041658925785081,nan,nan,20,2,2,118,0.0004464357479842,0.0004464357479842,-7.7142150694937,1,160
0.65,200,-85.241497921983,nan,nan,nan,24.004459576298,0.041658925785081,nan,nan,20,2,2,119,0.00042934641617699,0.00042934641617699,-7.7532464679704,1,160
0.65,200,-85.241497921983,nan,nan,nan,24.004459576298,0.041658925785081,nan,nan,20,2,2,120,0.00041290950409177,0.00041290950409177,-7.7922821074351,1,160
0.65,200,-85.241497921983,nan,nan,nan,24.004459576298,0.041658925785081,nan,nan,20,2,2,121,0.00039710052473482,0.00039710052473482,-7.8313210984106,1,160
0.65,200,-85.241497921983,nan,nan,nan,24.004459576298,0.041658925785081,nan,nan,20,2,2,122,0.00038189482741158,0.00038189482741158,-7.8703653081776,1,160
0.65,200,-85.241497921983,nan,nan,nan,24.004459576298,0.041658925785081,nan,nan,20,2,2,123,0.00036726921333859,0.00036726921333859,-7.9094154274957,1,160
0.65,200,-85.241497921983,nan,nan,nan,24.004459576298,0.041658925785081,nan,nan,20,2,2,124,0.00035320148494244,0.00035320148494244,-7.9484718849895,1,160
0.65,200,-85.241497921983,nan,nan,nan,24.004459576298,0.041658925785081,nan,nan,20,2,2,125,0.00033967035598869,0.00033967035598869,-7.9875349518729,1,160
0.65,200,-85.241497921983,nan,nan,nan,24.004459576298,0.041658925785081,nan,nan,20,2,2,126,0.00032665490097859,0.00032665490097859,-8.0266062930289,1,160
0.65,200,-85.241497921983,nan,nan,nan,24.004459576298,0.041658925785081,nan,nan,20,2,2,127,0.00031413535537227,0.00031413535537227,-8.0656865968746,1,160
0.65,200,-85.241497921983,nan,nan,nan,24.004459576298,0.041658925785081,nan,nan,20,2,2,128,0.00030209262562663,0.00030209262562663,-8.1047768802415,1,160
0.65,200,-85.241497921983,nan,nan,nan,24.004459576298,0.041658925785081,nan,nan,20,2,2,129,0.00029050847967252,0.00029050847967252,-8.1438777921757,1,160
0.65,200,-85.241497921983,nan,nan,nan,24.004459576298,0.041658925785081,nan,nan,20,2,2,130,0.00027936542994295,0.00027936542994295,-8.1829898484209,1,160
0.65,200,-85.241497921983,nan,nan,nan,24.004459576298,0.041658925785081,nan,nan,20,2,2,131,0.0002686461466808,0.0002686461466808,-8.2221154841613,1,160
0.65,200,-85.241497921983,nan,nan,nan,24.004459576298,0.041658925785081,nan,nan,20,2,2,132,0.00025833451820861,0.00025833451820861,-8.2612552306756,1,160
0.65,200,-85.241497921983,nan,nan,nan,24.004459576298,0.041658925785081,nan,nan,20,2,2,133,0.00024841497424983,0.00024841497424983,-8.3004099269126,1,160
0.65,200,-85.241497921983,nan,nan,nan,24.004459576298,0.041658925785081,nan,nan,20,2,2,134,0.00023887237856886,0.00023887237856886,-8.3395811295347,1,160
0.65,200,-85.241497921983,nan,nan,nan,24.004459576298,0.041658925785081,nan,nan,20,2,2,135,0.00022969202504475,0.00022969202504475,-8.3787711678761,1,160
0.65,200,-85.241497921983,nan,nan,nan,24.004459576298,0.041658925785081,nan,nan,20,2,2,136,0.00022085982948494,0.00022085982948494,-8.417982313396,1,160
0.65,200,-85.241497921983,nan,nan,nan,24.004459576298,0.041658925785081,nan,nan,20,2,2,137,0.0002123623523523,0.0002123623523523,-8.457216533119,1,160
0.65,200,-85.241497921983,nan,nan,nan,24.004459576298,0.041658925785081,nan,nan,20,2,2,138,0.0002041866375878,0.0002041866375878,-8.4964760922407,1,160
0.65,200,-85.241497921983,nan,nan,nan,24.004459576298,0.041658925785081,nan,nan,20,2,2,139,0.00019632019882263,0.00019632019882263,-8.5357635642545,1,160
0.65,200,-85.241497921983,nan,nan,nan,24.004459576298,0.041658925785081,nan,nan,20,2,2,140,0.00018875108119159,0.00018875108119159,-8.5750814416842,1,160
0.65,200,-85.241497921983,nan,nan,nan,24.004459576298,0.041658925785081,nan,nan,20,2,2,141,0.00018146759582513,0.00018146759582513,-8.6144334555974,1,160
0.65,200,-85.241497921983,nan,nan,nan,24.004459576298,0.041658925785081,nan,nan,20,2,2,142,0.00017445848231029,0.00017445848231029,-8.6538237683534,1,160
0.65,200,-85.241497921983,nan,nan,nan,24.004459576298,0.041658925785081,nan,nan,20,2,2,143,0.0001677132231786,0.0001677132231786,-8.6932550420432,1,160
0.65,200,-85.241497921983,nan,nan,nan,24.004459576298,0.041658925785081,nan,nan,20,2,2,144,0.00016122121500868,0.00016122121500868,-8.7327331297976,1,160
0.65,200,-85.241497921983,nan,nan,nan,24.004459576298,0.041658925785081,nan,nan,20,2,2,145,0.00015497243359768,0.00015497243359768,-8.7722633046187,1,160
0.65,200,-85.241497921983,nan,nan,nan,24.004459576298,0.041658925785081,nan,nan,20,2,2,146,0.00014895737163139,0.00014895737163139,-8.8118503893859,1,160
0.65,200,-85.241497921983,nan,nan,nan,24.004459576298,0.041658925785081,nan,nan,20,2,2,147,0.00014316649492475,0.00014316649492475,-8.8515023048031,1,160
0.65,200,-85.241497921983,nan,nan,nan,24.004459576298,0.041658925785081,nan,nan,20,2,2,148,0.00013759099018149,0.00013759099018149,-8.891225112941,1,160
0.65,200,-85.241497921983,nan,nan,nan,24.004459576298,0.041658925785081,nan,nan,20,2,2,149,0.00013222212633462,0.00013222212633462,-8.9310272743956,1,160
0.65,200,-85.241497921983,nan,nan,nan,24.004459576298,0.041658925785081,nan,nan,20,2,2,150,0.00012705162363753,0.00012705162363753,-8.9709170687636,1,160
0.65,200,-85.241497921983,nan,nan,nan,24.004459576298,0.041658925785081,nan,nan,20,2,2,151,0.00012207130996692,0.00012207130996692,-9.0109051760637,1,160
0.65,200,-85.241497921983,nan,nan,nan,24.004459576298,0.041658925785081,nan,nan,20,2,2,152,0.00011727331193579,0.00011727331193579,-9.0510033479204,1,160
0.65,200,-85.241497921983,nan,nan,nan,24.004459576298,0.041658925785081,nan,nan,20,2,2,153,0.00011265008877766,0.00011265008877766,-9.0912241030023,1,160
0.65,200,-85.241497921983,nan,nan,nan,24.004459576298,0.041658925785081,nan,nan,20,2,2,154,0.00010819403411538,0.00010819403411538,-9.1315843306378,1,160
0.65,200,-85.241497921983,nan,nan,nan,24.004459576298,0.041658925785081,nan,nan,20,2,2,155,0.00010389820204973,0.00010389820204973,-9.1720989646313,1,160
0.65,200,-85.241497921983,nan,nan,nan,24.004459576298,0.041658925785081,nan,nan,20,2,2,156,9.9755459603471e-05,9.9755459603471e-05,-9.2127887708252,1,160
0.65,200,-85.241497921983,nan,nan,nan,24.004459576298,0.041658925785081,nan,nan,20,2,2,157,9.5759309656252e-05,9.5759309656252e-05,-9.253672705844,1,160
0.65,200,-85.241497921983,nan,nan,nan,24.004459576298,0.041658925785081,nan,nan,20,2,2,158,9.1902938045541e-05,9.1902938045541e-05,-9.294777559086,1,160
0.65,200,-85.241497921983,nan,nan,nan,24.004459576298,0.041658925785081,nan,nan,20,2,2,159,8.8179721636042e-05,8.8179721636042e-05,-9.3361335348092,1,160
0.65,200,-85.241497921983,nan,nan,nan,24.004459576298,0.041658925785081,nan,nan,20,2,2,160,8.4583267016117e-05,8.4583267016117e-05,-9.3777741003226,1,160
0.7,200,-66.347121161617,nan,nan,nan,9.7299603446825,0.10277534178713,nan,nan,20,2,2,1,0.10058930560322,0.10058930560322,-2.2967093330984,1,160
0.7,200,-66.347121161617,nan,nan,nan,9.7299603446825,0.10277534178713,nan,nan,20,2,2,2,0.084935942694659,0.084935942694659,-2.4658579219596,1,160
0.7,200,-66.347121161617,nan,nan,nan,9.7299603446825,0.10277534178713,nan,nan,20,2,2,3,0.07103822107658,0.07103822107658,-2.6445372217635,1,160
0.7,200,-66.347121161617,nan,nan,nan,9.7299603446825,0.10277534178713,nan,nan,20,2,2,4,0.059718672941901,0.059718672941901,-2.8181105278926,1,160
0.7,200,-66.347121161617,nan,nan,nan,9.7299603446825,0.10277534178713,nan,nan,20,2,2,5,0.050632508341184,0.050632508341184,-2.9831614516404,1,160
0.7,200,-66.347121161617,nan,nan,nan,9.7299603446825,0.10277534178713,nan,nan,20,2,2,6,0.043288261124265,0.043288261124265,-3.1398737864046,1,160
0.7,200,-66.347121161617,nan,nan,nan,9.7299603446825,0.10277534178713,nan,nan,20,2,2,7,0.03727724288524,0.03727724288524,-3.2893722488407,1,160
0.7,200,-66.347121161617,nan,nan,nan,9.7299603446825,0.10277534178713,nan,nan,20,2,2,8,0.032294802258786,0.032294802258786,-3.4328489824833,1,160
0.7,200,-66.347121161617,nan,nan,nan,9.7299603446825,0.10277534178713,nan,nan,20,2,2,9,0.028118456531933,0.028118456531933,-3.5713291021687,1,160
0.7,200,-66.347121161617,nan,nan,nan,9.7299603446825,0.10277534178713,nan,nan,20,2,2,10,0.024584444347593,0.024584444347593,-3.7056413796511,1,160
0.7,200,-66.347121161617,nan,nan,nan,9.7299603446825,0.10277534178713,nan,nan,20,2,2,11,0.021570161366573,0.021570161366573,-3.836444337544,1,160
0.7,200,-66.347121161617,nan,nan,nan,9.7299603446825,0.10277534178713,nan,nan,20,2,2,12,0.018982058356428,0.018982058356428,-3.9642610429751,1,160
0.7,200,-66.347121161617,nan,nan,nan,9.7299603446825,0.10277534178713,nan,nan,20,2,2,13,0.016747458025987,0.016747458025987,-4.0895087918703,1,160
0.7,200,-66.347121161617,nan,nan,nan,9.7299603446825,0.10277534178713,nan,nan,20,2,2,14,0.014808946128728,0.014808946128728,-4.2125238126721,1,160
0.7,200,-66.347121161617,nan,nan,nan,9.7299603446825,0.10277534178713,nan,nan,20,2,2,15,0.013120498209805,0.013120498209805,-4.3335795228788,1,160
0.7,200,-66.347121161617,nan,nan,nan,9.7299603446825,0.10277534178713,nan,nan,20,2,2,16,0.011644737303489,0.011644737303489,-4.4529009346389,1,160
0.7,200,-66.347121161617,nan,nan,nan,9.7299603446825,0.10277534178713,nan,nan,20,2,2,17,0.01035096365213,0.01035096365213,-4.5706756571189,1,160
0.7,200,-66.347121161617,nan,nan,nan,9.7299603446825,0.10277534178713,nan,nan,20,2,2,18,0.0092137166250461,0.0092137166250461,-4.687061967766,1,160
0.7,200,-66.347121161617,nan,nan,nan,9.7299603446825,0.10277534178713,nan,nan,20,2,2,19,0.0082117035158888,0.0082117035158888,-4.8021948842414,1,160
0.7,200,-66.347121161617,nan,nan,nan,9.7299603446825,0.10277534178713,nan,nan,20,2,2,20,0.0073269880014017,0.0073269880014017,-4.9161907613924,1,160
0.7,200,-66.347121161617,nan,nan,nan,9.7299603446825,0.10277534178713,nan,nan,20,2,2,21,0.0065443654502049,0.0065443654502049,-5.0291508361608,1,160
0.7,200,-66.347121161617,nan,nan,nan,9.7299603446825,0.10277534178713,nan,nan,20,2,2,22,0.0058508753732738,0.0058508753732738,-5.1411639924757,1,160
0.7,200,-66.347121161617,nan,nan,nan,9.7299603446825,0.10277534178713,nan,nan,20,2,2,23,0.0052354161747604,0.0052354161747604,-5.2523089392979,1,160
0.7,200,-66.347121161617,nan,nan,nan,9.7299603446825,0.10277534178713,nan,nan,20,2,2,24,0.0046884373448713,0.0046884373448713,-5.3626559407705,1,160
0.7,200,-66.347121161617,nan,nan,nan,9.7299603446825,0.10277534178713,nan,nan,20,2,2,25,0.0042016911585827,0.0042016911585827,-5.4722681779319,1,160
0.7,200,-66.347121161617,nan,nan,nan,9.7299603446825,0.10277534178713,nan,nan,20,2,2,26,0.0037680310134299,0.0037680310134299,-5.5812026915615,1,160
0.7,200,-66.347121161617,nan,nan,nan,9.7299603446825,0.10277534178713,nan,nan,20,2,2,27,0.0033812446242629,0.0033812446242629,-5.6895114052375,1,160
0.7,200,-66.347121161617,nan,nan,nan,9.7299603446825,0.10277534178713,nan,nan,20,2,2,28,0.003035916803429,0.003035916803429,-5.7972418231744,1,160
0.7,200,-66.347121161617,nan,nan,nan,9.7299603446825,0.10277534178713,nan,nan,20,2,2,29,0.0027273153351739,0.0027273153351739,-5.9044375473433,1,160
0.7,200,-66.347121161617,nan,nan,nan,9.7299603446825,0.10277534178713,nan,nan,20,2,2,30,0.0024512952710878,0.0024512952710878,-6.011138712052,1,160
0.7,200,-66.347121161617,nan,nan,nan,9.7299603446825,0.10277534178713,nan,nan,20,2,2,31,0.0022042182837207,0.0022042182837207,-6.1173823527949,1,160
0.7,200,-66.347121161617,nan,nan,nan,9.7299603446825,0.10277534178713,nan,nan,20,2,2,32,0.0019828844227058,0.0019828844227058,-6.2232027152047,1,160
0.7,200,-66.347121161617,nan,nan,nan,9.7299603446825,0.10277534178713,nan,nan,20,2,2,33,0.0017844741276746,0.0017844741276746,-6.3286315135003,1,160
0.7,200,-66.347121161617,nan,nan,nan,9.7299603446825,0.10277534178713,nan,nan,20,2,2,34,0.0016064987642097,0.0016064987642097,-6.4336981486526,1,160
0.7,200,-66.347121161617,nan,nan,nan,9.7299603446825,0.10277534178713,nan,nan,20,2,2,35,0.0014467582786186,0.0014467582786186,-6.5384298953089,1,160
0.7,200,-66.347121161617,nan,nan,nan,9.7299603446825,0.10277534178713,nan,nan,20,2,2,36,0.0013033048284075,0.0013033048284075,-6.6428520646792,1,160
0.7,200,-66.347121161617,nan,nan,nan,9.7299603446825,0.10277534178713,nan,nan,20,2,2,37,0.001174411452275,0.001174411452275,-6.746988148555,1,160
0.7,200,-66.347121161617,nan,nan,nan,9.7299603446825,0.10277534178713,nan,nan,20,2,2,38,0.0010585450070674,0.0010585450070674,-6.8508599486264,1,160
0.7,200,-66.347121161617,nan,nan,nan,9.7299603446825,0.10277534178713,nan,nan,20,2,2,39,0.00095434273145991,0.00095434273145991,-6.9544876937379,1,160
0.7,200,-66.347121161617,nan,nan,nan,9.7299603446825,0.10277534178713,nan,nan,20,2,2,40,0.00086059190195164,0.00086059190195164,-7.0578901473744,1,160
0.7,200,-66.347121161617,nan,nan,nan,9.7299603446825,0.10277534178713,nan,nan,20,2,2,41,0.00077621213376937,0.00077621213376937,-7.1610847068799,1,160
0.7,200,-66.347121161617,nan,nan,nan,9.7299603446825,0.10277534178713,nan,nan,20,2,2,42,0.00070023995021681,0.00070023995021681,-7.2640874956346,1,160
0.7,200,-66.347121161617,nan,nan,nan,9.7299603446825,0.10277534178713,nan,nan,20,2,2,43,0.00063181530274099,0.00063181530274099,-7.366913449027,1,160
0.7,200,-66.347121161617,nan,nan,nan,9.7299603446825,0.10277534178713,nan,nan,20,2,2,44,0.00057016977253222,0.00057016977253222,-7.4695763949354,1,160
0.7,200,-66.347121161617,nan,nan,nan,9.7299603446825,0.10277534178713,nan,nan,20,2,2,45,0.00051461622503923,0.00051461622503923,-7.5720891291943,1,160
0.7,200,-66.347121161617,nan,nan,nan,9.7299603446825,0.10277534178713,nan,nan,20,2,2,46,0.00046453972258382,0.00046453972258382,-7.6744634865017,1,160
0.7,200,-66.347121161617,nan,nan,nan,9.7299603446825,0.10277534178713,nan,nan,20,2,2,47,0.00041938952877365,0.00041938952877365,-7.7767104069668,1,160
0.7,200,-66.347121161617,nan,nan,nan,9.7299603446825,0.10277534178713,nan,nan,20,2,2,48,0.00037867206218759,0.00037867206218759,-7.878839998718,1,160
0.7,200,-66.347121161617,nan,nan,nan,9.7299603446825,0.10277534178713,nan,nan,20,2,2,49,0.00034194467716772,0.00034194467716772,-7.9808615966541,1,160
0.7,200,-66.347121161617,nan,nan,nan,9.7299603446825,0.10277534178713,nan,nan,20,2,2,50,0.00030881016654042,0.00030881016654042,-8.0827838176211,1,160
0.7,200,-66.347121161617,nan,nan,nan,9.7299603446825,0.10277534178713,nan,nan,20,2,2,51,0.00027891189567349,0.00027891189567349,-8.1846146121304,1,160
0.7,200,-66.347121161617,nan,nan,nan,9.7299603446825,0.10277534178713,nan,nan,20,2,2,52,0.00025192948958089,0.00025192948958089,-8.2863613128555,1,160
0.7,200,-66.347121161617,nan,nan,nan,9.7299603446825,0.10277534178713,nan,nan,20,2,2,53,0.00022757500537528,0.00022757500537528,-8.3880306799531,1,160
0.7,200,-66.347121161617,nan,nan,nan,9.7299603446825,0.10277534178713,nan,nan,20,2,2,54,0.00020558953130269,0.00020558953130269,-8.4896289434681,1,160
0.7,200,-66.347121161617,nan,nan,nan,9.7299603446825,0.10277534178713,nan,nan,20,2,2,55,0.00018574016135255,0.00018574016135255,-8.5911618429156,1,160
0.7,200,-66.347121161617,nan,nan,nan,9.7299603446825,0.10277534178713,nan,nan,20,2,2,56,0.00016781730102794,0.00016781730102794,-8.6926346641928,1,160
0.7,200,-66.347121161617,nan,nan,nan,9.7299603446825,0.10277534178713,nan,nan,20,2,2,57,0.00015163226555047,0.00015163226555047,-8.7940522739554,1,160
0.7,200,-66.347121161617,nan,nan,nan,9.7299603446825,0.10277534178713,nan,nan,20,2,2,58,0.00013701513666526,0.00013701513666526,-8.8954191516316,1,160
0.7,200,-66.347121161617,nan,nan,nan,9.7299603446825,0.10277534178713,nan,nan,20,2,2,59,0.00012381284845425,0.00012381284845425,-8.996739419139,1,160
0.7,200,-66.347121161617,nan,nan,nan,9.7299603446825,0.10277534178713,nan,nan,20,2,2,60,0.00011188747619401,0.00011188747619401,-9.0980168685344,1,160
0.7,200,-66.347121161617,nan,nan,nan,9.7299603446825,0.10277534178713,nan,nan,20,2,2,61,0.00010111470549273,0.00010111470549273,-9.1992549875923,1,160
0.7,200,-66.347121161617,nan,nan,nan,9.7299603446825,0.10277534178713,nan,nan,20,2,2,62,9.1382461647914e-05,9.1382461647914e-05,-9.3004569836068,1,160
0.7,200,-66.347121161617,nan,nan,nan,9.7299603446825,0.10277534178713,nan,nan,20,2,2,63,8.258968159818e-05,8.258968159818e-05,-9.4016258053594,1,160
0.7,200,-66.347121161617,nan,nan,nan,9.7299603446825,0.10277534178713,nan,nan,20,2,2,64,7.4645212884845e-05,7.4645212884845e-05,-9.5027641634989,1,160
0.7,200,-66.347121161617,nan,nan,nan,9.7299603446825,0.10277534178713,nan,nan,20,2,2,65,6.7466825878886e-05,6.7466825878886e-05,-9.603874549357,1,160
0.7,200,-66.347121161617,nan,nan,nan,9.7299603446825,0.10277534178713,nan,nan,20,2,2,66,6.0980327100026e-05,6.0980327100026e-05,-9.7049592523643,1,160
0.7,200,-66.347121161617,nan,nan,nan,9.7299603446825,0.10277534178713,nan,nan,20,2,2,67,5.5118762852601e-05,5.5118762852601e-05,-9.8060203761298,1,160
0.7,200,-66.347121161617,nan,nan,nan,9.7299603446825,0.10277534178713,nan,nan,20,2,2,68,4.982170361695e-05,4.982170361695e-05,-9.9070598532723,1,160
0.7,200,-66.347121161617,nan,nan,nan,9.7299603446825,0.10277534178713,nan,nan,20,2,2,69,4.5034600703462e-05,4.5034600703462e-05,-10.008079459128,1,160
0.7,200,-66.347121161617,nan,nan,nan,9.7299603446825,0.10277534178713,nan,nan,20,2,2,70,4.0708207622047e-05,4.0708207622047e-05,-10.109080824371,1,160
0.7,200,-66.347121161617,nan,nan,nan,9.7299603446825,0.10277534178713,nan,nan,20,2,2,71,3.6798059444706e-05,3.6798059444706e-05,-10.210065446661,1,160
0.7,200,-66.347121161617,nan,nan,nan,9.7299603446825,0.10277534178713,nan,nan,20,2,2,72,3.3264004173976e-05,3.3264004173976e-05,-10.311034701368,1,160
0.7,200,-66.347121161617,nan,nan,nan,9.7299603446825,0.10277534178713,nan,nan,20,2,2,73,3.0069780775934e-05,3.0069780775934e-05,-10.411989851448,1,160
0.7,200,-66.347121161617,nan,nan,nan,9.7299603446825,0.10277534178713,nan,nan,20,2,2,74,2.7182639106823e-05,2.7182639106823e-05,-10.512932056574,1,160
0.7,200,-66.347121161617,nan,nan,nan,9.7299603446825,0.10277534178713,nan,nan,20,2,2,75,2.4572997476134e-05,2.4572997476134e-05,-10.613862381472,1,160
0.7,200,-66.347121161617,nan,nan,nan,9.7299603446825,0.10277534178713,nan,nan,20,2,2,76,2.2214134029781e-05,2.2214134029781e-05,-10.714781803665,1,160
0.7,200,-66.347121161617,nan,nan,nan,9.7299603446825,0.10277534178713,nan,nan,20,2,2,77,2.0081908545984e-05,2.0081908545984e-05,-10.815691220547,1,160
0.7,200,-66.347121161617,nan,nan,nan,9.7299603446825,0.10277534178713,nan,nan,20,2,2,78,1.8154511586029e-05,1.8154511586029e-05,-10.916591455909,1,160
0.7,200,-66.347121161617,nan,nan,nan,9.7299603446825,0.10277534178713,nan,nan,20,2,2,79,1.6412238262052e-05,1.6412238262052e-05,-11.017483265938,1,160
0.7,200,-66.347121161617,nan,nan,nan,9.7299603446825,0.10277534178713,nan,nan,20,2,2,80,1.4837284164568e-05,1.4837284164568e-05,-11.118367344751,1,160
0.7,200,-66.347121161617,nan,nan,nan,9.7299603446825,0.10277534178713,nan,nan,20,2,2,81,1.3413561246712e-05,1.3413561246712e-05,-11.219244329431,1,160
0.7,200,-66.347121161617,nan,nan,nan,9.7299603446825,0.10277534178713,nan,nan,20,2,2,82,1.2126531683126e-05,1.2126531683126e-05,-11.320114804737,1,160
0.7,200,-66.347121161617,nan,nan,nan,9.7299603446825,0.10277534178713,nan,nan,20,2,2,83,1.0963057927889e-05,1.0963057927889e-05,-11.420979307341,1,160
0.7,200,-66.347121161617,nan,nan,nan,9.7299603446825,0.10277534178713,nan,nan,20,2,2,84,9.9112673702029e-06,9.9112673702029e-06,-11.521838329787,1,160
0.7,200,-66.347121161617,nan,nan,nan,9.7299603446825,0.10277534178713,nan,nan,20,2,2,85,8.9604301519091e-06,8.9604301519091e-06,-11.622692324104,1,160
0.7,200,-66.347121161617,nan,nan,nan,9.7299603446825,0.10277534178713,nan,nan,20,2,2,86,8.100848852805e-06,8.100848852805e-06,-11.723541705134,1,160
0.7,200,-66.347121161617,nan,nan,nan,9.7299603446825,0.10277534178713,nan,nan,20,2,2,87,7.3237588801446e-06,7.3237588801446e-06,-11.824386853575,1,160
0.7,200,-66.347121161617,nan,nan,nan,9.7299603446825,0.10277534178713,nan,nan,20,2,2,88,6.6212385141954e-06,6.6212385141954e-06,-11.925228118777,1,160
0.7,200,-66.347121161617,nan,nan,nan,9.7299603446825,0.10277534178713,nan,nan,20,2,2,89,5.9861276659507e-06,5.9861276659507e-06,-12.026065821339,1,160
0.7,200,-66.347121161617,nan,nan,nan,9.7299603446825,0.10277534178713,nan,nan,20,2,2,90,5.4119544972303e-06,5.4119544972303e-06,-12.126900255446,1,160
0.7,200,-66.347121161617,nan,nan,nan,9.7299603446825,0.10277534178713,nan,nan,20,2,2,91,4.89286913659e-06,4.89286913659e-06,-12.22773169104,1,160
0.7,200,-66.347121161617,nan,nan,nan,9.7299603446825,0.10277534178713,nan,nan,20,2,2,92,4.4235838003769e-06,4.4235838003769e-06,-12.328560375842,1,160
0.7,200,-66.347121161617,nan,nan,nan,9.7299603446825,0.10277534178713,nan,nan,20,2,2,93,3.9993186968185e-06,3.9993186968185e-06,-12.429386537147,1,160
0.7,200,-66.347121161617,nan,nan,nan,9.7299603446825,0.10277534178713,nan,nan,20,2,2,94,3.6157531509886e-06,3.6157531509886e-06,-12.530210383531,1,160
0.7,200,-66.347121161617,nan,nan,nan,9.7299603446825,0.10277534178713,nan,nan,20,2,2,95,3.2689814447406e-06,3.2689814447406e-06,-12.631032106365,1,160
0.7,200,-66.347121161617,nan,nan,nan,9.7299603446825,0.10277534178713,nan,nan,20,2,2,96,2.9554729142225e-06,2.9554729142225e-06,-12.731851881257,1,160
0.7,200,-66.347121161617,nan,nan,nan,9.7299603446825,0.10277534178713,nan,nan,20,2,2,97,2.6720358930974e-06,2.6720358930974e-06,-12.832669869335,1,160
0.7,200,-66.347121161617,nan,nan,nan,9.7299603446825,0.10277534178713,nan,nan,20,2,2,98,2.4157851291746e-06,2.4157851291746e-06,-12.933486218447,1,160
0.7,200,-66.347121161617,nan,nan,nan,9.7299603446825,0.10277534178713,nan,nan,20,2,2,99,2.1841123387234e-06,2.1841123387234e-06,-13.03430106426,1,160
0.7,200,-66.347121161617,nan,nan,nan,9.7299603446825,0.10277534178713,nan,nan,20,2,2,100,1.9746595953381e-06,1.9746595953381e-06,-13.135114531257,1,160
0.7,200,-66.347121161617,nan,nan,nan,9.7299603446825,0.10277534178713,nan,nan,20,2,2,101,1.7852952795972e-06,1.7852952795972e-06,-13.23592673367,1,160
0.7,200,-66.347121161617,nan,nan,nan,9.7299603446825,0.10277534178713,nan,nan,20,2,2,102,1.6140923424912e-06,1.6140923424912e-06,-13.336737776314,1,160
0.7,200,-66.347121161617,nan,nan,nan,9.7299603446825,0.10277534178713,nan,nan,20,2,2,103,1.4593086593557e-06,1.4593086593557e-06,-13.43754775538,1,160
0.7,200,-66.347121161617,nan,nan,nan,9.7299603446825,0.10277534178713,nan,nan,20,2,2,104,1.3193692728708e-06,1.3193692728708e-06,-13.538356759143,1,160
0.7,200,-66.347121161617,nan,nan,nan,9.7299603446825,0.10277534178713,nan,nan,20,2,2,105,1.1928503430415e-06,1.1928503430415e-06,-13.639164868617,1,160
0.7,200,-66.347121161617,nan,nan,nan,9.7299603446825,0.10277534178713,nan,nan,20,2,2,106,1.078464639737e-06,1.078464639737e-06,-13.739972158176,1,160
0.7,200,-66.347121161617,nan,nan,nan,9.7299603446825,0.10277534178713,nan,nan,20,2,2,107,9.7504842931553e-07,9.7504842931553e-07,-13.840778696089,1,160
0.7,200,-66.347121161617,nan,nan,nan,9.7299603446825,0.10277534178713,nan,nan,20,2,2,108,8.8154962108379e-07,8.8154962108379e-07,-13.941584545049,1,160
0.7,200,-66.347121161617,nan,nan,nan,9.7299603446825,0.10277534178713,nan,nan,20,2,2,109,7.9701705240941e-07,7.9701705240941e-07,-14.042389762639,1,160
0.7,200,-66.347121161617,nan,nan,nan,9.7299603446825,0.10277534178713,nan,nan,20,2,2,110,7.2059080294664e-07,7.2059080294664e-07,-14.143194401763,1,160
0.7,200,-66.347121161617,nan,nan,nan,9.7299603446825,0.10277534178713,nan,nan,20,2,2,111,6.5149343898457e-07,6.5149343898457e-07,-14.243998511062,1,160
0.7,200,-66.347121161617,nan,nan,nan,9.7299603446825,0.10277534178713,nan,nan,20,2,2,112,5.8902209851827e-07,5.8902209851827e-07,-14.344802135292,1,160
0.7,200,-66.347121161617,nan,nan,nan,9.7299603446825,0.10277534178713,nan,nan,20,2,2,113,5.3254133622934e-07,5.3254133622934e-07,-14.445605315654,1,160
0.7,200,-66.347121161617,nan,nan,nan,9.7299603446825,0.10277534178713,nan,nan,20,2,2,114,4.8147665531068e-07,4.8147665531068e-07,-14.546408090143,1,160
0.7,200,-66.347121161617,nan,nan,nan,9.7299603446825,0.10277534178713,nan,nan,20,2,2,115,4.3530866018909e-07,4.3530866018909e-07,-14.647210493826,1,160
0.7,200,-66.347121161617,nan,nan,nan,9.7299603446825,0.10277534178713,nan,nan,20,2,2,116,3.9356777043456e-07,3.9356777043456e-07,-14.74801255918,1,160
0.7,200,-66.347121161617,nan,nan,nan,9.7299603446825,0.10277534178713,nan,nan,20,2,2,117,3.5582944202307e-07,3.5582944202307e-07,-14.848814316338,1,160
0.7,200,-66.347121161617,nan,nan,nan,9.7299603446825,0.10277534178713,nan,nan,20,2,2,118,3.21709847175e-07,3.21709847175e-07,-14.949615793363,1,160
0.7,200,-66.347121161617,nan,nan,nan,9.7299603446825,0.10277534178713,nan,nan,20,2,2,119,2.9086196873925e-07,2.9086196873925e-07,-15.050417016536,1,160
0.7,200,-66.347121161617,nan,nan,nan,9.7299603446825,0.10277534178713,nan,nan,20,2,2,120,2.6297206934505e-07,2.6297206934505e-07,-15.151218010617,1,160
0.7,200,-66.347121161617,nan,nan,nan,9.7299603446825,0.10277534178713,nan,nan,20,2,2,121,2.3775649932009e-07,2.3775649932009e-07,-15.252018799112,1,160
0.7,200,-66.347121161617,nan,nan,nan,9.7299603446825,0.10277534178713,nan,nan,20,2,2,122,2.1495881086014e-07,2.1495881086014e-07,-15.352819404567,1,160
0.7,200,-66.347121161617,nan,nan,nan,9.7299603446825,0.10277534178713,nan,nan,20,2,2,123,1.9434714905727e-07,1.9434714905727e-07,-15.453619848872,1,160
0.7,200,-66.347121161617,nan,nan,nan,9.7299603446825,0.10277534178713,nan,nan,20,2,2,124,1.7571189321312e-07,1.7571189321312e-07,-15.554420153588,1,160
0.7,200,-66.347121161617,nan,nan,nan,9.7299603446825,0.10277534178713,nan,nan,20,2,2,125,1.5886352441584e-07,1.5886352441584e-07,-15.655220340316,1,160
0.7,200,-66.347121161617,nan,nan,nan,9.7299603446825,0.10277534178713,nan,nan,20,2,2,126,1.4363069766763e-07,1.4363069766763e-07,-15.75602043112,1,160
0.7,200,-66.347121161617,nan,nan,nan,9.7299603446825,0.10277534178713,nan,nan,20,2,2,127,1.2985849894014e-07,1.2985849894014e-07,-15.856820448995,1,160
0.7,200,-66.347121161617,nan,nan,nan,9.7299603446825,0.10277534178713,nan,nan,20,2,2,128,1.1740686940476e-07,1.1740686940476e-07,-15.957620418447,1,160
0.7,200,-66.347121161617,nan,nan,nan,9.7299603446825,0.10277534178713,nan,nan,20,2,2,129,1.0614918080688e-07,1.0614918080688e-07,-16.058420366143,1,160
0.7,200,-66.347121161617,nan,nan,nan,9.7299603446825,0.10277534178713,nan,nan,20,2,2,130,9.5970947481064e-08,9.5970947481064e-08,-16.159220321686,1,160
0.7,200,-66.347121161617,nan,nan,nan,9.7299603446825,0.10277534178713,nan,nan,20,2,2,131,8.6768661890563e-08,8.6768661890563e-08,-16.260020318597,1,160
0.7,200,-66.347121161617,nan,nan,nan,9.7299603446825,0.10277534178713,nan,nan,20,2,2,132,7.844874185491e-08,7.844874185491e-08,-16.360820395437,1,160
0.7,200,-66.347121161617,nan,nan,nan,9.7299603446825,0.10277534178713,nan,nan,20,2,2,133,7.0926578739972e-08,7.0926578739972e-08,-16.461620597212,1,160
0.7,200,-66.347121161617,nan,nan,nan,9.7299603446825,0.10277534178713,nan,nan,20,2,2,134,6.4125676929443e-08,6.4125676929443e-08,-16.562420977107,1,160
0.7,200,-66.347121161617,nan,nan,nan,9.7299603446825,0.10277534178713,nan,nan,20,2,2,135,5.7976875824198e-08,5.7976875824198e-08,-16.663221598585,1,160
0.7,200,-66.347121161617,nan,nan,nan,9.7299603446825,0.10277534178713,nan,nan,20,2,2,136,5.2417646447698e-08,5.2417646447698e-08,-16.764022538043,1,160
0.7,200,-66.347121161617,nan,nan,nan,9.7299603446825,0.10277534178713,nan,nan,20,2,2,137,4.7391455508649e-08,4.7391455508649e-08,-16.864823888025,1,160
0.7,200,-66.347121161617,nan,nan,nan,9.7299603446825,0.10277534178713,nan,nan,20,2,2,138,4.2847190452964e-08,4.2847190452964e-08,-16.965625761078,1,160
0.7,200,-66.347121161617,nan,nan,nan,9.7299603446825,0.10277534178713,nan,nan,20,2,2,139,3.8738639670096e-08,3.8738639670096e-08,-17.066428293934,1,160
0.7,200,-66.347121161617,nan,nan,nan,9.7299603446825,0.10277534178713,nan,nan,20,2,2,140,3.5024022569072e-08,3.5024022569072e-08,-17.167231651777,1,160
0.7,200,-66.347121161617,nan,nan,nan,9.7299603446825,0.10277534178713,nan,nan,20,2,2,141,3.1665558191813e-08,3.1665558191813e-08,-17.268036239096,1,160
0.7,200,-66.347121161617,nan,nan,nan,9.7299603446825,0.10277534178713,nan,nan,20,2,2,142,2.8629118290376e-08,2.8629118290376e-08,-17.368841515014,1,160
0.7,200,-66.347121161617,nan,nan,nan,9.7299603446825,0.10277534178713,nan,nan,20,2,2,143,2.58837860497e-08,2.58837860497e-08,-17.469649085521,1,160
0.7,200,-66.347121161617,nan,nan,nan,9.7299603446825,0.10277534178713,nan,nan,20,2,2,144,2.3401657796535e-08,2.3401657796535e-08,-17.570458971086,1,160
0.7,200,-66.347121161617,nan,nan,nan,9.7299603446825,0.10277534178713,nan,nan,20,2,2,145,2.115750219187e-08,2.115750219187e-08,-17.671271280786,1,160
0.7,200,-66.347121161617,nan,nan,nan,9.7299603446825,0.10277534178713,nan,nan,20,2,2,146,1.9128499385732e-08,1.9128499385732e-08,-17.772086499554,1,160
0.7,200,-66.347121161617,nan,nan,nan,9.7299603446825,0.10277534178713,nan,nan,20,2,2,147,1.7294013688391e-08,1.7294013688391e-08,-17.872905424897,1,160
0.7,200,-66.347121161617,nan,nan,nan,9.7299603446825,0.10277534178713,nan,nan,20,2,2,148,1.563538722538e-08,1.563538722538e-08,-17.97372907977,1,160
0.7,200,-66.347121161617,nan,nan,nan,9.7299603446825,0.10277534178713,nan,nan,20,2,2,149,1.4135751993546e-08,1.4135751993546e-08,-18.074558646399,1,160
0.7,200,-66.347121161617,nan,nan,nan,9.7299603446825,0.10277534178713,nan,nan,20,2,2,150,1.2779852399057e-08,1.2779852399057e-08,-18.175395937433,1,160
0.7,200,-66.347121161617,nan,nan,nan,9.7299603446825,0.10277534178713,nan,nan,20,2,2,151,1.1553910292795e-08,1.1553910292795e-08,-18.276241903786,1,160
0.7,200,-66.347121161617,nan,nan,nan,9.7299603446825,0.10277534178713,nan,nan,20,2,2,152,1.0445449505623e-08,1.0445449505623e-08,-18.377099407381,1,160
0.7,200,-66.347121161617,nan,nan,nan,9.7299603446825,0.10277534178713,nan,nan,20,2,2,153,9.4431913853825e-09,9.4431913853825e-09,-18.477971843437,1,160
0.7,200,-66.347121161617,nan,nan,nan,9.7299603446825,0.10277534178713,nan,nan,20,2,2,154,8.5369503675903e-09,8.5369503675903e-09,-18.578861992735,1,160
0.7,200,-66.347121161617,nan,nan,nan,9.7299603446825,0.10277534178713,nan,nan,20,2,2,155,7.7174766771191e-09,7.7174766771191e-09,-18.679778381634,1,160
0.7,200,-66.347121161617,nan,nan,nan,9.7299603446825,0.10277534178713,nan,nan,20,2,2,156,6.9764698830402e-09,6.9764698830402e-09,-18.780722795521,1,160
0.7,200,-66.347121161617,nan,nan,nan,9.7299603446825,0.10277534178713,nan,nan,20,2,2,157,6.3063946008959e-09,6.3063946008959e-09,-18.881701702314,1,160
0.7,200,-66.347121161617,nan,nan,nan,9.7299603446825,0.10277534178713,nan,nan,20,2,2,158,5.7004617907043e-09,5.7004617907043e-09,-18.982718649474,1,160
0.7,200,-66.347121161617,nan,nan,nan,9.7299603446825,0.10277534178713,nan,nan,20,2,2,159,5.1525237843614e-09,5.1525237843614e-09,-19.083779187093,1,160
0.7,200,-66.347121161617,nan,nan,nan,9.7299603446825,0.10277534178713,nan,nan,20,2,2,160,4.6569860609163e-09,4.6569860609163e-09,-19.184897366097,1,160
0.75,200,-51.437320777393,nan,nan,nan,4.9494678209319,0.20204192373388,nan,nan,20,2,2,1,0.094337911132172,0.094337911132172,-2.3608721432816,1,160
0.75,200,-51.437320777393,nan,nan,nan,4.9494678209319,0.20204192373388,nan,nan,20,2,2,2,0.071658449761162,0.071658449761162,-2.6358442005913,1,160
0.75,200,-51.437320777393,nan,nan,nan,4.9494678209319,0.20204192373388,nan,nan,20,2,2,3,0.053839509333402,0.053839509333402,-2.9217477071084,1,160
0.75,200,-51.437320777393,nan,nan,nan,4.9494678209319,0.20204192373388,nan,nan,20,2,2,4,0.04077883684151,0.04077883684151,-3.1995920370109,1,160
0.75,200,-51.437320777393,nan,nan,nan,4.9494678209319,0.20204192373388,nan,nan,20,2,2,5,0.031238219635747,0.031238219635747,-3.4661129455275,1,160
0.75,200,-51.437320777393,nan,nan,nan,4.9494678209319,0.20204192373388,nan,nan,20,2,2,6,0.024178731448769,0.024178731448769,-3.7222818980018,1,160
0.75,200,-51.437320777393,nan,nan,nan,4.9494678209319,0.20204192373388,nan,nan,20,2,2,7,0.018876039726102,0.018876039726102,-3.9698619005376,1,160
0.75,200,-51.437320777393,nan,nan,nan,4.9494678209319,0.20204192373388,nan,nan,20,2,2,8,0.014839532986235,0.014839532986235,-4.2104605116684,1,160
0.75,200,-51.437320777393,nan,nan,nan,4.9494678209319,0.20204192373388,nan,nan,20,2,2,9,0.011732771340946,0.011732771340946,-4.4453693832718,1,160
0.75,200,-51.437320777393,nan,nan,nan,4.9494678209319,0.20204192373388,nan,nan,20,2,2,10,0.0093200240662374,0.0093200240662374,-4.6755900680737,1,160
0.75,200,-51.437320777393,nan,nan,nan,4.9494678209319,0.20204192373388,nan,nan,20,2,2,11,0.0074324972684617,0.0074324972684617,-4.9018933706048,1,160
0.75,200,-51.437320777393,nan,nan,nan,4.9494678209319,0.20204192373388,nan,nan,20,2,2,12,0.0059469468212716,0.0059469468212716,-5.1248773304077,1,160
0.75,200,-51.437320777393,nan,nan,nan,4.9494678209319,0.20204192373388,nan,nan,20,2,2,13,0.004771881097197,0.004771881097197,-5.345014691822,1,160
0.75,200,-51.437320777393,nan,nan,nan,4.9494678209319,0.20204192373388,nan,nan,20,2,2,14,0.0038384438105744,0.0038384438105744,-5.5626882521845,1,160
0.75,200,-51.437320777393,nan,nan,nan,4.9494678209319,0.20204192373388,nan,nan,20,2,2,15,0.003094231755093,0.003094231755093,-5.7782156249522,1,160
0.75,200,-51.437320777393,nan,nan,nan,4.9494678209319,0.20204192373388,nan,nan,20,2,2,16,0.0024989966496483,0.0024989966496483,-5.9918659678072,1,160
0.75,200,-51.437320777393,nan,nan,nan,4.9494678209319,0.20204192373388,nan,nan,20,2,2,17,0.002021589664373,0.002021589664373,-6.2038711145008,1,160
0.75,200,-51.437320777393,nan,nan,nan,4.9494678209319,0.20204192373388,nan,nan,20,2,2,18,0.0016377482147338,0.0016377482147338,-6.4144330204254,1,160
0.75,200,-51.437320777393,nan,nan,nan,4.9494678209319,0.20204192373388,nan,nan,20,2,2,19,0.0013284680187933,0.0013284680187933,-6.6237288662244,1,160
0.75,200,-51.437320777393,nan,nan,nan,4.9494678209319,0.20204192373388,nan,nan,20,2,2,20,0.0010787905731677,0.0010787905731677,-6.8319147049944,1,160
0.75,200,-51.437320777393,nan,nan,nan,4.9494678209319,0.20204192373388,nan,nan,20,2,2,21,0.00087689069343431,0.00087689069343431,-7.0391282102649,1,160
0.75,200,-51.437320777393,nan,nan,nan,4.9494678209319,0.20204192373388,nan,nan,20,2,2,22,0.00071338389276877,0.00071338389276877,-7.245490863415,1,160
0.75,200,-51.437320777393,nan,nan,nan,4.9494678209319,0.20204192373388,nan,nan,20,2,2,23,0.00058079669755157,0.00058079669755157,-7.4511097805037,1,160
0.75,200,-51.437320777393,nan,nan,nan,4.9494678209319,0.20204192373388,nan,nan,20,2,2,24,0.00047315889587086,0.00047315889587086,-7.6560792938112,1,160
0.75,200,-51.437320777393,nan,nan,nan,4.9494678209319,0.20204192373388,nan,nan,20,2,2,25,0.00038568778873845,0.00038568778873845,-7.8604823532501,1,160
0.75,200,-51.437320777393,nan,nan,nan,4.9494678209319,0.20204192373388,nan,nan,20,2,2,26,0.00031454236518884,0.00031454236518884,-8.0643917844131,1,160
0.75,200,-51.437320777393,nan,nan,nan,4.9494678209319,0.20204192373388,nan,nan,20,2,2,27,0.00025663096874771,0.00025663096874771,-8.2678714242587,1,160
0.75,200,-51.437320777393,nan,nan,nan,4.9494678209319,0.20204192373388,nan,nan,20,2,2,28,0.0002094601299126,0.0002094601299126,-8.4709771473932,1,160
0.75,200,-51.437320777393,nan,nan,nan,4.9494678209319,0.20204192373388,nan,nan,20,2,2,29,0.00017101525550928,0.00017101525550928,-8.6737577919363,1,160
0.75,200,-51.437320777393,nan,nan,nan,4.9494678209319,0.20204192373388,nan,nan,20,2,2,30,0.00013966609883991,0.00013966609883991,-8.8762559923039,1,160
0.75,200,-51.437320777393,nan,nan,nan,4.9494678209319,0.20204192373388,nan,nan,20,2,2,31,0.00011409159977444,0.00011409159977444,-9.0785089254152,1,160
0.75,200,-51.437320777393,nan,nan,nan,4.9494678209319,0.20204192373388,nan,nan,20,2,2,32,9.3219933825822e-05,9.3219933825822e-05,-9.280548976891,1,160
0.75,200,-51.437320777393,nan,nan,nan,4.9494678209319,0.20204192373388,nan,nan,20,2,2,33,7.6180553315782e-05,7.6180553315782e-05,-9.4824043336719,1,160
0.75,200,-51.437320777393,nan,nan,nan,4.9494678209319,0.20204192373388,nan,nan,20,2,2,34,6.2265720938786e-05,6.2265720938786e-05,-9.6840995093022,1,160
0.75,200,-51.437320777393,nan,nan,nan,4.9494678209319,0.20204192373388,nan,nan,20,2,2,35,5.0899583959053e-05,5.0899583959053e-05,-9.8856558081337,1,160
0.75,200,-51.437320777393,nan,nan,nan,4.9494678209319,0.20204192373388,nan,nan,20,2,2,36,4.1613258210807e-05,4.1613258210807e-05,-10.087091734483,1,160
0.75,200,-51.437320777393,nan,nan,nan,4.9494678209319,0.20204192373388,nan,nan,20,2,2,37,3.4024716135187e-05,3.4024716135187e-05,-10.288423352292,1,160
0.75,200,-51.437320777393,nan,nan,nan,4.9494678209319,0.20204192373388,nan,nan,20,2,2,38,2.7822525357086e-05,2.7822525357086e-05,-10.489664600711,1,160
0.75,200,-51.437320777393,nan,nan,nan,4.9494678209319,0.20204192373388,nan,nan,20,2,2,39,2.2752681067492e-05,2.2752681067492e-05,-10.69082757039,1,160
0.75,200,-51.437320777393,nan,nan,nan,4.9494678209319,0.20204192373388,nan,nan,20,2,2,40,1.8607929608551e-05,1.8607929608551e-05,-10.891922745055,1,160
0.75,200,-51.437320777393,nan,nan,nan,4.9494678209319,0.20204192373388,nan,nan,20,2,2,41,1.5219101941976e-05,1.5219101941976e-05,-11.092959212398,1,160
0.75,200,-51.437320777393,nan,nan,nan,4.9494678209319,0.20204192373388,nan,nan,20,2,2,42,1.2448071483691e-05,1.2448071483691e-05,-11.29394484796,1,160
0.75,200,-51.437320777393,nan,nan,nan,4.9494678209319,0.20204192373388,nan,nan,20,2,2,43,1.0182026749953e-05,1.0182026749953e-05,-11.494886475307,1,160
0.75,200,-51.437320777393,nan,nan,nan,4.9494678209319,0.20204192373388,nan,nan,20,2,2,44,8.3288096978439e-06,8.3288096978439e-06,-11.695790005412,1,160
0.75,200,-51.437320777393,nan,nan,nan,4.9494678209319,0.20204192373388,nan,nan,20,2,2,45,6.8131188764275e-06,6.8131188764275e-06,-11.896660557855,1,160
0.75,200,-51.437320777393,nan,nan,nan,4.9494678209319,0.20204192373388,nan,nan,20,2,2,46,5.5734151105728e-06,5.5734151105728e-06,-12.097502566134,1,160
0.75,200,-51.437320777393,nan,nan,nan,4.9494678209319,0.20204192373388,nan,nan,20,2,2,47,4.5593984174656e-06,4.5593984174656e-06,-12.298319869135,1,160
0.75,200,-51.437320777393,nan,nan,nan,4.9494678209319,0.20204192373388,nan,nan,20,2,2,48,3.7299497713376e-06,3.7299497713376e-06,-12.499115790529,1,160
0.75,200,-51.437320777393,nan,nan,nan,4.9494678209319,0.20204192373388,nan,nan,20,2,2,49,3.0514514123386e-06,3.0514514123386e-06,-12.699893207639,1,160
0.75,200,-51.437320777393,nan,nan,nan,4.9494678209319,0.20204192373388,nan,nan,20,2,2,50,2.4964156092824e-06,2.4964156092824e-06,-12.900654611189,1,160
0.75,200,-51.437320777393,nan,nan,nan,4.9494678209319,0.20204192373388,nan,nan,20,2,2,51,2.0423648994571e-06,2.0423648994571e-06,-13.101402157097,1,160
0.75,200,-51.437320777393,nan,nan,nan,4.9494678209319,0.20204192373388,nan,nan,20,2,2,52,1.6709174496069e-06,1.6709174496069e-06,-13.302137711363,1,160
0.75,200,-51.437320777393,nan,nan,nan,4.9494678209319,0.20204192373388,nan,nan,20,2,2,53,1.3670397956738e-06,1.3670397956738e-06,-13.502862888961,1,160
0.75,200,-51.437320777393,nan,nan,nan,4.9494678209319,0.20204192373388,nan,nan,20,2,2,54,1.1184362120201e-06,1.1184362120201e-06,-13.703579087575,1,160
0.75,200,-51.437320777393,nan,nan,nan,4.9494678209319,0.20204192373388,nan,nan,20,2,2,55,9.1504964459076e-07,9.1504964459076e-07,-13.904287516759,1,160
0.75,200,-51.437320777393,nan,nan,nan,4.9494678209319,0.20204192373388,nan,nan,20,2,2,56,7.4865376506583e-07,7.4865376506583e-07,-14.104989223235,1,160
0.75,200,-51.437320777393,nan,nan,nan,4.9494678209319,0.20204192373388,nan,nan,20,2,2,57,6.1251946662464e-07,6.1251946662464e-07,-14.305685112788,1,160
0.75,200,-51.437320777393,nan,nan,nan,4.9494678209319,0.20204192373388,nan,nan,20,2,2,58,5.0114218725759e-07,5.0114218725759e-07,-14.506375969226,1,160
0.75,200,-51.437320777393,nan,nan,nan,4.9494678209319,0.20204192373388,nan,nan,20,2,2,59,4.1001894509158e-07,4.1001894509158e-07,-14.707062470775,1,160
0.75,200,-51.437320777393,nan,nan,nan,4.9494678209319,0.20204192373388,nan,nan,20,2,2,60,3.3546600759493e-07,3.3546600759493e-07,-14.907745204312,1,160
0.75,200,-51.437320777393,nan,nan,nan,4.9494678209319,0.20204192373388,nan,nan,20,2,2,61,2.7446977876275e-07,2.7446977876275e-07,-15.10842467764,1,160
0.75,200,-51.437320777393,nan,nan,nan,4.9494678209319,0.20204192373388,nan,nan,20,2,2,62,2.2456484487343e-07,2.2456484487343e-07,-15.309101330164,1,160
0.75,200,-51.437320777393,nan,nan,nan,4.9494678209319,0.20204192373388,nan,nan,20,2,2,63,1.8373422698988e-07,1.8373422698988e-07,-15.509775542049,1,160
0.75,200,-51.437320777393,nan,nan,nan,4.9494678209319,0.20204192373388,nan,nan,20,2,2,64,1.5032779272702e-07,1.5032779272702e-07,-15.710447642265,1,160
0.75,200,-51.437320777393,nan,nan,nan,4.9494678209319,0.20204192373388,nan,nan,20,2,2,65,1.2299551871623e-07,1.2299551871623e-07,-15.911117915439,1,160
0.75,200,-51.437320777393,nan,nan,nan,4.9494678209319,0.20204192373388,nan,nan,20,2,2,66,1.0063289870568e-07,1.0063289870568e-07,-16.111786607834,1,160
0.75,200,-51.437320777393,nan,nan,nan,4.9494678209319,0.20204192373388,nan,nan,20,2,2,67,8.2336285567898e-08,8.2336285567898e-08,-16.312453932529,1,160
0.75,200,-51.437320777393,nan,nan,nan,4.9494678209319,0.20204192373388,nan,nan,20,2,2,68,6.7366358621233e-08,6.7366358621233e-08,-16.513120073884,1,160
0.75,200,-51.437320777393,nan,nan,nan,4.9494678209319,0.20204192373388,nan,nan,20,2,2,69,5.5118237226508e-08,5.5118237226508e-08,-16.713785191404,1,160
0.75,200,-51.437320777393,nan,nan,nan,4.9494678209319,0.20204192373388,nan,nan,20,2,2,70,4.5097031044345e-08,4.5097031044345e-08,-16.914449423107,1,160
0.75,200,-51.437320777393,nan,nan,nan,4.9494678209319,0.20204192373388,nan,nan,20,2,2,71,3.6897837630818e-08,3.6897837630818e-08,-17.115112888408,1,160
0.75,200,-51.437320777393,nan,nan,nan,4.9494678209319,0.20204192373388,nan,nan,20,2,2,72,3.0189378171626e-08,3.0189378171626e-08,-17.315775690604,1,160
0.75,200,-51.437320777393,nan,nan,nan,4.9494678209319,0.20204192373388,nan,nan,20,2,2,73,2.4700609460723e-08,2.4700609460723e-08,-17.516437919094,1,160
0.75,200,-51.437320777393,nan,nan,nan,4.9494678209319,0.20204192373388,nan,nan,20,2,2,74,2.0209770704965e-08,2.0209770704965e-08,-17.717099651218,1,160
0.75,200,-51.437320777393,nan,nan,nan,4.9494678209319,0.20204192373388,nan,nan,20,2,2,75,1.6535422253555e-08,1.6535422253555e-08,-17.917760953883,1,160
0.75,200,-51.437320777393,nan,nan,nan,4.9494678209319,0.20204192373388,nan,nan,20,2,2,76,1.3529113946249e-08,1.3529113946249e-08,-18.11842188499,1,160
0.75,200,-51.437320777393,nan,nan,nan,4.9494678209319,0.20204192373388,nan,nan,20,2,2,77,1.1069386690441e-08,1.1069386690441e-08,-18.319082494612,1,160
0.75,200,-51.437320777393,nan,nan,nan,4.9494678209319,0.20204192373388,nan,nan,20,2,2,78,9.0568647931475e-09,9.0568647931475e-09,-18.519742826102,1,160
0.75,200,-51.437320777393,nan,nan,nan,4.9494678209319,0.20204192373388,nan,nan,20,2,2,79,7.4102406858072e-09,7.4102406858072e-09,-18.72040291695,1,160
0.75,200,-51.437320777393,nan,nan,nan,4.9494678209319,0.20204192373388,nan,nan,20,2,2,80,6.0629897551383e-09,6.0629897551383e-09,-18.921062799593,1,160
0.75,200,-51.437320777393,nan,nan,nan,4.9494678209319,0.20204192373388,nan,nan,20,2,2,81,4.9606825137242e-09,4.9606825137242e-09,-19.121722502103,1,160
0.75,200,-51.437320777393,nan,nan,nan,4.9494678209319,0.20204192373388,nan,nan,20,2,2,82,4.0587854888654e-09,4.0587854888654e-09,-19.322382048758,1,160
0.75,200,-51.437320777393,nan,nan,nan,4.9494678209319,0.20204192373388,nan,nan,20,2,2,83,3.3208619621043e-09,3.3208619621043e-09,-19.523041460575,1,160
0.75,200,-51.437320777393,nan,nan,nan,4.9494678209319,0.20204192373388,nan,nan,20,2,2,84,2.7170998536832e-09,2.7170998536832e-09,-19.72370075573,1,160
0.75,200,-51.437320777393,nan,nan,nan,4.9494678209319,0.20204192373388,nan,nan,20,2,2,85,2.2231072668274e-09,2.2231072668274e-09,-19.924359949945,1,160
0.75,200,-51.437320777393,nan,nan,nan,4.9494678209319,0.20204192373388,nan,nan,20,2,2,86,1.8189270242315e-09,1.8189270242315e-09,-20.125019056835,1,160
0.75,200,-51.437320777393,nan,nan,nan,4.9494678209319,0.20204192373388,nan,nan,20,2,2,87,1.488230378634e-09,1.488230378634e-09,-20.325678088169,1,160
0.75,200,-51.437320777393,nan,nan,nan,4.9494678209319,0.20204192373388,nan,nan,20,2,2,88,1.2176573194878e-09,1.2176573194878e-09,-20.526337054134,1,160
0.75,200,-51.437320777393,nan,nan,nan,4.9494678209319,0.20204192373388,nan,nan,20,2,2,89,9.962768216888e-10,9.962768216888e-10,-20.726995963538,1,160
0.75,200,-51.437320777393,nan,nan,nan,4.9494678209319,0.20204192373388,nan,nan,20,2,2,90,8.1514522855894e-10,8.1514522855894e-10,-20.927654824012,1,160
0.75,200,-51.437320777393,nan,nan,nan,4.9494678209319,0.20204192373388,nan,nan,20,2,2,91,6.6694492665784e-10,6.6694492665784e-10,-21.128313642151,1,160
0.75,200,-51.437320777393,nan,nan,nan,4.9494678209319,0.20204192373388,nan,nan,20,2,2,92,5.4568871398973e-10,5.4568871398973e-10,-21.328972423662,1,160
0.75,200,-51.437320777393,nan,nan,nan,4.9494678209319,0.20204192373388,nan,nan,20,2,2,93,4.4647791760673e-10,4.4647791760673e-10,-21.529631173483,1,160
0.75,200,-51.437320777393,nan,nan,nan,4.9494678209319,0.20204192373388,nan,nan,20,2,2,94,3.6530448818946e-10,3.6530448818946e-10,-21.730289895892,1,160
0.75,200,-51.437320777393,nan,nan,nan,4.9494678209319,0.20204192373388,nan,nan,20,2,2,95,2.9888907602339e-10,2.9888907602339e-10,-21.930948594569,1,160
0.75,200,-51.437320777393,nan,nan,nan,4.9494678209319,0.20204192373388,nan,nan,20,2,2,96,2.4454854645107e-10,2.4454854645107e-10,-22.131607272731,1,160
0.75,200,-51.437320777393,nan,nan,nan,4.9494678209319,0.20204192373388,nan,nan,20,2,2,97,2.000875824198e-10,2.000875824198e-10,-22.332265933137,1,160
0.75,200,-51.437320777393,nan,nan,nan,4.9494678209319,0.20204192373388,nan,nan,20,2,2,98,1.6370999474445e-10,1.6370999474445e-10,-22.532924578165,1,160
0.75,200,-51.437320777393,nan,nan,nan,4.9494678209319,0.20204192373388,nan,nan,20,2,2,99,1.3394615703335e-10,1.3394615703335e-10,-22.73358320991,1,160
0.75,200,-51.437320777393,nan,nan,nan,4.9494678209319,0.20204192373388,nan,nan,20,2,2,100,1.0959363365959e-10,1.0959363365959e-10,-22.934241830149,1,160
0.75,200,-51.437320777393,nan,nan,nan,4.9494678209319,0.20204192373388,nan,nan,20,2,2,101,8.9668602102692e-11,8.9668602102692e-11,-23.134900440439,1,160
0.75,200,-51.437320777393,nan,nan,nan,4.9494678209319,0.20204192373388,nan,nan,20,2,2,102,7.3366107170925e-11,7.3366107170925e-11,-23.335559042114,1,160
0.75,200,-51.437320777393,nan,nan,nan,4.9494678209319,0.20204192373388,nan,nan,20,2,2,103,6.0027541360908e-11,6.0027541360908e-11,-23.536217636343,1,160
0.75,200,-51.437320777393,nan,nan,nan,4.9494678209319,0.20204192373388,nan,nan,20,2,2,104,4.9114037585014e-11,4.9114037585014e-11,-23.736876224127,1,160
0.75,200,-51.437320777393,nan,nan,nan,4.9494678209319,0.20204192373388,nan,nan,20,2,2,105,4.018469933393e-11,4.018469933393e-11,-23.937534806339,1,160
0.75,200,-51.437320777393,nan,nan,nan,4.9494678209319,0.20204192373388,nan,nan,20,2,2,106,3.2878788789246e-11,3.2878788789246e-11,-24.138193383729,1,160
0.75,200,-51.437320777393,nan,nan,nan,4.9494678209319,0.20204192373388,nan,nan,20,2,2,107,2.6901153291546e-11,2.6901153291546e-11,-24.338851956948,1,160
0.75,200,-51.437320777393,nan,nan,nan,4.9494678209319,0.20204192373388,nan,nan,20,2,2,108,2.2010301403503e-11,2.2010301403503e-11,-24.539510526549,1,160
0.75,200,-51.437320777393,nan,nan,nan,4.9494678209319,0.20204192373388,nan,nan,20,2,2,109,1.8008646846148e-11,1.8008646846148e-11,-24.740169093037,1,160
0.75,200,-51.437320777393,nan,nan,nan,4.9494678209319,0.20204192373388,nan,nan,20,2,2,110,1.4734526173043e-11,1.4734526173043e-11,-24.940827656819,1,160
0.75,200,-51.437320777393,nan,nan,nan,4.9494678209319,0.20204192373388,nan,nan,20,2,2,111,1.2055667697093e-11,1.2055667697093e-11,-25.141486218264,1,160
0.75,200,-51.437320777393,nan,nan,nan,4.9494678209319,0.20204192373388,nan,nan,20,2,2,112,9.863847823166e-12,9.863847823166e-12,-25.342144777683,1,160
0.75,200,-51.437320777393,nan,nan,nan,4.9494678209319,0.20204192373388,nan,nan,20,2,2,113,8.0705189039339e-12,8.0705189039339e-12,-25.54280333535,1,160
0.75,200,-51.437320777393,nan,nan,nan,4.9494678209319,0.20204192373388,nan,nan,20,2,2,114,6.603231988677e-12,6.603231988677e-12,-25.743461891504,1,160
0.75,200,-51.437320777393,nan,nan,nan,4.9494678209319,0.20204192373388,nan,nan,20,2,2,115,5.4027099461939e-12,5.4027099461939e-12,-25.944120446351,1,160
0.75,200,-51.437320777393,nan,nan,nan,4.9494678209319,0.20204192373388,nan,nan,20,2,2,116,4.4204527185777e-12,4.4204527185777e-12,-26.144779000066,1,160
0.75,200,-51.437320777393,nan,nan,nan,4.9494678209319,0.20204192373388,nan,nan,20,2,2,117,3.6167779597546e-12,3.6167779597546e-12,-26.345437552801,1,160
0.75,200,-51.437320777393,nan,nan,nan,4.9494678209319,0.20204192373388,nan,nan,20,2,2,118,2.9592179023511e-12,2.9592179023511e-12,-26.546096104684,1,160
0.75,200,-51.437320777393,nan,nan,nan,4.9494678209319,0.20204192373388,nan,nan,20,2,2,119,2.4212076874603e-12,2.4212076874603e-12,-26.746754655836,1,160
0.75,200,-51.437320777393,nan,nan,nan,4.9494678209319,0.20204192373388,nan,nan,20,2,2,120,1.9810121670607e-12,1.9810121670607e-12,-26.947413206353,1,160
0.75,200,-51.437320777393,nan,nan,nan,4.9494678209319,0.20204192373388,nan,nan,20,2,2,121,1.6208478225626e-12,1.6208478225626e-12,-27.148071756322,1,160
0.75,200,-51.437320777393,nan,nan,nan,4.9494678209319,0.20204192373388,nan,nan,20,2,2,122,1.3261643259125e-12,1.3261643259125e-12,-27.348730305816,1,160
0.75,200,-51.437320777393,nan,nan,nan,4.9494678209319,0.20204192373388,nan,nan,20,2,2,123,1.085056718818e-12,1.085056718818e-12,-27.549388854894,1,160
0.75,200,-51.437320777393,nan,nan,nan,4.9494678209319,0.20204192373388,nan,nan,20,2,2,124,8.8778446265417e-13,8.8778446265417e-13,-27.750047403617,1,160
0.75,200,-51.437320777393,nan,nan,nan,4.9494678209319,0.20204192373388,nan,nan,20,2,2,125,7.2637792910079e-13,7.2637792910079e-13,-27.950705952032,1,160
0.75,200,-51.437320777393,nan,nan,nan,4.9494678209319,0.20204192373388,nan,nan,20,2,2,126,5.9431643402244e-13,5.9431643402244e-13,-28.151364500182,1,160
0.75,200,-51.437320777393,nan,nan,nan,4.9494678209319,0.20204192373388,nan,nan,20,2,2,127,4.8626480744605e-13,4.8626480744605e-13,-28.35202304811,1,160
0.75,200,-51.437320777393,nan,nan,nan,4.9494678209319,0.20204192373388,nan,nan,20,2,2,128,3.9785785731457e-13,3.9785785731457e-13,-28.552681595842,1,160
0.75,200,-51.437320777393,nan,nan,nan,4.9494678209319,0.20204192373388,nan,nan,20,2,2,129,3.2552401948317e-13,3.2552401948317e-13,-28.75334014341,1,160
0.75,200,-51.437320777393,nan,nan,nan,4.9494678209319,0.20204192373388,nan,nan,20,2,2,130,2.6634106962488e-13,2.6634106962488e-13,-28.953998690832,1,160
0.75,200,-51.437320777393,nan,nan,nan,4.9494678209319,0.20204192373388,nan,nan,20,2,2,131,2.1791806788883e-13,2.1791806788883e-13,-29.154657238138,1,160
0.75,200,-51.437320777393,nan,nan,nan,4.9494678209319,0.20204192373388,nan,nan,20,2,2,132,1.7829876700445e-13,1.7829876700445e-13,-29.355315785352,1,160
0.75,200,-51.437320777393,nan,nan,nan,4.9494678209319,0.20204192373388,nan,nan,20,2,2,133,1.45882581584e-13,1.45882581584e-13,-29.555974332499,1,160
0.75,200,-51.437320777393,nan,nan,nan,4.9494678209319,0.20204192373388,nan,nan,20,2,2,134,1.1935992585844e-13,1.1935992585844e-13,-29.756632879615,1,160
0.75,200,-51.437320777393,nan,nan,nan,4.9494678209319,0.20204192373388,nan,nan,20,2,2,135,9.7659307548798e-14,9.7659307548798e-14,-29.95729142673,1,160
0.75,200,-51.437320777393,nan,nan,nan,4.9494678209319,0.20204192373388,nan,nan,20,2,2,136,7.9904040505535e-14,7.9904040505535e-14,-30.157949973886,1,160
0.75,200,-51.437320777393,nan,nan,nan,4.9494678209319,0.20204192373388,nan,nan,20,2,2,137,6.5376827347117e-14,6.5376827347117e-14,-30.358608521144,1,160
0.75,200,-51.437320777393,nan,nan,nan,4.9494678209319,0.20204192373388,nan,nan,20,2,2,138,5.3490781268106e-14,5.3490781268106e-14,-30.559267068602,1,160
0.75,200,-51.437320777393,nan,nan,nan,4.9494678209319,0.20204192373388,nan,nan,20,2,2,139,4.3765716322395e-14,4.3765716322395e-14,-30.759925616389,1,160
0.75,200,-51.437320777393,nan,nan,nan,4.9494678209319,0.20204192373388,nan,nan,20,2,2,140,3.5808748327019e-14,3.5808748327019e-14,-30.96058416468,1,160
0.75,200,-51.437320777393,nan,nan,nan,4.9494678209319,0.20204192373388,nan,nan,20,2,2,141,2.9298422680528e-14,2.9298422680528e-14,-31.161242713766,1,160
0.75,200,-51.437320777393,nan,nan,nan,4.9494678209319,0.20204192373388,nan,nan,20,2,2,142,2.3971727877467e-14,2.3971727877467e-14,-31.361901264062,1,160
0.75,200,-51.437320777393,nan,nan,nan,4.9494678209319,0.20204192373388,nan,nan,20,2,2,143,1.9613470070568e-14,1.9613470070568e-14,-31.562559816223,1,160
0.75,200,-51.437320777393,nan,nan,nan,4.9494678209319,0.20204192373388,nan,nan,20,2,2,144,1.6047579427311e-14,1.6047579427311e-14,-31.763218371206,1,160
0.75,200,-51.437320777393,nan,nan,nan,4.9494678209319,0.20204192373388,nan,nan,20,2,2,145,1.3129997060759e-14,1.3129997060759e-14,-31.963876930453,1,160
0.75,200,-51.437320777393,nan,nan,nan,4.9494678209319,0.20204192373388,nan,nan,20,2,2,146,1.0742855175304e-14,1.0742855175304e-14,-32.16453549616,1,160
0.75,200,-51.437320777393,nan,nan,nan,4.9494678209319,0.20204192373388,nan,nan,20,2,2,147,8.7897153105048e-15,8.7897153105048e-15,-32.365194071622,1,160
0.75,200,-51.437320777393,nan,nan,nan,4.9494678209319,0.20204192373388,nan,nan,20,2,2,148,7.1916723105315e-15,7.1916723105315e-15,-32.565852661831,1,160
0.75,200,-51.437320777393,nan,nan,nan,4.9494678209319,0.20204192373388,nan,nan,20,2,2,149,5.8841666245657e-15,5.8841666245657e-15,-32.766511274325,1,160
0.75,200,-51.437320777393,nan,nan,nan,4.9494678209319,0.20204192373388,nan,nan,20,2,2,150,4.8143761567943e-15,4.8143761567943e-15,-32.967169920506,1,160
0.75,200,-51.437320777393,nan,nan,nan,4.9494678209319,0.20204192373388,nan,nan,20,2,2,151,3.939082299525e-15,3.939082299525e-15,-33.167828617633,1,160
0.75,200,-51.437320777393,nan,nan,nan,4.9494678209319,0.20204192373388,nan,nan,20,2,2,152,3.2229239389135e-15,3.2229239389135e-15,-33.368487391824,1,160
0.75,200,-51.437320777393,nan,nan,nan,4.9494678209319,0.20204192373388,nan,nan,20,2,2,153,2.6369688963999e-15,2.6369688963999e-15,-33.569146282679,1,160
0.75,200,-51.437320777393,nan,nan,nan,4.9494678209319,0.20204192373388,nan,nan,20,2,2,154,2.1575450938277e-15,2.1575450938277e-15,-33.769805350191,1,160
0.75,200,-51.437320777393,nan,nan,nan,4.9494678209319,0.20204192373388,nan,nan,20,2,2,155,1.7652842216502e-15,1.7652842216502e-15,-33.970464685393,1,160
0.75,200,-51.437320777393,nan,nan,nan,4.9494678209319,0.20204192373388,nan,nan,20,2,2,156,1.4443392757595e-15,1.4443392757595e-15,-34.171124426526,1,160
0.75,200,-51.437320777393,nan,nan,nan,4.9494678209319,0.20204192373388,nan,nan,20,2,2,157,1.1817443518383e-15,1.1817443518383e-15,-34.37178478372,1,160
0.75,200,-51.437320777393,nan,nan,nan,4.9494678209319,0.20204192373388,nan,nan,20,2,2,158,9.6689083350109e-16,9.6689083350109e-16,-34.572446076745,1,160
0.75,200,-51.437320777393,nan,nan,nan,4.9494678209319,0.20204192373388,nan,nan,20,2,2,159,7.9109881256644e-16,7.9109881256644e-16,-34.773108792857,1,160
0.75,200,-51.437320777393,nan,nan,nan,4.9494678209319,0.20204192373388,nan,nan,20,2,2,160,6.4726642716949e-16,6.4726642716949e-16,-34.973773675638,1,160
0.8,200,-39.792310885001,nan,nan,nan,3.0230129846338,0.33079580044249,nan,nan,20,2,2,1,0.086962378322827,0.086962378322827,-2.4422796869246,1,160
0.8,200,-39.792310885001,nan,nan,nan,3.0230129846338,0.33079580044249,nan,nan,20,2,2,2,0.057941683415194,0.057941683415194,-2.8483182326068,1,160
0.8,200,-39.792310885001,nan,nan,nan,3.0230129846338,0.33079580044249,nan,nan,20,2,2,3,0.03820826306855,0.03820826306855,-3.2647034760664,1,160
0.8,200,-39.792310885001,nan,nan,nan,3.0230129846338,0.33079580044249,nan,nan,20,2,2,4,0.025487073607008,0.025487073607008,-3.669583872716,1,160
0.8,200,-39.792310885001,nan,nan,nan,3.0230129846338,0.33079580044249,nan,nan,20,2,2,5,0.017240558369728,0.017240558369728,-4.0604906262358,1,160
0.8,200,-39.792310885001,nan,nan,nan,3.0230129846338,0.33079580044249,nan,nan,20,2,2,6,0.011803015056124,0.011803015056124,-4.4394002669177,1,160
0.8,200,-39.792310885001,nan,nan,nan,3.0230129846338,0.33079580044249,nan,nan,20,2,2,7,0.0081587088012619,0.0081587088012619,-4.8086693576661,1,160
0.8,200,-39.792310885001,nan,nan,nan,3.0230129846338,0.33079580044249,nan,nan,20,2,2,8,0.0056832027385385,0.0056832027385385,-5.170240342741,1,160
0.8,200,-39.792310885001,nan,nan,nan,3.0230129846338,0.33079580044249,nan,nan,20,2,2,9,0.0039833771226219,0.0039833771226219,-5.5256252962063,1,160
0.8,200,-39.792310885001,nan,nan,nan,3.0230129846338,0.33079580044249,nan,nan,20,2,2,10,0.0028059783441916,0.0028059783441916,-5.8760030150111,1,160
0.8,200,-39.792310885001,nan,nan,nan,3.0230129846338,0.33079580044249,nan,nan,20,2,2,11,0.0019846622479794,0.0019846622479794,-6.2223065314719,1,160
0.8,200,-39.792310885001,nan,nan,nan,3.0230129846338,0.33079580044249,nan,nan,20,2,2,12,0.0014084207038331,0.0014084207038331,-6.5652862705407,1,160
0.8,200,-39.792310885001,nan,nan,nan,3.0230129846338,0.33079580044249,nan,nan,20,2,2,13,0.0010022046943877,0.0010022046943877,-6.9055530113669,1,160
0.8,200,-39.792310885001,nan,nan,nan,3.0230129846338,0.33079580044249,nan,nan,20,2,2,14,0.0007147289231147,0.0007147289231147,-7.2436072156686,1,160
0.8,200,-39.792310885001,nan,nan,nan,3.0230129846338,0.33079580044249,nan,nan,20,2,2,15,0.00051063273409209,0.00051063273409209,-7.5798599461399,1,160
0.8,200,-39.792310885001,nan,nan,nan,3.0230129846338,0.33079580044249,nan,nan,20,2,2,16,0.0003653522127618,0.0003653522127618,-7.9146487031919,1,160
0.8,200,-39.792310885001,nan,nan,nan,3.0230129846338,0.33079580044249,nan,nan,20,2,2,17,0.00026171614577106,0.00026171614577106,-8.248250054607,1,160
0.8,200,-39.792310885001,nan,nan,nan,3.0230129846338,0.33079580044249,nan,nan,20,2,2,18,0.00018765787824468,0.00018765787824468,-8.5808900495465,1,160
0.8,200,-39.792310885001,nan,nan,nan,3.0230129846338,0.33079580044249,nan,nan,20,2,2,19,0.00013466061022237,0.00013466061022237,-8.9127529432788,1,160
0.8,200,-39.792310885001,nan,nan,nan,3.0230129846338,0.33079580044249,nan,nan,20,2,2,20,9.6691163788989e-05,9.6691163788989e-05,-9.2439885372501,1,160
0.8,200,-39.792310885001,nan,nan,nan,3.0230129846338,0.33079580044249,nan,nan,20,2,2,21,6.9462859708782e-05,6.9462859708782e-05,-9.5747183409116,1,160
0.8,200,-39.792310885001,nan,nan,nan,3.0230129846338,0.33079580044249,nan,nan,20,2,2,22,4.9922401956739e-05,4.9922401956739e-05,-9.9050407189401,1,160
0.8,200,-39.792310885001,nan,nan,nan,3.0230129846338,0.33079580044249,nan,nan,20,2,2,23,3.5890598895004e-05,3.5890598895004e-05,-10.235035165984,1,160
0.8,200,-39.792310885001,nan,nan,nan,3.0230129846338,0.33079580044249,nan,nan,20,2,2,24,2.5809553679984e-05,2.5809553679984e-05,-10.564765836906,1,160
0.8,200,-39.792310885001,nan,nan,nan,3.0230129846338,0.33079580044249,nan,nan,20,2,2,25,1.8564035073993e-05,1.8564035073993e-05,-10.894284447232,1,160
0.8,200,-39.792310885001,nan,nan,nan,3.0230129846338,0.33079580044249,nan,nan,20,2,2,26,1.3354827261902e-05,1.3354827261902e-05,-11.223632645825,1,160
0.8,200,-39.792310885001,nan,nan,nan,3.0230129846338,0.33079580044249,nan,nan,20,2,2,27,9.6086776208995e-06,9.6086776208995e-06,-11.552843948935,1,160
0.8,200,-39.792310885001,nan,nan,nan,3.0230129846338,0.33079580044249,nan,nan,20,2,2,28,6.9141168826697e-06,6.9141168826697e-06,-11.881945311391,1,160
0.8,200,-39.792310885001,nan,nan,nan,3.0230129846338,0.33079580044249,nan,nan,20,2,2,29,4.9756308051579e-06,4.9756308051579e-06,-12.210958400385,1,160
0.8,200,-39.792310885001,nan,nan,nan,3.0230129846338,0.33079580044249,nan,nan,20,2,2,30,3.5808848416413e-06,3.5808848416413e-06,-12.539900625622,1,160
0.8,200,-39.792310885001,nan,nan,nan,3.0230129846338,0.33079580044249,nan,nan,20,2,2,31,2.5772542460586e-06,2.5772542460586e-06,-12.868785971456,1,160
0.8,200,-39.792310885001,nan,nan,nan,3.0230129846338,0.33079580044249,nan,nan,20,2,2,32,1.8550003600436e-06,1.8550003600436e-06,-13.197625667811,1,160
0.8,200,-39.792310885001,nan,nan,nan,3.0230129846338,0.33079580044249,nan,nan,20,2,2,33,1.3352009796425e-06,1.3352009796425e-06,-13.526428730894,1,160
0.8,200,-39.792310885001,nan,nan,nan,3.0230129846338,0.33079580044249,nan,nan,20,2,2,34,9.6108556132278e-07,9.6108556132278e-07,-13.855202398305,1,160
0.8,200,-39.792310885001,nan,nan,nan,3.0230129846338,0.33079580044249,nan,nan,20,2,2,35,6.9181138801902e-07,6.9181138801902e-07,-14.183952479146,1,160
0.8,200,-39.792310885001,nan,nan,nan,3.0230129846338,0.33079580044249,nan,nan,20,2,2,36,4.9799109807222e-07,4.9799109807222e-07,-14.512683635439,1,160
0.8,200,-39.792310885001,nan,nan,nan,3.0230129846338,0.33079580044249,nan,nan,20,2,2,37,3.5847761903476e-07,3.5847761903476e-07,-14.841399608326,1,160
0.8,200,-39.792310885001,nan,nan,nan,3.0230129846338,0.33079580044249,nan,nan,20,2,2,38,2.5805234118932e-07,2.5805234118932e-07,-15.170103399774,1,160
0.8,200,-39.792310885001,nan,nan,nan,3.0230129846338,0.33079580044249,nan,nan,20,2,2,39,1.8576239643652e-07,1.8576239643652e-07,-15.498797418367,1,160
0.8,200,-39.792310885001,nan,nan,nan,3.0230129846338,0.33079580044249,nan,nan,20,2,2,40,1.3372457045571e-07,1.3372457045571e-07,-15.827483596681,1,160
0.8,200,-39.792310885001,nan,nan,nan,3.0230129846338,0.33079580044249,nan,nan,20,2,2,41,9.6264763817651e-08,9.6264763817651e-08,-16.156163485228,1,160
0.8,200,-39.792310885001,nan,nan,nan,3.0230129846338,0.33079580044249,nan,nan,20,2,2,42,6.9298794385995e-08,6.9298794385995e-08,-16.484838327929,1,160
0.8,200,-39.792310885001,nan,nan,nan,3.0230129846338,0.33079580044249,nan,nan,20,2,2,43,4.9886813743071e-08,4.9886813743071e-08,-16.813509122756,1,160
0.8,200,-39.792310885001,nan,nan,nan,3.0230129846338,0.33079580044249,nan,nan,20,2,2,44,3.5912634395661e-08,3.5912634395661e-08,-17.142176670339,1,160
0.8,200,-39.792310885001,nan,nan,nan,3.0230129846338,0.33079580044249,nan,nan,20,2,2,45,2.5852937323185e-08,2.5852937323185e-08,-17.470841612924,1,160
0.8,200,-39.792310885001,nan,nan,nan,3.0230129846338,0.33079580044249,nan,nan,20,2,2,46,1.8611159448852e-08,1.8611159448852e-08,-17.799504465769,1,160
0.8,200,-39.792310885001,nan,nan,nan,3.0230129846338,0.33079580044249,nan,nan,20,2,2,47,1.3397929696153e-08,1.3397929696153e-08,-18.128165642213,1,160
0.8,200,-39.792310885001,nan,nan,nan,3.0230129846338,0.33079580044249,nan,nan,20,2,2,48,9.645006912768e-09,9.645006912768e-09,-18.456825473869,1,160
0.8,200,-39.792310885001,nan,nan,nan,3.0230129846338,0.33079580044249,nan,nan,20,2,2,49,6.9433308586379e-09,6.9433308586379e-09,-18.785484226755,1,160
0.8,200,-39.792310885001,nan,nan,nan,3.0230129846338,0.33079580044249,nan,nan,20,2,2,50,4.9984292979937e-09,4.9984292979937e-09,-19.114142114266,1,160
0.8,200,-39.792310885001,nan,nan,nan,3.0230129846338,0.33079580044249,nan,nan,20,2,2,51,3.5983180551704e-09,3.5983180551704e-09,-19.442799307557,1,160
0.8,200,-39.792310885001,nan,nan,nan,3.0230129846338,0.33079580044249,nan,nan,20,2,2,52,2.5903937546923e-09,2.5903937546923e-09,-19.771455943951,1,160
0.8,200,-39.792310885001,nan,nan,nan,3.0230129846338,0.33079580044249,nan,nan,20,2,2,53,1.8647998033952e-09,1.8647998033952e-09,-20.100112133636,1,160
0.8,200,-39.792310885001,nan,nan,nan,3.0230129846338,0.33079580044249,nan,nan,20,2,2,54,1.3424521066281e-09,1.3424521066281e-09,-20.428767964947,1,160
0.8,200,-39.792310885001,nan,nan,nan,3.0230129846338,0.33079580044249,nan,nan,20,2,2,55,9.6641911556507e-10,9.6641911556507e-10,-20.757423508765,1,160
0.8,200,-39.792310885001,nan,nan,nan,3.0230129846338,0.33079580044249,nan,nan,20,2,2,56,6.9571653073845e-10,6.9571653073845e-10,-21.086078821978,1,160
0.8,200,-39.792310885001,nan,nan,nan,3.0230129846338,0.33079580044249,nan,nan,20,2,2,57,5.0084023885832e-10,5.0084023885832e-10,-21.414733950212,1,160
0.8,200,-39.792310885001,nan,nan,nan,3.0230129846338,0.33079580044249,nan,nan,20,2,2,58,3.6055055615629e-10,3.6055055615629e-10,-21.743388930045,1,160
0.8,200,-39.792310885001,nan,nan,nan,3.0230129846338,0.33079580044249,nan,nan,20,2,2,59,2.5955725785334e-10,2.5955725785334e-10,-22.072043790828,1,160
0.8,200,-39.792310885001,nan,nan,nan,3.0230129846338,0.33079580044249,nan,nan,20,2,2,60,1.8685306508928e-10,1.8685306508928e-10,-22.400698556122,1,160
0.8,200,-39.792310885001,nan,nan,nan,3.0230129846338,0.33079580044249,nan,nan,20,2,2,61,1.3451394461599e-10,1.3451394461599e-10,-22.729353244819,1,160
0.8,200,-39.792310885001,nan,nan,nan,3.0230129846338,0.33079580044249,nan,nan,20,2,2,62,9.6835459451935e-11,9.6835459451935e-11,-23.058007872071,1,160
0.8,200,-39.792310885001,nan,nan,nan,3.0230129846338,0.33079580044249,nan,nan,20,2,2,63,6.9711037737605e-11,6.9711037737605e-11,-23.386662450045,1,160
0.8,200,-39.792310885001,nan,nan,nan,3.0230129846338,0.33079580044249,nan,nan,20,2,2,64,5.018439528308e-11,5.018439528308e-11,-23.71531698849,1,160
0.8,200,-39.792310885001,nan,nan,nan,3.0230129846338,0.33079580044249,nan,nan,20,2,2,65,3.612732920889e-11,3.612732920889e-11,-24.043971495204,1,160
0.8,200,-39.792310885001,nan,nan,nan,3.0230129846338,0.33079580044249,nan,nan,20,2,2,66,2.6007764796556e-11,2.6007764796556e-11,-24.372625976472,1,160
0.8,200,-39.792310885001,nan,nan,nan,3.0230129846338,0.33079580044249,nan,nan,20,2,2,67,1.8722774650991e-11,1.8722774650991e-11,-24.701280437327,1,160
0.8,200,-39.792310885001,nan,nan,nan,3.0230129846338,0.33079580044249,nan,nan,20,2,2,68,1.3478370752415e-11,1.3478370752415e-11,-25.029934881813,1,160
0.8,200,-39.792310885001,nan,nan,nan,3.0230129846338,0.33079580044249,nan,nan,20,2,2,69,9.7029678512468e-12,9.7029678512468e-12,-25.358589313171,1,160
0.8,200,-39.792310885001,nan,nan,nan,3.0230129846338,0.33079580044249,nan,nan,20,2,2,70,6.9850865393385e-12,6.9850865393385e-12,-25.687243733985,1,160
0.8,200,-39.792310885001,nan,nan,nan,3.0230129846338,0.33079580044249,nan,nan,20,2,2,71,5.0285062387599e-12,5.0285062387599e-12,-26.015898146347,1,160
0.8,200,-39.792310885001,nan,nan,nan,3.0230129846338,0.33079580044249,nan,nan,20,2,2,72,3.6199802282176e-12,3.6199802282176e-12,-26.344552551924,1,160
0.8,200,-39.792310885001,nan,nan,nan,3.0230129846338,0.33079580044249,nan,nan,20,2,2,73,2.6059939676149e-12,2.6059939676149e-12,-26.673206952035,1,160
0.8,200,-39.792310885001,nan,nan,nan,3.0230129846338,0.33079580044249,nan,nan,20,2,2,74,1.8760336136963e-12,1.8760336136963e-12,-27.001861347756,1,160
0.8,200,-39.792310885001,nan,nan,nan,3.0230129846338,0.33079580044249,nan,nan,20,2,2,75,1.3505411661567e-12,1.3505411661567e-12,-27.330515739983,1,160
0.8,200,-39.792310885001,nan,nan,nan,3.0230129846338,0.33079580044249,nan,nan,20,2,2,76,9.7224347866552e-13,9.7224347866552e-13,-27.659170129364,1,160
0.8,200,-39.792310885001,nan,nan,nan,3.0230129846338,0.33079580044249,nan,nan,20,2,2,77,6.9991008615182e-13,6.9991008615182e-13,-27.987824516472,1,160
0.8,200,-39.792310885001,nan,nan,nan,3.0230129846338,0.33079580044249,nan,nan,20,2,2,78,5.038595170216e-13,5.038595170216e-13,-28.316478901762,1,160
0.8,200,-39.792310885001,nan,nan,nan,3.0230129846338,0.33079580044249,nan,nan,20,2,2,79,3.6272432457377e-13,3.6272432457377e-13,-28.6451332856,1,160
0.8,200,-39.792310885001,nan,nan,nan,3.0230129846338,0.33079580044249,nan,nan,20,2,2,80,2.6112225996491e-13,2.6112225996491e-13,-28.973787668282,1,160
0.8,200,-39.792310885001,nan,nan,nan,3.0230129846338,0.33079580044249,nan,nan,20,2,2,81,1.8797976891733e-13,1.8797976891733e-13,-29.302442050013,1,160
0.8,200,-39.792310885001,nan,nan,nan,3.0230129846338,0.33079580044249,nan,nan,20,2,2,82,1.3532509083768e-13,1.3532509083768e-13,-29.631096430972,1,160
0.8,200,-39.792310885001,nan,nan,nan,3.0230129846338,0.33079580044249,nan,nan,20,2,2,83,9.7419420868031e-14,9.7419420868031e-14,-29.959750811243,1,160
0.8,200,-39.792310885001,nan,nan,nan,3.0230129846338,0.33079580044249,nan,nan,20,2,2,84,7.0131440565556e-14,7.0131440565556e-14,-30.288405191213,1,160
0.8,200,-39.792310885001,nan,nan,nan,3.0230129846338,0.33079580044249,nan,nan,20,2,2,85,5.0487047763407e-14,5.0487047763407e-14,-30.617059571459,1,160
0.8,200,-39.792310885001,nan,nan,nan,3.0230129846338,0.33079580044249,nan,nan,20,2,2,86,3.6345210896768e-14,3.6345210896768e-14,-30.945713949356,1,160
0.8,200,-39.792310885001,nan,nan,nan,3.0230129846338,0.33079580044249,nan,nan,20,2,2,87,2.6164618759851e-14,2.6164618759851e-14,-31.274368325808,1,160
0.8,200,-39.792310885001,nan,nan,nan,3.0230129846338,0.33079580044249,nan,nan,20,2,2,88,1.8835694120425e-14,1.8835694120425e-14,-31.603022701755,1,160
0.8,200,-39.792310885001,nan,nan,nan,3.0230129846338,0.33079580044249,nan,nan,20,2,2,89,1.3559661474678e-14,1.3559661474678e-14,-31.931677077704,1,160
0.8,200,-39.792310885001,nan,nan,nan,3.0230129846338,0.33079580044249,nan,nan,20,2,2,90,9.7614889103231e-15,9.7614889103231e-15,-32.260331453833,1,160
0.8,200,-39.792310885001,nan,nan,nan,3.0230129846338,0.33079580044249,nan,nan,20,2,2,91,7.0272156792556e-15,7.0272156792556e-15,-32.588985830236,1,160
0.8,200,-39.792310885001,nan,nan,nan,3.0230129846338,0.33079580044249,nan,nan,20,2,2,92,5.0588348399078e-15,5.0588348399078e-15,-32.91764020692,1,160
0.8,200,-39.792310885001,nan,nan,nan,3.0230129846338,0.33079580044249,nan,nan,20,2,2,93,3.6418136427804e-15,3.6418136427804e-15,-33.246294583838,1,160
0.8,200,-39.792310885001,nan,nan,nan,3.0230129846338,0.33079580044249,nan,nan,20,2,2,94,2.6217117233035e-15,2.6217117233035e-15,-33.574948960959,1,160
0.8,200,-39.792310885001,nan,nan,nan,3.0230129846338,0.33079580044249,nan,nan,20,2,2,95,1.8873487314277e-15,1.8873487314277e-15,-33.903603338271,1,160
0.8,200,-39.792310885001,nan,nan,nan,3.0230129846338,0.33079580044249,nan,nan,20,2,2,96,1.3586868463946e-15,1.3586868463946e-15,-34.232257715732,1,160
0.8,200,-39.792310885001,nan,nan,nan,3.0230129846338,0.33079580044249,nan,nan,20,2,2,97,9.7810749842332e-16,9.7810749842332e-16,-34.56091209331,1,160
0.8,200,-39.792310885001,nan,nan,nan,3.0230129846338,0.33079580044249,nan,nan,20,2,2,98,7.0413155240446e-16,7.0413155240446e-16,-34.889566470981,1,160
0.8,200,-39.792310885001,nan,nan,nan,3.0230129846338,0.33079580044249,nan,nan,20,2,2,99,5.068985196908e-16,5.068985196908e-16,-35.218220848737,1,160
0.8,200,-39.792310885001,nan,nan,nan,3.0230129846338,0.33079580044249,nan,nan,20,2,2,100,3.6491207981423e-16,3.6491207981423e-16,-35.546875226547,1,160
0.8,200,-39.792310885001,nan,nan,nan,3.0230129846338,0.33079580044249,nan,nan,20,2,2,101,2.626972082525e-16,2.626972082525e-16,-35.87552960439,1,160
0.8,200,-39.792310885001,nan,nan,nan,3.0230129846338,0.33079580044249,nan,nan,20,2,2,102,1.8911356197732e-16,1.8911356197732e-16,-36.204183982253,1,160
0.8,200,-39.792310885001,nan,nan,nan,3.0230129846338,0.33079580044249,nan,nan,20,2,2,103,1.3614129956217e-16,1.3614129956217e-16,-36.532838360141,1,160
0.8,200,-39.792310885001,nan,nan,nan,3.0230129846338,0.33079580044249,nan,nan,20,2,2,104,9.8007003053237e-17,9.8007003053237e-17,-36.861492738048,1,160
0.8,200,-39.792310885001,nan,nan,nan,3.0230129846338,0.33079580044249,nan,nan,20,2,2,105,7.0554436298796e-17,7.0554436298796e-17,-37.190147115944,1,160
0.8,200,-39.792310885001,nan,nan,nan,3.0230129846338,0.33079580044249,nan,nan,20,2,2,106,5.0791559035666e-17,5.0791559035666e-17,-37.51880149383,1,160
0.8,200,-39.792310885001,nan,nan,nan,3.0230129846338,0.33079580044249,nan,nan,20,2,2,107,3.65644260607e-17,3.65644260607e-17,-37.847455871705,1,160
0.8,200,-39.792310885001,nan,nan,nan,3.0230129846338,0.33079580044249,nan,nan,20,2,2,108,2.632242991861e-17,2.632242991861e-17,-38.176110249561,1,160
0.8,200,-39.792310885001,nan,nan,nan,3.0230129846338,0.33079580044249,nan,nan,20,2,2,109,1.8949301041144e-17,1.8949301041144e-17,-38.504764627417,1,160
0.8,200,-39.792310885001,nan,nan,nan,3.0230129846338,0.33079580044249,nan,nan,20,2,2,110,1.3641446137457e-17,1.3641446137457e-17,-38.83341900529,1,160
0.8,200,-39.792310885001,nan,nan,nan,3.0230129846338,0.33079580044249,nan,nan,20,2,2,111,9.8203649998974e-18,9.8203649998974e-18,-39.162073383185,1,160
0.8,200,-39.792310885001,nan,nan,nan,3.0230129846338,0.33079580044249,nan,nan,20,2,2,112,7.0696000816931e-18,7.0696000816931e-18,-39.490727761116,1,160
0.8,200,-39.792310885001,nan,nan,nan,3.0230129846338,0.33079580044249,nan,nan,20,2,2,113,5.0893470164553e-18,5.0893470164553e-18,-39.819382139093,1,160
0.8,200,-39.792310885001,nan,nan,nan,3.0230129846338,0.33079580044249,nan,nan,20,2,2,114,3.6637791040902e-18,3.6637791040902e-18,-40.148036517083,1,160
0.8,200,-39.792310885001,nan,nan,nan,3.0230129846338,0.33079580044249,nan,nan,20,2,2,115,2.6375244762341e-18,2.6375244762341e-18,-40.476690895045,1,160
0.8,200,-39.792310885001,nan,nan,nan,3.0230129846338,0.33079580044249,nan,nan,20,2,2,116,1.8987322011194e-18,1.8987322011194e-18,-40.805345273008,1,160
0.8,200,-39.792310885001,nan,nan,nan,3.0230129846338,0.33079580044249,nan,nan,20,2,2,117,1.3668817120181e-18,1.3668817120181e-18,-41.133999650972,1,160
0.8,200,-39.792310885001,nan,nan,nan,3.0230129846338,0.33079580044249,nan,nan,20,2,2,118,9.8400691447583e-19,9.8400691447583e-19,-41.462654028941,1,160
0.8,200,-39.792310885001,nan,nan,nan,3.0230129846338,0.33079580044249,nan,nan,20,2,2,119,7.0837849332775e-19,7.0837849332775e-19,-41.791308406931,1,160
0.8,200,-39.792310885001,nan,nan,nan,3.0230129846338,0.33079580044249,nan,nan,20,2,2,120,5.0995585744687e-19,5.0995585744687e-19,-42.119962784928,1,160
0.8,200,-39.792310885001,nan,nan,nan,3.0230129846338,0.33079580044249,nan,nan,20,2,2,121,3.671130320813e-19,3.671130320813e-19,-42.448617162917,1,160
0.8,200,-39.792310885001,nan,nan,nan,3.0230129846338,0.33079580044249,nan,nan,20,2,2,122,2.6428165567071e-19,2.6428165567071e-19,-42.777271540897,1,160
0.8,200,-39.792310885001,nan,nan,nan,3.0230129846338,0.33079580044249,nan,nan,20,2,2,123,1.9025419263283e-19,1.9025419263283e-19,-43.105925918884,1,160
0.8,200,-39.792310885001,nan,nan,nan,3.0230129846338,0.33079580044249,nan,nan,20,2,2,124,1.3696243018232e-19,1.3696243018232e-19,-43.434580296901,1,160
0.8,200,-39.792310885001,nan,nan,nan,3.0230129846338,0.33079580044249,nan,nan,20,2,2,125,9.859812823204e-20,9.859812823204e-20,-43.763234674894,1,160
0.8,200,-39.792310885001,nan,nan,nan,3.0230129846338,0.33079580044249,nan,nan,20,2,2,126,7.0979982455308e-20,7.0979982455308e-20,-44.091889052835,1,160
0.8,200,-39.792310885001,nan,nan,nan,3.0230129846338,0.33079580044249,nan,nan,20,2,2,127,5.1097906216479e-20,5.1097906216479e-20,-44.420543430742,1,160
0.8,200,-39.792310885001,nan,nan,nan,3.0230129846338,0.33079580044249,nan,nan,20,2,2,128,3.6784962878606e-20,3.6784962878606e-20,-44.749197808636,1,160
0.8,200,-39.792310885001,nan,nan,nan,3.0230129846338,0.33079580044249,nan,nan,20,2,2,129,2.6481192560734e-20,2.6481192560734e-20,-45.077852186539,1,160
0.8,200,-39.792310885001,nan,nan,nan,3.0230129846338,0.33079580044249,nan,nan,20,2,2,130,1.9063592961303e-20,1.9063592961303e-20,-45.406506564476,1,160
0.8,200,-39.792310885001,nan,nan,nan,3.0230129846338,0.33079580044249,nan,nan,20,2,2,131,1.3723723950669e-20,1.3723723950669e-20,-45.73516094243,1,160
0.8,200,-39.792310885001,nan,nan,nan,3.0230129846338,0.33079580044249,nan,nan,20,2,2,132,9.8795961214386e-21,9.8795961214386e-21,-46.063815320348,1,160
0.8,200,-39.792310885001,nan,nan,nan,3.0230129846338,0.33079580044249,nan,nan,20,2,2,133,7.1122400798288e-21,7.1122400798288e-21,-46.392469698227,1,160
0.8,200,-39.792310885001,nan,nan,nan,3.0230129846338,0.33079580044249,nan,nan,20,2,2,134,5.1200432011525e-21,5.1200432011525e-21,-46.721124076134,1,160
0.8,200,-39.792310885001,nan,nan,nan,3.0230129846338,0.33079580044249,nan,nan,20,2,2,135,3.6858770355782e-21,3.6858770355782e-21,-47.049778454038,1,160
0.8,200,-39.792310885001,nan,nan,nan,3.0230129846338,0.33079580044249,nan,nan,20,2,2,136,2.6534325957167e-21,2.6534325957167e-21,-47.378432831941,1,160
0.8,200,-39.792310885001,nan,nan,nan,3.0230129846338,0.33079580044249,nan,nan,20,2,2,137,1.9101843256533e-21,1.9101843256533e-21,-47.707087209895,1,160
0.8,200,-39.792310885001,nan,nan,nan,3.0230129846338,0.33079580044249,nan,nan,20,2,2,138,1.3751260024818e-21,1.3751260024818e-21,-48.035741587786,1,160
0.8,200,-39.792310885001,nan,nan,nan,3.0230129846338,0.33079580044249,nan,nan,20,2,2,139,9.8994191155773e-22,9.8994191155773e-22,-48.364395965644,1,160
0.8,200,-39.792310885001,nan,nan,nan,3.0230129846338,0.33079580044249,nan,nan,20,2,2,140,7.1265104904347e-22,7.1265104904347e-22,-48.693050343525,1,160
0.8,200,-39.792310885001,nan,nan,nan,3.0230129846338,0.33079580044249,nan,nan,20,2,2,141,5.1303163525629e-22,5.1303163525629e-22,-49.021704721421,1,160
0.8,200,-39.792310885001,nan,nan,nan,3.0230129846338,0.33079580044249,nan,nan,20,2,2,142,3.6932725928618e-22,3.6932725928618e-22,-49.350359099329,1,160
0.8,200,-39.792310885001,nan,nan,nan,3.0230129846338,0.33079580044249,nan,nan,20,2,2,143,2.6587565965293e-22,2.6587565965293e-22,-49.679013477276,1,160
0.8,200,-39.792310885001,nan,nan,nan,3.0230129846338,0.33079580044249,nan,nan,20,2,2,144,1.9140170300565e-22,1.9140170300565e-22,-50.007667855252,1,160
0.8,200,-39.792310885001,nan,nan,nan,3.0230129846338,0.33079580044249,nan,nan,20,2,2,145,1.3778851347646e-22,1.3778851347646e-22,-50.336322233236,1,160
0.8,200,-39.792310885001,nan,nan,nan,3.0230129846338,0.33079580044249,nan,nan,20,2,2,146,9.9192818808989e-23,9.9192818808989e-23,-50.664976611225,1,160
0.8,200,-39.792310885001,nan,nan,nan,3.0230129846338,0.33079580044249,nan,nan,20,2,2,147,7.1408095312214e-23,7.1408095312214e-23,-50.993630989216,1,160
0.8,200,-39.792310885001,nan,nan,nan,3.0230129846338,0.33079580044249,nan,nan,20,2,2,148,5.140610113916e-23,5.140610113916e-23,-51.322285367235,1,160
0.8,200,-39.792310885001,nan,nan,nan,3.0230129846338,0.33079580044249,nan,nan,20,2,2,149,3.7006829866847e-23,3.7006829866847e-23,-51.650939745252,1,160
0.8,200,-39.792310885001,nan,nan,nan,3.0230129846338,0.33079580044249,nan,nan,20,2,2,150,2.664091277953e-23,2.664091277953e-23,-51.979594123276,1,160
0.8,200,-39.792310885001,nan,nan,nan,3.0230129846338,0.33079580044249,nan,nan,20,2,2,151,1.9178574231677e-23,1.9178574231677e-23,-52.308248501365,1,160
0.8,200,-39.792310885001,nan,nan,nan,3.0230129846338,0.33079580044249,nan,nan,20,2,2,152,1.3806498019258e-23,1.3806498019258e-23,-52.636902879558,1,160
0.8,200,-39.792310885001,nan,nan,nan,3.0230129846338,0.33079580044249,nan,nan,20,2,2,153,9.9391844889582e-24,9.9391844889582e-24,-52.965557257919,1,160
0.8,200,-39.792310885001,nan,nan,nan,3.0230129846338,0.33079580044249,nan,nan,20,2,2,154,7.1551372505261e-24,7.1551372505261e-24,-53.294211636569,1,160
0.8,200,-39.792310885001,nan,nan,nan,3.0230129846338,0.33079580044249,nan,nan,20,2,2,155,5.1509245150814e-24,5.1509245150814e-24,-53.622866015801,1,160
0.8,200,-39.792310885001,nan,nan,nan,3.0230129846338,0.33079580044249,nan,nan,20,2,2,156,3.7081082305382e-24,3.7081082305382e-24,-53.951520396193,1,160
0.8,200,-39.792310885001,nan,nan,nan,3.0230129846338,0.33079580044249,nan,nan,20,2,2,157,2.6694366375724e-24,2.6694366375724e-24,-54.280174778872,1,160
0.8,200,-39.792310885001,nan,nan,nan,3.0230129846338,0.33079580044249,nan,nan,20,2,2,158,1.9217054861921e-24,1.9217054861921e-24,-54.608829166041,1,160
0.8,200,-39.792310885001,nan,nan,nan,3.0230129846338,0.33079580044249,nan,nan,20,2,2,159,1.3834199661401e-24,1.3834199661401e-24,-54.937483562118,1,160
0.8,200,-39.792310885001,nan,nan,nan,3.0230129846338,0.33079580044249,nan,nan,20,2,2,160,9.9591263234197e-25,9.9591263234197e-25,-55.266137975634,1,160
0.85,200,-30.766638878144,nan,nan,nan,2.0992054812173,0.47637070736882,nan,nan,20,2,2,1,0.079058865181205,0.079058865181205,-2.5375625751098,1,160
0.85,200,-30.766638878144,nan,nan,nan,2.0992054812173,0.47637070736882,nan,nan,20,2,2,2,0.045395357488585,0.045395357488585,-3.0923454371242,1,160
0.85,200,-30.766638878144,nan,nan,nan,2.0992054812173,0.47637070736882,nan,nan,20,2,2,3,0.025875512517467,0.025875512517467,-3.6544582201544,1,160
0.85,200,-30.766638878144,nan,nan,nan,2.0992054812173,0.47637070736882,nan,nan,20,2,2,4,0.014975787198161,0.014975787198161,-4.2013205688724,1,160
0.85,200,-30.766638878144,nan,nan,nan,2.0992054812173,0.47637070736882,nan,nan,20,2,2,5,0.0088097259698037,0.0088097259698037,-4.7318989439669,1,160
0.85,200,-30.766638878144,nan,nan,nan,2.0992054812173,0.47637070736882,nan,nan,20,2,2,6,0.0052520707902071,0.0052520707902071,-5.2491328439182,1,160
0.85,200,-30.766638878144,nan,nan,nan,2.0992054812173,0.47637070736882,nan,nan,20,2,2,7,0.0031639438109347,0.0031639438109347,-5.7559359881046,1,160
0.85,200,-30.766638878144,nan,nan,nan,2.0992054812173,0.47637070736882,nan,nan,20,2,2,8,0.0019215566345894,0.0019215566345894,-6.2546196742384,1,160
0.85,200,-30.766638878144,nan,nan,nan,2.0992054812173,0.47637070736882,nan,nan,20,2,2,9,0.0011743700635186,0.0011743700635186,-6.747023391302,1,160
0.85,200,-30.766638878144,nan,nan,nan,2.0992054812173,0.47637070736882,nan,nan,20,2,2,10,0.00072118309916536,0.00072118309916536,-7.2346175012339,1,160
0.85,200,-30.766638878144,nan,nan,nan,2.0992054812173,0.47637070736882,nan,nan,20,2,2,11,0.00044450038033105,0.00044450038033105,-7.7185596473728,1,160
0.85,200,-30.766638878144,nan,nan,nan,2.0992054812173,0.47637070736882,nan,nan,20,2,2,12,0.00027472396663179,0.00027472396663179,-8.1997437221024,1,160
0.85,200,-30.766638878144,nan,nan,nan,2.0992054812173,0.47637070736882,nan,nan,20,2,2,13,0.00017014614270512,0.00017014614270512,-8.6788528272413,1,160
0.85,200,-30.766638878144,nan,nan,nan,2.0992054812173,0.47637070736882,nan,nan,20,2,2,14,0.00010554092259201,0.00010554092259201,-9.1564117883913,1,160
0.85,200,-30.766638878144,nan,nan,nan,2.0992054812173,0.47637070736882,nan,nan,20,2,2,15,6.5541741098492e-05,6.5541741098492e-05,-9.6328233496133,1,160
0.85,200,-30.766638878144,nan,nan,nan,2.0992054812173,0.47637070736882,nan,nan,20,2,2,16,4.0736224246485e-05,4.0736224246485e-05,-10.108392830732,1,160
0.85,200,-30.766638878144,nan,nan,nan,2.0992054812173,0.47637070736882,nan,nan,20,2,2,17,2.5334157760105e-05,2.5334157760105e-05,-10.583356963714,1,160
0.85,200,-30.766638878144,nan,nan,nan,2.0992054812173,0.47637070736882,nan,nan,20,2,2,18,1.5762264251177e-05,1.5762264251177e-05,-11.057891813094,1,160
0.85,200,-30.766638878144,nan,nan,nan,2.0992054812173,0.47637070736882,nan,nan,20,2,2,19,9.8098683627852e-06,9.8098683627852e-06,-11.532121703153,1,160
0.85,200,-30.766638878144,nan,nan,nan,2.0992054812173,0.47637070736882,nan,nan,20,2,2,20,6.10661731087e-06,6.10661731087e-06,-12.0061375697,1,160
0.85,200,-30.766638878144,nan,nan,nan,2.0992054812173,0.47637070736882,nan,nan,20,2,2,21,3.8018983130182e-06,3.8018983130182e-06,-12.480010059911,1,160
0.85,200,-30.766638878144,nan,nan,nan,2.0992054812173,0.47637070736882,nan,nan,20,2,2,22,2.3672157546578e-06,2.3672157546578e-06,-12.953796080485,1,160
0.85,200,-30.766638878144,nan,nan,nan,2.0992054812173,0.47637070736882,nan,nan,20,2,2,23,1.4739882167217e-06,1.4739882167217e-06,-13.427538758312,1,160
0.85,200,-30.766638878144,nan,nan,nan,2.0992054812173,0.47637070736882,nan,nan,20,2,2,24,9.1782128092934e-07,9.1782128092934e-07,-13.901263148363,1,160
0.85,200,-30.766638878144,nan,nan,nan,2.0992054812173,0.47637070736882,nan,nan,20,2,2,25,5.7151415586847e-07,5.7151415586847e-07,-14.374976584345,1,160
0.85,200,-30.766638878144,nan,nan,nan,2.0992054812173,0.47637070736882,nan,nan,20,2,2,26,3.5587836222615e-07,3.5587836222615e-07,-14.84867684362,1,160
0.85,200,-30.766638878144,nan,nan,nan,2.0992054812173,0.47637070736882,nan,nan,20,2,2,27,2.2160738435644e-07,2.2160738435644e-07,-15.32235855972,1,160
0.85,200,-30.766638878144,nan,nan,nan,2.0992054812173,0.47637070736882,nan,nan,20,2,2,28,1.3799911225423e-07,1.3799911225423e-07,-15.79601858475,1,160
0.85,200,-30.766638878144,nan,nan,nan,2.0992054812173,0.47637070736882,nan,nan,20,2,2,29,8.5936146859427e-08,8.5936146859427e-08,-16.269661294845,1,160
0.85,200,-30.766638878144,nan,nan,nan,2.0992054812173,0.47637070736882,nan,nan,20,2,2,30,5.3515077105023e-08,5.3515077105023e-08,-16.7433024077,1,160
0.85,200,-30.766638878144,nan,nan,nan,2.0992054812173,0.47637070736882,nan,nan,20,2,2,31,3.3324741860647e-08,3.3324741860647e-08,-17.216965717029,1,160
0.85,200,-30.766638878144,nan,nan,nan,2.0992054812173,0.47637070736882,nan,nan,20,2,2,32,2.0751295313383e-08,2.0751295313383e-08,-17.690657167477,1,160
0.85,200,-30.766638878144,nan,nan,nan,2.0992054812173,0.47637070736882,nan,nan,20,2,2,33,1.2921748696009e-08,1.2921748696009e-08,-18.164353999762,1,160
0.85,200,-30.766638878144,nan,nan,nan,2.0992054812173,0.47637070736882,nan,nan,20,2,2,34,8.0465089036972e-09,8.0465089036972e-09,-18.63802751614,1,160
0.85,200,-30.766638878144,nan,nan,nan,2.0992054812173,0.47637070736882,nan,nan,20,2,2,35,5.0108469067856e-09,5.0108469067856e-09,-19.111660892865,1,160
0.85,200,-30.766638878144,nan,nan,nan,2.0992054812173,0.47637070736882,nan,nan,20,2,2,36,3.1205693585457e-09,3.1205693585457e-09,-19.58525036506,1,160
0.85,200,-30.766638878144,nan,nan,nan,2.0992054812173,0.47637070736882,nan,nan,20,2,2,37,1.9434523196215e-09,1.9434523196215e-09,-20.058799899191,1,160
0.85,200,-30.766638878144,nan,nan,nan,2.0992054812173,0.47637070736882,nan,nan,20,2,2,38,1.2103982315511e-09,1.2103982315511e-09,-20.5323164145,1,160
0.85,200,-30.766638878144,nan,nan,nan,2.0992054812173,0.47637070736882,nan,nan,20,2,2,39,7.5386554648663e-10,7.5386554648663e-10,-21.005807084131,1,160
0.85,200,-30.766638878144,nan,nan,nan,2.0992054812173,0.47637070736882,nan,nan,20,2,2,40,4.6953503861003e-10,4.6953503861003e-10,-21.479278190438,1,160
0.85,200,-30.766638878144,nan,nan,nan,2.0992054812173,0.47637070736882,nan,nan,20,2,2,41,2.9244783496538e-10,2.9244783496538e-10,-21.95273480716,1,160
0.85,200,-30.766638878144,nan,nan,nan,2.0992054812173,0.47637070736882,nan,nan,20,2,2,42,1.8215177795075e-10,1.8215177795075e-10,-22.426180831606,1,160
0.85,200,-30.766638878144,nan,nan,nan,2.0992054812173,0.47637070736882,nan,nan,20,2,2,43,1.1345451359668e-10,1.1345451359668e-10,-22.899619120596,1,160
0.85,200,-30.766638878144,nan,nan,nan,2.0992054812173,0.47637070736882,nan,nan,20,2,2,44,7.0666349383395e-11,7.0666349383395e-11,-23.373051619792,1,160
0.85,200,-30.766638878144,nan,nan,nan,2.0992054812173,0.47637070736882,nan,nan,20,2,2,45,4.4015492266668e-11,4.4015492266668e-11,-23.846479447012,1,160
0.85,200,-30.766638878144,nan,nan,nan,2.0992054812173,0.47637070736882,nan,nan,20,2,2,46,2.7415764193228e-11,2.7415764193228e-11,-24.319902932457,1,160
0.85,200,-30.766638878144,nan,nan,nan,2.0992054812173,0.47637070736882,nan,nan,20,2,2,47,1.7076435198012e-11,1.7076435198012e-11,-24.793321661412,1,160
0.85,200,-30.766638878144,nan,nan,nan,2.0992054812173,0.47637070736882,nan,nan,20,2,2,48,1.0636446859454e-11,1.0636446859454e-11,-25.266734629567,1,160
0.85,200,-30.766638878144,nan,nan,nan,2.0992054812173,0.47637070736882,nan,nan,20,2,2,49,6.6251991683786e-12,6.6251991683786e-12,-25.740140681357,1,160
0.85,200,-30.766638878144,nan,nan,nan,2.0992054812173,0.47637070736882,nan,nan,20,2,2,50,4.1267155958484e-12,4.1267155958484e-12,-26.213539280581,1,160
0.85,200,-30.766638878144,nan,nan,nan,2.0992054812173,0.47637070736882,nan,nan,20,2,2,51,2.5704730690787e-12,2.5704730690787e-12,-26.686931160389,1,160
0.85,200,-30.766638878144,nan,nan,nan,2.0992054812173,0.47637070736882,nan,nan,20,2,2,52,1.6011194192059e-12,1.6011194192059e-12,-27.160318094311,1,160
0.85,200,-30.766638878144,nan,nan,nan,2.0992054812173,0.47637070736882,nan,nan,20,2,2,53,9.9732232201896e-13,9.9732232201896e-13,-27.633702385302,1,160
0.85,200,-30.766638878144,nan,nan,nan,2.0992054812173,0.47637070736882,nan,nan,20,2,2,54,6.212222317633e-13,6.212222317633e-13,-28.107087515862,1,160
0.85,200,-30.766638878144,nan,nan,nan,2.0992054812173,0.47637070736882,nan,nan,20,2,2,55,3.8695025478266e-13,3.8695025478266e-13,-28.580480250756,1,160
0.85,200,-30.766638878144,nan,nan,nan,2.0992054812173,0.47637070736882,nan,nan,20,2,2,56,2.4101954053683e-13,2.4101954053683e-13,-29.053898383641,1,160
0.85,200,-30.766638878144,nan,nan,nan,2.0992054812173,0.47637070736882,nan,nan,20,2,2,57,1.5011756564525e-13,1.5011756564525e-13,-29.527357636834,1,160
0.85,200,-30.766638878144,nan,nan,nan,2.0992054812173,0.47637070736882,nan,nan,20,2,2,58,9.3497547780492e-14,9.3497547780492e-14,-30.000841185907,1,160
0.85,200,-30.766638878144,nan,nan,nan,2.0992054812173,0.47637070736882,nan,nan,20,2,2,59,5.8233235177092e-14,5.8233235177092e-14,-30.474320152008,1,160
0.85,200,-30.766638878144,nan,nan,nan,2.0992054812173,0.47637070736882,nan,nan,20,2,2,60,3.6270212237744e-14,3.6270212237744e-14,-30.947779590027,1,160
0.85,200,-30.766638878144,nan,nan,nan,2.0992054812173,0.47637070736882,nan,nan,20,2,2,61,2.2590914490408e-14,2.2590914490408e-14,-31.42122858316,1,160
0.85,200,-30.766638878144,nan,nan,nan,2.0992054812173,0.47637070736882,nan,nan,20,2,2,62,1.4070557608223e-14,1.4070557608223e-14,-31.894691893566,1,160
0.85,200,-30.766638878144,nan,nan,nan,2.0992054812173,0.47637070736882,nan,nan,20,2,2,63,8.7634657264055e-15,8.7634657264055e-15,-32.368184937335,1,160
0.85,200,-30.766638878144,nan,nan,nan,2.0992054812173,0.47637070736882,nan,nan,20,2,2,64,5.4579599365393e-15,5.4579599365393e-15,-32.84170131297,1,160
0.85,200,-30.766638878144,nan,nan,nan,2.0992054812173,0.47637070736882,nan,nan,20,2,2,65,3.3992372311244e-15,3.3992372311244e-15,-33.315225332244,1,160
0.85,200,-30.766638878144,nan,nan,nan,2.0992054812173,0.47637070736882,nan,nan,20,2,2,66,2.1170646821059e-15,2.1170646821059e-15,-33.788745849561,1,160
0.85,200,-30.766638878144,nan,nan,nan,2.0992054812173,0.47637070736882,nan,nan,20,2,2,67,1.3185318680736e-15,1.3185318680736e-15,-34.262257498446,1,160
0.85,200,-30.766638878144,nan,nan,nan,2.0992054812173,0.47637070736882,nan,nan,20,2,2,68,8.2120700683338e-16,8.2120700683338e-16,-34.735756456352,1,160
0.85,200,-30.766638878144,nan,nan,nan,2.0992054812173,0.47637070736882,nan,nan,20,2,2,69,5.1147120598748e-16,5.1147120598748e-16,-35.209240383365,1,160
0.85,200,-30.766638878144,nan,nan,nan,2.0992054812173,0.47637070736882,nan,nan,20,2,2,70,3.1856368169464e-16,3.1856368169464e-16,-35.68270927634,1,160
0.85,200,-30.766638878144,nan,nan,nan,2.0992054812173,0.47637070736882,nan,nan,20,2,2,71,1.9841619037213e-16,1.9841619037213e-16,-36.156164877673,1,160
0.85,200,-30.766638878144,nan,nan,nan,2.0992054812173,0.47637070736882,nan,nan,20,2,2,72,1.2358412142487e-16,1.2358412142487e-16,-36.629609604558,1,160
0.85,200,-30.766638878144,nan,nan,nan,2.0992054812173,0.47637070736882,nan,nan,20,2,2,73,7.6975399559096e-17,7.6975399559096e-17,-37.103045789331,1,160
0.85,200,-30.766638878144,nan,nan,nan,2.0992054812173,0.47637070736882,nan,nan,20,2,2,74,4.7945089620749e-17,4.7945089620749e-17,-37.576475284048,1,160
0.85,200,-30.766638878144,nan,nan,nan,2.0992054812173,0.47637070736882,nan,nan,20,2,2,75,2.9863353538248e-17,2.9863353538248e-17,-38.049899579372,1,160
0.85,200,-30.766638878144,nan,nan,nan,2.0992054812173,0.47637070736882,nan,nan,20,2,2,76,1.8600920821188e-17,1.8600920821188e-17,-38.523320587884,1,160
0.85,200,-30.766638878144,nan,nan,nan,2.0992054812173,0.47637070736882,nan,nan,20,2,2,77,1.1585994178982e-17,1.1585994178982e-17,-38.996734703637,1,160
0.85,200,-30.766638878144,nan,nan,nan,2.0992054812173,0.47637070736882,nan,nan,20,2,2,78,7.2167353963814e-18,7.2167353963814e-18,-39.47012898441,1,160
0.85,200,-30.766638878144,nan,nan,nan,2.0992054812173,0.47637070736882,nan,nan,20,2,2,79,4.4953760833506e-18,4.4953760833506e-18,-39.943482342428,1,160
0.85,200,-30.766638878144,nan,nan,nan,2.0992054812173,0.47637070736882,nan,nan,20,2,2,80,2.8003716820661e-18,2.8003716820661e-18,-40.416779521926,1,160
0.85,200,-30.766638878144,nan,nan,nan,2.0992054812173,0.47637070736882,nan,nan,20,2,2,81,1.7445527194534e-18,1.7445527194534e-18,-40.890033472324,1,160
0.85,200,-30.766638878144,nan,nan,nan,2.0992054812173,0.47637070736882,nan,nan,20,2,2,82,1.0868282796356e-18,1.0868282796356e-18,-41.36326805465,1,160
0.85,200,-30.766638878144,nan,nan,nan,2.0992054812173,0.47637070736882,nan,nan,20,2,2,83,6.7707975357861e-19,6.7707975357861e-19,-41.836497882501,1,160
0.85,200,-30.766638878144,nan,nan,nan,2.0992054812173,0.47637070736882,nan,nan,20,2,2,84,4.2181244305937e-19,4.2181244305937e-19,-42.309726185362,1,160
0.85,200,-30.766638878144,nan,nan,nan,2.0992054812173,0.47637070736882,nan,nan,20,2,2,85,2.6278467512338e-19,2.6278467512338e-19,-42.782951981803,1,160
0.85,200,-30.766638878144,nan,nan,nan,2.0992054812173,0.47637070736882,nan,nan,20,2,2,86,1.6371217393398e-19,1.6371217393398e-19,-43.25617710392,1,160
0.85,200,-30.766638878144,nan,nan,nan,2.0992054812173,0.47637070736882,nan,nan,20,2,2,87,1.019905560282e-19,1.019905560282e-19,-43.729406731836,1,160
0.85,200,-30.766638878144,nan,nan,nan,2.0992054812173,0.47637070736882,nan,nan,20,2,2,88,6.3538214850521e-20,6.3538214850521e-20,-44.202645419321,1,160
0.85,200,-30.766638878144,nan,nan,nan,2.0992054812173,0.47637070736882,nan,nan,20,2,2,89,3.9582697520777e-20,3.9582697520777e-20,-44.67589486139,1,160
0.85,200,-30.766638878144,nan,nan,nan,2.0992054812173,0.47637070736882,nan,nan,20,2,2,90,2.465873416355e-20,2.465873416355e-20,-45.149155788024,1,160
0.85,200,-30.766638878144,nan,nan,nan,2.0992054812173,0.47637070736882,nan,nan,20,2,2,91,1.5361363548294e-20,1.5361363548294e-20,-45.62243145642,1,160
0.85,200,-30.766638878144,nan,nan,nan,2.0992054812173,0.47637070736882,nan,nan,20,2,2,92,9.5692795273897e-21,9.5692795273897e-21,-46.095729034738,1,160
0.85,200,-30.766638878144,nan,nan,nan,2.0992054812173,0.47637070736882,nan,nan,20,2,2,93,5.9609378851088e-21,5.9609378851088e-21,-46.569059120905,1,160
0.85,200,-30.766638878144,nan,nan,nan,2.0992054812173,0.47637070736882,nan,nan,20,2,2,94,3.7130272829173e-21,3.7130272829173e-21,-47.042439429763,1,160
0.85,200,-30.766638878144,nan,nan,nan,2.0992054812173,0.47637070736882,nan,nan,20,2,2,95,2.3126397690862e-21,2.3126397690862e-21,-47.515897323611,1,160
0.85,200,-30.766638878144,nan,nan,nan,2.0992054812173,0.47637070736882,nan,nan,20,2,2,96,1.4403058915891e-21,1.4403058915891e-21,-47.989431437131,1,160
0.85,200,-30.766638878144,nan,nan,nan,2.0992054812173,0.47637070736882,nan,nan,20,2,2,97,8.969812108372e-22,8.969812108372e-22,-48.463007316687,1,160
0.85,200,-30.766638878144,nan,nan,nan,2.0992054812173,0.47637070736882,nan,nan,20,2,2,98,5.5860712448663e-22,5.5860712448663e-22,-48.936595824244,1,160
0.85,200,-30.766638878144,nan,nan,nan,2.0992054812173,0.47637070736882,nan,nan,20,2,2,99,3.4787914302774e-22,3.4787914302774e-22,-49.410187102552,1,160
0.85,200,-30.766638878144,nan,nan,nan,2.0992054812173,0.47637070736882,nan,nan,20,2,2,100,2.1664511016427e-22,2.1664511016427e-22,-49.883781654135,1,160
0.85,200,-30.766638878144,nan,nan,nan,2.0992054812173,0.47637070736882,nan,nan,20,2,2,101,1.3491697330703e-22,1.3491697330703e-22,-50.357382655157,1,160
0.85,200,-30.766638878144,nan,nan,nan,2.0992054812173,0.47637070736882,nan,nan,20,2,2,102,8.4019447638183e-23,8.4019447638183e-23,-50.830993940308,1,160
0.85,200,-30.766638878144,nan,nan,nan,2.0992054812173,0.47637070736882,nan,nan,20,2,2,103,5.2322293607611e-23,5.2322293607611e-23,-51.304619687603,1,160
0.85,200,-30.766638878144,nan,nan,nan,2.0992054812173,0.47637070736882,nan,nan,20,2,2,104,3.2582658268693e-23,3.2582658268693e-23,-51.778262039971,1,160
0.85,200,-30.766638878144,nan,nan,nan,2.0992054812173,0.47637070736882,nan,nan,20,2,2,105,2.0289894565198e-23,2.0289894565198e-23,-52.251919274425,1,160
0.85,200,-30.766638878144,nan,nan,nan,2.0992054812173,0.47637070736882,nan,nan,20,2,2,106,1.2634808569542e-23,1.2634808569542e-23,-52.72558664194,1,160
0.85,200,-30.766638878144,nan,nan,nan,2.0992054812173,0.47637070736882,nan,nan,20,2,2,107,7.8678492669118e-24,7.8678492669118e-24,-53.199257489253,1,160
0.85,200,-30.766638878144,nan,nan,nan,2.0992054812173,0.47637070736882,nan,nan,20,2,2,108,4.8994350570747e-24,4.8994350570747e-24,-53.672922327862,1,160
0.85,200,-30.766638878144,nan,nan,nan,2.0992054812173,0.47637070736882,nan,nan,20,2,2,109,3.0510183125408e-24,3.0510183125408e-24,-54.146566823997,1,160
0.85,200,-30.766638878144,nan,nan,nan,2.0992054812173,0.47637070736882,nan,nan,20,2,2,110,1.9000317247701e-24,1.9000317247701e-24,-54.620171648577,1,160
0.85,200,-30.766638878144,nan,nan,nan,2.0992054812173,0.47637070736882,nan,nan,20,2,2,111,1.1833247062454e-24,1.1833247062454e-24,-55.093714207561,1,160
0.85,200,-30.766638878144,nan,nan,nan,2.0992054812173,0.47637070736882,nan,nan,20,2,2,112,7.3703004060503e-25,7.3703004060503e-25,-55.567168858822,1,160
0.85,200,-30.766638878144,nan,nan,nan,2.0992054812173,0.47637070736882,nan,nan,20,2,2,113,4.591098743045e-25,4.591098743045e-25,-56.040507951855,1,160
0.85,200,-30.766638878144,nan,nan,nan,2.0992054812173,0.47637070736882,nan,nan,20,2,2,114,2.8602413115282e-25,2.8602413115282e-25,-56.513721328919,1,160
0.85,200,-30.766638878144,nan,nan,nan,2.0992054812173,0.47637070736882,nan,nan,20,2,2,115,1.7820933874143e-25,1.7820933874143e-25,-56.986838591219,1,160
0.85,200,-30.766638878144,nan,nan,nan,2.0992054812173,0.47637070736882,nan,nan,20,2,2,116,1.1103932048779e-25,1.1103932048779e-25,-57.459913133626,1,160
0.85,200,-30.766638878144,nan,nan,nan,2.0992054812173,0.47637070736882,nan,nan,20,2,2,117,6.9186412581057e-26,6.9186412581057e-26,-57.93299301748,1,160
0.85,200,-30.766638878144,nan,nan,nan,2.0992054812173,0.47637070736882,nan,nan,20,2,2,118,4.3107173742606e-26,4.3107173742606e-26,-58.406108083436,1,160
0.85,200,-30.766638878144,nan,nan,nan,2.0992054812173,0.47637070736882,nan,nan,20,2,2,119,2.6856976863752e-26,2.6856976863752e-26,-58.879271877689,1,160
0.85,200,-30.766638878144,nan,nan,nan,2.0992054812173,0.47637070736882,nan,nan,20,2,2,120,1.6731775751789e-26,1.6731775751789e-26,-59.352487859705,1,160
0.85,200,-30.766638878144,nan,nan,nan,2.0992054812173,0.47637070736882,nan,nan,20,2,2,121,1.0423297065333e-26,1.0423297065333e-26,-59.825754107545,1,160
0.85,200,-30.766638878144,nan,nan,nan,2.0992054812173,0.47637070736882,nan,nan,20,2,2,122,6.493046558375e-27,6.493046558375e-27,-60.29906566679,1,160
0.85,200,-30.766638878144,nan,nan,nan,2.0992054812173,0.47637070736882,nan,nan,20,2,2,123,4.0445965313261e-27,4.0445965313261e-27,-60.77241571034,1,160
0.85,200,-30.766638878144,nan,nan,nan,2.0992054812173,0.47637070736882,nan,nan,20,2,2,124,2.5193511510666e-27,2.5193511510666e-27,-61.245796122205,1,160
0.85,200,-30.766638878144,nan,nan,nan,2.0992054812173,0.47637070736882,nan,nan,20,2,2,125,1.5692523950758e-27,1.5692523950758e-27,-61.71919818637,1,160
0.85,200,-30.766638878144,nan,nan,nan,2.0992054812173,0.47637070736882,nan,nan,20,2,2,126,9.7744232470065e-28,9.7744232470065e-28,-62.192613502566,1,160
0.85,200,-30.766638878144,nan,nan,nan,2.0992054812173,0.47637070736882,nan,nan,20,2,2,127,6.0881696862249e-28,6.0881696862249e-28,-62.666035111418,1,160
0.85,200,-30.766638878144,nan,nan,nan,2.0992054812173,0.47637070736882,nan,nan,20,2,2,128,3.7921164549374e-28,3.7921164549374e-28,-63.139458309222,1,160
0.85,200,-30.766638878144,nan,nan,nan,2.0992054812173,0.47637070736882,nan,nan,20,2,2,129,2.3619844841179e-28,2.3619844841179e-28,-63.612880455039,1,160
0.85,200,-30.766638878144,nan,nan,nan,2.0992054812173,0.47637070736882,nan,nan,20,2,2,130,1.471205263038e-28,1.471205263038e-28,-64.086300632154,1,160
0.85,200,-30.766638878144,nan,nan,nan,2.0992054812173,0.47637070736882,nan,nan,20,2,2,131,9.1636892524033e-29,9.1636892524033e-29,-64.559718842413,1,160
0.85,200,-30.766638878144,nan,nan,nan,2.0992054812173,0.47637070736882,nan,nan,20,2,2,132,5.7077885145132e-29,5.7077885145132e-29,-65.033136048615,1,160
0.85,200,-30.766638878144,nan,nan,nan,2.0992054812173,0.47637070736882,nan,nan,20,2,2,133,3.5552084493439e-29,3.5552084493439e-29,-65.506553999751,1,160
0.85,200,-30.766638878144,nan,nan,nan,2.0992054812173,0.47637070736882,nan,nan,20,2,2,134,2.2144208810088e-29,2.2144208810088e-29,-65.979976780784,1,160
0.85,200,-30.766638878144,nan,nan,nan,2.0992054812173,0.47637070736882,nan,nan,20,2,2,135,1.3792770612593e-29,1.3792770612593e-29,-66.453408203578,1,160
0.85,200,-30.766638878144,nan,nan,nan,2.0992054812173,0.47637070736882,nan,nan,20,2,2,136,8.5908154484565e-30,8.5908154484565e-30,-66.926859128359,1,160
0.85,200,-30.766638878144,nan,nan,nan,2.0992054812173,0.47637070736882,nan,nan,20,2,2,137,5.3506039303319e-30,5.3506039303319e-30,-67.40034335111,1,160
0.85,200,-30.766638878144,nan,nan,nan,2.0992054812173,0.47637070736882,nan,nan,20,2,2,138,3.332325817413e-30,3.332325817413e-30,-67.87388228596,1,160
0.85,200,-30.766638878144,nan,nan,nan,2.0992054812173,0.47637070736882,nan,nan,20,2,2,139,2.0752326660261e-30,2.0752326660261e-30,-68.347479514219,1,160
0.85,200,-30.766638878144,nan,nan,nan,2.0992054812173,0.47637070736882,nan,nan,20,2,2,140,1.2923206659191e-30,1.2923206659191e-30,-68.82111322182,1,160
0.85,200,-30.766638878144,nan,nan,nan,2.0992054812173,0.47637070736882,nan,nan,20,2,2,141,8.0476658995533e-31,8.0476658995533e-31,-69.294755783795,1,160
0.85,200,-30.766638878144,nan,nan,nan,2.0992054812173,0.47637070736882,nan,nan,20,2,2,142,5.01154586326e-31,5.01154586326e-31,-69.768393459771,1,160
0.85,200,-30.766638878144,nan,nan,nan,2.0992054812173,0.47637070736882,nan,nan,20,2,2,143,3.1208274937947e-31,3.1208274937947e-31,-70.242039693789,1,160
0.85,200,-30.766638878144,nan,nan,nan,2.0992054812173,0.47637070736882,nan,nan,20,2,2,144,1.9444734082304e-31,1.9444734082304e-31,-70.715146683672,1,160
0.85,200,-30.766638878144,nan,nan,nan,2.0992054812173,0.47637070736882,nan,nan,20,2,2,145,1.210424066581e-31,1.210424066581e-31,-71.189167116358,1,160
0.85,200,-30.766638878144,nan,nan,nan,2.0992054812173,0.47637070736882,nan,nan,20,2,2,146,7.5422000580157e-32,7.5422000580157e-32,-71.662209051468,1,160
0.85,200,-30.766638878144,nan,nan,nan,2.0992054812173,0.47637070736882,nan,nan,20,2,2,147,4.6932189990601e-32,4.6932189990601e-32,-72.13660427504,1,160
0.85,200,-30.766638878144,nan,nan,nan,2.0992054812173,0.47637070736882,nan,nan,20,2,2,148,2.9261570275557e-32,2.9261570275557e-32,-72.609033008365,1,160
0.85,200,-30.766638878144,nan,nan,nan,2.0992054812173,0.47637070736882,nan,nan,20,2,2,149,1.8238753703371e-32,1.8238753703371e-32,-73.081759414158,1,160
0.85,200,-30.766638878144,nan,nan,nan,2.0992054812173,0.47637070736882,nan,nan,20,2,2,150,1.1317469158171e-32,1.1317469158171e-32,-73.558960593624,1,160
0.85,200,-30.766638878144,nan,nan,nan,2.0992054812173,0.47637070736882,nan,nan,20,2,2,151,7.0430615109172e-33,7.0430615109172e-33,-74.033265119454,1,160
0.85,200,-30.766638878144,nan,nan,nan,2.0992054812173,0.47637070736882,nan,nan,20,2,2,152,4.4024353384282e-33,4.4024353384282e-33,-74.50315019499,1,160
0.85,200,-30.766638878144,nan,nan,nan,2.0992054812173,0.47637070736882,nan,nan,20,2,2,153,2.7583557868378e-33,2.7583557868378e-33,-74.970673295998,1,160
0.85,200,-30.766638878144,nan,nan,nan,2.0992054812173,0.47637070736882,nan,nan,20,2,2,154,1.688983057731e-33,1.688983057731e-33,-75.461181461975,1,160
0.85,200,-30.766638878144,nan,nan,nan,2.0992054812173,0.47637070736882,nan,nan,20,2,2,155,1.064435903982e-33,1.064435903982e-33,-75.922863077588,1,160
0.85,200,-30.766638878144,nan,nan,nan,2.0992054812173,0.47637070736882,nan,nan,20,2,2,156,6.8017850429476e-34,6.8017850429476e-34,-76.370708077748,1,160
0.85,200,-30.766638878144,nan,nan,nan,2.0992054812173,0.47637070736882,nan,nan,20,2,2,157,3.989571259355e-34,3.989571259355e-34,-76.904209390465,1,160
0.85,200,-30.766638878144,nan,nan,nan,2.0992054812173,0.47637070736882,nan,nan,20,2,2,158,2.3205034143623e-34,2.3205034143623e-34,-77.446109010709,1,160
0.85,200,-30.766638878144,nan,nan,nan,2.0992054812173,0.47637070736882,nan,nan,20,2,2,159,1.6293855404634e-34,1.6293855404634e-34,-77.79969018709,1,160
0.85,200,-30.766638878144,nan,nan,nan,2.0992054812173,0.47637070736882,nan,nan,20,2,2,160,8.6738503710079e-35,8.6738503710079e-35,-78.430165459815,1,160
0.9,200,-23.807230027971,nan,nan,nan,1.5970293453236,0.62616257048011,nan,nan,20,2,2,1,0.071074012304238,0.071074012304238,-2.6440335180701,1,160
0.9,200,-23.807230027971,nan,nan,nan,1.5970293453236,0.62616257048011,nan,nan,20,2,2,2,0.034761841599785,0.034761841599785,-3.3592349995573,1,160
0.9,200,-23.807230027971,nan,nan,nan,1.5970293453236,0.62616257048011,nan,nan,20,2,2,3,0.016967531617712,0.016967531617712,-4.0764536659602,1,160
0.9,200,-23.807230027971,nan,nan,nan,1.5970293453236,0.62616257048011,nan,nan,20,2,2,4,0.0084415427770649,0.0084415427770649,-4.7745901935879,1,160
0.9,200,-23.807230027971,nan,nan,nan,1.5970293453236,0.62616257048011,nan,nan,20,2,2,5,0.0042774477906423,0.0042774477906423,-5.4543987578499,1,160
0.9,200,-23.807230027971,nan,nan,nan,1.5970293453236,0.62616257048011,nan,nan,20,2,2,6,0.0021987671439821,0.0021987671439821,-6.1198584647936,1,160
0.9,200,-23.807230027971,nan,nan,nan,1.5970293453236,0.62616257048011,nan,nan,20,2,2,7,0.0011427236094631,0.0011427236094631,-6.7743407349039,1,160
0.9,200,-23.807230027971,nan,nan,nan,1.5970293453236,0.62616257048011,nan,nan,20,2,2,8,0.00059889937085236,0.00059889937085236,-7.4204169691997,1,160
0.9,200,-23.807230027971,nan,nan,nan,1.5970293453236,0.62616257048011,nan,nan,20,2,2,9,0.00031589688277543,0.00031589688277543,-8.0600947179623,1,160
0.9,200,-23.807230027971,nan,nan,nan,1.5970293453236,0.62616257048011,nan,nan,20,2,2,10,0.00016742897475026,0.00016742897475026,-8.6949513279676,1,160
0.9,200,-23.807230027971,nan,nan,nan,1.5970293453236,0.62616257048011,nan,nan,20,2,2,11,8.9059063624293e-05,8.9059063624293e-05,-9.3262107721133,1,160
0.9,200,-23.807230027971,nan,nan,nan,1.5970293453236,0.62616257048011,nan,nan,20,2,2,12,4.7498743220691e-05,4.7498743220691e-05,-9.9548073057855,1,160
0.9,200,-23.807230027971,nan,nan,nan,1.5970293453236,0.62616257048011,nan,nan,20,2,2,13,2.5382665923068e-05,2.5382665923068e-05,-10.581444060884,1,160
0.9,200,-23.807230027971,nan,nan,nan,1.5970293453236,0.62616257048011,nan,nan,20,2,2,14,1.3583637237512e-05,1.3583637237512e-05,-11.206644633882,1,160
0.9,200,-23.807230027971,nan,nan,nan,1.5970293453236,0.62616257048011,nan,nan,20,2,2,15,7.2769703268617e-06,7.2769703268617e-06,-11.830795946269,1,160
0.9,200,-23.807230027971,nan,nan,nan,1.5970293453236,0.62616257048011,nan,nan,20,2,2,16,3.9013716612909e-06,3.9013716612909e-06,-12.45418235864,1,160
0.9,200,-23.807230027971,nan,nan,nan,1.5970293453236,0.62616257048011,nan,nan,20,2,2,17,2.0927908749033e-06,2.0927908749033e-06,-13.077012035927,1,160
0.9,200,-23.807230027971,nan,nan,nan,1.5970293453236,0.62616257048011,nan,nan,20,2,2,18,1.1230785530446e-06,1.1230785530446e-06,-13.699436935372,1,160
0.9,200,-23.807230027971,nan,nan,nan,1.5970293453236,0.62616257048011,nan,nan,20,2,2,19,6.0286788919219e-07,6.0286788919219e-07,-14.321567753456,1,160
0.9,200,-23.807230027971,nan,nan,nan,1.5970293453236,0.62616257048011,nan,nan,20,2,2,20,3.2368823962492e-07,3.2368823962492e-07,-14.943485007768,1,160
0.9,200,-23.807230027971,nan,nan,nan,1.5970293453236,0.62616257048011,nan,nan,20,2,2,21,1.738197152555e-07,1.738197152555e-07,-15.565247194096,1,160
0.9,200,-23.807230027971,nan,nan,nan,1.5970293453236,0.62616257048011,nan,nan,20,2,2,22,9.3351231937655e-08,9.3351231937655e-08,-16.18689677007,1,160
0.9,200,-23.807230027971,nan,nan,nan,1.5970293453236,0.62616257048011,nan,nan,20,2,2,23,5.0139108559853e-08,5.0139108559853e-08,-16.808464523396,1,160
0.9,200,-23.807230027971,nan,nan,nan,1.5970293453236,0.62616257048011,nan,nan,20,2,2,24,2.693140497851e-08,2.693140497851e-08,-17.429972759983,1,160
0.9,200,-23.807230027971,nan,nan,nan,1.5970293453236,0.62616257048011,nan,nan,20,2,2,25,1.4466392739264e-08,1.4466392739264e-08,-18.051437619761,1,160
0.9,200,-23.807230027971,nan,nan,nan,1.5970293453236,0.62616257048011,nan,nan,20,2,2,26,7.7709706032163e-09,7.7709706032163e-09,-18.672870763609,1,160
0.9,200,-23.807230027971,nan,nan,nan,1.5970293453236,0.62616257048011,nan,nan,20,2,2,27,4.1744609792302e-09,4.1744609792302e-09,-19.29428059375,1,160
0.9,200,-23.807230027971,nan,nan,nan,1.5970293453236,0.62616257048011,nan,nan,20,2,2,28,2.2425030921942e-09,2.2425030921942e-09,-19.915673143092,1,160
0.9,200,-23.807230027971,nan,nan,nan,1.5970293453236,0.62616257048011,nan,nan,20,2,2,29,1.204678975777e-09,1.204678975777e-09,-20.537052715641,1,160
0.9,200,-23.807230027971,nan,nan,nan,1.5970293453236,0.62616257048011,nan,nan,20,2,2,30,6.4716336628731e-10,6.4716336628731e-10,-21.158422355174,1,160
0.9,200,-23.807230027971,nan,nan,nan,1.5970293453236,0.62616257048011,nan,nan,20,2,2,31,3.476641526099e-10,3.476641526099e-10,-21.77978418085,1,160
0.9,200,-23.807230027971,nan,nan,nan,1.5970293453236,0.62616257048011,nan,nan,20,2,2,32,1.8677066601408e-10,1.8677066601408e-10,-22.401139636651,1,160
0.9,200,-23.807230027971,nan,nan,nan,1.5970293453236,0.62616257048011,nan,nan,20,2,2,33,1.0033669152994e-10,1.0033669152994e-10,-23.02248967001,1,160
0.9,200,-23.807230027971,nan,nan,nan,1.5970293453236,0.62616257048011,nan,nan,20,2,2,34,5.3903005889445e-11,5.3903005889445e-11,-23.643834871675,1,160
0.9,200,-23.807230027971,nan,nan,nan,1.5970293453236,0.62616257048011,nan,nan,20,2,2,35,2.8957971972588e-11,2.8957971972588e-11,-24.265175579434,1,160
0.9,200,-23.807230027971,nan,nan,nan,1.5970293453236,0.62616257048011,nan,nan,20,2,2,36,1.5556975835596e-11,1.5556975835596e-11,-24.886511971107,1,160
0.9,200,-23.807230027971,nan,nan,nan,1.5970293453236,0.62616257048011,nan,nan,20,2,2,37,8.3576473930746e-12,8.3576473930746e-12,-25.507844140747,1,160
0.9,200,-23.807230027971,nan,nan,nan,1.5970293453236,0.62616257048011,nan,nan,20,2,2,38,4.4899830918333e-12,4.4899830918333e-12,-26.12917217992,1,160
0.9,200,-23.807230027971,nan,nan,nan,1.5970293453236,0.62616257048011,nan,nan,20,2,2,39,2.4121654444627e-12,2.4121654444627e-12,-26.750496247184,1,160
0.9,200,-23.807230027971,nan,nan,nan,1.5970293453236,0.62616257048011,nan,nan,20,2,2,40,1.2958987543146e-12,1.2958987543146e-12,-27.371816642721,1,160
0.9,200,-23.807230027971,nan,nan,nan,1.5970293453236,0.62616257048011,nan,nan,20,2,2,41,6.9620387301796e-13,6.9620387301796e-13,-27.993133856466,1,160
0.9,200,-23.807230027971,nan,nan,nan,1.5970293453236,0.62616257048011,nan,nan,20,2,2,42,3.7402692684403e-13,3.7402692684403e-13,-28.614448603179,1,160
0.9,200,-23.807230027971,nan,nan,nan,1.5970293453236,0.62616257048011,nan,nan,20,2,2,43,2.0094165406555e-13,2.0094165406555e-13,-29.235761807271,1,160
0.9,200,-23.807230027971,nan,nan,nan,1.5970293453236,0.62616257048011,nan,nan,20,2,2,44,1.0795363555753e-13,1.0795363555753e-13,-29.857074560355,1,160
0.9,200,-23.807230027971,nan,nan,nan,1.5970293453236,0.62616257048011,nan,nan,20,2,2,45,5.7996830444703e-14,5.7996830444703e-14,-30.478388033363,1,160
0.9,200,-23.807230027971,nan,nan,nan,1.5970293453236,0.62616257048011,nan,nan,20,2,2,46,3.1158061813199e-14,3.1158061813199e-14,-31.09970337696,1,160
0.9,200,-23.807230027971,nan,nan,nan,1.5970293453236,0.62616257048011,nan,nan,20,2,2,47,1.6739225185044e-14,1.6739225185044e-14,-31.721021616163,1,160
0.9,200,-23.807230027971,nan,nan,nan,1.5970293453236,0.62616257048011,nan,nan,20,2,2,48,8.9928769838977e-15,8.9928769838977e-15,-32.342343577167,1,160
0.9,200,-23.807230027971,nan,nan,nan,1.5970293453236,0.62616257048011,nan,nan,20,2,2,49,4.8312562469733e-15,4.8312562469733e-15,-32.963669868523,1,160
0.9,200,-23.807230027971,nan,nan,nan,1.5970293453236,0.62616257048011,nan,nan,20,2,2,50,2.5954914672806e-15,2.5954914672806e-15,-33.585000506136,1,160
0.9,200,-23.807230027971,nan,nan,nan,1.5970293453236,0.62616257048011,nan,nan,20,2,2,51,1.3943679414201e-15,1.3943679414201e-15,-34.206335170901,1,160
0.9,200,-23.807230027971,nan,nan,nan,1.5970293453236,0.62616257048011,nan,nan,20,2,2,52,7.4908881400757e-16,7.4908881400757e-16,-34.827674120626,1,160
0.9,200,-23.807230027971,nan,nan,nan,1.5970293453236,0.62616257048011,nan,nan,20,2,2,53,4.024272820461e-16,4.024272820461e-16,-35.44901725908,1,160
0.9,200,-23.807230027971,nan,nan,nan,1.5970293453236,0.62616257048011,nan,nan,20,2,2,54,2.1619214305651e-16,2.1619214305651e-16,-36.070364110437,1,160
0.9,200,-23.807230027971,nan,nan,nan,1.5970293453236,0.62616257048011,nan,nan,20,2,2,55,1.1614249565546e-16,1.1614249565546e-16,-36.691713825843,1,160
0.9,200,-23.807230027971,nan,nan,nan,1.5970293453236,0.62616257048011,nan,nan,20,2,2,56,6.2393683059432e-17,6.2393683059432e-17,-37.313067636664,1,160
0.9,200,-23.807230027971,nan,nan,nan,1.5970293453236,0.62616257048011,nan,nan,20,2,2,57,3.3518769784782e-17,3.3518769784782e-17,-37.934426099884,1,160
0.9,200,-23.807230027971,nan,nan,nan,1.5970293453236,0.62616257048011,nan,nan,20,2,2,58,1.8006736073622e-17,1.8006736073622e-17,-38.55578575969,1,160
0.9,200,-23.807230027971,nan,nan,nan,1.5970293453236,0.62616257048011,nan,nan,20,2,2,59,9.6734621782142e-18,9.6734621782142e-18,-39.177145395599,1,160
0.9,200,-23.807230027971,nan,nan,nan,1.5970293453236,0.62616257048011,nan,nan,20,2,2,60,5.1967083787681e-18,5.1967083787681e-18,-39.79850625282,1,160
0.9,200,-23.807230027971,nan,nan,nan,1.5970293453236,0.62616257048011,nan,nan,20,2,2,61,2.7917313967428e-18,2.7917313967428e-18,-40.419869698226,1,160
0.9,200,-23.807230027971,nan,nan,nan,1.5970293453236,0.62616257048011,nan,nan,20,2,2,62,1.4997502051196e-18,1.4997502051196e-18,-41.041233109573,1,160
0.9,200,-23.807230027971,nan,nan,nan,1.5970293453236,0.62616257048011,nan,nan,20,2,2,63,8.0568275375225e-19,8.0568275375225e-19,-41.662596893618,1,160
0.9,200,-23.807230027971,nan,nan,nan,1.5970293453236,0.62616257048011,nan,nan,20,2,2,64,4.3282135055128e-19,4.3282135055128e-19,-42.283961895341,1,160
0.9,200,-23.807230027971,nan,nan,nan,1.5970293453236,0.62616257048011,nan,nan,20,2,2,65,2.3251609257357e-19,2.3251609257357e-19,-42.905327514873,1,160
0.9,200,-23.807230027971,nan,nan,nan,1.5970293453236,0.62616257048011,nan,nan,20,2,2,66,1.2490976199055e-19,1.2490976199055e-19,-43.526695380346,1,160
0.9,200,-23.807230027971,nan,nan,nan,1.5970293453236,0.62616257048011,nan,nan,20,2,2,67,6.7102526512339e-20,6.7102526512339e-20,-44.148065256665,1,160
0.9,200,-23.807230027971,nan,nan,nan,1.5970293453236,0.62616257048011,nan,nan,20,2,2,68,3.6047959719506e-20,3.6047959719506e-20,-44.769436686598,1,160
0.9,200,-23.807230027971,nan,nan,nan,1.5970293453236,0.62616257048011,nan,nan,20,2,2,69,1.9365199580052e-20,1.9365199580052e-20,-45.390809333736,1,160
0.9,200,-23.807230027971,nan,nan,nan,1.5970293453236,0.62616257048011,nan,nan,20,2,2,70,1.0403103762768e-20,1.0403103762768e-20,-46.012182752524,1,160
0.9,200,-23.807230027971,nan,nan,nan,1.5970293453236,0.62616257048011,nan,nan,20,2,2,71,5.5886073738557e-21,5.5886073738557e-21,-46.633556824857,1,160
0.9,200,-23.807230027971,nan,nan,nan,1.5970293453236,0.62616257048011,nan,nan,20,2,2,72,3.0022309885418e-21,3.0022309885418e-21,-47.25493127774,1,160
0.9,200,-23.807230027971,nan,nan,nan,1.5970293453236,0.62616257048011,nan,nan,20,2,2,73,1.6128146075991e-21,1.6128146075991e-21,-47.87630609673,1,160
0.9,200,-23.807230027971,nan,nan,nan,1.5970293453236,0.62616257048011,nan,nan,20,2,2,74,8.6641251462579e-22,8.6641251462579e-22,-48.497681091877,1,160
0.9,200,-23.807230027971,nan,nan,nan,1.5970293453236,0.62616257048011,nan,nan,20,2,2,75,4.6544127281005e-22,4.6544127281005e-22,-49.119056302476,1,160
0.9,200,-23.807230027971,nan,nan,nan,1.5970293453236,0.62616257048011,nan,nan,20,2,2,76,2.5003743587426e-22,2.5003743587426e-22,-49.740431581708,1,160
0.9,200,-23.807230027971,nan,nan,nan,1.5970293453236,0.62616257048011,nan,nan,20,2,2,77,1.3432137315938e-22,1.3432137315938e-22,-50.361806996095,1,160
0.9,200,-23.807230027971,nan,nan,nan,1.5970293453236,0.62616257048011,nan,nan,20,2,2,78,7.2158119136402e-23,7.2158119136402e-23,-50.983182421625,1,160
0.9,200,-23.807230027971,nan,nan,nan,1.5970293453236,0.62616257048011,nan,nan,20,2,2,79,3.8763701951502e-23,3.8763701951502e-23,-51.604557939811,1,160
0.9,200,-23.807230027971,nan,nan,nan,1.5970293453236,0.62616257048011,nan,nan,20,2,2,80,2.0824054675803e-23,2.0824054675803e-23,-52.225933438553,1,160
0.9,200,-23.807230027971,nan,nan,nan,1.5970293453236,0.62616257048011,nan,nan,20,2,2,81,1.1186785597764e-23,1.1186785597764e-23,-52.847309007478,1,160
0.9,200,-23.807230027971,nan,nan,nan,1.5970293453236,0.62616257048011,nan,nan,20,2,2,82,6.0095969944407e-24,6.0095969944407e-24,-53.468684541392,1,160
0.9,200,-23.807230027971,nan,nan,nan,1.5970293453236,0.62616257048011,nan,nan,20,2,2,83,3.2283852773798e-24,3.2283852773798e-24,-54.090060133745,1,160
0.9,200,-23.807230027971,nan,nan,nan,1.5970293453236,0.62616257048011,nan,nan,20,2,2,84,1.73430464096e-24,1.73430464096e-24,-54.711435682102,1,160
0.9,200,-23.807230027971,nan,nan,nan,1.5970293453236,0.62616257048011,nan,nan,20,2,2,85,9.3167703757655e-25,9.3167703757655e-25,-55.332811282413,1,160
0.9,200,-23.807230027971,nan,nan,nan,1.5970293453236,0.62616257048011,nan,nan,20,2,2,86,5.0050154018993e-25,5.0050154018993e-25,-55.954186834786,1,160
0.9,200,-23.807230027971,nan,nan,nan,1.5970293453236,0.62616257048011,nan,nan,20,2,2,87,2.688719045499e-25,2.688719045499e-25,-56.575562435917,1,160
0.9,200,-23.807230027971,nan,nan,nan,1.5970293453236,0.62616257048011,nan,nan,20,2,2,88,1.4443932516396e-25,1.4443932516396e-25,-57.196937986526,1,160
0.9,200,-23.807230027971,nan,nan,nan,1.5970293453236,0.62616257048011,nan,nan,20,2,2,89,7.7593520647359e-26,7.7593520647359e-26,-57.818313583948,1,160
0.9,200,-23.807230027971,nan,nan,nan,1.5970293453236,0.62616257048011,nan,nan,20,2,2,90,4.168362563733e-26,4.168362563733e-26,-58.439689129717,1,160
0.9,200,-23.807230027971,nan,nan,nan,1.5970293453236,0.62616257048011,nan,nan,20,2,2,91,2.239265021829e-26,2.239265021829e-26,-59.061064721075,1,160
0.9,200,-23.807230027971,nan,nan,nan,1.5970293453236,0.62616257048011,nan,nan,20,2,2,92,1.2029443267722e-26,1.2029443267722e-26,-59.682440260583,1,160
0.9,200,-23.807230027971,nan,nan,nan,1.5970293453236,0.62616257048011,nan,nan,20,2,2,93,6.4622765688402e-27,6.4622765688402e-27,-60.303815845089,1,160
0.9,200,-23.807230027971,nan,nan,nan,1.5970293453236,0.62616257048011,nan,nan,20,2,2,94,3.4715671920115e-27,3.4715671920115e-27,-60.92519137849,1,160
0.9,200,-23.807230027971,nan,nan,nan,1.5970293453236,0.62616257048011,nan,nan,20,2,2,95,1.8649431235214e-27,1.8649431235214e-27,-61.54656695498,1,160
0.9,200,-23.807230027971,nan,nan,nan,1.5970293453236,0.62616257048011,nan,nan,20,2,2,96,1.0018567532799e-27,1.0018567532799e-27,-62.167942479195,1,160
0.9,200,-23.807230027971,nan,nan,nan,1.5970293453236,0.62616257048011,nan,nan,20,2,2,97,5.3820242285431e-28,5.3820242285431e-28,-62.789318049766,1,160
0.9,200,-23.807230027971,nan,nan,nan,1.5970293453236,0.62616257048011,nan,nan,20,2,2,98,2.8912502559703e-28,2.8912502559703e-28,-63.410693580737,1,160
0.9,200,-23.807230027971,nan,nan,nan,1.5970293453236,0.62616257048011,nan,nan,20,2,2,99,1.5531940423486e-28,1.5531940423486e-28,-64.032069120692,1,160
0.9,200,-23.807230027971,nan,nan,nan,1.5970293453236,0.62616257048011,nan,nan,20,2,2,100,8.3438356623841e-29,8.3438356623841e-29,-64.653444674627,1,160
0.9,200,-23.807230027971,nan,nan,nan,1.5970293453236,0.62616257048011,nan,nan,20,2,2,101,4.4823500640807e-29,4.4823500640807e-29,-65.274820220063,1,160
0.9,200,-23.807230027971,nan,nan,nan,1.5970293453236,0.62616257048011,nan,nan,20,2,2,102,2.4079403290776e-29,2.4079403290776e-29,-65.896195949971,1,160
0.9,200,-23.807230027971,nan,nan,nan,1.5970293453236,0.62616257048011,nan,nan,20,2,2,103,1.2935590698678e-29,1.2935590698678e-29,-66.517570308533,1,160
0.9,200,-23.807230027971,nan,nan,nan,1.5970293453236,0.62616257048011,nan,nan,20,2,2,104,6.9490881938634e-30,6.9490881938634e-30,-67.138942333979,1,160
0.9,200,-23.807230027971,nan,nan,nan,1.5970293453236,0.62616257048011,nan,nan,20,2,2,105,3.7331164620445e-30,3.7331164620445e-30,-67.7603093924,1,160
0.9,200,-23.807230027971,nan,nan,nan,1.5970293453236,0.62616257048011,nan,nan,20,2,2,106,2.0054684248569e-30,2.0054684248569e-30,-68.381675127992,1,160
0.9,200,-23.807230027971,nan,nan,nan,1.5970293453236,0.62616257048011,nan,nan,20,2,2,107,1.0773642458597e-30,1.0773642458597e-30,-69.003035244684,1,160
0.9,200,-23.807230027971,nan,nan,nan,1.5970293453236,0.62616257048011,nan,nan,20,2,2,108,5.7877331748276e-31,5.7877331748276e-31,-69.624397174828,1,160
0.9,200,-23.807230027971,nan,nan,nan,1.5970293453236,0.62616257048011,nan,nan,20,2,2,109,3.1092583232996e-31,3.1092583232996e-31,-70.24575366632,1,160
0.9,200,-23.807230027971,nan,nan,nan,1.5970293453236,0.62616257048011,nan,nan,20,2,2,110,1.6703408296824e-31,1.6703408296824e-31,-70.86711018758,1,160
0.9,200,-23.807230027971,nan,nan,nan,1.5970293453236,0.62616257048011,nan,nan,20,2,2,111,8.9735891637227e-32,8.9735891637227e-32,-71.488437250034,1,160
0.9,200,-23.807230027971,nan,nan,nan,1.5970293453236,0.62616257048011,nan,nan,20,2,2,112,4.8205608768155e-32,4.8205608768155e-32,-72.109832690032,1,160
0.9,200,-23.807230027971,nan,nan,nan,1.5970293453236,0.62616257048011,nan,nan,20,2,2,113,2.5897420638002e-32,2.5897420638002e-32,-72.731164694324,1,160
0.9,200,-23.807230027971,nan,nan,nan,1.5970293453236,0.62616257048011,nan,nan,20,2,2,114,1.3910317896182e-32,1.3910317896182e-32,-73.352677209342,1,160
0.9,200,-23.807230027971,nan,nan,nan,1.5970293453236,0.62616257048011,nan,nan,20,2,2,115,7.4754984715892e-33,7.4754984715892e-33,-73.973677266588,1,160
0.9,200,-23.807230027971,nan,nan,nan,1.5970293453236,0.62616257048011,nan,nan,20,2,2,116,4.0139722250677e-33,4.0139722250677e-33,-74.595526737968,1,160
0.9,200,-23.807230027971,nan,nan,nan,1.5970293453236,0.62616257048011,nan,nan,20,2,2,117,2.1536062889605e-33,2.1536062889605e-33,-75.218164288131,1,160
0.9,200,-23.807230027971,nan,nan,nan,1.5970293453236,0.62616257048011,nan,nan,20,2,2,118,1.156093559577e-33,1.156093559577e-33,-75.840261367938,1,160
0.9,200,-23.807230027971,nan,nan,nan,1.5970293453236,0.62616257048011,nan,nan,20,2,2,119,6.2279811735849e-34,6.2279811735849e-34,-76.458840930697,1,160
0.9,200,-23.807230027971,nan,nan,nan,1.5970293453236,0.62616257048011,nan,nan,20,2,2,120,3.3555359160508e-34,3.3555359160508e-34,-77.077281667603,1,160
0.9,200,-23.807230027971,nan,nan,nan,1.5970293453236,0.62616257048011,nan,nan,20,2,2,121,1.77952452837e-34,1.77952452837e-34,-77.711546952069,1,160
0.9,200,-23.807230027971,nan,nan,nan,1.5970293453236,0.62616257048011,nan,nan,20,2,2,122,9.6336744925133e-35,9.6336744925133e-35,-78.325213534521,1,160
0.9,200,-23.807230027971,nan,nan,nan,1.5970293453236,0.62616257048011,nan,nan,20,2,2,123,5.3020948034272e-35,5.3020948034272e-35,-78.922376266393,1,160
0.9,200,-23.807230027971,nan,nan,nan,1.5970293453236,0.62616257048011,nan,nan,20,2,2,124,2.9745939980858e-35,2.9745939980858e-35,-79.500370696339,1,160
0.9,200,-23.807230027971,nan,nan,nan,1.5970293453236,0.62616257048011,nan,nan,20,2,2,125,1.2419905241746e-35,1.2419905241746e-35,-80.373762900799,1,160
0.9,200,-23.807230027971,nan,nan,nan,1.5970293453236,0.62616257048011,nan,nan,20,2,2,126,9.8253743768435e-36,9.8253743768435e-36,-80.608095086243,1,160
0.9,200,-23.807230027971,nan,nan,nan,1.5970293453236,0.62616257048011,nan,nan,20,2,2,127,3.8642304207426e-36,3.8642304207426e-36,-81.541300800516,1,160
0.9,200,-23.807230027971,nan,nan,nan,1.5970293453236,0.62616257048011,nan,nan,20,2,2,128,2.102516682371e-36,2.102516682371e-36,-82.149928300412,1,160
0.9,200,-23.807230027971,nan,nan,nan,1.5970293453236,0.62616257048011,nan,nan,20,2,2,129,1.5629904855616e-36,1.5629904855616e-36,-82.446462383657,1,160
0.9,200,-23.807230027971,nan,nan,nan,1.5970293453236,0.62616257048011,nan,nan,20,2,2,130,4.7249521419182e-37,4.7249521419182e-37,-83.64279100858,1,160
0.9,200,-23.807230027971,nan,nan,nan,1.5970293453236,0.62616257048011,nan,nan,20,2,2,131,1.1087664527816e-36,1.1087664527816e-36,-82.789815254218,1,160
0.9,200,-23.807230027971,nan,nan,nan,1.5970293453236,0.62616257048011,nan,nan,20,2,2,132,-2.5571325490682e-36,2.5571325490682e-36,-81.954176815093,1,160
0.9,200,-23.807230027971,nan,nan,nan,1.5970293453236,0.62616257048011,nan,nan,20,2,2,133,-1.8139867309076e-37,1.8139867309076e-37,-84.600121403938,1,160
0.9,200,-23.807230027971,nan,nan,nan,1.5970293453236,0.62616257048011,nan,nan,20,2,2,134,2.5430650807797e-36,2.5430650807797e-36,-81.959693269546,1,160
0.9,200,-23.807230027971,nan,nan,nan,1.5970293453236,0.62616257048011,nan,nan,20,2,2,135,-1.0043898114105e-36,1.0043898114105e-36,-82.888683143492,1,160
0.9,200,-23.807230027971,nan,nan,nan,1.5970293453236,0.62616257048011,nan,nan,20,2,2,136,1.5872138176448e-36,1.5872138176448e-36,-82.431083184602,1,160
0.9,200,-23.807230027971,nan,nan,nan,1.5970293453236,0.62616257048011,nan,nan,20,2,2,137,9.2592456892981e-38,9.2592456892981e-38,-85.272610947473,1,160
0.9,200,-23.807230027971,nan,nan,nan,1.5970293453236,0.62616257048011,nan,nan,20,2,2,138,-9.886972568967e-37,9.886972568967e-37,-82.904430452323,1,160
0.9,200,-23.807230027971,nan,nan,nan,1.5970293453236,0.62616257048011,nan,nan,20,2,2,139,-9.1220835481401e-37,9.1220835481401e-37,-82.98495020356,1,160
0.9,200,-23.807230027971,nan,nan,nan,1.5970293453236,0.62616257048011,nan,nan,20,2,2,140,-9.6770987509305e-37,9.6770987509305e-37,-82.925886300228,1,160
0.9,200,-23.807230027971,nan,nan,nan,1.5970293453236,0.62616257048011,nan,nan,20,2,2,141,2.1015569697197e-36,2.1015569697197e-36,-82.150384863616,1,160
0.9,200,-23.807230027971,nan,nan,nan,1.5970293453236,0.62616257048011,nan,nan,20,2,2,142,-4.0516414015944e-37,4.0516414015944e-37,-83.796526357422,1,160
0.9,200,-23.807230027971,nan,nan,nan,1.5970293453236,0.62616257048011,nan,nan,20,2,2,143,-1.346597207698e-37,1.346597207698e-37,-84.898067617247,1,160
0.9,200,-23.807230027971,nan,nan,nan,1.5970293453236,0.62616257048011,nan,nan,20,2,2,144,-1.3542313036898e-37,1.3542313036898e-37,-84.892414450976,1,160
0.9,200,-23.807230027971,nan,nan,nan,1.5970293453236,0.62616257048011,nan,nan,20,2,2,145,-2.4657829302041e-38,2.4657829302041e-38,-86.595724157965,1,160
0.9,200,-23.807230027971,nan,nan,nan,1.5970293453236,0.62616257048011,nan,nan,20,2,2,146,-2.000611803499e-37,2.000611803499e-37,-84.502195405249,1,160
0.9,200,-23.807230027971,nan,nan,nan,1.5970293453236,0.62616257048011,nan,nan,20,2,2,147,6.5883041547846e-37,6.5883041547846e-37,-83.31035246153,1,160
0.9,200,-23.807230027971,nan,nan,nan,1.5970293453236,0.62616257048011,nan,nan,20,2,2,148,-1.1090598308534e-36,1.1090598308534e-36,-82.789550690599,1,160
0.9,200,-23.807230027971,nan,nan,nan,1.5970293453236,0.62616257048011,nan,nan,20,2,2,149,-1.4393886969578e-36,1.4393886969578e-36,-82.528844840332,1,160
0.9,200,-23.807230027971,nan,nan,nan,1.5970293453236,0.62616257048011,nan,nan,20,2,2,150,1.2469731468042e-36,1.2469731468042e-36,-82.672344215558,1,160
0.9,200,-23.807230027971,nan,nan,nan,1.5970293453236,0.62616257048011,nan,nan,20,2,2,151,-2.2093240777696e-36,2.2093240777696e-36,-82.1003767262,1,160
0.9,200,-23.807230027971,nan,nan,nan,1.5970293453236,0.62616257048011,nan,nan,20,2,2,152,5.0899945373981e-37,5.0899945373981e-37,-83.568371683421,1,160
0.9,200,-23.807230027971,nan,nan,nan,1.5970293453236,0.62616257048011,nan,nan,20,2,2,153,5.4004791085629e-37,5.4004791085629e-37,-83.509160767337,1,160
0.9,200,-23.807230027971,nan,nan,nan,1.5970293453236,0.62616257048011,nan,nan,20,2,2,154,1.8900509487261e-37,1.8900509487261e-37,-84.559044655074,1,160
0.9,200,-23.807230027971,nan,nan,nan,1.5970293453236,0.62616257048011,nan,nan,20,2,2,155,-1.0695637362311e-36,1.0695637362311e-36,-82.825812505602,1,160
0.9,200,-23.807230027971,nan,nan,nan,1.5970293453236,0.62616257048011,nan,nan,20,2,2,156,-7.834722110629e-37,7.834722110629e-37,-83.137083033293,1,160
0.9,200,-23.807230027971,nan,nan,nan,1.5970293453236,0.62616257048011,nan,nan,20,2,2,157,2.123621853383e-36,2.123621853383e-36,-82.139940295386,1,160
0.9,200,-23.807230027971,nan,nan,nan,1.5970293453236,0.62616257048011,nan,nan,20,2,2,158,-1.9284733182796e-37,1.9284733182796e-37,-84.538919777688,1,160
0.9,200,-23.807230027971,nan,nan,nan,1.5970293453236,0.62616257048011,nan,nan,20,2,2,159,1.0033504271611e-36,1.0033504271611e-36,-82.8897185208,1,160
0.9,200,-23.807230027971,nan,nan,nan,1.5970293453236,0.62616257048011,nan,nan,20,2,2,160,-1.2865311399465e-36,1.2865311399465e-36,-82.641113790173,1,160
0.95,200,-18.458926991041,nan,nan,nan,1.2585421203908,0.79457014890333,nan,nan,20,2,2,1,0.063324539036783,0.063324539036783,-2.7594823624453,1,160
0.95,200,-18.458926991041,nan,nan,nan,1.2585421203908,0.79457014890333,nan,nan,20,2,2,2,0.026198863967245,0.026198863967245,-3.642039229184,1,160
0.95,200,-18.458926991041,nan,nan,nan,1.2585421203908,0.79457014890333,nan,nan,20,2,2,3,0.010894323502397,0.010894323502397,-4.5195134049964,1,160
0.95,200,-18.458926991041,nan,nan,nan,1.2585421203908,0.79457014890333,nan,nan,20,2,2,4,0.0046349892918807,0.0046349892918807,-5.3741213902408,1,160
0.95,200,-18.458926991041,nan,nan,nan,1.2585421203908,0.79457014890333,nan,nan,20,2,2,5,0.0020116721765746,0.0020116721765746,-6.2087889741279,1,160
0.95,200,-18.458926991041,nan,nan,nan,1.2585421203908,0.79457014890333,nan,nan,20,2,2,6,0.00088633393273871,0.00088633393273871,-7.0284167791143,1,160
0.95,200,-18.458926991041,nan,nan,nan,1.2585421203908,0.79457014890333,nan,nan,20,2,2,7,0.00039460772774293,0.00039460772774293,-7.8376183808297,1,160
0.95,200,-18.458926991041,nan,nan,nan,1.2585421203908,0.79457014890333,nan,nan,20,2,2,8,0.00017690239261465,0.00017690239261465,-8.6399124316518,1,160
0.95,200,-18.458926991041,nan,nan,nan,1.2585421203908,0.79457014890333,nan,nan,20,2,2,9,7.9660716379923e-05,7.9660716379923e-05,-9.4377339872821,1,160
0.95,200,-18.458926991041,nan,nan,nan,1.2585421203908,0.79457014890333,nan,nan,20,2,2,10,3.5974713025495e-05,3.5974713025495e-05,-10.232694282276,1,160
0.95,200,-18.458926991041,nan,nan,nan,1.2585421203908,0.79457014890333,nan,nan,20,2,2,11,1.6275716110863e-05,1.6275716110863e-05,-11.02583637017,1,160
0.95,200,-18.458926991041,nan,nan,nan,1.2585421203908,0.79457014890333,nan,nan,20,2,2,12,7.3719546100975e-06,7.3719546100975e-06,-11.817827675243,1,160
0.95,200,-18.458926991041,nan,nan,nan,1.2585421203908,0.79457014890333,nan,nan,20,2,2,13,3.3414944352294e-06,3.3414944352294e-06,-12.609092415348,1,160
0.95,200,-18.458926991041,nan,nan,nan,1.2585421203908,0.79457014890333,nan,nan,20,2,2,14,1.5152969474911e-06,1.5152969474911e-06,-13.399899133265,1,160
0.95,200,-18.458926991041,nan,nan,nan,1.2585421203908,0.79457014890333,nan,nan,20,2,2,15,6.8735331059543e-07,6.8735331059543e-07,-14.190417396578,1,160
0.95,200,-18.458926991041,nan,nan,nan,1.2585421203908,0.79457014890333,nan,nan,20,2,2,16,3.1184670281458e-07,3.1184670281458e-07,-14.980754107015,1,160
0.95,200,-18.458926991041,nan,nan,nan,1.2585421203908,0.79457014890333,nan,nan,20,2,2,17,1.4149851815852e-07,1.4149851815852e-07,-15.770976592296,1,160
0.95,200,-18.458926991041,nan,nan,nan,1.2585421203908,0.79457014890333,nan,nan,20,2,2,18,6.4208693059895e-08,6.4208693059895e-08,-16.5611272295,1,160
0.95,200,-18.458926991041,nan,nan,nan,1.2585421203908,0.79457014890333,nan,nan,20,2,2,19,2.9137708383713e-08,2.9137708383713e-08,-17.351232680874,1,160
0.95,200,-18.458926991041,nan,nan,nan,1.2585421203908,0.79457014890333,nan,nan,20,2,2,20,1.322297860693e-08,1.322297860693e-08,-18.141309717241,1,160
0.95,200,-18.458926991041,nan,nan,nan,1.2585421203908,0.79457014890333,nan,nan,20,2,2,21,6.000824947293e-09,6.000824947293e-09,-18.931368885954,1,160
0.95,200,-18.458926991041,nan,nan,nan,1.2585421203908,0.79457014890333,nan,nan,20,2,2,22,2.7233126279213e-09,2.7233126279213e-09,-19.721416819738,1,160
0.95,200,-18.458926991041,nan,nan,nan,1.2585421203908,0.79457014890333,nan,nan,20,2,2,23,1.2359107499209e-09,1.2359107499209e-09,-20.51145768932,1,160
0.95,200,-18.458926991041,nan,nan,nan,1.2585421203908,0.79457014890333,nan,nan,20,2,2,24,5.6089122884299e-10,5.6089122884299e-10,-21.301494117185,1,160
0.95,200,-18.458926991041,nan,nan,nan,1.2585421203908,0.79457014890333,nan,nan,20,2,2,25,2.5454900300273e-10,2.5454900300273e-10,-22.091527752293,1,160
0.95,200,-18.458926991041,nan,nan,nan,1.2585421203908,0.79457014890333,nan,nan,20,2,2,26,1.1552205735105e-10,1.1552205735105e-10,-22.881559631463,1,160
0.95,200,-18.458926991041,nan,nan,nan,1.2585421203908,0.79457014890333,nan,nan,20,2,2,27,5.2427470982826e-11,5.2427470982826e-11,-23.671590406578,1,160
0.95,200,-18.458926991041,nan,nan,nan,1.2585421203908,0.79457014890333,nan,nan,20,2,2,28,2.3793219101995e-11,2.3793219101995e-11,-24.461620487527,1,160
0.95,200,-18.458926991041,nan,nan,nan,1.2585421203908,0.79457014890333,nan,nan,20,2,2,29,1.0798108543065e-11,1.0798108543065e-11,-25.251650132038,1,160
0.95,200,-18.458926991041,nan,nan,nan,1.2585421203908,0.79457014890333,nan,nan,20,2,2,30,4.9005214302891e-12,4.9005214302891e-12,-26.041679502129,1,160
0.95,200,-18.458926991041,nan,nan,nan,1.2585421203908,0.79457014890333,nan,nan,20,2,2,31,2.2240112086748e-12,2.2240112086748e-12,-26.831708699681,1,160
0.95,200,-18.458926991041,nan,nan,nan,1.2585421203908,0.79457014890333,nan,nan,20,2,2,32,1.0093265509042e-12,1.0093265509042e-12,-27.621737788756,1,160
0.95,200,-18.458926991041,nan,nan,nan,1.2585421203908,0.79457014890333,nan,nan,20,2,2,33,4.5806430824801e-13,4.5806430824801e-13,-28.411766809631,1,160
0.95,200,-18.458926991041,nan,nan,nan,1.2585421203908,0.79457014890333,nan,nan,20,2,2,34,2.0788407805384e-13,2.0788407805384e-13,-29.201795787617,1,160
0.95,200,-18.458926991041,nan,nan,nan,1.2585421203908,0.79457014890333,nan,nan,20,2,2,35,9.4344375441522e-14,9.4344375441522e-14,-29.991824738635,1,160
0.95,200,-18.458926991041,nan,nan,nan,1.2585421203908,0.79457014890333,nan,nan,20,2,2,36,4.2816464884854e-14,4.2816464884854e-14,-30.781853672727,1,160
0.95,200,-18.458926991041,nan,nan,nan,1.2585421203908,0.79457014890333,nan,nan,20,2,2,37,1.9431467708216e-14,1.9431467708216e-14,-31.571882596123,1,160
0.95,200,-18.458926991041,nan,nan,nan,1.2585421203908,0.79457014890333,nan,nan,20,2,2,38,8.8186154754359e-15,8.8186154754359e-15,-32.361911512788,1,160
0.95,200,-18.458926991041,nan,nan,nan,1.2585421203908,0.79457014890333,nan,nan,20,2,2,39,4.0021670209612e-15,4.0021670209612e-15,-33.151940425247,1,160
0.95,200,-18.458926991041,nan,nan,nan,1.2585421203908,0.79457014890333,nan,nan,20,2,2,40,1.8163101623742e-15,1.8163101623742e-15,-33.941969335056,1,160
0.95,200,-18.458926991041,nan,nan,nan,1.2585421203908,0.79457014890333,nan,nan,20,2,2,41,8.2429908449344e-16,8.2429908449344e-16,-34.731998243222,1,160
0.95,200,-18.458926991041,nan,nan,nan,1.2585421203908,0.79457014890333,nan,nan,20,2,2,42,3.7409303514523e-16,3.7409303514523e-16,-35.52202715034,1,160
0.95,200,-18.458926991041,nan,nan,nan,1.2585421203908,0.79457014890333,nan,nan,20,2,2,43,1.697752692815e-16,1.697752692815e-16,-36.312056056786,1,160
0.95,200,-18.458926991041,nan,nan,nan,1.2585421203908,0.79457014890333,nan,nan,20,2,2,44,7.7049395106264e-17,7.7049395106264e-17,-37.102084962822,1,160
0.95,200,-18.458926991041,nan,nan,nan,1.2585421203908,0.79457014890333,nan,nan,20,2,2,45,3.4967456172331e-17,3.4967456172331e-17,-37.892113868605,1,160
0.95,200,-18.458926991041,nan,nan,nan,1.2585421203908,0.79457014890333,nan,nan,20,2,2,46,1.5869339268483e-17,1.5869339268483e-17,-38.682142774217,1,160
0.95,200,-18.458926991041,nan,nan,nan,1.2585421203908,0.79457014890333,nan,nan,20,2,2,47,7.2020088511439e-18,7.2020088511439e-18,-39.472171679683,1,160
0.95,200,-18.458926991041,nan,nan,nan,1.2585421203908,0.79457014890333,nan,nan,20,2,2,48,3.2684997540021e-18,3.2684997540021e-18,-40.262200585085,1,160
0.95,200,-18.458926991041,nan,nan,nan,1.2585421203908,0.79457014890333,nan,nan,20,2,2,49,1.4833487243626e-18,1.4833487243626e-18,-41.052229490462,1,160
0.95,200,-18.458926991041,nan,nan,nan,1.2585421203908,0.79457014890333,nan,nan,20,2,2,50,6.7319063904464e-19,6.7319063904464e-19,-41.842258395817,1,160
0.95,200,-18.458926991041,nan,nan,nan,1.2585421203908,0.79457014890333,nan,nan,20,2,2,51,3.0551523661416e-19,3.0551523661416e-19,-42.632287301156,1,160
0.95,200,-18.458926991041,nan,nan,nan,1.2585421203908,0.79457014890333,nan,nan,20,2,2,52,1.3865249216207e-19,1.3865249216207e-19,-43.422316206492,1,160
0.95,200,-18.458926991041,nan,nan,nan,1.2585421203908,0.79457014890333,nan,nan,20,2,2,53,6.2924893029634e-20,6.2924893029634e-20,-44.212345111821,1,160
0.95,200,-18.458926991041,nan,nan,nan,1.2585421203908,0.79457014890333,nan,nan,20,2,2,54,2.8557309725017e-20,2.8557309725017e-20,-45.002374017144,1,160
0.95,200,-18.458926991041,nan,nan,nan,1.2585421203908,0.79457014890333,nan,nan,20,2,2,55,1.2960211761215e-20,1.2960211761215e-20,-45.792402922484,1,160
0.95,200,-18.458926991041,nan,nan,nan,1.2585421203908,0.79457014890333,nan,nan,20,2,2,56,5.8817546369043e-21,5.8817546369043e-21,-46.582431827842,1,160
0.95,200,-18.458926991041,nan,nan,nan,1.2585421203908,0.79457014890333,nan,nan,20,2,2,57,2.6693265701276e-21,2.6693265701276e-21,-47.372460733202,1,160
0.95,200,-18.458926991041,nan,nan,nan,1.2585421203908,0.79457014890333,nan,nan,20,2,2,58,1.2114249535899e-21,1.2114249535899e-21,-48.162489638554,1,160
0.95,200,-18.458926991041,nan,nan,nan,1.2585421203908,0.79457014890333,nan,nan,20,2,2,59,5.49783018163e-22,5.49783018163e-22,-48.952518543902,1,160
0.95,200,-18.458926991041,nan,nan,nan,1.2585421203908,0.79457014890333,nan,nan,20,2,2,60,2.4950894908406e-22,2.4950894908406e-22,-49.742547449236,1,160
0.95,200,-18.458926991041,nan,nan,nan,1.2585421203908,0.79457014890333,nan,nan,20,2,2,61,1.1323506477388e-22,1.1323506477388e-22,-50.532576354567,1,160
0.95,200,-18.458926991041,nan,nan,nan,1.2585421203908,0.79457014890333,nan,nan,20,2,2,62,5.1389659334938e-23,5.1389659334938e-23,-51.32260525989,1,160
0.95,200,-18.458926991041,nan,nan,nan,1.2585421203908,0.79457014890333,nan,nan,20,2,2,63,2.3322255273475e-23,2.3322255273475e-23,-52.112634165211,1,160
0.95,200,-18.458926991041,nan,nan,nan,1.2585421203908,0.79457014890333,nan,nan,20,2,2,64,1.0584378220741e-23,1.0584378220741e-23,-52.902663070541,1,160
0.95,200,-18.458926991041,nan,nan,nan,1.2585421203908,0.79457014890333,nan,nan,20,2,2,65,4.8035261172413e-24,4.8035261172413e-24,-53.692691975877,1,160
0.95,200,-18.458926991041,nan,nan,nan,1.2585421203908,0.79457014890333,nan,nan,20,2,2,66,2.1799923129925e-24,2.1799923129925e-24,-54.482720881213,1,160
0.95,200,-18.458926991041,nan,nan,nan,1.2585421203908,0.79457014890333,nan,nan,20,2,2,67,9.89349567099e-25,9.89349567099e-25,-55.272749786562,1,160
0.95,200,-18.458926991041,nan,nan,nan,1.2585421203908,0.79457014890333,nan,nan,20,2,2,68,4.489981731047e-25,4.489981731047e-25,-56.062778691914,1,160
0.95,200,-18.458926991041,nan,nan,nan,1.2585421203908,0.79457014890333,nan,nan,20,2,2,69,2.0376959383908e-25,2.0376959383908e-25,-56.852807597261,1,160
0.95,200,-18.458926991041,nan,nan,nan,1.2585421203908,0.79457014890333,nan,nan,20,2,2,70,9.2477096480108e-26,9.2477096480108e-26,-57.642836502601,1,160
0.95,200,-18.458926991041,nan,nan,nan,1.2585421203908,0.79457014890333,nan,nan,20,2,2,71,4.196903577334e-26,4.196903577334e-26,-58.432865407945,1,160
0.95,200,-18.458926991041,nan,nan,nan,1.2585421203908,0.79457014890333,nan,nan,20,2,2,72,1.9046877884715e-26,1.9046877884715e-26,-59.222894313264,1,160
0.95,200,-18.458926991041,nan,nan,nan,1.2585421203908,0.79457014890333,nan,nan,20,2,2,73,8.6440765315981e-27,8.6440765315981e-27,-60.012923218509,1,160
0.95,200,-18.458926991041,nan,nan,nan,1.2585421203908,0.79457014890333,nan,nan,20,2,2,74,3.9229557487195e-27,3.9229557487195e-27,-60.802952123635,1,160
0.95,200,-18.458926991041,nan,nan,nan,1.2585421203908,0.79457014890333,nan,nan,20,2,2,75,1.7803615852295e-27,1.7803615852295e-27,-61.592981029396,1,160
0.95,200,-18.458926991041,nan,nan,nan,1.2585421203908,0.79457014890333,nan,nan,20,2,2,76,8.0798448451127e-28,8.0798448451127e-28,-62.383009933822,1,160
0.95,200,-18.458926991041,nan,nan,nan,1.2585421203908,0.79457014890333,nan,nan,20,2,2,77,3.6668895330751e-28,3.6668895330751e-28,-63.173038839802,1,160
0.95,200,-18.458926991041,nan,nan,nan,1.2585421203908,0.79457014890333,nan,nan,20,2,2,78,1.6641506464913e-28,1.6641506464913e-28,-63.963067732785,1,160
0.95,200,-18.458926991041,nan,nan,nan,1.2585421203908,0.79457014890333,nan,nan,20,2,2,79,7.5524426313101e-29,7.5524426313101e-29,-64.753096658564,1,160
0.95,200,-18.458926991041,nan,nan,nan,1.2585421203908,0.79457014890333,nan,nan,20,2,2,80,3.4275377204037e-29,3.4275377204037e-29,-65.54312555921,1,160
0.95,200,-18.458926991041,nan,nan,nan,1.2585421203908,0.79457014890333,nan,nan,20,2,2,81,1.5555253430732e-29,1.5555253430732e-29,-66.333154367047,1,160
0.95,200,-18.458926991041,nan,nan,nan,1.2585421203908,0.79457014890333,nan,nan,20,2,2,82,7.0594657550823e-30,7.0594657550823e-30,-67.123183413264,1,160
0.95,200,-18.458926991041,nan,nan,nan,1.2585421203908,0.79457014890333,nan,nan,20,2,2,83,3.2038088789407e-30,3.2038088789407e-30,-67.913212413162,1,160
0.95,200,-18.458926991041,nan,nan,nan,1.2585421203908,0.79457014890333,nan,nan,20,2,2,84,1.4539893866849e-30,1.4539893866849e-30,-68.703241710128,1,160
0.95,200,-18.458926991041,nan,nan,nan,1.2585421203908,0.79457014890333,nan,nan,20,2,2,85,6.5986764604493e-31,6.5986764604493e-31,-69.493268790189,1,160
0.95,200,-18.458926991041,nan,nan,nan,1.2585421203908,0.79457014890333,nan,nan,20,2,2,86,2.9946885634469e-31,2.9946885634469e-31,-70.283297642148,1,160
0.95,200,-18.458926991041,nan,nan,nan,1.2585421203908,0.79457014890333,nan,nan,20,2,2,87,1.3590805757649e-31,1.3590805757649e-31,-71.073329458922,1,160
0.95,200,-18.458926991041,nan,nan,nan,1.2585421203908,0.79457014890333,nan,nan,20,2,2,88,6.1679281345759e-32,6.1679281345759e-32,-71.86335999095,1,160
0.95,200,-18.458926991041,nan,nan,nan,1.2585421203908,0.79457014890333,nan,nan,20,2,2,89,2.7993520560423e-32,2.7993520560423e-32,-72.653334993964,1,160
0.95,200,-18.458926991041,nan,nan,nan,1.2585421203908,0.79457014890333,nan,nan,20,2,2,90,1.2703626556923e-32,1.2703626556923e-32,-73.443420560439,1,160
0.95,200,-18.458926991041,nan,nan,nan,1.2585421203908,0.79457014890333,nan,nan,20,2,2,91,5.7625593351295e-33,5.7625593351295e-33,-74.233926363765,1,160
0.95,200,-18.458926991041,nan,nan,nan,1.2585421203908,0.79457014890333,nan,nan,20,2,2,92,2.6162699297651e-33,2.6162699297651e-33,-75.023558456371,1,160
0.95,200,-18.458926991041,nan,nan,nan,1.2585421203908,0.79457014890333,nan,nan,20,2,2,93,1.1863243434668e-33,1.1863243434668e-33,-75.814448328831,1,160
0.95,200,-18.458926991041,nan,nan,nan,1.2585421203908,0.79457014890333,nan,nan,20,2,2,94,5.3716920185508e-34,5.3716920185508e-34,-76.606750215653,1,160
0.95,200,-18.458926991041,nan,nan,nan,1.2585421203908,0.79457014890333,nan,nan,20,2,2,95,2.4625647113034e-34,2.4625647113034e-34,-77.386689789377,1,160
0.95,200,-18.458926991041,nan,nan,nan,1.2585421203908,0.79457014890333,nan,nan,20,2,2,96,1.1212685417884e-34,1.1212685417884e-34,-78.173432490831,1,160
0.95,200,-18.458926991041,nan,nan,nan,1.2585421203908,0.79457014890333,nan,nan,20,2,2,97,4.6376471135648e-35,4.6376471135648e-35,-79.05627110476,1,160
0.95,200,-18.458926991041,nan,nan,nan,1.2585421203908,0.79457014890333,nan,nan,20,2,2,98,2.4089599376573e-35,2.4089599376573e-35,-79.711283161576,1,160
0.95,200,-18.458926991041,nan,nan,nan,1.2585421203908,0.79457014890333,nan,nan,20,2,2,99,1.0911130503775e-35,1.0911130503775e-35,-80.503279932431,1,160
0.95,200,-18.458926991041,nan,nan,nan,1.2585421203908,0.79457014890333,nan,nan,20,2,2,100,4.8062243296805e-36,4.8062243296805e-36,-81.323151534557,1,160
0.95,200,-18.458926991041,nan,nan,nan,1.2585421203908,0.79457014890333,nan,nan,20,2,2,101,4.0063847626618e-37,4.0063847626618e-37,-83.807759161553,1,160
0.95,200,-18.458926991041,nan,nan,nan,1.2585421203908,0.79457014890333,nan,nan,20,2,2,102,2.106961533106e-36,2.106961533106e-36,-82.147816469843,1,160
0.95,200,-18.458926991041,nan,nan,nan,1.2585421203908,0.79457014890333,nan,nan,20,2,2,103,1.9246290132066e-37,1.9246290132066e-37,-84.540915212025,1,160
0.95,200,-18.458926991041,nan,nan,nan,1.2585421203908,0.79457014890333,nan,nan,20,2,2,104,-2.1830863770631e-37,2.1830863770631e-37,-84.41490879594,1,160
0.95,200,-18.458926991041,nan,nan,nan,1.2585421203908,0.79457014890333,nan,nan,20,2,2,105,6.8514341763603e-38,6.8514341763603e-38,-85.573775534602,1,160
0.95,200,-18.458926991041,nan,nan,nan,1.2585421203908,0.79457014890333,nan,nan,20,2,2,106,9.2503206404898e-38,9.2503206404898e-38,-85.273575319013,1,160
0.95,200,-18.458926991041,nan,nan,nan,1.2585421203908,0.79457014890333,nan,nan,20,2,2,107,-8.522150553764e-37,8.522150553764e-37,-83.052979719376,1,160
0.95,200,-18.458926991041,nan,nan,nan,1.2585421203908,0.79457014890333,nan,nan,20,2,2,108,1.6531235872793e-37,1.6531235872793e-37,-84.692981859291,1,160
0.95,200,-18.458926991041,nan,nan,nan,1.2585421203908,0.79457014890333,nan,nan,20,2,2,109,4.2838967130926e-37,4.2838967130926e-37,-83.740785398407,1,160
0.95,200,-18.458926991041,nan,nan,nan,1.2585421203908,0.79457014890333,nan,nan,20,2,2,110,9.1923779991305e-38,9.1923779991305e-38,-85.279858871452,1,160
0.95,200,-18.458926991041,nan,nan,nan,1.2585421203908,0.79457014890333,nan,nan,20,2,2,111,1.6202187910772e-36,1.6202187910772e-36,-82.41050215144,1,160
0.95,200,-18.458926991041,nan,nan,nan,1.2585421203908,0.79457014890333,nan,nan,20,2,2,112,-1.4829554979211e-36,1.4829554979211e-36,-82.499026293225,1,160
0.95,200,-18.458926991041,nan,nan,nan,1.2585421203908,0.79457014890333,nan,nan,20,2,2,113,1.70320822989e-36,1.70320822989e-36,-82.360549681184,1,160
0.95,200,-18.458926991041,nan,nan,nan,1.2585421203908,0.79457014890333,nan,nan,20,2,2,114,-7.6378325855819e-37,7.6378325855819e-37,-83.162534570836,1,160
0.95,200,-18.458926991041,nan,nan,nan,1.2585421203908,0.79457014890333,nan,nan,20,2,2,115,-2.1344931154422e-37,2.1344931154422e-37,-84.437419238942,1,160
0.95,200,-18.458926991041,nan,nan,nan,1.2585421203908,0.79457014890333,nan,nan,20,2,2,116,-5.4358807314205e-37,5.4358807314205e-37,-83.502626885235,1,160
0.95,200,-18.458926991041,nan,nan,nan,1.2585421203908,0.79457014890333,nan,nan,20,2,2,117,5.4231879803595e-37,5.4231879803595e-37,-83.504964609985,1,160
0.95,200,-18.458926991041,nan,nan,nan,1.2585421203908,0.79457014890333,nan,nan,20,2,2,118,-6.8590110825663e-37,6.8590110825663e-37,-83.270085166494,1,160
0.95,200,-18.458926991041,nan,nan,nan,1.2585421203908,0.79457014890333,nan,nan,20,2,2,119,2.7852676745918e-37,2.7852676745918e-37,-84.17130445906,1,160
0.95,200,-18.458926991041,nan,nan,nan,1.2585421203908,0.79457014890333,nan,nan,20,2,2,120,-1.4467137047788e-36,1.4467137047788e-36,-82.523768774046,1,160
0.95,200,-18.458926991041,nan,nan,nan,1.2585421203908,0.79457014890333,nan,nan,20,2,2,121,2.1657838208045e-37,2.1657838208045e-37,-84.422866102905,1,160
0.95,200,-18.458926991041,nan,nan,nan,1.2585421203908,0.79457014890333,nan,nan,20,2,2,122,-4.3093679947551e-37,4.3093679947551e-37,-83.734857184364,1,160
0.95,200,-18.458926991041,nan,nan,nan,1.2585421203908,0.79457014890333,nan,nan,20,2,2,123,-3.0171385058387e-37,3.0171385058387e-37,-84.091339573192,1,160
0.95,200,-18.458926991041,nan,nan,nan,1.2585421203908,0.79457014890333,nan,nan,20,2,2,124,2.5117279669978e-36,2.5117279669978e-36,-81.972092398436,1,160
0.95,200,-18.458926991041,nan,nan,nan,1.2585421203908,0.79457014890333,nan,nan,20,2,2,125,-1.6390140311066e-37,1.6390140311066e-37,-84.701553580282,1,160
0.95,200,-18.458926991041,nan,nan,nan,1.2585421203908,0.79457014890333,nan,nan,20,2,2,126,1.4283868660125e-36,1.4283868660125e-36,-82.536517605984,1,160
0.95,200,-18.458926991041,nan,nan,nan,1.2585421203908,0.79457014890333,nan,nan,20,2,2,127,-1.3374200179047e-38,1.3374200179047e-38,-87.207491135471,1,160
0.95,200,-18.458926991041,nan,nan,nan,1.2585421203908,0.79457014890333,nan,nan,20,2,2,128,-5.5997651858536e-37,5.5997651858536e-37,-83.472923775015,1,160
0.95,200,-18.458926991041,nan,nan,nan,1.2585421203908,0.79457014890333,nan,nan,20,2,2,129,1.7344716877409e-36,1.7344716877409e-36,-82.3423604835,1,160
0.95,200,-18.458926991041,nan,nan,nan,1.2585421203908,0.79457014890333,nan,nan,20,2,2,130,-4.7165691590833e-37,4.7165691590833e-37,-83.644566778558,1,160
0.95,200,-18.458926991041,nan,nan,nan,1.2585421203908,0.79457014890333,nan,nan,20,2,2,131,2.6443243839081e-37,2.6443243839081e-37,-84.223232839512,1,160
0.95,200,-18.458926991041,nan,nan,nan,1.2585421203908,0.79457014890333,nan,nan,20,2,2,132,2.2320220758338e-38,2.2320220758338e-38,-86.695325598697,1,160
0.95,200,-18.458926991041,nan,nan,nan,1.2585421203908,0.79457014890333,nan,nan,20,2,2,133,1.7020127591622e-36,1.7020127591622e-36,-82.361251821093,1,160
0.95,200,-18.458926991041,nan,nan,nan,1.2585421203908,0.79457014890333,nan,nan,20,2,2,134,-1.1423735550917e-36,1.1423735550917e-36,-82.759955184005,1,160
0.95,200,-18.458926991041,nan,nan,nan,1.2585421203908,0.79457014890333,nan,nan,20,2,2,135,7.2799566424994e-38,7.2799566424994e-38,-85.513108627284,1,160
0.95,200,-18.458926991041,nan,nan,nan,1.2585421203908,0.79457014890333,nan,nan,20,2,2,136,-2.21780029811e-38,2.21780029811e-38,-86.70171768582,1,160
0.95,200,-18.458926991041,nan,nan,nan,1.2585421203908,0.79457014890333,nan,nan,20,2,2,137,-2.7482281347261e-37,2.7482281347261e-37,-84.184692051406,1,160
0.95,200,-18.458926991041,nan,nan,nan,1.2585421203908,0.79457014890333,nan,nan,20,2,2,138,5.8608739959463e-37,5.8608739959463e-37,-83.427349702246,1,160
0.95,200,-18.458926991041,nan,nan,nan,1.2585421203908,0.79457014890333,nan,nan,20,2,2,139,-7.7979732474989e-37,7.7979732474989e-37,-83.141784580913,1,160
0.95,200,-18.458926991041,nan,nan,nan,1.2585421203908,0.79457014890333,nan,nan,20,2,2,140,6.1698494293141e-38,6.1698494293141e-38,-85.678559099831,1,160
0.95,200,-18.458926991041,nan,nan,nan,1.2585421203908,0.79457014890333,nan,nan,20,2,2,141,1.5063285970708e-36,1.5063285970708e-36,-82.483388050262,1,160
0.95,200,-18.458926991041,nan,nan,nan,1.2585421203908,0.79457014890333,nan,nan,20,2,2,142,3.7455903800701e-37,3.7455903800701e-37,-83.875069191357,1,160
0.95,200,-18.458926991041,nan,nan,nan,1.2585421203908,0.79457014890333,nan,nan,20,2,2,143,1.9285360252703e-37,1.9285360252703e-37,-84.538887261826,1,160
0.95,200,-18.458926991041,nan,nan,nan,1.2585421203908,0.79457014890333,nan,nan,20,2,2,144,6.9083342591001e-38,6.9083342591001e-38,-85.565504987413,1,160
0.95,200,-18.458926991041,nan,nan,nan,1.2585421203908,0.79457014890333,nan,nan,20,2,2,145,-1.6552719076177e-36,1.6552719076177e-36,-82.389098057818,1,160
0.95,200,-18.458926991041,nan,nan,nan,1.2585421203908,0.79457014890333,nan,nan,20,2,2,146,2.927551277384e-37,2.927551277384e-37,-84.121482108685,1,160
0.95,200,-18.458926991041,nan,nan,nan,1.2585421203908,0.79457014890333,nan,nan,20,2,2,147,1.7271327726615e-37,1.7271327726615e-37,-84.649185764048,1,160
0.95,200,-18.458926991041,nan,nan,nan,1.2585421203908,0.79457014890333,nan,nan,20,2,2,148,4.2210003122181e-37,4.2210003122181e-37,-83.755576300012,1,160
0.95,200,-18.458926991041,nan,nan,nan,1.2585421203908,0.79457014890333,nan,nan,20,2,2,149,-6.1065725182076e-37,6.1065725182076e-37,-83.386282787645,1,160
0.95,200,-18.458926991041,nan,nan,nan,1.2585421203908,0.79457014890333,nan,nan,20,2,2,150,-4.0784609200993e-38,4.0784609200993e-38,-86.092513841991,1,160
0.95,200,-18.458926991041,nan,nan,nan,1.2585421203908,0.79457014890333,nan,nan,20,2,2,151,-7.0614047730303e-38,7.0614047730303e-38,-85.543589525712,1,160
0.95,200,-18.458926991041,nan,nan,nan,1.2585421203908,0.79457014890333,nan,nan,20,2,2,152,-3.6285671586875e-37,3.6285671586875e-37,-83.906810592551,1,160
0.95,200,-18.458926991041,nan,nan,nan,1.2585421203908,0.79457014890333,nan,nan,20,2,2,153,-6.342842926491e-37,6.342842926491e-37,-83.348321361718,1,160
0.95,200,-18.458926991041,nan,nan,nan,1.2585421203908,0.79457014890333,nan,nan,20,2,2,154,-1.1930916809214e-36,1.1930916809214e-36,-82.716515358569,1,160
0.95,200,-18.458926991041,nan,nan,nan,1.2585421203908,0.79457014890333,nan,nan,20,2,2,155,-4.4891015301283e-37,4.4891015301283e-37,-83.693995863698,1,160
0.95,200,-18.458926991041,nan,nan,nan,1.2585421203908,0.79457014890333,nan,nan,20,2,2,156,-4.8827808942157e-37,4.8827808942157e-37,-83.609933527848,1,160
0.95,200,-18.458926991041,nan,nan,nan,1.2585421203908,0.79457014890333,nan,nan,20,2,2,157,2.9379345693356e-38,2.9379345693356e-38,-86.420526726748,1,160
0.95,200,-18.458926991041,nan,nan,nan,1.2585421203908,0.79457014890333,nan,nan,20,2,2,158,2.5242239145128e-37,2.5242239145128e-37,-84.269714785886,1,160
0.95,200,-18.458926991041,nan,nan,nan,1.2585421203908,0.79457014890333,nan,nan,20,2,2,159,2.7576736781104e-37,2.7576736781104e-37,-84.181260986715,1,160
0.95,200,-18.458926991041,nan,nan,nan,1.2585421203908,0.79457014890333,nan,nan,20,2,2,160,1.5030227372391e-36,1.5030227372391e-36,-82.485585109226,1,160
1,200,-14.356233450205,nan,nan,nan,1.0431748054452,0.95861210870904,nan,nan,20,2,2,1,0.056026384126684,0.056026384126684,-2.8819325540816,1,160
1,200,-14.356233450205,nan,nan,nan,1.0431748054452,0.95861210870904,nan,nan,20,2,2,2,0.019544426782161,0.019544426782161,-3.9350651082737,1,160
1,200,-14.356233450205,nan,nan,nan,1.0431748054452,0.95861210870904,nan,nan,20,2,2,3,0.0069092637470639,0.0069092637470639,-4.9748921957847,1,160
1,200,-14.356233450205,nan,nan,nan,1.0431748054452,0.95861210870904,nan,nan,20,2,2,4,0.0025077708004485,0.0025077708004485,-5.9883610477685,1,160
1,200,-14.356233450205,nan,nan,nan,1.0431748054452,0.95861210870904,nan,nan,20,2,2,5,0.0009295257123152,0.0009295257123152,-6.9808360886623,1,160
1,200,-14.356233450205,nan,nan,nan,1.0431748054452,0.95861210870904,nan,nan,20,2,2,6,0.00034961296582163,0.00034961296582163,-7.9586838272801,1,160
1,200,-14.356233450205,nan,nan,nan,1.0431748054452,0.95861210870904,nan,nan,20,2,2,7,0.00013275167321033,0.00013275167321033,-8.9270302937007,1,160
1,200,-14.356233450205,nan,nan,nan,1.0431748054452,0.95861210870904,nan,nan,20,2,2,8,5.0707956240269e-05,5.0707956240269e-05,-9.8894277318631,1,160
1,200,-14.356233450205,nan,nan,nan,1.0431748054452,0.95861210870904,nan,nan,20,2,2,9,1.9440178580271e-05,1.9440178580271e-05,-10.848168572746,1,160
1,200,-14.356233450205,nan,nan,nan,1.0431748054452,0.95861210870904,nan,nan,20,2,2,10,7.4694952151645e-06,7.4694952151645e-06,-11.804683136047,1,160
1,200,-14.356233450205,nan,nan,nan,1.0431748054452,0.95861210870904,nan,nan,20,2,2,11,2.8738751228974e-06,2.8738751228974e-06,-12.759849221879,1,160
1,200,-14.356233450205,nan,nan,nan,1.0431748054452,0.95861210870904,nan,nan,20,2,2,12,1.1066192395638e-06,1.1066192395638e-06,-13.714200920438,1,160
1,200,-14.356233450205,nan,nan,nan,1.0431748054452,0.95861210870904,nan,nan,20,2,2,13,4.2632595190402e-07,4.2632595190402e-07,-14.668061637937,1,160
1,200,-14.356233450205,nan,nan,nan,1.0431748054452,0.95861210870904,nan,nan,20,2,2,14,1.6429098890788e-07,1.6429098890788e-07,-15.621626658764,1,160
1,200,-14.356233450205,nan,nan,nan,1.0431748054452,0.95861210870904,nan,nan,20,2,2,15,6.3323222825237e-08,6.3323222825237e-08,-16.575013705799,1,160
1,200,-14.356233450205,nan,nan,nan,1.0431748054452,0.95861210870904,nan,nan,20,2,2,16,2.4409494179506e-08,2.4409494179506e-08,-17.528293674612,1,160
1,200,-14.356233450205,nan,nan,nan,1.0431748054452,0.95861210870904,nan,nan,20,2,2,17,9.4098461392179e-09,9.4098461392179e-09,-18.481509234257,1,160
1,200,-14.356233450205,nan,nan,nan,1.0431748054452,0.95861210870904,nan,nan,20,2,2,18,3.6276308642857e-09,3.6276308642857e-09,-19.434686056208,1,160
1,200,-14.356233450205,nan,nan,nan,1.0431748054452,0.95861210870904,nan,nan,20,2,2,19,1.398536391347e-09,1.398536391347e-09,-20.387839581925,1,160
1,200,-14.356233450205,nan,nan,nan,1.0431748054452,0.95861210870904,nan,nan,20,2,2,20,5.3917598340454e-10,5.3917598340454e-10,-21.340979098486,1,160
1,200,-14.356233450205,nan,nan,nan,1.0431748054452,0.95861210870904,nan,nan,20,2,2,21,2.0786959273518e-10,2.0786959273518e-10,-22.294110190852,1,160
1,200,-14.356233450205,nan,nan,nan,1.0431748054452,0.95861210870904,nan,nan,20,2,2,22,8.0140784821518e-11,8.0140784821518e-11,-23.247236217638,1,160
1,200,-14.356233450205,nan,nan,nan,1.0431748054452,0.95861210870904,nan,nan,20,2,2,23,3.0897087308391e-11,3.0897087308391e-11,-24.200359198332,1,160
1,200,-14.356233450205,nan,nan,nan,1.0431748054452,0.95861210870904,nan,nan,20,2,2,24,1.1911934164975e-11,1.1911934164975e-11,-25.153480347344,1,160
1,200,-14.356233450205,nan,nan,nan,1.0431748054452,0.95861210870904,nan,nan,20,2,2,25,4.5924824697123e-12,4.5924824697123e-12,-26.106600394984,1,160
1,200,-14.356233450205,nan,nan,nan,1.0431748054452,0.95861210870904,nan,nan,20,2,2,26,1.7705696582559e-12,1.7705696582559e-12,-27.0597197803,1,160
1,200,-14.356233450205,nan,nan,nan,1.0431748054452,0.95861210870904,nan,nan,20,2,2,27,6.82619516526e-13,6.82619516526e-13,-28.012838767394,1,160
1,200,-14.356233450205,nan,nan,nan,1.0431748054452,0.95861210870904,nan,nan,20,2,2,28,2.6317491310302e-13,2.6317491310302e-13,-28.96595751496,1,160
1,200,-14.356233450205,nan,nan,nan,1.0431748054452,0.95861210870904,nan,nan,20,2,2,29,1.0146361652092e-13,1.0146361652092e-13,-29.919076118612,1,160
1,200,-14.356233450205,nan,nan,nan,1.0431748054452,0.95861210870904,nan,nan,20,2,2,30,3.9117962451057e-14,3.9117962451057e-14,-30.872194635685,1,160
1,200,-14.356233450205,nan,nan,nan,1.0431748054452,0.95861210870904,nan,nan,20,2,2,31,1.5081416555847e-14,1.5081416555847e-14,-31.825313100678,1,160
1,200,-14.356233450205,nan,nan,nan,1.0431748054452,0.95861210870904,nan,nan,20,2,2,32,5.8144422204454e-15,5.8144422204454e-15,-32.778431534358,1,160
1,200,-14.356233450205,nan,nan,nan,1.0431748054452,0.95861210870904,nan,nan,20,2,2,33,2.2416819300592e-15,2.2416819300592e-15,-33.731549949166,1,160
1,200,-14.356233450205,nan,nan,nan,1.0431748054452,0.95861210870904,nan,nan,20,2,2,34,8.6425107372084e-16,8.6425107372084e-16,-34.684668352719,1,160
1,200,-14.356233450205,nan,nan,nan,1.0431748054452,0.95861210870904,nan,nan,20,2,2,35,3.3320067113553e-16,3.3320067113553e-16,-35.63778674939,1,160
1,200,-14.356233450205,nan,nan,nan,1.0431748054452,0.95861210870904,nan,nan,20,2,2,36,1.2846115102261e-16,1.2846115102261e-16,-36.59090514194,1,160
1,200,-14.356233450205,nan,nan,nan,1.0431748054452,0.95861210870904,nan,nan,20,2,2,37,4.9526512969338e-17,4.9526512969338e-17,-37.544023532167,1,160
1,200,-14.356233450205,nan,nan,nan,1.0431748054452,0.95861210870904,nan,nan,20,2,2,38,1.9094297935849e-17,1.9094297935849e-17,-38.497141920801,1,160
1,200,-14.356233450205,nan,nan,nan,1.0431748054452,0.95861210870904,nan,nan,20,2,2,39,7.3615563079952e-18,7.3615563079952e-18,-39.450260308615,1,160
1,200,-14.356233450205,nan,nan,nan,1.0431748054452,0.95861210870904,nan,nan,20,2,2,40,2.8381515511759e-18,2.8381515511759e-18,-40.403378695884,1,160
1,200,-14.356233450205,nan,nan,nan,1.0431748054452,0.95861210870904,nan,nan,20,2,2,41,1.0942121330311e-18,1.0942121330311e-18,-41.356497082812,1,160
1,200,-14.356233450205,nan,nan,nan,1.0431748054452,0.95861210870904,nan,nan,20,2,2,42,4.2185914695936e-19,4.2185914695936e-19,-42.309615469532,1,160
1,200,-14.356233450205,nan,nan,nan,1.0431748054452,0.95861210870904,nan,nan,20,2,2,43,1.6264226516699e-19,1.6264226516699e-19,-43.262733856162,1,160
1,200,-14.356233450205,nan,nan,nan,1.0431748054452,0.95861210870904,nan,nan,20,2,2,44,6.2704593724581e-20,6.2704593724581e-20,-44.215852242775,1,160
1,200,-14.356233450205,nan,nan,nan,1.0431748054452,0.95861210870904,nan,nan,20,2,2,45,2.4174934297586e-20,2.4174934297586e-20,-45.168970629323,1,160
1,200,-14.356233450205,nan,nan,nan,1.0431748054452,0.95861210870904,nan,nan,20,2,2,46,9.3203290790745e-21,9.3203290790745e-21,-46.122089015887,1,160
1,200,-14.356233450205,nan,nan,nan,1.0431748054452,0.95861210870904,nan,nan,20,2,2,47,3.5933307233608e-21,3.5933307233608e-21,-47.0752074024,1,160
1,200,-14.356233450205,nan,nan,nan,1.0431748054452,0.95861210870904,nan,nan,20,2,2,48,1.3853615660173e-21,1.3853615660173e-21,-48.028325788809,1,160
1,200,-14.356233450205,nan,nan,nan,1.0431748054452,0.95861210870904,nan,nan,20,2,2,49,5.3410799515697e-22,5.3410799515697e-22,-48.981444175223,1,160
1,200,-14.356233450205,nan,nan,nan,1.0431748054452,0.95861210870904,nan,nan,20,2,2,50,2.0591833748247e-22,2.0591833748247e-22,-49.934562561651,1,160
1,200,-14.356233450205,nan,nan,nan,1.0431748054452,0.95861210870904,nan,nan,20,2,2,51,7.9389116240674e-23,7.9389116240674e-23,-50.887680948054,1,160
1,200,-14.356233450205,nan,nan,nan,1.0431748054452,0.95861210870904,nan,nan,20,2,2,52,3.060743328779e-23,3.060743328779e-23,-51.840799334497,1,160
1,200,-14.356233450205,nan,nan,nan,1.0431748054452,0.95861210870904,nan,nan,20,2,2,53,1.1800294761662e-23,1.1800294761662e-23,-52.793917720896,1,160
1,200,-14.356233450205,nan,nan,nan,1.0431748054452,0.95861210870904,nan,nan,20,2,2,54,4.5494489900363e-24,4.5494489900363e-24,-53.747036107318,1,160
1,200,-14.356233450205,nan,nan,nan,1.0431748054452,0.95861210870904,nan,nan,20,2,2,55,1.7539804328126e-24,1.7539804328126e-24,-54.70015449372,1,160
1,200,-14.356233450205,nan,nan,nan,1.0431748054452,0.95861210870904,nan,nan,20,2,2,56,6.7622416807961e-25,6.7622416807961e-25,-55.653272880181,1,160
1,200,-14.356233450205,nan,nan,nan,1.0431748054452,0.95861210870904,nan,nan,20,2,2,57,2.607093653556e-25,2.607093653556e-25,-56.606391266665,1,160
1,200,-14.356233450205,nan,nan,nan,1.0431748054452,0.95861210870904,nan,nan,20,2,2,58,1.0051307893166e-25,1.0051307893166e-25,-57.559509653184,1,160
1,200,-14.356233450205,nan,nan,nan,1.0431748054452,0.95861210870904,nan,nan,20,2,2,59,3.8751500249545e-26,3.8751500249545e-26,-58.512628039672,1,160
1,200,-14.356233450205,nan,nan,nan,1.0431748054452,0.95861210870904,nan,nan,20,2,2,60,1.4940133044438e-26,1.4940133044438e-26,-59.465746425924,1,160
1,200,-14.356233450205,nan,nan,nan,1.0431748054452,0.95861210870904,nan,nan,20,2,2,61,5.7599724880311e-27,5.7599724880311e-27,-60.418864812526,1,160
1,200,-14.356233450205,nan,nan,nan,1.0431748054452,0.95861210870904,nan,nan,20,2,2,62,2.2206819032967e-27,2.2206819032967e-27,-61.371983198473,1,160
1,200,-14.356233450205,nan,nan,nan,1.0431748054452,0.95861210870904,nan,nan,20,2,2,63,8.5615480304277e-28,8.5615480304277e-28,-62.325101585354,1,160
1,200,-14.356233450205,nan,nan,nan,1.0431748054452,0.95861210870904,nan,nan,20,2,2,64,3.3007926481771e-28,3.3007926481771e-28,-63.278219967786,1,160
1,200,-14.356233450205,nan,nan,nan,1.0431748054452,0.95861210870904,nan,nan,20,2,2,65,1.2725773482468e-28,1.2725773482468e-28,-64.231338351761,1,160
1,200,-14.356233450205,nan,nan,nan,1.0431748054452,0.95861210870904,nan,nan,20,2,2,66,4.9062551351965e-29,4.9062551351965e-29,-65.184456747615,1,160
1,200,-14.356233450205,nan,nan,nan,1.0431748054452,0.95861210870904,nan,nan,20,2,2,67,1.8915423877306e-29,1.8915423877306e-29,-66.137575122402,1,160
1,200,-14.356233450205,nan,nan,nan,1.0431748054452,0.95861210870904,nan,nan,20,2,2,68,7.2925932975821e-30,7.2925932975821e-30,-67.090693573509,1,160
1,200,-14.356233450205,nan,nan,nan,1.0431748054452,0.95861210870904,nan,nan,20,2,2,69,2.8115636033037e-30,2.8115636033037e-30,-68.043812018776,1,160
1,200,-14.356233450205,nan,nan,nan,1.0431748054452,0.95861210870904,nan,nan,20,2,2,70,1.0839607740264e-30,1.0839607740264e-30,-68.996931073781,1,160
1,200,-14.356233450205,nan,nan,nan,1.0431748054452,0.95861210870904,nan,nan,20,2,2,71,4.1790903895642e-31,4.1790903895642e-31,-69.950044270111,1,160
1,200,-14.356233450205,nan,nan,nan,1.0431748054452,0.95861210870904,nan,nan,20,2,2,72,1.6111854204724e-31,1.6111854204724e-31,-70.903167688737,1,160
1,200,-14.356233450205,nan,nan,nan,1.0431748054452,0.95861210870904,nan,nan,20,2,2,73,6.2117122795906e-32,6.2117122795906e-32,-71.856286388468,1,160
1,200,-14.356233450205,nan,nan,nan,1.0431748054452,0.95861210870904,nan,nan,20,2,2,74,2.3948579950197e-32,2.3948579950197e-32,-72.809399038972,1,160
1,200,-14.356233450205,nan,nan,nan,1.0431748054452,0.95861210870904,nan,nan,20,2,2,75,9.2325961855235e-33,9.2325961855235e-33,-73.762567782968,1,160
1,200,-14.356233450205,nan,nan,nan,1.0431748054452,0.95861210870904,nan,nan,20,2,2,76,3.5593278789287e-33,3.5593278789287e-33,-74.715736339818,1,160
1,200,-14.356233450205,nan,nan,nan,1.0431748054452,0.95861210870904,nan,nan,20,2,2,77,1.3715338786622e-33,1.3715338786622e-33,-75.669378335808,1,160
1,200,-14.356233450205,nan,nan,nan,1.0431748054452,0.95861210870904,nan,nan,20,2,2,78,5.2920554295435e-34,5.2920554295435e-34,-76.621686441385,1,160
1,200,-14.356233450205,nan,nan,nan,1.0431748054452,0.95861210870904,nan,nan,20,2,2,79,2.0374526668131e-34,2.0374526668131e-34,-77.576192826947,1,160
1,200,-14.356233450205,nan,nan,nan,1.0431748054452,0.95861210870904,nan,nan,20,2,2,80,7.8069923804587e-35,7.8069923804587e-35,-78.535458463642,1,160
1,200,-14.356233450205,nan,nan,nan,1.0431748054452,0.95861210870904,nan,nan,20,2,2,81,3.3503049611484e-35,3.3503049611484e-35,-79.381426879919,1,160
1,200,-14.356233450205,nan,nan,nan,1.0431748054452,0.95861210870904,nan,nan,20,2,2,82,1.1288368451747e-35,1.1288368451747e-35,-80.469290492756,1,160
1,200,-14.356233450205,nan,nan,nan,1.0431748054452,0.95861210870904,nan,nan,20,2,2,83,5.4674305461339e-36,5.4674305461339e-36,-81.194254577337,1,160
1,200,-14.356233450205,nan,nan,nan,1.0431748054452,0.95861210870904,nan,nan,20,2,2,84,2.2754825883078e-36,2.2754825883078e-36,-82.07087119115,1,160
1,200,-14.356233450205,nan,nan,nan,1.0431748054452,0.95861210870904,nan,nan,20,2,2,85,-7.9287786031029e-37,7.9287786031029e-37,-83.125149439303,1,160
1,200,-14.356233450205,nan,nan,nan,1.0431748054452,0.95861210870904,nan,nan,20,2,2,86,5.6749940995836e-37,5.6749940995836e-37,-83.459578917134,1,160
1,200,-14.356233450205,nan,nan,nan,1.0431748054452,0.95861210870904,nan,nan,20,2,2,87,1.3994944247842e-36,1.3994944247842e-36,-82.55695230154,1,160
1,200,-14.356233450205,nan,nan,nan,1.0431748054452,0.95861210870904,nan,nan,20,2,2,88,-1.0452794793472e-36,1.0452794793472e-36,-82.848779053774,1,160
1,200,-14.356233450205,nan,nan,nan,1.0431748054452,0.95861210870904,nan,nan,20,2,2,89,-5.4614823733591e-37,5.4614823733591e-37,-83.497928190919,1,160
1,200,-14.356233450205,nan,nan,nan,1.0431748054452,0.95861210870904,nan,nan,20,2,2,90,1.3623536072488e-36,1.3623536072488e-36,-82.583849550224,1,160
1,200,-14.356233450205,nan,nan,nan,1.0431748054452,0.95861210870904,nan,nan,20,2,2,91,2.9301221799724e-37,2.9301221799724e-37,-84.120604318971,1,160
1,200,-14.356233450205,nan,nan,nan,1.0431748054452,0.95861210870904,nan,nan,20,2,2,92,4.2279899585321e-37,4.2279899585321e-37,-83.753921747767,1,160
1,200,-14.356233450205,nan,nan,nan,1.0431748054452,0.95861210870904,nan,nan,20,2,2,93,2.0796421972644e-37,2.0796421972644e-37,-84.46345258241,1,160
1,200,-14.356233450205,nan,nan,nan,1.0431748054452,0.95861210870904,nan,nan,20,2,2,94,9.1265219325996e-39,9.1265219325996e-39,-87.589633954072,1,160
1,200,-14.356233450205,nan,nan,nan,1.0431748054452,0.95861210870904,nan,nan,20,2,2,95,-1.3813352184237e-36,1.3813352184237e-36,-82.570012766809,1,160
1,200,-14.356233450205,nan,nan,nan,1.0431748054452,0.95861210870904,nan,nan,20,2,2,96,-8.0460739492669e-38,8.0460739492669e-38,-85.413049269477,1,160
1,200,-14.356233450205,nan,nan,nan,1.0431748054452,0.95861210870904,nan,nan,20,2,2,97,1.5672295356352e-36,1.5672295356352e-36,-82.443753914198,1,160
1,200,-14.356233450205,nan,nan,nan,1.0431748054452,0.95861210870904,nan,nan,20,2,2,98,-3.9357498097165e-38,3.9357498097165e-38,-86.128132121209,1,160
1,200,-14.356233450205,nan,nan,nan,1.0431748054452,0.95861210870904,nan,nan,20,2,2,99,9.9315493690546e-37,9.9315493690546e-37,-82.899931945785,1,160
1,200,-14.356233450205,nan,nan,nan,1.0431748054452,0.95861210870904,nan,nan,20,2,2,100,6.3013504001486e-37,6.3013504001486e-37,-83.354884481122,1,160
1,200,-14.356233450205,nan,nan,nan,1.0431748054452,0.95861210870904,nan,nan,20,2,2,101,-1.5776804202814e-37,1.5776804202814e-37,-84.739692760868,1,160
1,200,-14.356233450205,nan,nan,nan,1.0431748054452,0.95861210870904,nan,nan,20,2,2,102,2.4514599858187e-36,2.4514599858187e-36,-81.996379588135,1,160
1,200,-14.356233450205,nan,nan,nan,1.0431748054452,0.95861210870904,nan,nan,20,2,2,103,-1.8536274714797e-36,1.8536274714797e-36,-82.275918833151,1,160
1,200,-14.356233450205,nan,nan,nan,1.0431748054452,0.95861210870904,nan,nan,20,2,2,104,2.1424588999142e-36,2.1424588999142e-36,-82.131109159717,1,160
1,200,-14.356233450205,nan,nan,nan,1.0431748054452,0.95861210870904,nan,nan,20,2,2,105,6.3113380847875e-37,6.3113380847875e-37,-83.353300728897,1,160
1,200,-14.356233450205,nan,nan,nan,1.0431748054452,0.95861210870904,nan,nan,20,2,2,106,-7.1732250628437e-37,7.1732250628437e-37,-83.225293087738,1,160
1,200,-14.356233450205,nan,nan,nan,1.0431748054452,0.95861210870904,nan,nan,20,2,2,107,1.6803489965019e-37,1.6803489965019e-37,-84.676646932926,1,160
1,200,-14.356233450205,nan,nan,nan,1.0431748054452,0.95861210870904,nan,nan,20,2,2,108,1.2497202812455e-36,1.2497202812455e-36,-82.670143596516,1,160
1,200,-14.356233450205,nan,nan,nan,1.0431748054452,0.95861210870904,nan,nan,20,2,2,109,-7.4567911501139e-37,7.4567911501139e-37,-83.186523259836,1,160
1,200,-14.356233450205,nan,nan,nan,1.0431748054452,0.95861210870904,nan,nan,20,2,2,110,4.869108431876e-37,4.869108431876e-37,-83.612737593982,1,160
1,200,-14.356233450205,nan,nan,nan,1.0431748054452,0.95861210870904,nan,nan,20,2,2,111,3.3333798666731e-37,3.3333798666731e-37,-83.991661676549,1,160
1,200,-14.356233450205,nan,nan,nan,1.0431748054452,0.95861210870904,nan,nan,20,2,2,112,-1.3070773216967e-37,1.3070773216967e-37,-84.927854848211,1,160
1,200,-14.356233450205,nan,nan,nan,1.0431748054452,0.95861210870904,nan,nan,20,2,2,113,-1.4401958715462e-36,1.4401958715462e-36,-82.528284221541,1,160
1,200,-14.356233450205,nan,nan,nan,1.0431748054452,0.95861210870904,nan,nan,20,2,2,114,1.5852977882306e-36,1.5852977882306e-36,-82.432291079094,1,160
1,200,-14.356233450205,nan,nan,nan,1.0431748054452,0.95861210870904,nan,nan,20,2,2,115,1.2785830021998e-36,1.2785830021998e-36,-82.647310912595,1,160
1,200,-14.356233450205,nan,nan,nan,1.0431748054452,0.95861210870904,nan,nan,20,2,2,116,2.5982852130046e-38,2.5982852130046e-38,-86.543381839794,1,160
1,200,-14.356233450205,nan,nan,nan,1.0431748054452,0.95861210870904,nan,nan,20,2,2,117,-4.0692164935917e-37,4.0692164935917e-37,-83.792197967574,1,160
1,200,-14.356233450205,nan,nan,nan,1.0431748054452,0.95861210870904,nan,nan,20,2,2,118,-1.7808631317834e-36,1.7808631317834e-36,-82.315965195514,1,160
1,200,-14.356233450205,nan,nan,nan,1.0431748054452,0.95861210870904,nan,nan,20,2,2,119,5.246405998725e-37,5.246405998725e-37,-83.538105170274,1,160
1,200,-14.356233450205,nan,nan,nan,1.0431748054452,0.95861210870904,nan,nan,20,2,2,120,-8.4133077971766e-37,8.4133077971766e-37,-83.06583372698,1,160
1,200,-14.356233450205,nan,nan,nan,1.0431748054452,0.95861210870904,nan,nan,20,2,2,121,1.843269931065e-37,1.843269931065e-37,-84.584107309949,1,160
1,200,-14.356233450205,nan,nan,nan,1.0431748054452,0.95861210870904,nan,nan,20,2,2,122,-1.060262164619e-36,1.060262164619e-36,-82.834547145129,1,160
1,200,-14.356233450205,nan,nan,nan,1.0431748054452,0.95861210870904,nan,nan,20,2,2,123,6.365584499295e-37,6.365584499295e-37,-83.344742382775,1,160
1,200,-14.356233450205,nan,nan,nan,1.0431748054452,0.95861210870904,nan,nan,20,2,2,124,-3.9962060079074e-37,3.9962060079074e-37,-83.810303027792,1,160
1,200,-14.356233450205,nan,nan,nan,1.0431748054452,0.95861210870904,nan,nan,20,2,2,125,9.2029879421676e-39,9.2029879421676e-39,-87.581290419119,1,160
1,200,-14.356233450205,nan,nan,nan,1.0431748054452,0.95861210870904,nan,nan,20,2,2,126,-1.0870989536463e-37,1.0870989536463e-37,-85.112135803071,1,160
1,200,-14.356233450205,nan,nan,nan,1.0431748054452,0.95861210870904,nan,nan,20,2,2,127,5.2508811558602e-37,5.2508811558602e-37,-83.537252539048,1,160
1,200,-14.356233450205,nan,nan,nan,1.0431748054452,0.95861210870904,nan,nan,20,2,2,128,-1.3916586974378e-37,1.3916586974378e-37,-84.865152097553,1,160
1,200,-14.356233450205,nan,nan,nan,1.0431748054452,0.95861210870904,nan,nan,20,2,2,129,-6.0187401979545e-37,6.0187401979545e-37,-83.400770472802,1,160
1,200,-14.356233450205,nan,nan,nan,1.0431748054452,0.95861210870904,nan,nan,20,2,2,130,2.6895044711472e-37,2.6895044711472e-37,-84.206291475604,1,160
1,200,-14.356233450205,nan,nan,nan,1.0431748054452,0.95861210870904,nan,nan,20,2,2,131,6.6839915055185e-37,6.6839915055185e-37,-83.295933100915,1,160
1,200,-14.356233450205,nan,nan,nan,1.0431748054452,0.95861210870904,nan,nan,20,2,2,132,-1.1640089502873e-36,1.1640089502873e-36,-82.741193309256,1,160
1,200,-14.356233450205,nan,nan,nan,1.0431748054452,0.95861210870904,nan,nan,20,2,2,133,8.818279962779e-37,8.818279962779e-37,-83.018821605337,1,160
1,200,-14.356233450205,nan,nan,nan,1.0431748054452,0.95861210870904,nan,nan,20,2,2,134,-2.0933893984337e-37,2.0933893984337e-37,-84.456863966635,1,160
1,200,-14.356233450205,nan,nan,nan,1.0431748054452,0.95861210870904,nan,nan,20,2,2,135,4.6533917403167e-37,4.6533917403167e-37,-83.658052080548,1,160
1,200,-14.356233450205,nan,nan,nan,1.0431748054452,0.95861210870904,nan,nan,20,2,2,136,-1.4415913700573e-37,1.4415913700573e-37,-84.82990081929,1,160
1,200,-14.356233450205,nan,nan,nan,1.0431748054452,0.95861210870904,nan,nan,20,2,2,137,-1.4680474520621e-37,1.4680474520621e-37,-84.811715186817,1,160
1,200,-14.356233450205,nan,nan,nan,1.0431748054452,0.95861210870904,nan,nan,20,2,2,138,3.6476046322934e-37,3.6476046322934e-37,-83.901577753747,1,160
1,200,-14.356233450205,nan,nan,nan,1.0431748054452,0.95861210870904,nan,nan,20,2,2,139,-1.2245304067207e-36,1.2245304067207e-36,-82.690505918736,1,160
1,200,-14.356233450205,nan,nan,nan,1.0431748054452,0.95861210870904,nan,nan,20,2,2,140,2.2275030810472e-37,2.2275030810472e-37,-84.394767177232,1,160
1,200,-14.356233450205,nan,nan,nan,1.0431748054452,0.95861210870904,nan,nan,20,2,2,141,-6.7909424064117e-37,6.7909424064117e-37,-83.280058715554,1,160
1,200,-14.356233450205,nan,nan,nan,1.0431748054452,0.95861210870904,nan,nan,20,2,2,142,2.3566911345853e-37,2.3566911345853e-37,-84.338389867167,1,160
1,200,-14.356233450205,nan,nan,nan,1.0431748054452,0.95861210870904,nan,nan,20,2,2,143,6.0770035656327e-37,6.0770035656327e-37,-83.391136700884,1,160
1,200,-14.356233450205,nan,nan,nan,1.0431748054452,0.95861210870904,nan,nan,20,2,2,144,-3.7372312948609e-37,3.7372312948609e-37,-83.877303398999,1,160
1,200,-14.356233450205,nan,nan,nan,1.0431748054452,0.95861210870904,nan,nan,20,2,2,145,1.6155091960823e-37,1.6155091960823e-37,-84.715998242107,1,160
1,200,-14.356233450205,nan,nan,nan,1.0431748054452,0.95861210870904,nan,nan,20,2,2,146,-1.4923512565865e-37,1.4923512565865e-37,-84.79529554004,1,160
1,200,-14.356233450205,nan,nan,nan,1.0431748054452,0.95861210870904,nan,nan,20,2,2,147,-4.4947405606767e-38,4.4947405606767e-38,-85.995325584829,1,160
1,200,-14.356233450205,nan,nan,nan,1.0431748054452,0.95861210870904,nan,nan,20,2,2,148,-1.1886646711194e-37,1.1886646711194e-37,-85.02281788882,1,160
1,200,-14.356233450205,nan,nan,nan,1.0431748054452,0.95861210870904,nan,nan,20,2,2,149,1.3618051966793e-36,1.3618051966793e-36,-82.584252177689,1,160
1,200,-14.356233450205,nan,nan,nan,1.0431748054452,0.95861210870904,nan,nan,20,2,2,150,5.1154351913413e-37,5.1154351913413e-37,-83.563385963599,1,160
1,200,-14.356233450205,nan,nan,nan,1.0431748054452,0.95861210870904,nan,nan,20,2,2,151,-1.080841143214e-36,1.080841143214e-36,-82.815323773476,1,160
1,200,-14.356233450205,nan,nan,nan,1.0431748054452,0.95861210870904,nan,nan,20,2,2,152,2.197858651248e-38,2.197858651248e-38,-86.710749987755,1,160
1,200,-14.356233450205,nan,nan,nan,1.0431748054452,0.95861210870904,nan,nan,20,2,2,153,-3.9287578230467e-37,3.9287578230467e-37,-83.827325140422,1,160
1,200,-14.356233450205,nan,nan,nan,1.0431748054452,0.95861210870904,nan,nan,20,2,2,154,2.4194521360335e-36,2.4194521360335e-36,-82.009522223316,1,160
1,200,-14.356233450205,nan,nan,nan,1.0431748054452,0.95861210870904,nan,nan,20,2,2,155,-1.0067796242924e-36,1.0067796242924e-36,-82.8863066018,1,160
1,200,-14.356233450205,nan,nan,nan,1.0431748054452,0.95861210870904,nan,nan,20,2,2,156,-8.6924179277318e-37,8.6924179277318e-37,-83.033197297658,1,160
1,200,-14.356233450205,nan,nan,nan,1.0431748054452,0.95861210870904,nan,nan,20,2,2,157,-1.827964004954e-36,1.827964004954e-36,-82.289860565892,1,160
1,200,-14.356233450205,nan,nan,nan,1.0431748054452,0.95861210870904,nan,nan,20,2,2,158,2.6682644893241e-37,2.6682644893241e-37,-84.21422018371,1,160
1,200,-14.356233450205,nan,nan,nan,1.0431748054452,0.95861210870904,nan,nan,20,2,2,159,1.2612580237896e-37,1.2612580237896e-37,-84.963538786339,1,160
1,200,-14.356233450205,nan,nan,nan,1.0431748054452,0.95861210870904,nan,nan,20,2,2,160,-2.0974352955466e-37,2.0974352955466e-37,-84.454933130265,1,160
1.05,200,-11.210301698354,nan,nan,nan,0.89178761032729,1.1213432306298,nan,nan,20,2,2,1,0.049314026150165,0.049314026150165,-3.0095467323091,1,160
1.05,200,-11.210301698354,nan,nan,nan,0.89178761032729,1.1213432306298,nan,nan,20,2,2,2,0.014499324287844,0.014499324287844,-4.2336532314798,1,160
1.05,200,-11.210301698354,nan,nan,nan,0.89178761032729,1.1213432306298,nan,nan,20,2,2,3,0.0043578372866642,0.0043578372866642,-5.4357793798561,1,160
1.05,200,-11.210301698354,nan,nan,nan,0.89178761032729,1.1213432306298,nan,nan,20,2,2,4,0.0013491379474442,0.0013491379474442,-6.6082894479452,1,160
1.05,200,-11.210301698354,nan,nan,nan,0.89178761032729,1.1213432306298,nan,nan,20,2,2,5,0.00042687980907366,0.00042687980907366,-7.7590080619372,1,160
1.05,200,-11.210301698354,nan,nan,nan,0.89178761032729,1.1213432306298,nan,nan,20,2,2,6,0.00013702523318411,0.00013702523318411,-8.8953454652703,1,160
1.05,200,-11.210301698354,nan,nan,nan,0.89178761032729,1.1213432306298,nan,nan,20,2,2,7,4.4379345622009e-05,4.4379345622009e-05,-10.022736385453,1,160
1.05,200,-11.210301698354,nan,nan,nan,0.89178761032729,1.1213432306298,nan,nan,20,2,2,8,1.4451240528141e-05,1.4451240528141e-05,-11.144730297392,1,160
1.05,200,-11.210301698354,nan,nan,nan,0.89178761032729,1.1213432306298,nan,nan,20,2,2,9,4.7208661459745e-06,4.7208661459745e-06,-12.263518269699,1,160
1.05,200,-11.210301698354,nan,nan,nan,0.89178761032729,1.1213432306298,nan,nan,20,2,2,10,1.5451077738403e-06,1.5451077738403e-06,-13.380416893517,1,160
1.05,200,-11.210301698354,nan,nan,nan,0.89178761032729,1.1213432306298,nan,nan,20,2,2,11,5.0626436981815e-07,5.0626436981815e-07,-14.496206834103,1,160
1.05,200,-11.210301698354,nan,nan,nan,0.89178761032729,1.1213432306298,nan,nan,20,2,2,12,1.6598842834218e-07,1.6598842834218e-07,-15.611347759802,1,160
1.05,200,-11.210301698354,nan,nan,nan,0.89178761032729,1.1213432306298,nan,nan,20,2,2,13,5.4443123500295e-08,5.4443123500295e-08,-16.726109285712,1,160
1.05,200,-11.210301698354,nan,nan,nan,0.89178761032729,1.1213432306298,nan,nan,20,2,2,14,1.7860947652723e-08,1.7860947652723e-08,-17.840649202843,1,160
1.05,200,-11.210301698354,nan,nan,nan,0.89178761032729,1.1213432306298,nan,nan,20,2,2,15,5.8603310667544e-09,5.8603310667544e-09,-18.95505973892,1,160
1.05,200,-11.210301698354,nan,nan,nan,0.89178761032729,1.1213432306298,nan,nan,20,2,2,16,1.9229704061305e-09,1.9229704061305e-09,-20.069394759886,1,160
1.05,200,-11.210301698354,nan,nan,nan,0.89178761032729,1.1213432306298,nan,nan,20,2,2,17,6.3101864056249e-10,6.3101864056249e-10,-21.18368571252,1,160
1.05,200,-11.210301698354,nan,nan,nan,0.89178761032729,1.1213432306298,nan,nan,20,2,2,18,2.0707274678838e-10,2.0707274678838e-10,-22.297950950641,1,160
1.05,200,-11.210301698354,nan,nan,nan,0.89178761032729,1.1213432306298,nan,nan,20,2,2,19,6.7953247444385e-11,6.7953247444385e-11,-23.412201184797,1,160
1.05,200,-11.210301698354,nan,nan,nan,0.89178761032729,1.1213432306298,nan,nan,20,2,2,20,2.22998165335e-11,2.22998165335e-11,-24.526442664694,1,160
1.05,200,-11.210301698354,nan,nan,nan,0.89178761032729,1.1213432306298,nan,nan,20,2,2,21,7.3180366810856e-12,7.3180366810856e-12,-25.640679036897,1,160
1.05,200,-11.210301698354,nan,nan,nan,0.89178761032729,1.1213432306298,nan,nan,20,2,2,22,2.4015363704257e-12,2.4015363704257e-12,-26.754912429042,1,160
1.05,200,-11.210301698354,nan,nan,nan,0.89178761032729,1.1213432306298,nan,nan,20,2,2,23,7.8810577448833e-13,7.8810577448833e-13,-27.869144082477,1,160
1.05,200,-11.210301698354,nan,nan,nan,0.89178761032729,1.1213432306298,nan,nan,20,2,2,24,2.5863082878889e-13,2.5863082878889e-13,-28.983374721491,1,160
1.05,200,-11.210301698354,nan,nan,nan,0.89178761032729,1.1213432306298,nan,nan,20,2,2,25,8.4874324429842e-14,8.4874324429842e-14,-30.097604768653,1,160
1.05,200,-11.210301698354,nan,nan,nan,0.89178761032729,1.1213432306298,nan,nan,20,2,2,26,2.7853034646436e-14,2.7853034646436e-14,-31.211834470508,1,160
1.05,200,-11.210301698354,nan,nan,nan,0.89178761032729,1.1213432306298,nan,nan,20,2,2,27,9.1404756447196e-15,9.1404756447196e-15,-32.326063970895,1,160
1.05,200,-11.210301698354,nan,nan,nan,0.89178761032729,1.1213432306298,nan,nan,20,2,2,28,2.9996122825633e-15,2.9996122825633e-15,-33.44029335374,1,160
1.05,200,-11.210301698354,nan,nan,nan,0.89178761032729,1.1213432306298,nan,nan,20,2,2,29,9.8437705129643e-16,9.8437705129643e-16,-34.554522668024,1,160
1.05,200,-11.210301698354,nan,nan,nan,0.89178761032729,1.1213432306298,nan,nan,20,2,2,30,3.2304115553669e-16,3.2304115553669e-16,-35.668751942265,1,160
1.05,200,-11.210301698354,nan,nan,nan,0.89178761032729,1.1213432306298,nan,nan,20,2,2,31,1.0601180763583e-16,1.0601180763583e-16,-36.782981193194,1,160
1.05,200,-11.210301698354,nan,nan,nan,0.89178761032729,1.1213432306298,nan,nan,20,2,2,32,3.4789695736113e-17,3.4789695736113e-17,-37.897210430496,1,160
1.05,200,-11.210301698354,nan,nan,nan,0.89178761032729,1.1213432306298,nan,nan,20,2,2,33,1.1416869177529e-17,1.1416869177529e-17,-39.011439659832,1,160
1.05,200,-11.210301698354,nan,nan,nan,0.89178761032729,1.1213432306298,nan,nan,20,2,2,34,3.7466525551009e-18,3.7466525551009e-18,-40.125668884535,1,160
1.05,200,-11.210301698354,nan,nan,nan,0.89178761032729,1.1213432306298,nan,nan,20,2,2,35,1.2295319485624e-18,1.2295319485624e-18,-41.239898106552,1,160
1.05,200,-11.210301698354,nan,nan,nan,0.89178761032729,1.1213432306298,nan,nan,20,2,2,36,4.0349319632771e-19,4.0349319632771e-19,-42.354127326948,1,160
1.05,200,-11.210301698354,nan,nan,nan,0.89178761032729,1.1213432306298,nan,nan,20,2,2,37,1.3241360651599e-19,1.3241360651599e-19,-43.468356546405,1,160
1.05,200,-11.210301698354,nan,nan,nan,0.89178761032729,1.1213432306298,nan,nan,20,2,2,38,4.3453925268281e-20,4.3453925268281e-20,-44.582585765353,1,160
1.05,200,-11.210301698354,nan,nan,nan,0.89178761032729,1.1213432306298,nan,nan,20,2,2,39,1.4260193279626e-20,1.4260193279626e-20,-45.69681498401,1,160
1.05,200,-11.210301698354,nan,nan,nan,0.89178761032729,1.1213432306298,nan,nan,20,2,2,40,4.6797409245614e-21,4.6797409245614e-21,-46.811044202477,1,160
1.05,200,-11.210301698354,nan,nan,nan,0.89178761032729,1.1213432306298,nan,nan,20,2,2,41,1.535741815976e-21,1.535741815976e-21,-47.925273420835,1,160
1.05,200,-11.210301698354,nan,nan,nan,0.89178761032729,1.1213432306298,nan,nan,20,2,2,42,5.0398151597212e-22,5.0398151597212e-22,-49.039502639117,1,160
1.05,200,-11.210301698354,nan,nan,nan,0.89178761032729,1.1213432306298,nan,nan,20,2,2,43,1.6539067036193e-22,1.6539067036193e-22,-50.153731857376,1,160
1.05,200,-11.210301698354,nan,nan,nan,0.89178761032729,1.1213432306298,nan,nan,20,2,2,44,5.4275946590452e-23,5.4275946590452e-23,-51.26796107561,1,160
1.05,200,-11.210301698354,nan,nan,nan,0.89178761032729,1.1213432306298,nan,nan,20,2,2,45,1.7811635758339e-23,1.7811635758339e-23,-52.382190293835,1,160
1.05,200,-11.210301698354,nan,nan,nan,0.89178761032729,1.1213432306298,nan,nan,20,2,2,46,5.8452111537622e-24,5.8452111537622e-24,-53.496419512049,1,160
1.05,200,-11.210301698354,nan,nan,nan,0.89178761032729,1.1213432306298,nan,nan,20,2,2,47,1.9182119989374e-24,1.9182119989374e-24,-54.610648730254,1,160
1.05,200,-11.210301698354,nan,nan,nan,0.89178761032729,1.1213432306298,nan,nan,20,2,2,48,6.2949603975267e-25,6.2949603975267e-25,-55.724877948474,1,160
1.05,200,-11.210301698354,nan,nan,nan,0.89178761032729,1.1213432306298,nan,nan,20,2,2,49,2.0658053660438e-25,2.0658053660438e-25,-56.839107166702,1,160
1.05,200,-11.210301698354,nan,nan,nan,0.89178761032729,1.1213432306298,nan,nan,20,2,2,50,6.7793147866433e-26,6.7793147866433e-26,-57.953336384917,1,160
1.05,200,-11.210301698354,nan,nan,nan,0.89178761032729,1.1213432306298,nan,nan,20,2,2,51,2.2247550389259e-26,2.2247550389259e-26,-59.067565603153,1,160
1.05,200,-11.210301698354,nan,nan,nan,0.89178761032729,1.1213432306298,nan,nan,20,2,2,52,7.3009369517004e-27,7.3009369517004e-27,-60.181794821373,1,160
1.05,200,-11.210301698354,nan,nan,nan,0.89178761032729,1.1213432306298,nan,nan,20,2,2,53,2.3959348080633e-27,2.3959348080633e-27,-61.296024039611,1,160
1.05,200,-11.210301698354,nan,nan,nan,0.89178761032729,1.1213432306298,nan,nan,20,2,2,54,7.8626943946175e-28,7.8626943946175e-28,-62.410253257837,1,160
1.05,200,-11.210301698354,nan,nan,nan,0.89178761032729,1.1213432306298,nan,nan,20,2,2,55,2.5802856965921e-28,2.5802856965921e-28,-63.524482475917,1,160
1.05,200,-11.210301698354,nan,nan,nan,0.89178761032729,1.1213432306298,nan,nan,20,2,2,56,8.4676752529079e-29,8.4676752529079e-29,-64.638711694206,1,160
1.05,200,-11.210301698354,nan,nan,nan,0.89178761032729,1.1213432306298,nan,nan,20,2,2,57,2.7788211315677e-29,2.7788211315677e-29,-65.752940912454,1,160
1.05,200,-11.210301698354,nan,nan,nan,0.89178761032729,1.1213432306298,nan,nan,20,2,2,58,9.1192052574105e-30,9.1192052574105e-30,-66.86717013236,1,160
1.05,200,-11.210301698354,nan,nan,nan,0.89178761032729,1.1213432306298,nan,nan,20,2,2,59,2.9926324832623e-30,2.9926324832623e-30,-67.981399360584,1,160
1.05,200,-11.210301698354,nan,nan,nan,0.89178761032729,1.1213432306298,nan,nan,20,2,2,60,9.8208661642093e-31,9.8208661642093e-31,-69.095628560244,1,160
1.05,200,-11.210301698354,nan,nan,nan,0.89178761032729,1.1213432306298,nan,nan,20,2,2,61,3.2228951058673e-31,3.2228951058673e-31,-70.209857826007,1,160
1.05,200,-11.210301698354,nan,nan,nan,0.89178761032729,1.1213432306298,nan,nan,20,2,2,62,1.057651289342e-31,1.057651289342e-31,-71.324087197902,1,160
1.05,200,-11.210301698354,nan,nan,nan,0.89178761032729,1.1213432306298,nan,nan,20,2,2,63,3.4708730721814e-32,3.4708730721814e-32,-72.438316807682,1,160
1.05,200,-11.210301698354,nan,nan,nan,0.89178761032729,1.1213432306298,nan,nan,20,2,2,64,1.1390333815878e-32,1.1390333815878e-32,-73.552542983971,1,160
1.05,200,-11.210301698354,nan,nan,nan,0.89178761032729,1.1213432306298,nan,nan,20,2,2,65,3.7378986488371e-33,3.7378986488371e-33,-74.666784473878,1,160
1.05,200,-11.210301698354,nan,nan,nan,0.89178761032729,1.1213432306298,nan,nan,20,2,2,66,1.2265480143905e-33,1.2265480143905e-33,-75.781104337368,1,160
1.05,200,-11.210301698354,nan,nan,nan,0.89178761032729,1.1213432306298,nan,nan,20,2,2,67,4.0251223039866e-34,4.0251223039866e-34,-76.895337865305,1,160
1.05,200,-11.210301698354,nan,nan,nan,0.89178761032729,1.1213432306298,nan,nan,20,2,2,68,1.3210063768029e-34,1.3210063768029e-34,-78.009499309015,1,160
1.05,200,-11.210301698354,nan,nan,nan,0.89178761032729,1.1213432306298,nan,nan,20,2,2,69,4.3251049263155e-35,4.3251049263155e-35,-79.126041854282,1,160
1.05,200,-11.210301698354,nan,nan,nan,0.89178761032729,1.1213432306298,nan,nan,20,2,2,70,1.4048969120815e-35,1.4048969120815e-35,-80.250514326882,1,160
1.05,200,-11.210301698354,nan,nan,nan,0.89178761032729,1.1213432306298,nan,nan,20,2,2,71,4.4155863515513e-36,4.4155863515513e-36,-81.40792271359,1,160
1.05,200,-11.210301698354,nan,nan,nan,0.89178761032729,1.1213432306298,nan,nan,20,2,2,72,1.5204835323176e-36,1.5204835323176e-36,-82.474034950148,1,160
1.05,200,-11.210301698354,nan,nan,nan,0.89178761032729,1.1213432306298,nan,nan,20,2,2,73,5.2360875430111e-37,5.2360875430111e-37,-83.540073873427,1,160
1.05,200,-11.210301698354,nan,nan,nan,0.89178761032729,1.1213432306298,nan,nan,20,2,2,74,1.9889727398216e-37,1.9889727398216e-37,-84.508030146471,1,160
1.05,200,-11.210301698354,nan,nan,nan,0.89178761032729,1.1213432306298,nan,nan,20,2,2,75,1.2351852612691e-37,1.2351852612691e-37,-84.984427472825,1,160
1.05,200,-11.210301698354,nan,nan,nan,0.89178761032729,1.1213432306298,nan,nan,20,2,2,76,9.382499172538e-38,9.382499172538e-38,-85.259387369939,1,160
1.05,200,-11.210301698354,nan,nan,nan,0.89178761032729,1.1213432306298,nan,nan,20,2,2,77,-5.3816430480711e-38,5.3816430480711e-38,-85.815239806955,1,160
1.05,200,-11.210301698354,nan,nan,nan,0.89178761032729,1.1213432306298,nan,nan,20,2,2,78,-1.6381368541905e-37,1.6381368541905e-37,-84.702088909272,1,160
1.05,200,-11.210301698354,nan,nan,nan,0.89178761032729,1.1213432306298,nan,nan,20,2,2,79,1.5002167647729e-38,1.5002167647729e-38,-87.092623926258,1,160
1.05,200,-11.210301698354,nan,nan,nan,0.89178761032729,1.1213432306298,nan,nan,20,2,2,80,5.6709839324932e-39,5.6709839324932e-39,-88.065455991016,1,160
1.05,200,-11.210301698354,nan,nan,nan,0.89178761032729,1.1213432306298,nan,nan,20,2,2,81,-1.7646355020888e-39,1.7646355020888e-39,-89.232874472107,1,160
1.05,200,-11.210301698354,nan,nan,nan,0.89178761032729,1.1213432306298,nan,nan,20,2,2,82,-2.5841064718639e-39,2.5841064718639e-39,-88.851438837415,1,160
1.05,200,-11.210301698354,nan,nan,nan,0.89178761032729,1.1213432306298,nan,nan,20,2,2,83,3.5693474686303e-37,3.5693474686303e-37,-83.923265643591,1,160
1.05,200,-11.210301698354,nan,nan,nan,0.89178761032729,1.1213432306298,nan,nan,20,2,2,84,-2.541290352345e-37,2.541290352345e-37,-84.26297647601,1,160
1.05,200,-11.210301698354,nan,nan,nan,0.89178761032729,1.1213432306298,nan,nan,20,2,2,85,-4.5261561294374e-38,4.5261561294374e-38,-85.988360491038,1,160
1.05,200,-11.210301698354,nan,nan,nan,0.89178761032729,1.1213432306298,nan,nan,20,2,2,86,-6.1839264541971e-39,6.1839264541971e-39,-87.978865208471,1,160
1.05,200,-11.210301698354,nan,nan,nan,0.89178761032729,1.1213432306298,nan,nan,20,2,2,87,1.2811235059195e-38,1.2811235059195e-38,-87.25049610183,1,160
1.05,200,-11.210301698354,nan,nan,nan,0.89178761032729,1.1213432306298,nan,nan,20,2,2,88,-7.2322937648672e-39,7.2322937648672e-39,-87.822262384361,1,160
1.05,200,-11.210301698354,nan,nan,nan,0.89178761032729,1.1213432306298,nan,nan,20,2,2,89,-3.1612345233719e-38,3.1612345233719e-38,-86.347270910514,1,160
1.05,200,-11.210301698354,nan,nan,nan,0.89178761032729,1.1213432306298,nan,nan,20,2,2,90,-1.4014422267427e-38,1.4014422267427e-38,-87.160731665446,1,160
1.05,200,-11.210301698354,nan,nan,nan,0.89178761032729,1.1213432306298,nan,nan,20,2,2,91,5.5164289587009e-37,5.5164289587009e-37,-83.48791771761,1,160
1.05,200,-11.210301698354,nan,nan,nan,0.89178761032729,1.1213432306298,nan,nan,20,2,2,92,-2.0856978341629e-37,2.0856978341629e-37,-84.460544948882,1,160
1.05,200,-11.210301698354,nan,nan,nan,0.89178761032729,1.1213432306298,nan,nan,20,2,2,93,1.3528017134439e-39,1.3528017134439e-39,-89.498640841576,1,160
1.05,200,-11.210301698354,nan,nan,nan,0.89178761032729,1.1213432306298,nan,nan,20,2,2,94,-6.5176381219492e-39,6.5176381219492e-39,-87.926306567693,1,160
1.05,200,-11.210301698354,nan,nan,nan,0.89178761032729,1.1213432306298,nan,nan,20,2,2,95,-1.7705438945806e-38,1.7705438945806e-38,-86.926946749317,1,160
1.05,200,-11.210301698354,nan,nan,nan,0.89178761032729,1.1213432306298,nan,nan,20,2,2,96,-8.6252811154899e-38,8.6252811154899e-38,-85.343535978287,1,160
1.05,200,-11.210301698354,nan,nan,nan,0.89178761032729,1.1213432306298,nan,nan,20,2,2,97,-1.3847024205461e-38,1.3847024205461e-38,-87.172748276031,1,160
1.05,200,-11.210301698354,nan,nan,nan,0.89178761032729,1.1213432306298,nan,nan,20,2,2,98,6.1431038914722e-38,6.1431038914722e-38,-85.682903399563,1,160
1.05,200,-11.210301698354,nan,nan,nan,0.89178761032729,1.1213432306298,nan,nan,20,2,2,99,-8.1259743720825e-38,8.1259743720825e-38,-85.40316789003,1,160
1.05,200,-11.210301698354,nan,nan,nan,0.89178761032729,1.1213432306298,nan,nan,20,2,2,100,4.8283767080958e-38,4.8283767080958e-38,-85.923723207879,1,160
1.05,200,-11.210301698354,nan,nan,nan,0.89178761032729,1.1213432306298,nan,nan,20,2,2,101,5.2022254079267e-38,5.2022254079267e-38,-85.849147036674,1,160
1.05,200,-11.210301698354,nan,nan,nan,0.89178761032729,1.1213432306298,nan,nan,20,2,2,102,-2.5857789552523e-38,2.5857789552523e-38,-86.548206734551,1,160
1.05,200,-11.210301698354,nan,nan,nan,0.89178761032729,1.1213432306298,nan,nan,20,2,2,103,-2.4629680025185e-38,2.4629680025185e-38,-86.596866405983,1,160
1.05,200,-11.210301698354,nan,nan,nan,0.89178761032729,1.1213432306298,nan,nan,20,2,2,104,1.3653249092033e-38,1.3653249092033e-38,-87.186841104741,1,160
1.05,200,-11.210301698354,nan,nan,nan,0.89178761032729,1.1213432306298,nan,nan,20,2,2,105,2.4329797387427e-37,2.4329797387427e-37,-84.306531704698,1,160
1.05,200,-11.210301698354,nan,nan,nan,0.89178761032729,1.1213432306298,nan,nan,20,2,2,106,1.8336882205203e-37,1.8336882205203e-37,-84.589319081113,1,160
1.05,200,-11.210301698354,nan,nan,nan,0.89178761032729,1.1213432306298,nan,nan,20,2,2,107,-4.7796932529362e-38,4.7796932529362e-38,-85.933857162355,1,160
1.05,200,-11.210301698354,nan,nan,nan,0.89178761032729,1.1213432306298,nan,nan,20,2,2,108,-3.7445754391734e-38,3.7445754391734e-38,-86.177925290608,1,160
1.05,200,-11.210301698354,nan,nan,nan,0.89178761032729,1.1213432306298,nan,nan,20,2,2,109,1.3941406381763e-38,1.3941406381763e-38,-87.165955338306,1,160
1.05,200,-11.210301698354,nan,nan,nan,0.89178761032729,1.1213432306298,nan,nan,20,2,2,110,7.4296641883094e-39,7.4296641883094e-39,-87.795337965788,1,160
1.05,200,-11.210301698354,nan,nan,nan,0.89178761032729,1.1213432306298,nan,nan,20,2,2,111,-2.2131493628965e-38,2.2131493628965e-38,-86.703816981581,1,160
1.05,200,-11.210301698354,nan,nan,nan,0.89178761032729,1.1213432306298,nan,nan,20,2,2,112,1.227497278498e-37,1.227497278498e-37,-84.990671077205,1,160
1.05,200,-11.210301698354,nan,nan,nan,0.89178761032729,1.1213432306298,nan,nan,20,2,2,113,6.7374434499498e-38,6.7374434499498e-38,-85.590552990902,1,160
1.05,200,-11.210301698354,nan,nan,nan,0.89178761032729,1.1213432306298,nan,nan,20,2,2,114,-6.2878862649753e-38,6.2878862649753e-38,-85.659608566442,1,160
1.05,200,-11.210301698354,nan,nan,nan,0.89178761032729,1.1213432306298,nan,nan,20,2,2,115,1.09324117686e-38,1.09324117686e-38,-87.409086693056,1,160
1.05,200,-11.210301698354,nan,nan,nan,0.89178761032729,1.1213432306298,nan,nan,20,2,2,116,-7.6334797387143e-39,7.6334797387143e-39,-87.768274825315,1,160
1.05,200,-11.210301698354,nan,nan,nan,0.89178761032729,1.1213432306298,nan,nan,20,2,2,117,4.9386349910812e-38,4.9386349910812e-38,-85.901144558352,1,160
1.05,200,-11.210301698354,nan,nan,nan,0.89178761032729,1.1213432306298,nan,nan,20,2,2,118,3.7622267855891e-38,3.7622267855891e-38,-86.173222521461,1,160
1.05,200,-11.210301698354,nan,nan,nan,0.89178761032729,1.1213432306298,nan,nan,20,2,2,119,1.2588854242128e-37,1.2588854242128e-37,-84.96542169525,1,160
1.05,200,-11.210301698354,nan,nan,nan,0.89178761032729,1.1213432306298,nan,nan,20,2,2,120,-3.4368727500034e-38,3.4368727500034e-38,-86.263671560158,1,160
1.05,200,-11.210301698354,nan,nan,nan,0.89178761032729,1.1213432306298,nan,nan,20,2,2,121,6.7064599394189e-38,6.7064599394189e-38,-85.595162301828,1,160
1.05,200,-11.210301698354,nan,nan,nan,0.89178761032729,1.1213432306298,nan,nan,20,2,2,122,-1.5939799486367e-38,1.5939799486367e-38,-87.031999532759,1,160
1.05,200,-11.210301698354,nan,nan,nan,0.89178761032729,1.1213432306298,nan,nan,20,2,2,123,-9.8860781172598e-38,9.8860781172598e-38,-85.207106017114,1,160
1.05,200,-11.210301698354,nan,nan,nan,0.89178761032729,1.1213432306298,nan,nan,20,2,2,124,4.5108360158683e-38,4.5108360158683e-38,-85.991751028066,1,160
1.05,200,-11.210301698354,nan,nan,nan,0.89178761032729,1.1213432306298,nan,nan,20,2,2,125,-4.9066068396258e-38,4.9066068396258e-38,-85.907650902226,1,160
1.05,200,-11.210301698354,nan,nan,nan,0.89178761032729,1.1213432306298,nan,nan,20,2,2,126,-1.23131028668e-37,1.23131028668e-37,-84.987569564673,1,160
1.05,200,-11.210301698354,nan,nan,nan,0.89178761032729,1.1213432306298,nan,nan,20,2,2,127,-1.1020809683225e-39,1.1020809683225e-39,-89.703618444759,1,160
1.05,200,-11.210301698354,nan,nan,nan,0.89178761032729,1.1213432306298,nan,nan,20,2,2,128,8.1263606659866e-38,8.1263606659866e-38,-85.403120352996,1,160
1.05,200,-11.210301698354,nan,nan,nan,0.89178761032729,1.1213432306298,nan,nan,20,2,2,129,-1.0523132311668e-37,1.0523132311668e-37,-85.144657622525,1,160
1.05,200,-11.210301698354,nan,nan,nan,0.89178761032729,1.1213432306298,nan,nan,20,2,2,130,1.8498186725876e-38,1.8498186725876e-38,-86.883145914305,1,160
1.05,200,-11.210301698354,nan,nan,nan,0.89178761032729,1.1213432306298,nan,nan,20,2,2,131,-8.740312711837e-39,8.740312711837e-39,-87.632872658354,1,160
1.05,200,-11.210301698354,nan,nan,nan,0.89178761032729,1.1213432306298,nan,nan,20,2,2,132,-3.8772977213658e-38,3.8772977213658e-38,-86.143095086347,1,160
1.05,200,-11.210301698354,nan,nan,nan,0.89178761032729,1.1213432306298,nan,nan,20,2,2,133,1.0314917088474e-37,1.0314917088474e-37,-85.16464242524,1,160
1.05,200,-11.210301698354,nan,nan,nan,0.89178761032729,1.1213432306298,nan,nan,20,2,2,134,-2.4548372330635e-38,2.4548372330635e-38,-86.600173074903,1,160
1.05,200,-11.210301698354,nan,nan,nan,0.89178761032729,1.1213432306298,nan,nan,20,2,2,135,7.2807085603701e-39,7.2807085603701e-39,-87.815590439574,1,160
1.05,200,-11.210301698354,nan,nan,nan,0.89178761032729,1.1213432306298,nan,nan,20,2,2,136,2.6209843031153e-38,2.6209843031153e-38,-86.534683598342,1,160
1.05,200,-11.210301698354,nan,nan,nan,0.89178761032729,1.1213432306298,nan,nan,20,2,2,137,7.5845206914725e-38,7.5845206914725e-38,-85.472124114602,1,160
1.05,200,-11.210301698354,nan,nan,nan,0.89178761032729,1.1213432306298,nan,nan,20,2,2,138,-2.5213186862704e-37,2.5213186862704e-37,-84.270866387921,1,160
1.05,200,-11.210301698354,nan,nan,nan,0.89178761032729,1.1213432306298,nan,nan,20,2,2,139,-4.7675806308772e-38,4.7675806308772e-38,-85.936394562812,1,160
1.05,200,-11.210301698354,nan,nan,nan,0.89178761032729,1.1213432306298,nan,nan,20,2,2,140,6.1855575778588e-38,6.1855575778588e-38,-85.676016381975,1,160
1.05,200,-11.210301698354,nan,nan,nan,0.89178761032729,1.1213432306298,nan,nan,20,2,2,141,-9.6155900359245e-38,9.6155900359245e-38,-85.234847790425,1,160
1.05,200,-11.210301698354,nan,nan,nan,0.89178761032729,1.1213432306298,nan,nan,20,2,2,142,5.8522243198951e-39,5.8522243198951e-39,-88.033996812168,1,160
1.05,200,-11.210301698354,nan,nan,nan,0.89178761032729,1.1213432306298,nan,nan,20,2,2,143,1.1011158095568e-38,1.1011158095568e-38,-87.401909495773,1,160
1.05,200,-11.210301698354,nan,nan,nan,0.89178761032729,1.1213432306298,nan,nan,20,2,2,144,2.1038855896135e-38,2.1038855896135e-38,-86.754447617937,1,160
1.05,200,-11.210301698354,nan,nan,nan,0.89178761032729,1.1213432306298,nan,nan,20,2,2,145,-1.5290261312336e-37,1.5290261312336e-37,-84.771017423571,1,160
1.05,200,-11.210301698354,nan,nan,nan,0.89178761032729,1.1213432306298,nan,nan,20,2,2,146,3.6507620024917e-37,3.6507620024917e-37,-83.900712527168,1,160
1.05,200,-11.210301698354,nan,nan,nan,0.89178761032729,1.1213432306298,nan,nan,20,2,2,147,-4.4501241635379e-38,4.4501241635379e-38,-86.005301536066,1,160
1.05,200,-11.210301698354,nan,nan,nan,0.89178761032729,1.1213432306298,nan,nan,20,2,2,148,-1.9954569592079e-37,1.9954569592079e-37,-84.504775364432,1,160
1.05,200,-11.210301698354,nan,nan,nan,0.89178761032729,1.1213432306298,nan,nan,20,2,2,149,3.6711372306515e-38,3.6711372306515e-38,-86.197732047596,1,160
1.05,200,-11.210301698354,nan,nan,nan,0.89178761032729,1.1213432306298,nan,nan,20,2,2,150,3.205208873438e-38,3.205208873438e-38,-86.333456274405,1,160
1.05,200,-11.210301698354,nan,nan,nan,0.89178761032729,1.1213432306298,nan,nan,20,2,2,151,-1.2802515115857e-39,1.2802515115857e-39,-89.553762074712,1,160
1.05,200,-11.210301698354,nan,nan,nan,0.89178761032729,1.1213432306298,nan,nan,20,2,2,152,3.8382340791799e-38,3.8382340791799e-38,-86.153221148163,1,160
1.05,200,-11.210301698354,nan,nan,nan,0.89178761032729,1.1213432306298,nan,nan,20,2,2,153,-5.6107817243076e-38,5.6107817243076e-38,-85.77354347915,1,160
1.05,200,-11.210301698354,nan,nan,nan,0.89178761032729,1.1213432306298,nan,nan,20,2,2,154,2.061394217672e-38,2.061394217672e-38,-86.774850975206,1,160
1.05,200,-11.210301698354,nan,nan,nan,0.89178761032729,1.1213432306298,nan,nan,20,2,2,155,1.2807513821554e-37,1.2807513821554e-37,-84.948201517767,1,160
1.05,200,-11.210301698354,nan,nan,nan,0.89178761032729,1.1213432306298,nan,nan,20,2,2,156,4.4912066892758e-39,4.4912066892758e-39,-88.298697210725,1,160
1.05,200,-11.210301698354,nan,nan,nan,0.89178761032729,1.1213432306298,nan,nan,20,2,2,157,2.7090744430213e-38,2.7090744430213e-38,-86.501626491159,1,160
1.05,200,-11.210301698354,nan,nan,nan,0.89178761032729,1.1213432306298,nan,nan,20,2,2,158,-2.0526945097446e-37,2.0526945097446e-37,-84.476495115693,1,160
1.05,200,-11.210301698354,nan,nan,nan,0.89178761032729,1.1213432306298,nan,nan,20,2,2,159,1.8347670772964e-37,1.8347670772964e-37,-84.588730900683,1,160
1.05,200,-11.210301698354,nan,nan,nan,0.89178761032729,1.1213432306298,nan,nan,20,2,2,160,1.9225625800514e-37,1.9225625800514e-37,-84.54198946752,1,160
1.1,200,-8.7956614523513,nan,nan,nan,0.78199723994286,1.2787768919403,nan,nan,20,2,2,1,0.043255132923187,0.043255132923187,-3.1406393723413,1,160
1.1,200,-8.7956614523513,nan,nan,nan,0.78199723994286,1.2787768919403,nan,nan,20,2,2,2,0.010736797560999,0.010736797560999,-4.5340784130435,1,160
1.1,200,-8.7956614523513,nan,nan,nan,0.78199723994286,1.2787768919403,nan,nan,20,2,2,3,0.0027476914007833,0.0027476914007833,-5.8969942104975,1,160
1.1,200,-8.7956614523513,nan,nan,nan,0.78199723994286,1.2787768919403,nan,nan,20,2,2,4,0.00072638998427224,0.00072638998427224,-7.2274235189437,1,160
1.1,200,-8.7956614523513,nan,nan,nan,0.78199723994286,1.2787768919403,nan,nan,20,2,2,5,0.00019648323869651,0.00019648323869651,-8.5349334295475,1,160
1.1,200,-8.7956614523513,nan,nan,nan,0.78199723994286,1.2787768919403,nan,nan,20,2,2,6,5.3949276844816e-05,5.3949276844816e-05,-9.8274662705239,1,160
1.1,200,-8.7956614523513,nan,nan,nan,0.78199723994286,1.2787768919403,nan,nan,20,2,2,7,1.4951853285702e-05,1.4951853285702e-05,-11.110675300212,1,160
1.1,200,-8.7956614523513,nan,nan,nan,0.78199723994286,1.2787768919403,nan,nan,20,2,2,8,4.1673285129582e-06,4.1673285129582e-06,-12.388235371828,1,160
1.1,200,-8.7956614523513,nan,nan,nan,0.78199723994286,1.2787768919403,nan,nan,20,2,2,9,1.165428034276e-06,1.165428034276e-06,-13.66242212703,1,160
1.1,200,-8.7956614523513,nan,nan,nan,0.78199723994286,1.2787768919403,nan,nan,20,2,2,10,3.2657367312709e-07,3.2657367312709e-07,-14.934610268578,1,160
1.1,200,-8.7956614523513,nan,nan,nan,0.78199723994286,1.2787768919403,nan,nan,20,2,2,11,9.161970165432e-08,9.161970165432e-08,-16.205619504831,1,160
1.1,200,-8.7956614523513,nan,nan,nan,0.78199723994286,1.2787768919403,nan,nan,20,2,2,12,2.5721589954125e-08,2.5721589954125e-08,-17.475935121676,1,160
1.1,200,-8.7956614523513,nan,nan,nan,0.78199723994286,1.2787768919403,nan,nan,20,2,2,13,7.2240994906807e-09,7.2240994906807e-09,-18.745843248684,1,160
1.1,200,-8.7956614523513,nan,nan,nan,0.78199723994286,1.2787768919403,nan,nan,20,2,2,14,2.0294273218517e-09,2.0294273218517e-09,-20.015512191155,1,160
1.1,200,-8.7956614523513,nan,nan,nan,0.78199723994286,1.2787768919403,nan,nan,20,2,2,15,5.701960816672e-10,5.701960816672e-10,-21.28504081133,1,160
1.1,200,-8.7956614523513,nan,nan,nan,0.78199723994286,1.2787768919403,nan,nan,20,2,2,16,1.6021777484012e-10,1.6021777484012e-10,-22.554487133391,1,160
1.1,200,-8.7956614523513,nan,nan,nan,0.78199723994286,1.2787768919403,nan,nan,20,2,2,17,4.5021309371812e-11,4.5021309371812e-11,-23.823885196648,1,160
1.1,200,-8.7956614523513,nan,nan,nan,0.78199723994286,1.2787768919403,nan,nan,20,2,2,18,1.2651378121011e-11,1.2651378121011e-11,-25.093254964316,1,160
1.1,200,-8.7956614523513,nan,nan,nan,0.78199723994286,1.2787768919403,nan,nan,20,2,2,19,3.5552058767379e-12,3.5552058767379e-12,-26.362608142469,1,160
1.1,200,-8.7956614523513,nan,nan,nan,0.78199723994286,1.2787768919403,nan,nan,20,2,2,20,9.9906995399736e-13,9.9906995399736e-13,-27.631951594692,1,160
1.1,200,-8.7956614523513,nan,nan,nan,0.78199723994286,1.2787768919403,nan,nan,20,2,2,21,2.8075630465135e-13,2.8075630465135e-13,-28.901289345084,1,160
1.1,200,-8.7956614523513,nan,nan,nan,0.78199723994286,1.2787768919403,nan,nan,20,2,2,22,7.8897744638543e-14,7.8897744638543e-14,-30.17062375253,1,160
1.1,200,-8.7956614523513,nan,nan,nan,0.78199723994286,1.2787768919403,nan,nan,20,2,2,23,2.2171777461259e-14,2.2171777461259e-14,-31.43995620033,1,160
1.1,200,-8.7956614523513,nan,nan,nan,0.78199723994286,1.2787768919403,nan,nan,20,2,2,24,6.2307013048557e-15,6.2307013048557e-15,-32.709287499449,1,160
1.1,200,-8.7956614523513,nan,nan,nan,0.78199723994286,1.2787768919403,nan,nan,20,2,2,25,1.7509496010666e-15,1.7509496010666e-15,-33.978618124964,1,160
1.1,200,-8.7956614523513,nan,nan,nan,0.78199723994286,1.2787768919403,nan,nan,20,2,2,26,4.9205146676497e-16,4.9205146676497e-16,-35.247948355626,1,160
1.1,200,-8.7956614523513,nan,nan,nan,0.78199723994286,1.2787768919403,nan,nan,20,2,2,27,1.3827622556173e-16,1.3827622556173e-16,-36.517278354831,1,160
1.1,200,-8.7956614523513,nan,nan,nan,0.78199723994286,1.2787768919403,nan,nan,20,2,2,28,3.8858368365076e-17,3.8858368365076e-17,-37.786608218342,1,160
1.1,200,-8.7956614523513,nan,nan,nan,0.78199723994286,1.2787768919403,nan,nan,20,2,2,29,1.0919974898191e-17,1.0919974898191e-17,-39.055938002279,1,160
1.1,200,-8.7956614523513,nan,nan,nan,0.78199723994286,1.2787768919403,nan,nan,20,2,2,30,3.0687304273413e-18,3.0687304273413e-18,-40.325267739408,1,160
1.1,200,-8.7956614523513,nan,nan,nan,0.78199723994286,1.2787768919403,nan,nan,20,2,2,31,8.623743899916e-19,8.623743899916e-19,-41.594597449368,1,160
1.1,200,-8.7956614523513,nan,nan,nan,0.78199723994286,1.2787768919403,nan,nan,20,2,2,32,2.4234438909472e-19,2.4234438909472e-19,-42.863927142926,1,160
1.1,200,-8.7956614523513,nan,nan,nan,0.78199723994286,1.2787768919403,nan,nan,20,2,2,33,6.8103603442982e-20,6.8103603442982e-20,-44.133256827126,1,160
1.1,200,-8.7956614523513,nan,nan,nan,0.78199723994286,1.2787768919403,nan,nan,20,2,2,34,1.9138470022337e-20,1.9138470022337e-20,-45.402586506182,1,160
1.1,200,-8.7956614523513,nan,nan,nan,0.78199723994286,1.2787768919403,nan,nan,20,2,2,35,5.3782915653734e-21,5.3782915653734e-21,-46.671916182036,1,160
1.1,200,-8.7956614523513,nan,nan,nan,0.78199723994286,1.2787768919403,nan,nan,20,2,2,36,1.5114071389409e-21,1.5114071389409e-21,-47.941245855885,1,160
1.1,200,-8.7956614523513,nan,nan,nan,0.78199723994286,1.2787768919403,nan,nan,20,2,2,37,4.2473553437953e-22,4.2473553437953e-22,-49.210575528672,1,160
1.1,200,-8.7956614523513,nan,nan,nan,0.78199723994286,1.2787768919403,nan,nan,20,2,2,38,1.1935915192316e-22,1.1935915192316e-22,-50.479905200628,1,160
1.1,200,-8.7956614523513,nan,nan,nan,0.78199723994286,1.2787768919403,nan,nan,20,2,2,39,3.3542301032735e-23,3.3542301032735e-23,-51.749234872188,1,160
1.1,200,-8.7956614523513,nan,nan,nan,0.78199723994286,1.2787768919403,nan,nan,20,2,2,40,9.4260552329488e-24,9.4260552329488e-24,-53.018564543735,1,160
1.1,200,-8.7956614523513,nan,nan,nan,0.78199723994286,1.2787768919403,nan,nan,20,2,2,41,2.6489094226527e-24,2.6489094226527e-24,-54.287894215186,1,160
1.1,200,-8.7956614523513,nan,nan,nan,0.78199723994286,1.2787768919403,nan,nan,20,2,2,42,7.4439635208288e-25,7.4439635208288e-25,-55.557223886563,1,160
1.1,200,-8.7956614523513,nan,nan,nan,0.78199723994286,1.2787768919403,nan,nan,20,2,2,43,2.0919021402541e-25,2.0919021402541e-25,-56.826553557824,1,160
1.1,200,-8.7956614523513,nan,nan,nan,0.78199723994286,1.2787768919403,nan,nan,20,2,2,44,5.8786620218184e-26,5.8786620218184e-26,-58.095883229137,1,160
1.1,200,-8.7956614523513,nan,nan,nan,0.78199723994286,1.2787768919403,nan,nan,20,2,2,45,1.6520212155369e-26,1.6520212155369e-26,-59.365212900494,1,160
1.1,200,-8.7956614523513,nan,nan,nan,0.78199723994286,1.2787768919403,nan,nan,20,2,2,46,4.6425089370565e-27,4.6425089370565e-27,-60.634542571544,1,160
1.1,200,-8.7956614523513,nan,nan,nan,0.78199723994286,1.2787768919403,nan,nan,20,2,2,47,1.3046375571579e-27,1.3046375571579e-27,-61.903872242618,1,160
1.1,200,-8.7956614523513,nan,nan,nan,0.78199723994286,1.2787768919403,nan,nan,20,2,2,48,3.6662916078136e-28,3.6662916078136e-28,-63.173201913713,1,160
1.1,200,-8.7956614523513,nan,nan,nan,0.78199723994286,1.2787768919403,nan,nan,20,2,2,49,1.0303010272987e-28,1.0303010272987e-28,-64.442531584778,1,160
1.1,200,-8.7956614523513,nan,nan,nan,0.78199723994286,1.2787768919403,nan,nan,20,2,2,50,2.8953512699974e-29,2.8953512699974e-29,-65.711861256376,1,160
1.1,200,-8.7956614523513,nan,nan,nan,0.78199723994286,1.2787768919403,nan,nan,20,2,2,51,8.136514242628e-30,8.136514242628e-30,-66.981190927243,1,160
1.1,200,-8.7956614523513,nan,nan,nan,0.78199723994286,1.2787768919403,nan,nan,20,2,2,52,2.2865227027726e-30,2.2865227027726e-30,-68.250520596705,1,160
1.1,200,-8.7956614523513,nan,nan,nan,0.78199723994286,1.2787768919403,nan,nan,20,2,2,53,6.4255845524616e-31,6.4255845524616e-31,-69.519850275245,1,160
1.1,200,-8.7956614523513,nan,nan,nan,0.78199723994286,1.2787768919403,nan,nan,20,2,2,54,1.805717418336e-31,1.805717418336e-31,-70.789179908316,1,160
1.1,200,-8.7956614523513,nan,nan,nan,0.78199723994286,1.2787768919403,nan,nan,20,2,2,55,5.0744254545728e-32,5.0744254545728e-32,-72.058509668212,1,160
1.1,200,-8.7956614523513,nan,nan,nan,0.78199723994286,1.2787768919403,nan,nan,20,2,2,56,1.4260137700055e-32,1.4260137700055e-32,-73.327839997479,1,160
1.1,200,-8.7956614523513,nan,nan,nan,0.78199723994286,1.2787768919403,nan,nan,20,2,2,57,4.0073961843278e-33,4.0073961843278e-33,-74.597166368983,1,160
1.1,200,-8.7956614523513,nan,nan,nan,0.78199723994286,1.2787768919403,nan,nan,20,2,2,58,1.1261479321645e-33,1.1261479321645e-33,-75.866505169239,1,160
1.1,200,-8.7956614523513,nan,nan,nan,0.78199723994286,1.2787768919403,nan,nan,20,2,2,59,3.164565329681e-34,3.164565329681e-34,-77.135877452227,1,160
1.1,200,-8.7956614523513,nan,nan,nan,0.78199723994286,1.2787768919403,nan,nan,20,2,2,60,8.8932480227448e-35,8.8932480227448e-35,-78.405185915103,1,160
1.1,200,-8.7956614523513,nan,nan,nan,0.78199723994286,1.2787768919403,nan,nan,20,2,2,61,2.4986173152141e-35,2.4986173152141e-35,-79.674740749834,1,160
1.1,200,-8.7956614523513,nan,nan,nan,0.78199723994286,1.2787768919403,nan,nan,20,2,2,62,7.0156316891224e-36,7.0156316891224e-36,-80.944922589943,1,160
1.1,200,-8.7956614523513,nan,nan,nan,0.78199723994286,1.2787768919403,nan,nan,20,2,2,63,1.9713637700129e-36,1.9713637700129e-36,-82.214337775501,1,160
1.1,200,-8.7956614523513,nan,nan,nan,0.78199723994286,1.2787768919403,nan,nan,20,2,2,64,5.6383189221201e-37,5.6383189221201e-37,-83.466062483153,1,160
1.1,200,-8.7956614523513,nan,nan,nan,0.78199723994286,1.2787768919403,nan,nan,20,2,2,65,1.3789680494465e-37,1.3789680494465e-37,-84.874313011601,1,160
1.1,200,-8.7956614523513,nan,nan,nan,0.78199723994286,1.2787768919403,nan,nan,20,2,2,66,4.3011063127955e-38,4.3011063127955e-38,-86.03936126212,1,160
1.1,200,-8.7956614523513,nan,nan,nan,0.78199723994286,1.2787768919403,nan,nan,20,2,2,67,1.6632636820784e-38,1.6632636820784e-38,-86.989451788057,1,160
1.1,200,-8.7956614523513,nan,nan,nan,0.78199723994286,1.2787768919403,nan,nan,20,2,2,68,4.7762173136187e-39,4.7762173136187e-39,-88.237169750536,1,160
1.1,200,-8.7956614523513,nan,nan,nan,0.78199723994286,1.2787768919403,nan,nan,20,2,2,69,1.9775789495906e-40,1.9775789495906e-40,-91.421530375959,1,160
1.1,200,-8.7956614523513,nan,nan,nan,0.78199723994286,1.2787768919403,nan,nan,20,2,2,70,-9.3538613034259e-41,9.3538613034259e-41,-92.170199581077,1,160
1.1,200,-8.7956614523513,nan,nan,nan,0.78199723994286,1.2787768919403,nan,nan,20,2,2,71,-9.5039852915182e-39,9.5039852915182e-39,-87.549107411758,1,160
1.1,200,-8.7956614523513,nan,nan,nan,0.78199723994286,1.2787768919403,nan,nan,20,2,2,72,-6.6532807389661e-39,6.6532807389661e-39,-87.905708549549,1,160
1.1,200,-8.7956614523513,nan,nan,nan,0.78199723994286,1.2787768919403,nan,nan,20,2,2,73,-4.2234794848049e-39,4.2234794848049e-39,-88.360159315986,1,160
1.1,200,-8.7956614523513,nan,nan,nan,0.78199723994286,1.2787768919403,nan,nan,20,2,2,74,6.5145040116039e-39,6.5145040116039e-39,-87.926787549311,1,160
1.1,200,-8.7956614523513,nan,nan,nan,0.78199723994286,1.2787768919403,nan,nan,20,2,2,75,-8.1321686467578e-40,8.1321686467578e-40,-90.007576085554,1,160
1.1,200,-8.7956614523513,nan,nan,nan,0.78199723994286,1.2787768919403,nan,nan,20,2,2,76,5.8133973153519e-39,5.8133973153519e-39,-88.040653490934,1,160
1.1,200,-8.7956614523513,nan,nan,nan,0.78199723994286,1.2787768919403,nan,nan,20,2,2,77,1.2752579642501e-39,1.2752579642501e-39,-89.55767014372,1,160
1.1,200,-8.7956614523513,nan,nan,nan,0.78199723994286,1.2787768919403,nan,nan,20,2,2,78,-5.9654023027117e-39,5.9654023027117e-39,-88.014842129618,1,160
1.1,200,-8.7956614523513,nan,nan,nan,0.78199723994286,1.2787768919403,nan,nan,20,2,2,79,-1.1682566582364e-39,1.1682566582364e-39,-89.645306024861,1,160
1.1,200,-8.7956614523513,nan,nan,nan,0.78199723994286,1.2787768919403,nan,nan,20,2,2,80,2.9972012183599e-39,2.9972012183599e-39,-88.703139700761,1,160
1.1,200,-8.7956614523513,nan,nan,nan,0.78199723994286,1.2787768919403,nan,nan,20,2,2,81,2.4677372774462e-40,2.4677372774462e-40,-91.200102070987,1,160
1.1,200,-8.7956614523513,nan,nan,nan,0.78199723994286,1.2787768919403,nan,nan,20,2,2,82,-6.5733404573698e-39,6.5733404573698e-39,-87.917796482484,1,160
1.1,200,-8.7956614523513,nan,nan,nan,0.78199723994286,1.2787768919403,nan,nan,20,2,2,83,4.8252844426388e-39,4.8252844426388e-39,-88.226948941872,1,160
1.1,200,-8.7956614523513,nan,nan,nan,0.78199723994286,1.2787768919403,nan,nan,20,2,2,84,1.5544358748027e-39,1.5544358748027e-39,-89.359705928435,1,160
1.1,200,-8.7956614523513,nan,nan,nan,0.78199723994286,1.2787768919403,nan,nan,20,2,2,85,-1.2266547467801e-39,1.2266547467801e-39,-89.596527880601,1,160
1.1,200,-8.7956614523513,nan,nan,nan,0.78199723994286,1.2787768919403,nan,nan,20,2,2,86,-2.6912348341595e-40,2.6912348341595e-40,-91.113403585322,1,160
1.1,200,-8.7956614523513,nan,nan,nan,0.78199723994286,1.2787768919403,nan,nan,20,2,2,87,1.2310814207769e-38,1.2310814207769e-38,-87.290340546779,1,160
1.1,200,-8.7956614523513,nan,nan,nan,0.78199723994286,1.2787768919403,nan,nan,20,2,2,88,-4.362061914259e-39,4.362061914259e-39,-88.327873765082,1,160
1.1,200,-8.7956614523513,nan,nan,nan,0.78199723994286,1.2787768919403,nan,nan,20,2,2,89,8.2863019438367e-39,8.2863019438367e-39,-87.686214843536,1,160
1.1,200,-8.7956614523513,nan,nan,nan,0.78199723994286,1.2787768919403,nan,nan,20,2,2,90,-4.0156711979804e-40,4.0156711979804e-40,-90.713199213737,1,160
1.1,200,-8.7956614523513,nan,nan,nan,0.78199723994286,1.2787768919403,nan,nan,20,2,2,91,3.6180294962084e-39,3.6180294962084e-39,-88.5148890872,1,160
1.1,200,-8.7956614523513,nan,nan,nan,0.78199723994286,1.2787768919403,nan,nan,20,2,2,92,-1.3679702900524e-39,1.3679702900524e-39,-89.487490525601,1,160
1.1,200,-8.7956614523513,nan,nan,nan,0.78199723994286,1.2787768919403,nan,nan,20,2,2,93,1.1056318773421e-38,1.1056318773421e-38,-87.39781652754,1,160
1.1,200,-8.7956614523513,nan,nan,nan,0.78199723994286,1.2787768919403,nan,nan,20,2,2,94,-3.2750560599494e-39,3.2750560599494e-39,-88.614483640285,1,160
1.1,200,-8.7956614523513,nan,nan,nan,0.78199723994286,1.2787768919403,nan,nan,20,2,2,95,-7.7878949562858e-39,7.7878949562858e-39,-87.748248027242,1,160
1.1,200,-8.7956614523513,nan,nan,nan,0.78199723994286,1.2787768919403,nan,nan,20,2,2,96,-2.6477549046496e-39,2.6477549046496e-39,-88.827106551644,1,160
1.1,200,-8.7956614523513,nan,nan,nan,0.78199723994286,1.2787768919403,nan,nan,20,2,2,97,-1.2843268491815e-39,1.2843268491815e-39,-89.550583898456,1,160
1.1,200,-8.7956614523513,nan,nan,nan,0.78199723994286,1.2787768919403,nan,nan,20,2,2,98,5.5521888254605e-39,5.5521888254605e-39,-88.086626393792,1,160
1.1,200,-8.7956614523513,nan,nan,nan,0.78199723994286,1.2787768919403,nan,nan,20,2,2,99,2.8181019038881e-40,2.8181019038881e-40,-91.067340145162,1,160
1.1,200,-8.7956614523513,nan,nan,nan,0.78199723994286,1.2787768919403,nan,nan,20,2,2,100,-1.2817778156788e-39,1.2817778156788e-39,-89.552570593992,1,160
1.1,200,-8.7956614523513,nan,nan,nan,0.78199723994286,1.2787768919403,nan,nan,20,2,2,101,1.5330781922305e-39,1.5330781922305e-39,-89.373541022158,1,160
1.1,200,-8.7956614523513,nan,nan,nan,0.78199723994286,1.2787768919403,nan,nan,20,2,2,102,2.0286408173217e-39,2.0286408173217e-39,-89.093452606079,1,160
1.1,200,-8.7956614523513,nan,nan,nan,0.78199723994286,1.2787768919403,nan,nan,20,2,2,103,4.5471710073318e-40,4.5471710073318e-40,-90.5888984368,1,160
1.1,200,-8.7956614523513,nan,nan,nan,0.78199723994286,1.2787768919403,nan,nan,20,2,2,104,9.5659277594966e-39,9.5659277594966e-39,-87.542611033337,1,160
1.1,200,-8.7956614523513,nan,nan,nan,0.78199723994286,1.2787768919403,nan,nan,20,2,2,105,6.1111679514591e-40,6.1111679514591e-40,-90.293285810761,1,160
1.1,200,-8.7956614523513,nan,nan,nan,0.78199723994286,1.2787768919403,nan,nan,20,2,2,106,-2.4997225168771e-39,2.4997225168771e-39,-88.884638894303,1,160
1.1,200,-8.7956614523513,nan,nan,nan,0.78199723994286,1.2787768919403,nan,nan,20,2,2,107,8.4998561936436e-39,8.4998561936436e-39,-87.66076938181,1,160
1.1,200,-8.7956614523513,nan,nan,nan,0.78199723994286,1.2787768919403,nan,nan,20,2,2,108,4.7892893743637e-39,4.7892893743637e-39,-88.234436582434,1,160
1.1,200,-8.7956614523513,nan,nan,nan,0.78199723994286,1.2787768919403,nan,nan,20,2,2,109,-4.7705305088885e-39,4.7705305088885e-39,-88.238361110255,1,160
1.1,200,-8.7956614523513,nan,nan,nan,0.78199723994286,1.2787768919403,nan,nan,20,2,2,110,-3.2440684877815e-39,3.2440684877815e-39,-88.623990378598,1,160
1.1,200,-8.7956614523513,nan,nan,nan,0.78199723994286,1.2787768919403,nan,nan,20,2,2,111,-1.6307826391763e-38,1.6307826391763e-38,-87.009173487455,1,160
1.1,200,-8.7956614523513,nan,nan,nan,0.78199723994286,1.2787768919403,nan,nan,20,2,2,112,9.0256087134659e-40,9.0256087134659e-40,-89.903337770342,1,160
1.1,200,-8.7956614523513,nan,nan,nan,0.78199723994286,1.2787768919403,nan,nan,20,2,2,113,-5.7982199904863e-39,5.7982199904863e-39,-88.04326765451,1,160
1.1,200,-8.7956614523513,nan,nan,nan,0.78199723994286,1.2787768919403,nan,nan,20,2,2,114,4.145783406971e-39,4.145783406971e-39,-88.378726855563,1,160
1.1,200,-8.7956614523513,nan,nan,nan,0.78199723994286,1.2787768919403,nan,nan,20,2,2,115,-9.8957874253843e-40,9.8957874253843e-40,-89.811294565765,1,160
1.1,200,-8.7956614523513,nan,nan,nan,0.78199723994286,1.2787768919403,nan,nan,20,2,2,116,2.9684125736026e-39,2.9684125736026e-39,-88.712791303845,1,160
1.1,200,-8.7956614523513,nan,nan,nan,0.78199723994286,1.2787768919403,nan,nan,20,2,2,117,9.1067972601762e-39,9.1067972601762e-39,-87.591797540407,1,160
1.1,200,-8.7956614523513,nan,nan,nan,0.78199723994286,1.2787768919403,nan,nan,20,2,2,118,1.887580943783e-39,1.887580943783e-39,-89.165522541423,1,160
1.1,200,-8.7956614523513,nan,nan,nan,0.78199723994286,1.2787768919403,nan,nan,20,2,2,119,1.3893587677522e-38,1.3893587677522e-38,-87.169391211235,1,160
1.1,200,-8.7956614523513,nan,nan,nan,0.78199723994286,1.2787768919403,nan,nan,20,2,2,120,-3.6292793676925e-39,3.6292793676925e-39,-88.511784519496,1,160
1.1,200,-8.7956614523513,nan,nan,nan,0.78199723994286,1.2787768919403,nan,nan,20,2,2,121,6.9722116205749e-39,6.9722116205749e-39,-87.858886146648,1,160
1.1,200,-8.7956614523513,nan,nan,nan,0.78199723994286,1.2787768919403,nan,nan,20,2,2,122,4.1985832535059e-40,4.1985832535059e-40,-90.668656571972,1,160
1.1,200,-8.7956614523513,nan,nan,nan,0.78199723994286,1.2787768919403,nan,nan,20,2,2,123,-5.4224273723806e-39,5.4224273723806e-39,-88.11027505689,1,160
1.1,200,-8.7956614523513,nan,nan,nan,0.78199723994286,1.2787768919403,nan,nan,20,2,2,124,7.2327476792216e-39,7.2327476792216e-39,-87.822199624174,1,160
1.1,200,-8.7956614523513,nan,nan,nan,0.78199723994286,1.2787768919403,nan,nan,20,2,2,125,5.6865192569738e-40,5.6865192569738e-40,-90.365305388688,1,160
1.1,200,-8.7956614523513,nan,nan,nan,0.78199723994286,1.2787768919403,nan,nan,20,2,2,126,1.0256517263281e-38,1.0256517263281e-38,-87.472905292674,1,160
1.1,200,-8.7956614523513,nan,nan,nan,0.78199723994286,1.2787768919403,nan,nan,20,2,2,127,-6.1350680536054e-39,6.1350680536054e-39,-87.986797455984,1,160
1.1,200,-8.7956614523513,nan,nan,nan,0.78199723994286,1.2787768919403,nan,nan,20,2,2,128,1.098025365389e-39,1.098025365389e-39,-89.7073051825,1,160
1.1,200,-8.7956614523513,nan,nan,nan,0.78199723994286,1.2787768919403,nan,nan,20,2,2,129,8.0648801789663e-39,8.0648801789663e-39,-87.713299772218,1,160
1.1,200,-8.7956614523513,nan,nan,nan,0.78199723994286,1.2787768919403,nan,nan,20,2,2,130,2.0606784089969e-39,2.0606784089969e-39,-89.077783373426,1,160
1.1,200,-8.7956614523513,nan,nan,nan,0.78199723994286,1.2787768919403,nan,nan,20,2,2,131,-7.9668443763368e-39,7.9668443763368e-39,-87.725530150094,1,160
1.1,200,-8.7956614523513,nan,nan,nan,0.78199723994286,1.2787768919403,nan,nan,20,2,2,132,-2.5765241065298e-39,2.5765241065298e-39,-88.854377381717,1,160
1.1,200,-8.7956614523513,nan,nan,nan,0.78199723994286,1.2787768919403,nan,nan,20,2,2,133,2.0053078657326e-39,2.0053078657326e-39,-89.105021028803,1,160
1.1,200,-8.7956614523513,nan,nan,nan,0.78199723994286,1.2787768919403,nan,nan,20,2,2,134,-3.5329525218135e-39,3.5329525218135e-39,-88.538684696971,1,160
1.1,200,-8.7956614523513,nan,nan,nan,0.78199723994286,1.2787768919403,nan,nan,20,2,2,135,-5.3600361343832e-39,5.3600361343832e-39,-88.121847910218,1,160
1.1,200,-8.7956614523513,nan,nan,nan,0.78199723994286,1.2787768919403,nan,nan,20,2,2,136,-2.4134700253985e-39,2.4134700253985e-39,-88.919753070284,1,160
1.1,200,-8.7956614523513,nan,nan,nan,0.78199723994286,1.2787768919403,nan,nan,20,2,2,137,1.5083468225432e-39,1.5083468225432e-39,-89.389804395201,1,160
1.1,200,-8.7956614523513,nan,nan,nan,0.78199723994286,1.2787768919403,nan,nan,20,2,2,138,-7.1437830225524e-39,7.1437830225524e-39,-87.834576155638,1,160
1.1,200,-8.7956614523513,nan,nan,nan,0.78199723994286,1.2787768919403,nan,nan,20,2,2,139,-1.3620639353089e-38,1.3620639353089e-38,-87.189232384924,1,160
1.1,200,-8.7956614523513,nan,nan,nan,0.78199723994286,1.2787768919403,nan,nan,20,2,2,140,1.5297971322016e-38,1.5297971322016e-38,-87.073098400493,1,160
1.1,200,-8.7956614523513,nan,nan,nan,0.78199723994286,1.2787768919403,nan,nan,20,2,2,141,-1.5845477585994e-39,1.5845477585994e-39,-89.340519585956,1,160
1.1,200,-8.7956614523513,nan,nan,nan,0.78199723994286,1.2787768919403,nan,nan,20,2,2,142,-6.1440360872269e-39,6.1440360872269e-39,-87.985336757368,1,160
1.1,200,-8.7956614523513,nan,nan,nan,0.78199723994286,1.2787768919403,nan,nan,20,2,2,143,1.5425145313282e-39,1.5425145313282e-39,-89.367404729381,1,160
1.1,200,-8.7956614523513,nan,nan,nan,0.78199723994286,1.2787768919403,nan,nan,20,2,2,144,-9.4237736864743e-39,9.4237736864743e-39,-87.55758301474,1,160
1.1,200,-8.7956614523513,nan,nan,nan,0.78199723994286,1.2787768919403,nan,nan,20,2,2,145,-6.5292323515939e-39,6.5292323515939e-39,-87.924529247573,1,160
1.1,200,-8.7956614523513,nan,nan,nan,0.78199723994286,1.2787768919403,nan,nan,20,2,2,146,-3.241208757152e-39,3.241208757152e-39,-88.624872293343,1,160
1.1,200,-8.7956614523513,nan,nan,nan,0.78199723994286,1.2787768919403,nan,nan,20,2,2,147,6.8041786720764e-39,6.8041786720764e-39,-87.883281692721,1,160
1.1,200,-8.7956614523513,nan,nan,nan,0.78199723994286,1.2787768919403,nan,nan,20,2,2,148,7.4803522751821e-39,7.4803522751821e-39,-87.788538740278,1,160
1.1,200,-8.7956614523513,nan,nan,nan,0.78199723994286,1.2787768919403,nan,nan,20,2,2,149,-1.1044145976502e-38,1.1044145976502e-38,-87.398918115067,1,160
1.1,200,-8.7956614523513,nan,nan,nan,0.78199723994286,1.2787768919403,nan,nan,20,2,2,150,-7.8498809426621e-39,7.8498809426621e-39,-87.740320261628,1,160
1.1,200,-8.7956614523513,nan,nan,nan,0.78199723994286,1.2787768919403,nan,nan,20,2,2,151,-2.4157417264179e-39,2.4157417264179e-39,-88.918812253727,1,160
1.1,200,-8.7956614523513,nan,nan,nan,0.78199723994286,1.2787768919403,nan,nan,20,2,2,152,6.9248593349056e-39,6.9248593349056e-39,-87.86570088755,1,160
1.1,200,-8.7956614523513,nan,nan,nan,0.78199723994286,1.2787768919403,nan,nan,20,2,2,153,-3.4547475453839e-39,3.4547475453839e-39,-88.561069241571,1,160
1.1,200,-8.7956614523513,nan,nan,nan,0.78199723994286,1.2787768919403,nan,nan,20,2,2,154,-2.1192465841479e-39,2.1192465841479e-39,-89.049757986084,1,160
1.1,200,-8.7956614523513,nan,nan,nan,0.78199723994286,1.2787768919403,nan,nan,20,2,2,155,-6.9842401810202e-39,6.9842401810202e-39,-87.857162418641,1,160
1.1,200,-8.7956614523513,nan,nan,nan,0.78199723994286,1.2787768919403,nan,nan,20,2,2,156,-2.9061372200848e-39,2.9061372200848e-39,-88.73399384316,1,160
1.1,200,-8.7956614523513,nan,nan,nan,0.78199723994286,1.2787768919403,nan,nan,20,2,2,157,-7.6087248408181e-39,7.6087248408181e-39,-87.771523032559,1,160
1.1,200,-8.7956614523513,nan,nan,nan,0.78199723994286,1.2787768919403,nan,nan,20,2,2,158,-2.2002203306182e-40,2.2002203306182e-40,-91.314846214131,1,160
1.1,200,-8.7956614523513,nan,nan,nan,0.78199723994286,1.2787768919403,nan,nan,20,2,2,159,-1.7204710310935e-40,1.7204710310935e-40,-91.560805611141,1,160
1.1,200,-8.7956614523513,nan,nan,nan,0.78199723994286,1.2787768919403,nan,nan,20,2,2,160,1.6652921891144e-38,1.6652921891144e-38,-86.98823293678,1,160
1.15,200,-6.9381603610176,nan,nan,nan,0.69708031866102,1.4345549188949,nan,nan,20,2,2,1,0.037865139399675,0.037865139399675,-3.2737243949316,1,160
1.15,200,-6.9381603610176,nan,nan,nan,0.69708031866102,1.4345549188949,nan,nan,20,2,2,2,0.007958850843053,0.007958850843053,-4.8334706559983,1,160
1.15,200,-6.9381603610176,nan,nan,nan,0.69708031866102,1.4345549188949,nan,nan,20,2,2,3,0.0017389007830918,0.0017389007830918,-6.3545020992389,1,160
1.15,200,-6.9381603610176,nan,nan,nan,0.69708031866102,1.4345549188949,nan,nan,20,2,2,4,0.00039341877854572,0.00039341877854572,-7.8406359191737,1,160
1.15,200,-6.9381603610176,nan,nan,nan,0.69708031866102,1.4345549188949,nan,nan,20,2,2,5,9.1151644859013e-05,9.1151644859013e-05,-9.3029860113742,1,160
1.15,200,-6.9381603610176,nan,nan,nan,0.69708031866102,1.4345549188949,nan,nan,20,2,2,6,2.1447075344539e-05,2.1447075344539e-05,-10.74992226946,1,160
1.15,200,-6.9381603610176,nan,nan,nan,0.69708031866102,1.4345549188949,nan,nan,20,2,2,7,5.0949694336185e-06,5.0949694336185e-06,-12.187256890597,1,160
1.15,200,-6.9381603610176,nan,nan,nan,0.69708031866102,1.4345549188949,nan,nan,20,2,2,8,1.2174473464178e-06,1.2174473464178e-06,-13.61875423022,1,160
1.15,200,-6.9381603610176,nan,nan,nan,0.69708031866102,1.4345549188949,nan,nan,20,2,2,9,2.9193007618032e-07,2.9193007618032e-07,-15.04675152849,1,160
1.15,200,-6.9381603610176,nan,nan,nan,0.69708031866102,1.4345549188949,nan,nan,20,2,2,10,7.0147432734778e-08,7.0147432734778e-08,-16.472666627863,1,160
1.15,200,-6.9381603610176,nan,nan,nan,0.69708031866102,1.4345549188949,nan,nan,20,2,2,11,1.6876417095125e-08,1.6876417095125e-08,-17.897348627706,1,160
1.15,200,-6.9381603610176,nan,nan,nan,0.69708031866102,1.4345549188949,nan,nan,20,2,2,12,4.0631702782028e-09,4.0631702782028e-09,-19.321302311343,1,160
1.15,200,-6.9381603610176,nan,nan,nan,0.69708031866102,1.4345549188949,nan,nan,20,2,2,13,9.7867011200022e-10,9.7867011200022e-10,-20.744826494432,1,160
1.15,200,-6.9381603610176,nan,nan,nan,0.69708031866102,1.4345549188949,nan,nan,20,2,2,14,2.3578573466258e-10,2.3578573466258e-10,-22.168097627269,1,160
1.15,200,-6.9381603610176,nan,nan,nan,0.69708031866102,1.4345549188949,nan,nan,20,2,2,15,5.6815056267451e-11,5.6815056267451e-11,-23.591219750196,1,160
1.15,200,-6.9381603610176,nan,nan,nan,0.69708031866102,1.4345549188949,nan,nan,20,2,2,16,1.3691387150847e-11,1.3691387150847e-11,-25.014254155914,1,160
1.15,200,-6.9381603610176,nan,nan,nan,0.69708031866102,1.4345549188949,nan,nan,20,2,2,17,3.2995436819668e-12,3.2995436819668e-12,-26.437236935209,1,160
1.15,200,-6.9381603610176,nan,nan,nan,0.69708031866102,1.4345549188949,nan,nan,20,2,2,18,7.9519475711843e-13,7.9519475711843e-13,-27.860189332751,1,160
1.15,200,-6.9381603610176,nan,nan,nan,0.69708031866102,1.4345549188949,nan,nan,20,2,2,19,1.9164650263871e-13,1.9164650263871e-13,-29.28312385194,1,160
1.15,200,-6.9381603610176,nan,nan,nan,0.69708031866102,1.4345549188949,nan,nan,20,2,2,20,4.6188393505766e-14,4.6188393505766e-14,-30.706047851204,1,160
1.15,200,-6.9381603610176,nan,nan,nan,0.69708031866102,1.4345549188949,nan,nan,20,2,2,21,1.1131854069063e-14,1.1131854069063e-14,-32.128965660472,1,160
1.15,200,-6.9381603610176,nan,nan,nan,0.69708031866102,1.4345549188949,nan,nan,20,2,2,22,2.6828953543518e-15,2.6828953543518e-15,-33.551879827451,1,160
1.15,200,-6.9381603610176,nan,nan,nan,0.69708031866102,1.4345549188949,nan,nan,20,2,2,23,6.4660773170989e-16,6.4660773170989e-16,-34.974791851188,1,160
1.15,200,-6.9381603610176,nan,nan,nan,0.69708031866102,1.4345549188949,nan,nan,20,2,2,24,1.5583987835384e-16,1.5583987835384e-16,-36.397702614583,1,160
1.15,200,-6.9381603610176,nan,nan,nan,0.69708031866102,1.4345549188949,nan,nan,20,2,2,25,3.7559225665156e-17,3.7559225665156e-17,-37.820612635709,1,160
1.15,200,-6.9381603610176,nan,nan,nan,0.69708031866102,1.4345549188949,nan,nan,20,2,2,26,9.052214776299e-18,9.052214776299e-18,-39.243522219459,1,160
1.15,200,-6.9381603610176,nan,nan,nan,0.69708031866102,1.4345549188949,nan,nan,20,2,2,27,2.1816907024216e-18,2.1816907024216e-18,-40.666431546107,1,160
1.15,200,-6.9381603610176,nan,nan,nan,0.69708031866102,1.4345549188949,nan,nan,20,2,2,28,5.2581331272487e-19,5.2581331272487e-19,-42.08934072191,1,160
1.15,200,-6.9381603610176,nan,nan,nan,0.69708031866102,1.4345549188949,nan,nan,20,2,2,29,1.2672725061166e-19,1.2672725061166e-19,-43.512249808866,1,160
1.15,200,-6.9381603610176,nan,nan,nan,0.69708031866102,1.4345549188949,nan,nan,20,2,2,30,3.054277344983e-20,3.054277344983e-20,-44.935158843526,1,160
1.15,200,-6.9381603610176,nan,nan,nan,0.69708031866102,1.4345549188949,nan,nan,20,2,2,31,7.3611716042276e-21,7.3611716042276e-21,-46.358067847446,1,160
1.15,200,-6.9381603610176,nan,nan,nan,0.69708031866102,1.4345549188949,nan,nan,20,2,2,32,1.7741299252412e-21,1.7741299252412e-21,-47.780976833089,1,160
1.15,200,-6.9381603610176,nan,nan,nan,0.69708031866102,1.4345549188949,nan,nan,20,2,2,33,4.2758642197644e-22,4.2758642197644e-22,-49.203885807241,1,160
1.15,200,-6.9381603610176,nan,nan,nan,0.69708031866102,1.4345549188949,nan,nan,20,2,2,34,1.0305341606763e-22,1.0305341606763e-22,-50.626794775457,1,160
1.15,200,-6.9381603610176,nan,nan,nan,0.69708031866102,1.4345549188949,nan,nan,20,2,2,35,2.4837099696112e-23,2.4837099696112e-23,-52.049703741025,1,160
1.15,200,-6.9381603610176,nan,nan,nan,0.69708031866102,1.4345549188949,nan,nan,20,2,2,36,5.9860366226551e-24,5.9860366226551e-24,-53.472612704394,1,160
1.15,200,-6.9381603610176,nan,nan,nan,0.69708031866102,1.4345549188949,nan,nan,20,2,2,37,1.4427060705035e-24,1.4427060705035e-24,-54.895521666158,1,160
1.15,200,-6.9381603610176,nan,nan,nan,0.69708031866102,1.4345549188949,nan,nan,20,2,2,38,3.47709334009e-25,3.47709334009e-25,-56.318430627179,1,160
1.15,200,-6.9381603610176,nan,nan,nan,0.69708031866102,1.4345549188949,nan,nan,20,2,2,39,8.3802087961719e-26,8.3802087961719e-26,-57.741339587651,1,160
1.15,200,-6.9381603610176,nan,nan,nan,0.69708031866102,1.4345549188949,nan,nan,20,2,2,40,2.0197300635703e-26,2.0197300635703e-26,-59.164248547258,1,160
1.15,200,-6.9381603610176,nan,nan,nan,0.69708031866102,1.4345549188949,nan,nan,20,2,2,41,4.8677898465553e-27,4.8677898465553e-27,-60.587157507033,1,160
1.15,200,-6.9381603610176,nan,nan,nan,0.69708031866102,1.4345549188949,nan,nan,20,2,2,42,1.1731952897789e-27,1.1731952897789e-27,-62.010066467575,1,160
1.15,200,-6.9381603610176,nan,nan,nan,0.69708031866102,1.4345549188949,nan,nan,20,2,2,43,2.8275402840778e-28,2.8275402840778e-28,-63.432975427684,1,160
1.15,200,-6.9381603610176,nan,nan,nan,0.69708031866102,1.4345549188949,nan,nan,20,2,2,44,6.8147086361732e-29,6.8147086361732e-29,-64.855884385906,1,160
1.15,200,-6.9381603610176,nan,nan,nan,0.69708031866102,1.4345549188949,nan,nan,20,2,2,45,1.6424258894015e-29,1.6424258894015e-29,-66.278793347077,1,160
1.15,200,-6.9381603610176,nan,nan,nan,0.69708031866102,1.4345549188949,nan,nan,20,2,2,46,3.9584418164443e-30,3.9584418164443e-30,-67.701702322685,1,160
1.15,200,-6.9381603610176,nan,nan,nan,0.69708031866102,1.4345549188949,nan,nan,20,2,2,47,9.5403161250672e-31,9.5403161250672e-31,-69.124611261105,1,160
1.15,200,-6.9381603610176,nan,nan,nan,0.69708031866102,1.4345549188949,nan,nan,20,2,2,48,2.2993301659227e-31,2.2993301659227e-31,-70.547520034504,1,160
1.15,200,-6.9381603610176,nan,nan,nan,0.69708031866102,1.4345549188949,nan,nan,20,2,2,49,5.5416648492247e-32,5.5416648492247e-32,-71.970428005895,1,160
1.15,200,-6.9381603610176,nan,nan,nan,0.69708031866102,1.4345549188949,nan,nan,20,2,2,50,1.3356054964475e-32,1.3356054964475e-32,-73.393338231391,1,160
1.15,200,-6.9381603610176,nan,nan,nan,0.69708031866102,1.4345549188949,nan,nan,20,2,2,51,3.2189825786089e-33,3.2189825786089e-33,-74.816242728552,1,160
1.15,200,-6.9381603610176,nan,nan,nan,0.69708031866102,1.4345549188949,nan,nan,20,2,2,52,7.757887236471e-34,7.757887236471e-34,-76.239183128014,1,160
1.15,200,-6.9381603610176,nan,nan,nan,0.69708031866102,1.4345549188949,nan,nan,20,2,2,53,1.8703253938982e-34,1.8703253938982e-34,-77.661780738636,1,160
1.15,200,-6.9381603610176,nan,nan,nan,0.69708031866102,1.4345549188949,nan,nan,20,2,2,54,4.5079706856528e-35,4.5079706856528e-35,-79.084631161374,1,160
1.15,200,-6.9381603610176,nan,nan,nan,0.69708031866102,1.4345549188949,nan,nan,20,2,2,55,1.0859246222506e-35,1.0859246222506e-35,-80.508046444298,1,160
1.15,200,-6.9381603610176,nan,nan,nan,0.69708031866102,1.4345549188949,nan,nan,20,2,2,56,2.6129320473962e-36,2.6129320473962e-36,-81.932590367174,1,160
1.15,200,-6.9381603610176,nan,nan,nan,0.69708031866102,1.4345549188949,nan,nan,20,2,2,57,7.0752099683292e-37,7.0752099683292e-37,-83.239051320188,1,160
1.15,200,-6.9381603610176,nan,nan,nan,0.69708031866102,1.4345549188949,nan,nan,20,2,2,58,1.6630602299184e-37,1.6630602299184e-37,-84.686989023595,1,160
1.15,200,-6.9381603610176,nan,nan,nan,0.69708031866102,1.4345549188949,nan,nan,20,2,2,59,3.4673091646999e-38,3.4673091646999e-38,-86.254854697496,1,160
1.15,200,-6.9381603610176,nan,nan,nan,0.69708031866102,1.4345549188949,nan,nan,20,2,2,60,1.3006800726514e-37,1.3006800726514e-37,-84.93276118029,1,160
1.15,200,-6.9381603610176,nan,nan,nan,0.69708031866102,1.4345549188949,nan,nan,20,2,2,61,6.865485169207e-38,6.865485169207e-38,-85.571726824188,1,160
1.15,200,-6.9381603610176,nan,nan,nan,0.69708031866102,1.4345549188949,nan,nan,20,2,2,62,1.1455753730204e-37,1.1455753730204e-37,-85.059741420801,1,160
1.15,200,-6.9381603610176,nan,nan,nan,0.69708031866102,1.4345549188949,nan,nan,20,2,2,63,-7.4684652326559e-39,7.4684652326559e-39,-87.790129106208,1,160
1.15,200,-6.9381603610176,nan,nan,nan,0.69708031866102,1.4345549188949,nan,nan,20,2,2,64,7.4789289054412e-39,7.4789289054412e-39,-87.788729039494,1,160
1.15,200,-6.9381603610176,nan,nan,nan,0.69708031866102,1.4345549188949,nan,nan,20,2,2,65,2.6506480236755e-38,2.6506480236755e-38,-86.523429386434,1,160
1.15,200,-6.9381603610176,nan,nan,nan,0.69708031866102,1.4345549188949,nan,nan,20,2,2,66,6.0110307627154e-38,6.0110307627154e-38,-85.704637291993,1,160
1.15,200,-6.9381603610176,nan,nan,nan,0.69708031866102,1.4345549188949,nan,nan,20,2,2,67,3.4597526594526e-39,3.4597526594526e-39,-88.559621525961,1,160
1.15,200,-6.9381603610176,nan,nan,nan,0.69708031866102,1.4345549188949,nan,nan,20,2,2,68,2.0061709093182e-37,2.0061709093182e-37,-84.499420555807,1,160
1.15,200,-6.9381603610176,nan,nan,nan,0.69708031866102,1.4345549188949,nan,nan,20,2,2,69,-2.3980997148849e-38,2.3980997148849e-38,-86.623556895512,1,160
1.15,200,-6.9381603610176,nan,nan,nan,0.69708031866102,1.4345549188949,nan,nan,20,2,2,70,-1.5595460816189e-37,1.5595460816189e-37,-84.75125363518,1,160
1.15,200,-6.9381603610176,nan,nan,nan,0.69708031866102,1.4345549188949,nan,nan,20,2,2,71,-2.0478996808435e-38,2.0478996808435e-38,-86.781418811759,1,160
1.15,200,-6.9381603610176,nan,nan,nan,0.69708031866102,1.4345549188949,nan,nan,20,2,2,72,-1.7914766354116e-38,1.7914766354116e-38,-86.91519331801,1,160
1.15,200,-6.9381603610176,nan,nan,nan,0.69708031866102,1.4345549188949,nan,nan,20,2,2,73,-5.4103243264584e-38,5.4103243264584e-38,-85.809924493274,1,160
1.15,200,-6.9381603610176,nan,nan,nan,0.69708031866102,1.4345549188949,nan,nan,20,2,2,74,1.8060094273333e-37,1.8060094273333e-37,-84.604528765791,1,160
1.15,200,-6.9381603610176,nan,nan,nan,0.69708031866102,1.4345549188949,nan,nan,20,2,2,75,-2.0221026901413e-38,2.0221026901413e-38,-86.794095628045,1,160
1.15,200,-6.9381603610176,nan,nan,nan,0.69708031866102,1.4345549188949,nan,nan,20,2,2,76,1.4280897373877e-38,1.4280897373877e-38,-87.141895830523,1,160
1.15,200,-6.9381603610176,nan,nan,nan,0.69708031866102,1.4345549188949,nan,nan,20,2,2,77,3.4649440713795e-38,3.4649440713795e-38,-86.255537042278,1,160
1.15,200,-6.9381603610176,nan,nan,nan,0.69708031866102,1.4345549188949,nan,nan,20,2,2,78,-1.2394901582232e-39,1.2394901582232e-39,-89.586118494425,1,160
1.15,200,-6.9381603610176,nan,nan,nan,0.69708031866102,1.4345549188949,nan,nan,20,2,2,79,4.13420462874e-38,4.13420462874e-38,-86.07893857477,1,160
1.15,200,-6.9381603610176,nan,nan,nan,0.69708031866102,1.4345549188949,nan,nan,20,2,2,80,-3.7953961572131e-38,3.7953961572131e-38,-86.164444739122,1,160
1.15,200,-6.9381603610176,nan,nan,nan,0.69708031866102,1.4345549188949,nan,nan,20,2,2,81,-1.7844365767537e-38,1.7844365767537e-38,-86.919130811643,1,160
1.15,200,-6.9381603610176,nan,nan,nan,0.69708031866102,1.4345549188949,nan,nan,20,2,2,82,8.9772191664595e-38,8.9772191664595e-38,-85.303543369076,1,160
1.15,200,-6.9381603610176,nan,nan,nan,0.69708031866102,1.4345549188949,nan,nan,20,2,2,83,-4.0413573399747e-38,4.0413573399747e-38,-86.101652922986,1,160
1.15,200,-6.9381603610176,nan,nan,nan,0.69708031866102,1.4345549188949,nan,nan,20,2,2,84,-1.7927384796713e-37,1.7927384796713e-37,-84.611904113085,1,160
1.15,200,-6.9381603610176,nan,nan,nan,0.69708031866102,1.4345549188949,nan,nan,20,2,2,85,1.917924883639e-37,1.917924883639e-37,-84.544404628986,1,160
1.15,200,-6.9381603610176,nan,nan,nan,0.69708031866102,1.4345549188949,nan,nan,20,2,2,86,1.116247272082e-37,1.116247272082e-37,-85.085676031398,1,160
1.15,200,-6.9381603610176,nan,nan,nan,0.69708031866102,1.4345549188949,nan,nan,20,2,2,87,2.5022117039409e-39,2.5022117039409e-39,-88.883643604417,1,160
1.15,200,-6.9381603610176,nan,nan,nan,0.69708031866102,1.4345549188949,nan,nan,20,2,2,88,9.8540899828241e-39,9.8540899828241e-39,-87.512932031084,1,160
1.15,200,-6.9381603610176,nan,nan,nan,0.69708031866102,1.4345549188949,nan,nan,20,2,2,89,5.4156250242513e-38,5.4156250242513e-38,-85.808945235374,1,160
1.15,200,-6.9381603610176,nan,nan,nan,0.69708031866102,1.4345549188949,nan,nan,20,2,2,90,9.1575951622901e-38,9.1575951622901e-38,-85.283649926424,1,160
1.15,200,-6.9381603610176,nan,nan,nan,0.69708031866102,1.4345549188949,nan,nan,20,2,2,91,-1.5786852091966e-38,1.5786852091966e-38,-87.041641179239,1,160
1.15,200,-6.9381603610176,nan,nan,nan,0.69708031866102,1.4345549188949,nan,nan,20,2,2,92,1.4498156779569e-37,1.4498156779569e-37,-84.824212011078,1,160
1.15,200,-6.9381603610176,nan,nan,nan,0.69708031866102,1.4345549188949,nan,nan,20,2,2,93,-3.4136530010244e-38,3.4136530010244e-38,-86.270450554572,1,160
1.15,200,-6.9381603610176,nan,nan,nan,0.69708031866102,1.4345549188949,nan,nan,20,2,2,94,9.4659174505635e-38,9.4659174505635e-38,-85.250535822953,1,160
1.15,200,-6.9381603610176,nan,nan,nan,0.69708031866102,1.4345549188949,nan,nan,20,2,2,95,-2.406650060732e-38,2.406650060732e-38,-86.619997769534,1,160
1.15,200,-6.9381603610176,nan,nan,nan,0.69708031866102,1.4345549188949,nan,nan,20,2,2,96,6.3152553376778e-39,6.3152553376778e-39,-87.957850438263,1,160
1.15,200,-6.9381603610176,nan,nan,nan,0.69708031866102,1.4345549188949,nan,nan,20,2,2,97,1.2689695268381e-38,1.2689695268381e-38,-87.260028358854,1,160
1.15,200,-6.9381603610176,nan,nan,nan,0.69708031866102,1.4345549188949,nan,nan,20,2,2,98,-5.0831082400148e-38,5.0831082400148e-38,-85.872310601022,1,160
1.15,200,-6.9381603610176,nan,nan,nan,0.69708031866102,1.4345549188949,nan,nan,20,2,2,99,1.6090309927029e-37,1.6090309927029e-37,-84.720016310865,1,160
1.15,200,-6.9381603610176,nan,nan,nan,0.69708031866102,1.4345549188949,nan,nan,20,2,2,100,8.9688060384099e-38,8.9688060384099e-38,-85.304480972648,1,160
1.15,200,-6.9381603610176,nan,nan,nan,0.69708031866102,1.4345549188949,nan,nan,20,2,2,101,7.6434714519544e-38,7.6434714519544e-38,-85.464381655266,1,160
1.15,200,-6.9381603610176,nan,nan,nan,0.69708031866102,1.4345549188949,nan,nan,20,2,2,102,1.2792780410588e-38,1.2792780410588e-38,-87.25193764539,1,160
1.15,200,-6.9381603610176,nan,nan,nan,0.69708031866102,1.4345549188949,nan,nan,20,2,2,103,-5.9865847461495e-39,5.9865847461495e-39,-88.011297536483,1,160
1.15,200,-6.9381603610176,nan,nan,nan,0.69708031866102,1.4345549188949,nan,nan,20,2,2,104,-5.7829017356887e-38,5.7829017356887e-38,-85.743327946669,1,160
1.15,200,-6.9381603610176,nan,nan,nan,0.69708031866102,1.4345549188949,nan,nan,20,2,2,105,-1.1685556349284e-37,1.1685556349284e-37,-85.039879954654,1,160
1.15,200,-6.9381603610176,nan,nan,nan,0.69708031866102,1.4345549188949,nan,nan,20,2,2,106,-4.4675385838794e-39,4.4675385838794e-39,-88.303981022183,1,160
1.15,200,-6.9381603610176,nan,nan,nan,0.69708031866102,1.4345549188949,nan,nan,20,2,2,107,-9.6422675943755e-39,9.6422675943755e-39,-87.534662318175,1,160
1.15,200,-6.9381603610176,nan,nan,nan,0.69708031866102,1.4345549188949,nan,nan,20,2,2,108,8.1915234507587e-38,8.1915234507587e-38,-85.395133639683,1,160
1.15,200,-6.9381603610176,nan,nan,nan,0.69708031866102,1.4345549188949,nan,nan,20,2,2,109,-2.7929807467751e-38,2.7929807467751e-38,-86.47112414022,1,160
1.15,200,-6.9381603610176,nan,nan,nan,0.69708031866102,1.4345549188949,nan,nan,20,2,2,110,-3.3254900584905e-38,3.3254900584905e-38,-86.296616484514,1,160
1.15,200,-6.9381603610176,nan,nan,nan,0.69708031866102,1.4345549188949,nan,nan,20,2,2,111,4.5135899494558e-39,4.5135899494558e-39,-88.293725792229,1,160
1.15,200,-6.9381603610176,nan,nan,nan,0.69708031866102,1.4345549188949,nan,nan,20,2,2,112,-4.892592713863e-38,4.892592713863e-38,-85.910511163463,1,160
1.15,200,-6.9381603610176,nan,nan,nan,0.69708031866102,1.4345549188949,nan,nan,20,2,2,113,-3.8237459843108e-38,3.8237459843108e-38,-86.157002967488,1,160
1.15,200,-6.9381603610176,nan,nan,nan,0.69708031866102,1.4345549188949,nan,nan,20,2,2,114,2.126772037742e-38,2.126772037742e-38,-86.743628178785,1,160
1.15,200,-6.9381603610176,nan,nan,nan,0.69708031866102,1.4345549188949,nan,nan,20,2,2,115,-1.3626973157443e-37,1.3626973157443e-37,-84.886182384815,1,160
1.15,200,-6.9381603610176,nan,nan,nan,0.69708031866102,1.4345549188949,nan,nan,20,2,2,116,-1.8644175147219e-37,1.8644175147219e-37,-84.572699761013,1,160
1.15,200,-6.9381603610176,nan,nan,nan,0.69708031866102,1.4345549188949,nan,nan,20,2,2,117,-4.0601526275615e-38,4.0601526275615e-38,-86.097012967871,1,160
1.15,200,-6.9381603610176,nan,nan,nan,0.69708031866102,1.4345549188949,nan,nan,20,2,2,118,2.0405720722588e-38,2.0405720722588e-38,-86.785003337652,1,160
1.15,200,-6.9381603610176,nan,nan,nan,0.69708031866102,1.4345549188949,nan,nan,20,2,2,119,9.4482878979453e-39,9.4482878979453e-39,-87.554985076497,1,160
1.15,200,-6.9381603610176,nan,nan,nan,0.69708031866102,1.4345549188949,nan,nan,20,2,2,120,-1.0485887270663e-37,1.0485887270663e-37,-85.148203250142,1,160
1.15,200,-6.9381603610176,nan,nan,nan,0.69708031866102,1.4345549188949,nan,nan,20,2,2,121,-8.9007760498351e-38,8.9007760498351e-38,-85.312095064226,1,160
1.15,200,-6.9381603610176,nan,nan,nan,0.69708031866102,1.4345549188949,nan,nan,20,2,2,122,9.9394590386708e-39,9.9394590386708e-39,-87.504306030249,1,160
1.15,200,-6.9381603610176,nan,nan,nan,0.69708031866102,1.4345549188949,nan,nan,20,2,2,123,1.8676648588161e-39,1.8676648588161e-39,-89.176129714826,1,160
1.15,200,-6.9381603610176,nan,nan,nan,0.69708031866102,1.4345549188949,nan,nan,20,2,2,124,1.4804421736684e-38,1.4804421736684e-38,-87.105892724627,1,160
1.15,200,-6.9381603610176,nan,nan,nan,0.69708031866102,1.4345549188949,nan,nan,20,2,2,125,-2.3965205716214e-38,2.3965205716214e-38,-86.624215610166,1,160
1.15,200,-6.9381603610176,nan,nan,nan,0.69708031866102,1.4345549188949,nan,nan,20,2,2,126,-8.6956449139368e-39,8.6956449139368e-39,-87.637996311047,1,160
1.15,200,-6.9381603610176,nan,nan,nan,0.69708031866102,1.4345549188949,nan,nan,20,2,2,127,-2.5485079181004e-38,2.5485079181004e-38,-86.562725476016,1,160
1.15,200,-6.9381603610176,nan,nan,nan,0.69708031866102,1.4345549188949,nan,nan,20,2,2,128,4.2266637896661e-38,4.2266637896661e-38,-86.056820554111,1,160
1.15,200,-6.9381603610176,nan,nan,nan,0.69708031866102,1.4345549188949,nan,nan,20,2,2,129,-3.2146505766723e-37,3.2146505766723e-37,-84.027929774324,1,160
1.15,200,-6.9381603610176,nan,nan,nan,0.69708031866102,1.4345549188949,nan,nan,20,2,2,130,2.2891186919431e-38,2.2891186919431e-38,-86.670066640961,1,160
1.15,200,-6.9381603610176,nan,nan,nan,0.69708031866102,1.4345549188949,nan,nan,20,2,2,131,-2.606994544566e-38,2.606994544566e-38,-86.540035491434,1,160
1.15,200,-6.9381603610176,nan,nan,nan,0.69708031866102,1.4345549188949,nan,nan,20,2,2,132,-9.8947353267776e-38,9.8947353267776e-38,-85.206230703255,1,160
1.15,200,-6.9381603610176,nan,nan,nan,0.69708031866102,1.4345549188949,nan,nan,20,2,2,133,5.2025243661347e-39,5.2025243661347e-39,-88.15167466395,1,160
1.15,200,-6.9381603610176,nan,nan,nan,0.69708031866102,1.4345549188949,nan,nan,20,2,2,134,-1.0997818430358e-37,1.0997818430358e-37,-85.100536605157,1,160
1.15,200,-6.9381603610176,nan,nan,nan,0.69708031866102,1.4345549188949,nan,nan,20,2,2,135,-5.7610123055553e-38,5.7610123055553e-38,-85.747120327015,1,160
1.15,200,-6.9381603610176,nan,nan,nan,0.69708031866102,1.4345549188949,nan,nan,20,2,2,136,-1.3628640587832e-37,1.3628640587832e-37,-84.886060029809,1,160
1.15,200,-6.9381603610176,nan,nan,nan,0.69708031866102,1.4345549188949,nan,nan,20,2,2,137,9.4394223683423e-38,9.4394223683423e-38,-85.253338745283,1,160
1.15,200,-6.9381603610176,nan,nan,nan,0.69708031866102,1.4345549188949,nan,nan,20,2,2,138,3.4482535967263e-38,3.4482535967263e-38,-86.260365634742,1,160
1.15,200,-6.9381603610176,nan,nan,nan,0.69708031866102,1.4345549188949,nan,nan,20,2,2,139,6.5972589668782e-38,6.5972589668782e-38,-85.611579279054,1,160
1.15,200,-6.9381603610176,nan,nan,nan,0.69708031866102,1.4345549188949,nan,nan,20,2,2,140,4.1414106353838e-38,4.1414106353838e-38,-86.077197070788,1,160
1.15,200,-6.9381603610176,nan,nan,nan,0.69708031866102,1.4345549188949,nan,nan,20,2,2,141,-1.6829674686674e-38,1.6829674686674e-38,-86.977674948124,1,160
1.15,200,-6.9381603610176,nan,nan,nan,0.69708031866102,1.4345549188949,nan,nan,20,2,2,142,1.9898673741485e-38,1.9898673741485e-38,-86.810165543415,1,160
1.15,200,-6.9381603610176,nan,nan,nan,0.69708031866102,1.4345549188949,nan,nan,20,2,2,143,4.2556473956855e-38,4.2556473956855e-38,-86.049986633925,1,160
1.15,200,-6.9381603610176,nan,nan,nan,0.69708031866102,1.4345549188949,nan,nan,20,2,2,144,7.9702923089846e-38,7.9702923089846e-38,-85.422512365486,1,160
1.15,200,-6.9381603610176,nan,nan,nan,0.69708031866102,1.4345549188949,nan,nan,20,2,2,145,1.0372316500284e-37,1.0372316500284e-37,-85.159093151688,1,160
1.15,200,-6.9381603610176,nan,nan,nan,0.69708031866102,1.4345549188949,nan,nan,20,2,2,146,8.6766095500781e-38,8.6766095500781e-38,-85.337602686237,1,160
1.15,200,-6.9381603610176,nan,nan,nan,0.69708031866102,1.4345549188949,nan,nan,20,2,2,147,4.326280083114e-38,4.326280083114e-38,-86.033525464207,1,160
1.15,200,-6.9381603610176,nan,nan,nan,0.69708031866102,1.4345549188949,nan,nan,20,2,2,148,3.5325152148406e-37,3.5325152148406e-37,-83.93363829811,1,160
1.15,200,-6.9381603610176,nan,nan,nan,0.69708031866102,1.4345549188949,nan,nan,20,2,2,149,1.2730113367823e-37,1.2730113367823e-37,-84.954263215681,1,160
1.15,200,-6.9381603610176,nan,nan,nan,0.69708031866102,1.4345549188949,nan,nan,20,2,2,150,-2.2302272306059e-38,2.2302272306059e-38,-86.69613005636,1,160
1.15,200,-6.9381603610176,nan,nan,nan,0.69708031866102,1.4345549188949,nan,nan,20,2,2,151,4.4913208521622e-38,4.4913208521622e-38,-85.996086698853,1,160
1.15,200,-6.9381603610176,nan,nan,nan,0.69708031866102,1.4345549188949,nan,nan,20,2,2,152,9.3160604447368e-39,9.3160604447368e-39,-87.569078786495,1,160
1.15,200,-6.9381603610176,nan,nan,nan,0.69708031866102,1.4345549188949,nan,nan,20,2,2,153,-6.5388142729438e-38,6.5388142729438e-38,-85.620477688573,1,160
1.15,200,-6.9381603610176,nan,nan,nan,0.69708031866102,1.4345549188949,nan,nan,20,2,2,154,1.1631960813257e-37,1.1631960813257e-37,-85.044476981862,1,160
1.15,200,-6.9381603610176,nan,nan,nan,0.69708031866102,1.4345549188949,nan,nan,20,2,2,155,6.2407394863253e-38,6.2407394863253e-38,-85.66713485099,1,160
1.15,200,-6.9381603610176,nan,nan,nan,0.69708031866102,1.4345549188949,nan,nan,20,2,2,156,-5.3703553836847e-38,5.3703553836847e-38,-85.817339447986,1,160
1.15,200,-6.9381603610176,nan,nan,nan,0.69708031866102,1.4345549188949,nan,nan,20,2,2,157,-1.723066350953e-38,1.723066350953e-38,-86.954128068001,1,160
1.15,200,-6.9381603610176,nan,nan,nan,0.69708031866102,1.4345549188949,nan,nan,20,2,2,158,7.2938512579938e-39,7.2938512579938e-39,-87.813786926967,1,160
1.15,200,-6.9381603610176,nan,nan,nan,0.69708031866102,1.4345549188949,nan,nan,20,2,2,159,4.7586454620186e-38,4.7586454620186e-38,-85.93827047283,1,160
1.15,200,-6.9381603610176,nan,nan,nan,0.69708031866102,1.4345549188949,nan,nan,20,2,2,160,-1.7212616062158e-37,1.7212616062158e-37,-84.652590926842,1,160
1.2,200,-5.5044707254885,nan,nan,nan,0.60855365833034,1.6432404707641,nan,nan,20,2,2,1,0.033122207457645,0.033122207457645,-3.4075513013949,1,160
1.2,200,-5.5044707254885,nan,nan,nan,0.60855365833034,1.6432404707641,nan,nan,20,2,2,2,0.0059183474399448,0.0059183474399448,-5.1296980177134,1,160
1.2,200,-5.5044707254885,nan,nan,nan,0.60855365833034,1.6432404707641,nan,nan,20,2,2,3,0.0011077569676641,0.0011077569676641,-6.8054180579797,1,160
1.2,200,-5.5044707254885,nan,nan,nan,0.60855365833034,1.6432404707641,nan,nan,20,2,2,4,0.00021242932186694,0.00021242932186694,-8.4569012279035,1,160
1.2,200,-5.5044707254885,nan,nan,nan,0.60855365833034,1.6432404707641,nan,nan,20,2,2,5,4.1066111531043e-05,4.1066111531043e-05,-10.100327313537,1,160
1.2,200,-5.5044707254885,nan,nan,nan,0.60855365833034,1.6432404707641,nan,nan,20,2,2,6,7.9589744841328e-06,7.9589744841328e-06,-11.741210400059,1,160
1.2,200,-5.5044707254885,nan,nan,nan,0.60855365833034,1.6432404707641,nan,nan,20,2,2,7,1.5437452321358e-06,1.5437452321358e-06,-13.38129912507,1,160
1.2,200,-5.5044707254885,nan,nan,nan,0.60855365833034,1.6432404707641,nan,nan,20,2,2,8,2.9950331200878e-07,2.9950331200878e-07,-15.021140360992,1,160
1.2,200,-5.5044707254885,nan,nan,nan,0.60855365833034,1.6432404707641,nan,nan,20,2,2,9,5.811136698915e-08,5.811136698915e-08,-16.660904546972,1,160
1.2,200,-5.5044707254885,nan,nan,nan,0.60855365833034,1.6432404707641,nan,nan,20,2,2,10,1.1275374347224e-08,1.1275374347224e-08,-18.300644750581,1,160
1.2,200,-5.5044707254885,nan,nan,nan,0.60855365833034,1.6432404707641,nan,nan,20,2,2,11,2.187782222532e-09,2.187782222532e-09,-19.940377490004,1,160
1.2,200,-5.5044707254885,nan,nan,nan,0.60855365833034,1.6432404707641,nan,nan,20,2,2,12,4.245005110245e-10,4.245005110245e-10,-21.580107906351,1,160
1.2,200,-5.5044707254885,nan,nan,nan,0.60855365833034,1.6432404707641,nan,nan,20,2,2,13,8.236688839047e-11,8.236688839047e-11,-23.219837599694,1,160
1.2,200,-5.5044707254885,nan,nan,nan,0.60855365833034,1.6432404707641,nan,nan,20,2,2,14,1.5981855506706e-11,1.5981855506706e-11,-24.859567068019,1,160
1.2,200,-5.5044707254885,nan,nan,nan,0.60855365833034,1.6432404707641,nan,nan,20,2,2,15,3.1010000294665e-12,3.1010000294665e-12,-26.499296466308,1,160
1.2,200,-5.5044707254885,nan,nan,nan,0.60855365833034,1.6432404707641,nan,nan,20,2,2,16,6.0169492761747e-13,6.0169492761747e-13,-28.139025842806,1,160
1.2,200,-5.5044707254885,nan,nan,nan,0.60855365833034,1.6432404707641,nan,nan,20,2,2,17,1.1674839888309e-13,1.1674839888309e-13,-29.778755212519,1,160
1.2,200,-5.5044707254885,nan,nan,nan,0.60855365833034,1.6432404707641,nan,nan,20,2,2,18,2.2652989155995e-14,2.2652989155995e-14,-31.418484580122,1,160
1.2,200,-5.5044707254885,nan,nan,nan,0.60855365833034,1.6432404707641,nan,nan,20,2,2,19,4.3954171787224e-15,4.3954171787224e-15,-33.058213947067,1,160
1.2,200,-5.5044707254885,nan,nan,nan,0.60855365833034,1.6432404707641,nan,nan,20,2,2,20,8.5285398963966e-16,8.5285398963966e-16,-34.697943313808,1,160
1.2,200,-5.5044707254885,nan,nan,nan,0.60855365833034,1.6432404707641,nan,nan,20,2,2,21,1.6548143170843e-16,1.6548143170843e-16,-36.337672680485,1,160
1.2,200,-5.5044707254885,nan,nan,nan,0.60855365833034,1.6432404707641,nan,nan,20,2,2,22,3.2108783652835e-17,3.2108783652835e-17,-37.977402047143,1,160
1.2,200,-5.5044707254885,nan,nan,nan,0.60855365833034,1.6432404707641,nan,nan,20,2,2,23,6.230149068859e-18,6.230149068859e-18,-39.617131413794,1,160
1.2,200,-5.5044707254885,nan,nan,nan,0.60855365833034,1.6432404707641,nan,nan,20,2,2,24,1.2088516911747e-18,1.2088516911747e-18,-41.256860780443,1,160
1.2,200,-5.5044707254885,nan,nan,nan,0.60855365833034,1.6432404707641,nan,nan,20,2,2,25,2.3455657242021e-19,2.3455657242021e-19,-42.89659014709,1,160
1.2,200,-5.5044707254885,nan,nan,nan,0.60855365833034,1.6432404707641,nan,nan,20,2,2,26,4.5511609130408e-20,4.5511609130408e-20,-44.536319513739,1,160
1.2,200,-5.5044707254885,nan,nan,nan,0.60855365833034,1.6432404707641,nan,nan,20,2,2,27,8.830733431466e-21,8.830733431466e-21,-46.176048880387,1,160
1.2,200,-5.5044707254885,nan,nan,nan,0.60855365833034,1.6432404707641,nan,nan,20,2,2,28,1.7134496983883e-21,1.7134496983883e-21,-47.815778247035,1,160
1.2,200,-5.5044707254885,nan,nan,nan,0.60855365833034,1.6432404707641,nan,nan,20,2,2,29,3.3246500890203e-22,3.3246500890203e-22,-49.455507613684,1,160
1.2,200,-5.5044707254885,nan,nan,nan,0.60855365833034,1.6432404707641,nan,nan,20,2,2,30,6.4509032420451e-23,6.4509032420451e-23,-51.095236980333,1,160
1.2,200,-5.5044707254885,nan,nan,nan,0.60855365833034,1.6432404707641,nan,nan,20,2,2,31,1.2516851856288e-23,1.2516851856288e-23,-52.734966346982,1,160
1.2,200,-5.5044707254885,nan,nan,nan,0.60855365833034,1.6432404707641,nan,nan,20,2,2,32,2.4286766444007e-24,2.4286766444007e-24,-54.37469571363,1,160
1.2,200,-5.5044707254885,nan,nan,nan,0.60855365833034,1.6432404707641,nan,nan,20,2,2,33,4.7124231482331e-25,4.7124231482331e-25,-56.014425080277,1,160
1.2,200,-5.5044707254885,nan,nan,nan,0.60855365833034,1.6432404707641,nan,nan,20,2,2,34,9.1436346535467e-26,9.1436346535467e-26,-57.654154446925,1,160
1.2,200,-5.5044707254885,nan,nan,nan,0.60855365833034,1.6432404707641,nan,nan,20,2,2,35,1.7741627194286e-26,1.7741627194286e-26,-59.293883813571,1,160
1.2,200,-5.5044707254885,nan,nan,nan,0.60855365833034,1.6432404707641,nan,nan,20,2,2,36,3.4424531100204e-27,3.4424531100204e-27,-60.93361318022,1,160
1.2,200,-5.5044707254885,nan,nan,nan,0.60855365833034,1.6432404707641,nan,nan,20,2,2,37,6.6794794430201e-28,6.6794794430201e-28,-62.573342547013,1,160
1.2,200,-5.5044707254885,nan,nan,nan,0.60855365833034,1.6432404707641,nan,nan,20,2,2,38,1.2960364092162e-28,1.2960364092162e-28,-64.213071912767,1,160
1.2,200,-5.5044707254885,nan,nan,nan,0.60855365833034,1.6432404707641,nan,nan,20,2,2,39,2.5147324520179e-29,2.5147324520179e-29,-65.852801279842,1,160
1.2,200,-5.5044707254885,nan,nan,nan,0.60855365833034,1.6432404707641,nan,nan,20,2,2,40,4.8793994107703e-30,4.8793994107703e-30,-67.492530649094,1,160
1.2,200,-5.5044707254885,nan,nan,nan,0.60855365833034,1.6432404707641,nan,nan,20,2,2,41,9.4676229790597e-31,9.4676229790597e-31,-69.132260012504,1,160
1.2,200,-5.5044707254885,nan,nan,nan,0.60855365833034,1.6432404707641,nan,nan,20,2,2,42,1.83702713681e-31,1.83702713681e-31,-70.77198930434,1,160
1.2,200,-5.5044707254885,nan,nan,nan,0.60855365833034,1.6432404707641,nan,nan,20,2,2,43,3.5644321982547e-32,3.5644321982547e-32,-72.411718205805,1,160
1.2,200,-5.5044707254885,nan,nan,nan,0.60855365833034,1.6432404707641,nan,nan,20,2,2,44,6.9161021274715e-33,6.9161021274715e-33,-74.051455734251,1,160
1.2,200,-5.5044707254885,nan,nan,nan,0.60855365833034,1.6432404707641,nan,nan,20,2,2,45,1.3419658197401e-33,1.3419658197401e-33,-75.691172500221,1,160
1.2,200,-5.5044707254885,nan,nan,nan,0.60855365833034,1.6432404707641,nan,nan,20,2,2,46,2.60422736138e-34,2.60422736138e-34,-77.330757128905,1,160
1.2,200,-5.5044707254885,nan,nan,nan,0.60855365833034,1.6432404707641,nan,nan,20,2,2,47,5.0573304358753e-35,5.0573304358753e-35,-78.969639492555,1,160
1.2,200,-5.5044707254885,nan,nan,nan,0.60855365833034,1.6432404707641,nan,nan,20,2,2,48,9.8105605579859e-36,9.8105605579859e-36,-80.609603934354,1,160
1.2,200,-5.5044707254885,nan,nan,nan,0.60855365833034,1.6432404707641,nan,nan,20,2,2,49,1.8706719549764e-36,1.8706719549764e-36,-82.266765647252,1,160
1.2,200,-5.5044707254885,nan,nan,nan,0.60855365833034,1.6432404707641,nan,nan,20,2,2,50,3.8808987246722e-37,3.8808987246722e-37,-83.839581683896,1,160
1.2,200,-5.5044707254885,nan,nan,nan,0.60855365833034,1.6432404707641,nan,nan,20,2,2,51,1.0582977629912e-37,1.0582977629912e-37,-85.13898670744,1,160
1.2,200,-5.5044707254885,nan,nan,nan,0.60855365833034,1.6432404707641,nan,nan,20,2,2,52,5.7870464014408e-38,5.7870464014408e-38,-85.742611492994,1,160
1.2,200,-5.5044707254885,nan,nan,nan,0.60855365833034,1.6432404707641,nan,nan,20,2,2,53,-4.1532410268655e-38,4.1532410268655e-38,-86.074344534001,1,160
1.2,200,-5.5044707254885,nan,nan,nan,0.60855365833034,1.6432404707641,nan,nan,20,2,2,54,2.2090968816985e-39,2.2090968816985e-39,-89.008234845574,1,160
1.2,200,-5.5044707254885,nan,nan,nan,0.60855365833034,1.6432404707641,nan,nan,20,2,2,55,5.5178481974814e-38,5.5178481974814e-38,-85.790245568781,1,160
1.2,200,-5.5044707254885,nan,nan,nan,0.60855365833034,1.6432404707641,nan,nan,20,2,2,56,-3.0692718613232e-38,3.0692718613232e-38,-86.376793179028,1,160
1.2,200,-5.5044707254885,nan,nan,nan,0.60855365833034,1.6432404707641,nan,nan,20,2,2,57,4.2750808223186e-38,4.2750808223186e-38,-86.045430525758,1,160
1.2,200,-5.5044707254885,nan,nan,nan,0.60855365833034,1.6432404707641,nan,nan,20,2,2,58,-2.8226778146052e-39,2.8226778146052e-39,-88.763132612736,1,160
1.2,200,-5.5044707254885,nan,nan,nan,0.60855365833034,1.6432404707641,nan,nan,20,2,2,59,-2.2235593312917e-38,2.2235593312917e-38,-86.699124319423,1,160
1.2,200,-5.5044707254885,nan,nan,nan,0.60855365833034,1.6432404707641,nan,nan,20,2,2,60,-5.6229296599675e-38,5.6229296599675e-38,-85.771380713884,1,160
1.2,200,-5.5044707254885,nan,nan,nan,0.60855365833034,1.6432404707641,nan,nan,20,2,2,61,-1.3402243129169e-39,1.3402243129169e-39,-89.507981629115,1,160
1.2,200,-5.5044707254885,nan,nan,nan,0.60855365833034,1.6432404707641,nan,nan,20,2,2,62,3.6446672022015e-38,3.6446672022015e-38,-86.204968475032,1,160
1.2,200,-5.5044707254885,nan,nan,nan,0.60855365833034,1.6432404707641,nan,nan,20,2,2,63,-6.1187193177176e-38,6.1187193177176e-38,-85.686880720959,1,160
1.2,200,-5.5044707254885,nan,nan,nan,0.60855365833034,1.6432404707641,nan,nan,20,2,2,64,-3.0285703889583e-39,3.0285703889583e-39,-88.692727937414,1,160
1.2,200,-5.5044707254885,nan,nan,nan,0.60855365833034,1.6432404707641,nan,nan,20,2,2,65,-2.2453598917677e-38,2.2453598917677e-38,-86.68936771729,1,160
1.2,200,-5.5044707254885,nan,nan,nan,0.60855365833034,1.6432404707641,nan,nan,20,2,2,66,-2.5929374115872e-39,2.5929374115872e-39,-88.848027257954,1,160
1.2,200,-5.5044707254885,nan,nan,nan,0.60855365833034,1.6432404707641,nan,nan,20,2,2,67,3.4467530573243e-38,3.4467530573243e-38,-86.260800888688,1,160
1.2,200,-5.5044707254885,nan,nan,nan,0.60855365833034,1.6432404707641,nan,nan,20,2,2,68,-3.1096571947233e-39,3.1096571947233e-39,-88.666306133429,1,160
1.2,200,-5.5044707254885,nan,nan,nan,0.60855365833034,1.6432404707641,nan,nan,20,2,2,69,3.898328925044e-38,3.898328925044e-38,-86.13768555322,1,160
1.2,200,-5.5044707254885,nan,nan,nan,0.60855365833034,1.6432404707641,nan,nan,20,2,2,70,-6.0072701368746e-38,6.0072701368746e-38,-85.70526310857,1,160
1.2,200,-5.5044707254885,nan,nan,nan,0.60855365833034,1.6432404707641,nan,nan,20,2,2,71,-2.9145525758e-38,2.9145525758e-38,-86.428517216044,1,160
1.2,200,-5.5044707254885,nan,nan,nan,0.60855365833034,1.6432404707641,nan,nan,20,2,2,72,-7.4097730898346e-38,7.4097730898346e-38,-85.495433717089,1,160
1.2,200,-5.5044707254885,nan,nan,nan,0.60855365833034,1.6432404707641,nan,nan,20,2,2,73,5.4107317072472e-38,5.4107317072472e-38,-85.809849199183,1,160
1.2,200,-5.5044707254885,nan,nan,nan,0.60855365833034,1.6432404707641,nan,nan,20,2,2,74,-6.2966820849204e-38,6.2966820849204e-38,-85.658210692294,1,160
1.2,200,-5.5044707254885,nan,nan,nan,0.60855365833034,1.6432404707641,nan,nan,20,2,2,75,2.540050286991e-38,2.540050286991e-38,-86.566049654911,1,160
1.2,200,-5.5044707254885,nan,nan,nan,0.60855365833034,1.6432404707641,nan,nan,20,2,2,76,1.6009405509521e-38,1.6009405509521e-38,-87.027642232896,1,160
1.2,200,-5.5044707254885,nan,nan,nan,0.60855365833034,1.6432404707641,nan,nan,20,2,2,77,-7.3510632631193e-38,7.3510632631193e-38,-85.503388569363,1,160
1.2,200,-5.5044707254885,nan,nan,nan,0.60855365833034,1.6432404707641,nan,nan,20,2,2,78,8.0632797319059e-39,8.0632797319059e-39,-87.713498238388,1,160
1.2,200,-5.5044707254885,nan,nan,nan,0.60855365833034,1.6432404707641,nan,nan,20,2,2,79,1.1214583318755e-38,1.1214583318755e-38,-87.383603613409,1,160
1.2,200,-5.5044707254885,nan,nan,nan,0.60855365833034,1.6432404707641,nan,nan,20,2,2,80,-2.430550103062e-38,2.430550103062e-38,-86.61011592218,1,160
1.2,200,-5.5044707254885,nan,nan,nan,0.60855365833034,1.6432404707641,nan,nan,20,2,2,81,-3.9827428839905e-38,3.9827428839905e-38,-86.116262785012,1,160
1.2,200,-5.5044707254885,nan,nan,nan,0.60855365833034,1.6432404707641,nan,nan,20,2,2,82,-8.7344449571897e-39,8.7344449571897e-39,-87.633544227595,1,160
1.2,200,-5.5044707254885,nan,nan,nan,0.60855365833034,1.6432404707641,nan,nan,20,2,2,83,-1.1477376351888e-38,1.1477376351888e-38,-87.360440802772,1,160
1.2,200,-5.5044707254885,nan,nan,nan,0.60855365833034,1.6432404707641,nan,nan,20,2,2,84,3.7590730074547e-38,3.7590730074547e-38,-86.174061147339,1,160
1.2,200,-5.5044707254885,nan,nan,nan,0.60855365833034,1.6432404707641,nan,nan,20,2,2,85,-5.5880703081392e-38,5.5880703081392e-38,-85.777599510472,1,160
1.2,200,-5.5044707254885,nan,nan,nan,0.60855365833034,1.6432404707641,nan,nan,20,2,2,86,-1.4343369699731e-38,1.4343369699731e-38,-87.137530833167,1,160
1.2,200,-5.5044707254885,nan,nan,nan,0.60855365833034,1.6432404707641,nan,nan,20,2,2,87,-4.9922313166188e-38,4.9922313166188e-38,-85.890350566316,1,160
1.2,200,-5.5044707254885,nan,nan,nan,0.60855365833034,1.6432404707641,nan,nan,20,2,2,88,1.5305250122845e-39,1.5305250122845e-39,-89.37520780494,1,160
1.2,200,-5.5044707254885,nan,nan,nan,0.60855365833034,1.6432404707641,nan,nan,20,2,2,89,2.7278536957632e-38,2.7278536957632e-38,-86.494718425816,1,160
1.2,200,-5.5044707254885,nan,nan,nan,0.60855365833034,1.6432404707641,nan,nan,20,2,2,90,2.8117536298169e-38,2.8117536298169e-38,-86.464425177527,1,160
1.2,200,-5.5044707254885,nan,nan,nan,0.60855365833034,1.6432404707641,nan,nan,20,2,2,91,1.610470976381e-38,1.610470976381e-38,-87.021706865643,1,160
1.2,200,-5.5044707254885,nan,nan,nan,0.60855365833034,1.6432404707641,nan,nan,20,2,2,92,3.1045185444198e-38,3.1045185444198e-38,-86.365374888569,1,160
1.2,200,-5.5044707254885,nan,nan,nan,0.60855365833034,1.6432404707641,nan,nan,20,2,2,93,-7.9699234407712e-38,7.9699234407712e-38,-85.422558646944,1,160
1.2,200,-5.5044707254885,nan,nan,nan,0.60855365833034,1.6432404707641,nan,nan,20,2,2,94,3.280134452343e-38,3.280134452343e-38,-86.31034912065,1,160
1.2,200,-5.5044707254885,nan,nan,nan,0.60855365833034,1.6432404707641,nan,nan,20,2,2,95,-4.7768573549611e-38,4.7768573549611e-38,-85.934450660611,1,160
1.2,200,-5.5044707254885,nan,nan,nan,0.60855365833034,1.6432404707641,nan,nan,20,2,2,96,1.8410929765682e-38,1.8410929765682e-38,-86.887874129502,1,160
1.2,200,-5.5044707254885,nan,nan,nan,0.60855365833034,1.6432404707641,nan,nan,20,2,2,97,1.0656981715635e-38,1.0656981715635e-38,-87.434603389245,1,160
1.2,200,-5.5044707254885,nan,nan,nan,0.60855365833034,1.6432404707641,nan,nan,20,2,2,98,-1.7261385720429e-39,1.7261385720429e-39,-89.254931752252,1,160
1.2,200,-5.5044707254885,nan,nan,nan,0.60855365833034,1.6432404707641,nan,nan,20,2,2,99,-7.961742724037e-39,7.961742724037e-39,-87.726170715694,1,160
1.2,200,-5.5044707254885,nan,nan,nan,0.60855365833034,1.6432404707641,nan,nan,20,2,2,100,-4.214380416872e-39,4.214380416872e-39,-88.36231604093,1,160
1.2,200,-5.5044707254885,nan,nan,nan,0.60855365833034,1.6432404707641,nan,nan,20,2,2,101,8.8279746599923e-39,8.8279746599923e-39,-87.622893008791,1,160
1.2,200,-5.5044707254885,nan,nan,nan,0.60855365833034,1.6432404707641,nan,nan,20,2,2,102,-1.5410255351351e-38,1.5410255351351e-38,-87.065785407077,1,160
1.2,200,-5.5044707254885,nan,nan,nan,0.60855365833034,1.6432404707641,nan,nan,20,2,2,103,2.5383624762517e-38,2.5383624762517e-38,-86.566714355037,1,160
1.2,200,-5.5044707254885,nan,nan,nan,0.60855365833034,1.6432404707641,nan,nan,20,2,2,104,-7.4628502024217e-38,7.4628502024217e-38,-85.488296127858,1,160
1.2,200,-5.5044707254885,nan,nan,nan,0.60855365833034,1.6432404707641,nan,nan,20,2,2,105,-5.472798873525e-39,5.472798873525e-39,-88.101028464135,1,160
1.2,200,-5.5044707254885,nan,nan,nan,0.60855365833034,1.6432404707641,nan,nan,20,2,2,106,2.313702382514e-38,2.313702382514e-38,-86.659384529301,1,160
1.2,200,-5.5044707254885,nan,nan,nan,0.60855365833034,1.6432404707641,nan,nan,20,2,2,107,-2.2184085122712e-38,2.2184085122712e-38,-86.70144348134,1,160
1.2,200,-5.5044707254885,nan,nan,nan,0.60855365833034,1.6432404707641,nan,nan,20,2,2,108,-2.1050872896086e-38,2.1050872896086e-38,-86.753876599752,1,160
1.2,200,-5.5044707254885,nan,nan,nan,0.60855365833034,1.6432404707641,nan,nan,20,2,2,109,1.0202609610002e-38,1.0202609610002e-38,-87.478175095082,1,160
1.2,200,-5.5044707254885,nan,nan,nan,0.60855365833034,1.6432404707641,nan,nan,20,2,2,110,-7.4605838757564e-38,7.4605838757564e-38,-85.488599855093,1,160
1.2,200,-5.5044707254885,nan,nan,nan,0.60855365833034,1.6432404707641,nan,nan,20,2,2,111,8.5279847690567e-38,8.5279847690567e-38,-85.354880452344,1,160
1.2,200,-5.5044707254885,nan,nan,nan,0.60855365833034,1.6432404707641,nan,nan,20,2,2,112,-3.9721130170794e-39,3.9721130170794e-39,-88.421520427546,1,160
1.2,200,-5.5044707254885,nan,nan,nan,0.60855365833034,1.6432404707641,nan,nan,20,2,2,113,3.9037961129214e-38,3.9037961129214e-38,-86.136284091761,1,160
1.2,200,-5.5044707254885,nan,nan,nan,0.60855365833034,1.6432404707641,nan,nan,20,2,2,114,-3.1070846936597e-38,3.1070846936597e-38,-86.364548644752,1,160
1.2,200,-5.5044707254885,nan,nan,nan,0.60855365833034,1.6432404707641,nan,nan,20,2,2,115,5.876069393592e-39,5.876069393592e-39,-88.029930558861,1,160
1.2,200,-5.5044707254885,nan,nan,nan,0.60855365833034,1.6432404707641,nan,nan,20,2,2,116,6.0464199484073e-38,6.0464199484073e-38,-85.698767180946,1,160
1.2,200,-5.5044707254885,nan,nan,nan,0.60855365833034,1.6432404707641,nan,nan,20,2,2,117,2.5025560684593e-38,2.5025560684593e-38,-86.580920896839,1,160
1.2,200,-5.5044707254885,nan,nan,nan,0.60855365833034,1.6432404707641,nan,nan,20,2,2,118,-2.7257299961875e-38,2.7257299961875e-38,-86.495497253025,1,160
1.2,200,-5.5044707254885,nan,nan,nan,0.60855365833034,1.6432404707641,nan,nan,20,2,2,119,-5.0920008637788e-39,5.0920008637788e-39,-88.173147776438,1,160
1.2,200,-5.5044707254885,nan,nan,nan,0.60855365833034,1.6432404707641,nan,nan,20,2,2,120,4.1657259675152e-39,4.1657259675152e-39,-88.373928064413,1,160
1.2,200,-5.5044707254885,nan,nan,nan,0.60855365833034,1.6432404707641,nan,nan,20,2,2,121,-3.4342562833669e-38,3.4342562833669e-38,-86.264433142934,1,160
1.2,200,-5.5044707254885,nan,nan,nan,0.60855365833034,1.6432404707641,nan,nan,20,2,2,122,7.1238012653601e-39,7.1238012653601e-39,-87.837377158226,1,160
1.2,200,-5.5044707254885,nan,nan,nan,0.60855365833034,1.6432404707641,nan,nan,20,2,2,123,1.3490279777098e-38,1.3490279777098e-38,-87.198849217171,1,160
1.2,200,-5.5044707254885,nan,nan,nan,0.60855365833034,1.6432404707641,nan,nan,20,2,2,124,-7.3563612379934e-39,7.3563612379934e-39,-87.805253213293,1,160
1.2,200,-5.5044707254885,nan,nan,nan,0.60855365833034,1.6432404707641,nan,nan,20,2,2,125,-4.5443277454353e-38,4.5443277454353e-38,-85.984353727879,1,160
1.2,200,-5.5044707254885,nan,nan,nan,0.60855365833034,1.6432404707641,nan,nan,20,2,2,126,7.1923561134207e-39,7.1923561134207e-39,-87.82779981561,1,160
1.2,200,-5.5044707254885,nan,nan,nan,0.60855365833034,1.6432404707641,nan,nan,20,2,2,127,1.9248450422668e-38,1.9248450422668e-38,-86.843388066798,1,160
1.2,200,-5.5044707254885,nan,nan,nan,0.60855365833034,1.6432404707641,nan,nan,20,2,2,128,-1.0462360341835e-38,1.0462360341835e-38,-87.453034539492,1,160
1.2,200,-5.5044707254885,nan,nan,nan,0.60855365833034,1.6432404707641,nan,nan,20,2,2,129,2.2726576079721e-38,2.2726576079721e-38,-86.677283634666,1,160
1.2,200,-5.5044707254885,nan,nan,nan,0.60855365833034,1.6432404707641,nan,nan,20,2,2,130,-1.4490223553744e-38,1.4490223553744e-38,-87.127344442415,1,160
1.2,200,-5.5044707254885,nan,nan,nan,0.60855365833034,1.6432404707641,nan,nan,20,2,2,131,-1.8902719302831e-39,1.8902719302831e-39,-89.164097929589,1,160
1.2,200,-5.5044707254885,nan,nan,nan,0.60855365833034,1.6432404707641,nan,nan,20,2,2,132,-2.615255205173e-39,2.615255205173e-39,-88.839456941212,1,160
1.2,200,-5.5044707254885,nan,nan,nan,0.60855365833034,1.6432404707641,nan,nan,20,2,2,133,-1.5646228720007e-38,1.5646228720007e-38,-87.050588715178,1,160
1.2,200,-5.5044707254885,nan,nan,nan,0.60855365833034,1.6432404707641,nan,nan,20,2,2,134,4.5246162235352e-38,4.5246162235352e-38,-85.988700772697,1,160
1.2,200,-5.5044707254885,nan,nan,nan,0.60855365833034,1.6432404707641,nan,nan,20,2,2,135,6.8624941860792e-38,6.8624941860792e-38,-85.57216257414,1,160
1.2,200,-5.5044707254885,nan,nan,nan,0.60855365833034,1.6432404707641,nan,nan,20,2,2,136,-3.9587854966347e-38,3.9587854966347e-38,-86.122296248316,1,160
1.2,200,-5.5044707254885,nan,nan,nan,0.60855365833034,1.6432404707641,nan,nan,20,2,2,137,-2.4338047418e-38,2.4338047418e-38,-86.608777763544,1,160
1.2,200,-5.5044707254885,nan,nan,nan,0.60855365833034,1.6432404707641,nan,nan,20,2,2,138,3.3848870219367e-38,3.3848870219367e-38,-86.278913004056,1,160
1.2,200,-5.5044707254885,nan,nan,nan,0.60855365833034,1.6432404707641,nan,nan,20,2,2,139,1.2304030971858e-38,1.2304030971858e-38,-87.290891696789,1,160
1.2,200,-5.5044707254885,nan,nan,nan,0.60855365833034,1.6432404707641,nan,nan,20,2,2,140,-3.6558342567368e-40,3.6558342567368e-40,-90.807079401788,1,160
1.2,200,-5.5044707254885,nan,nan,nan,0.60855365833034,1.6432404707641,nan,nan,20,2,2,141,-3.7715404606662e-39,3.7715404606662e-39,-88.47333509851,1,160
1.2,200,-5.5044707254885,nan,nan,nan,0.60855365833034,1.6432404707641,nan,nan,20,2,2,142,8.1912123578685e-39,8.1912123578685e-39,-87.697756710814,1,160
1.2,200,-5.5044707254885,nan,nan,nan,0.60855365833034,1.6432404707641,nan,nan,20,2,2,143,2.2887449488315e-38,2.2887449488315e-38,-86.670229923725,1,160
1.2,200,-5.5044707254885,nan,nan,nan,0.60855365833034,1.6432404707641,nan,nan,20,2,2,144,-1.3164639916772e-38,1.3164639916772e-38,-87.223284185749,1,160
1.2,200,-5.5044707254885,nan,nan,nan,0.60855365833034,1.6432404707641,nan,nan,20,2,2,145,-4.4118189773255e-39,4.4118189773255e-39,-88.316531555836,1,160
1.2,200,-5.5044707254885,nan,nan,nan,0.60855365833034,1.6432404707641,nan,nan,20,2,2,146,1.7888110718337e-38,1.7888110718337e-38,-86.916682340283,1,160
1.2,200,-5.5044707254885,nan,nan,nan,0.60855365833034,1.6432404707641,nan,nan,20,2,2,147,-1.2495910962067e-38,1.2495910962067e-38,-87.275417159011,1,160
1.2,200,-5.5044707254885,nan,nan,nan,0.60855365833034,1.6432404707641,nan,nan,20,2,2,148,3.7223970860949e-38,3.7223970860949e-38,-86.183865695029,1,160
1.2,200,-5.5044707254885,nan,nan,nan,0.60855365833034,1.6432404707641,nan,nan,20,2,2,149,1.1040854705428e-38,1.1040854705428e-38,-87.399216169946,1,160
1.2,200,-5.5044707254885,nan,nan,nan,0.60855365833034,1.6432404707641,nan,nan,20,2,2,150,-6.4872056797816e-38,6.4872056797816e-38,-85.628401653589,1,160
1.2,200,-5.5044707254885,nan,nan,nan,0.60855365833034,1.6432404707641,nan,nan,20,2,2,151,-1.4663997185958e-38,1.4663997185958e-38,-87.115423308132,1,160
1.2,200,-5.5044707254885,nan,nan,nan,0.60855365833034,1.6432404707641,nan,nan,20,2,2,152,1.0543093030939e-38,1.0543093030939e-38,-87.445347670259,1,160
1.2,200,-5.5044707254885,nan,nan,nan,0.60855365833034,1.6432404707641,nan,nan,20,2,2,153,-2.6171285692487e-39,2.6171285692487e-39,-88.83874087594,1,160
1.2,200,-5.5044707254885,nan,nan,nan,0.60855365833034,1.6432404707641,nan,nan,20,2,2,154,-5.6100734326601e-38,5.6100734326601e-38,-85.773669724724,1,160
1.2,200,-5.5044707254885,nan,nan,nan,0.60855365833034,1.6432404707641,nan,nan,20,2,2,155,4.7717357912636e-38,4.7717357912636e-38,-85.935523397529,1,160
1.2,200,-5.5044707254885,nan,nan,nan,0.60855365833034,1.6432404707641,nan,nan,20,2,2,156,-6.7693605825727e-38,6.7693605825727e-38,-85.58582689997,1,160
1.2,200,-5.5044707254885,nan,nan,nan,0.60855365833034,1.6432404707641,nan,nan,20,2,2,157,-3.003293297964e-39,3.003293297964e-39,-88.701109174216,1,160
1.2,200,-5.5044707254885,nan,nan,nan,0.60855365833034,1.6432404707641,nan,nan,20,2,2,158,-2.7394416990031e-38,2.7394416990031e-38,-86.490479393623,1,160
1.2,200,-5.5044707254885,nan,nan,nan,0.60855365833034,1.6432404707641,nan,nan,20,2,2,159,1.15793031309e-38,1.15793031309e-38,-87.351599335113,1,160
1.2,200,-5.5044707254885,nan,nan,nan,0.60855365833034,1.6432404707641,nan,nan,20,2,2,160,-3.4739804550638e-38,3.4739804550638e-38,-86.252932492032,1,160
1.25,200,-4.3932161902905,nan,nan,nan,0.55756345599425,1.7935178305701,nan,nan,20,2,2,1,0.028981037899878,0.028981037899878,-3.5411135283804,1,160
1.25,200,-4.3932161902905,nan,nan,nan,0.55756345599425,1.7935178305701,nan,nan,20,2,2,2,0.0044216459313063,0.0044216459313063,-5.4212432695613,1,160
1.25,200,-4.3932161902905,nan,nan,nan,0.55756345599425,1.7935178305701,nan,nan,20,2,2,3,0.00071128806702345,0.00071128806702345,-7.2484330526576,1,160
1.25,200,-4.3932161902905,nan,nan,nan,0.55756345599425,1.7935178305701,nan,nan,20,2,2,4,0.00011742079186254,0.00011742079186254,-9.0497465635038,1,160
1.25,200,-4.3932161902905,nan,nan,nan,0.55756345599425,1.7935178305701,nan,nan,20,2,2,5,1.9551108822496e-05,1.9551108822496e-05,-10.842478555878,1,160
1.25,200,-4.3932161902905,nan,nan,nan,0.55756345599425,1.7935178305701,nan,nan,20,2,2,6,3.2642154126868e-06,3.2642154126868e-06,-12.632491126506,1,160
1.25,200,-4.3932161902905,nan,nan,nan,0.55756345599425,1.7935178305701,nan,nan,20,2,2,7,5.4545243568544e-07,5.4545243568544e-07,-14.421650229452,1,160
1.25,200,-4.3932161902905,nan,nan,nan,0.55756345599425,1.7935178305701,nan,nan,20,2,2,8,9.1169795922137e-08,9.1169795922137e-08,-16.210542179784,1,160
1.25,200,-4.3932161902905,nan,nan,nan,0.55756345599425,1.7935178305701,nan,nan,20,2,2,9,1.5239873742761e-08,1.5239873742761e-08,-17.999350571318,1,160
1.25,200,-4.3932161902905,nan,nan,nan,0.55756345599425,1.7935178305701,nan,nan,20,2,2,10,2.547552267086e-09,2.547552267086e-09,-19.788132834031,1,160
1.25,200,-4.3932161902905,nan,nan,nan,0.55756345599425,1.7935178305701,nan,nan,20,2,2,11,4.2586150553751e-10,4.2586150553751e-10,-21.576906926889,1,160
1.25,200,-4.3932161902905,nan,nan,nan,0.55756345599425,1.7935178305701,nan,nan,20,2,2,12,7.1189308856739e-11,7.1189308856739e-11,-23.365678465292,1,160
1.25,200,-4.3932161902905,nan,nan,nan,0.55756345599425,1.7935178305701,nan,nan,20,2,2,13,1.1900398785316e-11,1.1900398785316e-11,-25.154449205001,1,160
1.25,200,-4.3932161902905,nan,nan,nan,0.55756345599425,1.7935178305701,nan,nan,20,2,2,14,1.9893370070517e-12,1.9893370070517e-12,-26.943219694989,1,160
1.25,200,-4.3932161902905,nan,nan,nan,0.55756345599425,1.7935178305701,nan,nan,20,2,2,15,3.3254869084787e-13,3.3254869084787e-13,-28.731990106896,1,160
1.25,200,-4.3932161902905,nan,nan,nan,0.55756345599425,1.7935178305701,nan,nan,20,2,2,16,5.5590698857149e-14,5.5590698857149e-14,-30.52076049439,1,160
1.25,200,-4.3932161902905,nan,nan,nan,0.55756345599425,1.7935178305701,nan,nan,20,2,2,17,9.2928521689079e-15,9.2928521689079e-15,-32.309530874252,1,160
1.25,200,-4.3932161902905,nan,nan,nan,0.55756345599425,1.7935178305701,nan,nan,20,2,2,18,1.553445152056e-15,1.553445152056e-15,-34.09830125173,1,160
1.25,200,-4.3932161902905,nan,nan,nan,0.55756345599425,1.7935178305701,nan,nan,20,2,2,19,2.5968258166516e-16,2.5968258166516e-16,-35.887071628459,1,160
1.25,200,-4.3932161902905,nan,nan,nan,0.55756345599425,1.7935178305701,nan,nan,20,2,2,20,4.3409993038151e-17,4.3409993038151e-17,-37.675842004956,1,160
1.25,200,-4.3932161902905,nan,nan,nan,0.55756345599425,1.7935178305701,nan,nan,20,2,2,21,7.2566572760731e-18,7.2566572760731e-18,-39.46461238138,1,160
1.25,200,-4.3932161902905,nan,nan,nan,0.55756345599425,1.7935178305701,nan,nan,20,2,2,22,1.2130634247616e-18,1.2130634247616e-18,-41.253382757778,1,160
1.25,200,-4.3932161902905,nan,nan,nan,0.55756345599425,1.7935178305701,nan,nan,20,2,2,23,2.0278246808673e-19,2.0278246808673e-19,-43.042153134171,1,160
1.25,200,-4.3932161902905,nan,nan,nan,0.55756345599425,1.7935178305701,nan,nan,20,2,2,24,3.3898251751669e-20,3.3898251751669e-20,-44.830923510566,1,160
1.25,200,-4.3932161902905,nan,nan,nan,0.55756345599425,1.7935178305701,nan,nan,20,2,2,25,5.6666213931764e-21,5.6666213931764e-21,-46.619693886958,1,160
1.25,200,-4.3932161902905,nan,nan,nan,0.55756345599425,1.7935178305701,nan,nan,20,2,2,26,9.4726413175968e-22,9.4726413175968e-22,-48.408464263347,1,160
1.25,200,-4.3932161902905,nan,nan,nan,0.55756345599425,1.7935178305701,nan,nan,20,2,2,27,1.5834997136022e-22,1.5834997136022e-22,-50.197234639736,1,160
1.25,200,-4.3932161902905,nan,nan,nan,0.55756345599425,1.7935178305701,nan,nan,20,2,2,28,2.647066703899e-23,2.647066703899e-23,-51.986005016125,1,160
1.25,200,-4.3932161902905,nan,nan,nan,0.55756345599425,1.7935178305701,nan,nan,20,2,2,29,4.4249847819509e-24,4.4249847819509e-24,-53.77477539251,1,160
1.25,200,-4.3932161902905,nan,nan,nan,0.55756345599425,1.7935178305701,nan,nan,20,2,2,30,7.3970520998397e-25,7.3970520998397e-25,-55.563545768896,1,160
1.25,200,-4.3932161902905,nan,nan,nan,0.55756345599425,1.7935178305701,nan,nan,20,2,2,31,1.2365326088977e-25,1.2365326088977e-25,-57.352316145285,1,160
1.25,200,-4.3932161902905,nan,nan,nan,0.55756345599425,1.7935178305701,nan,nan,20,2,2,32,2.0670570819447e-26,2.0670570819447e-26,-59.141086521685,1,160
1.25,200,-4.3932161902905,nan,nan,nan,0.55756345599425,1.7935178305701,nan,nan,20,2,2,33,3.4554082515967e-27,3.4554082515967e-27,-60.929856898054,1,160
1.25,200,-4.3932161902905,nan,nan,nan,0.55756345599425,1.7935178305701,nan,nan,20,2,2,34,5.7762537322139e-28,5.7762537322139e-28,-62.7186272745,1,160
1.25,200,-4.3932161902905,nan,nan,nan,0.55756345599425,1.7935178305701,nan,nan,20,2,2,35,9.6559088726334e-29,9.6559088726334e-29,-64.507397650459,1,160
1.25,200,-4.3932161902905,nan,nan,nan,0.55756345599425,1.7935178305701,nan,nan,20,2,2,36,1.6141357446921e-29,1.6141357446921e-29,-66.296168025998,1,160
1.25,200,-4.3932161902905,nan,nan,nan,0.55756345599425,1.7935178305701,nan,nan,20,2,2,37,2.6982796150333e-30,2.6982796150333e-30,-68.084938399514,1,160
1.25,200,-4.3932161902905,nan,nan,nan,0.55756345599425,1.7935178305701,nan,nan,20,2,2,38,4.5105954364993e-31,4.5105954364993e-31,-69.873708712184,1,160
1.25,200,-4.3932161902905,nan,nan,nan,0.55756345599425,1.7935178305701,nan,nan,20,2,2,39,7.540162755875e-32,7.540162755875e-32,-71.662479208363,1,160
1.25,200,-4.3932161902905,nan,nan,nan,0.55756345599425,1.7935178305701,nan,nan,20,2,2,40,1.2604419342347e-32,1.2604419342347e-32,-73.451260574885,1,160
1.25,200,-4.3932161902905,nan,nan,nan,0.55756345599425,1.7935178305701,nan,nan,20,2,2,41,2.1071315282702e-33,2.1071315282702e-33,-75.239980511502,1,160
1.25,200,-4.3932161902905,nan,nan,nan,0.55756345599425,1.7935178305701,nan,nan,20,2,2,42,3.5225311401509e-34,3.5225311401509e-34,-77.028713356691,1,160
1.25,200,-4.3932161902905,nan,nan,nan,0.55756345599425,1.7935178305701,nan,nan,20,2,2,43,5.8605743213207e-35,5.8605743213207e-35,-78.822230648954,1,160
1.25,200,-4.3932161902905,nan,nan,nan,0.55756345599425,1.7935178305701,nan,nan,20,2,2,44,9.8964306954147e-36,9.8964306954147e-36,-80.60088919147,1,160
1.25,200,-4.3932161902905,nan,nan,nan,0.55756345599425,1.7935178305701,nan,nan,20,2,2,45,1.6122464079167e-36,1.6122464079167e-36,-82.415434856874,1,160
1.25,200,-4.3932161902905,nan,nan,nan,0.55756345599425,1.7935178305701,nan,nan,20,2,2,46,3.2394660066715e-37,3.2394660066715e-37,-84.020239937314,1,160
1.25,200,-4.3932161902905,nan,nan,nan,0.55756345599425,1.7935178305701,nan,nan,20,2,2,47,-1.5054387544722e-38,1.5054387544722e-38,-87.089149146849,1,160
1.25,200,-4.3932161902905,nan,nan,nan,0.55756345599425,1.7935178305701,nan,nan,20,2,2,48,-6.1279276687914e-38,6.1279276687914e-38,-85.685376904801,1,160
1.25,200,-4.3932161902905,nan,nan,nan,0.55756345599425,1.7935178305701,nan,nan,20,2,2,49,-7.172630631325e-38,7.172630631325e-38,-85.527961052264,1,160
1.25,200,-4.3932161902905,nan,nan,nan,0.55756345599425,1.7935178305701,nan,nan,20,2,2,50,2.0297672744708e-38,2.0297672744708e-38,-86.79031239041,1,160
1.25,200,-4.3932161902905,nan,nan,nan,0.55756345599425,1.7935178305701,nan,nan,20,2,2,51,-1.1995177474239e-38,1.1995177474239e-38,-87.316313934901,1,160
1.25,200,-4.3932161902905,nan,nan,nan,0.55756345599425,1.7935178305701,nan,nan,20,2,2,52,-2.6132101925808e-38,2.6132101925808e-38,-86.537654109376,1,160
1.25,200,-4.3932161902905,nan,nan,nan,0.55756345599425,1.7935178305701,nan,nan,20,2,2,53,-2.7227953699446e-38,2.7227953699446e-38,-86.496574471659,1,160
1.25,200,-4.3932161902905,nan,nan,nan,0.55756345599425,1.7935178305701,nan,nan,20,2,2,54,-4.7307551275438e-38,4.7307551275438e-38,-85.944148697597,1,160
1.25,200,-4.3932161902905,nan,nan,nan,0.55756345599425,1.7935178305701,nan,nan,20,2,2,55,-8.4019242625035e-39,8.4019242625035e-39,-87.672357868284,1,160
1.25,200,-4.3932161902905,nan,nan,nan,0.55756345599425,1.7935178305701,nan,nan,20,2,2,56,1.8809269235901e-38,1.8809269235901e-38,-86.866468833976,1,160
1.25,200,-4.3932161902905,nan,nan,nan,0.55756345599425,1.7935178305701,nan,nan,20,2,2,57,-2.6292226828081e-38,2.6292226828081e-38,-86.531545289138,1,160
1.25,200,-4.3932161902905,nan,nan,nan,0.55756345599425,1.7935178305701,nan,nan,20,2,2,58,7.2961034300824e-38,7.2961034300824e-38,-85.51089310483,1,160
1.25,200,-4.3932161902905,nan,nan,nan,0.55756345599425,1.7935178305701,nan,nan,20,2,2,59,-1.9156935250895e-38,1.9156935250895e-38,-86.848153822609,1,160
1.25,200,-4.3932161902905,nan,nan,nan,0.55756345599425,1.7935178305701,nan,nan,20,2,2,60,-2.4506247892464e-38,2.4506247892464e-38,-86.601890525709,1,160
1.25,200,-4.3932161902905,nan,nan,nan,0.55756345599425,1.7935178305701,nan,nan,20,2,2,61,9.2232334280298e-38,9.2232334280298e-38,-85.276507860502,1,160
1.25,200,-4.3932161902905,nan,nan,nan,0.55756345599425,1.7935178305701,nan,nan,20,2,2,62,-8.5103050495755e-39,8.5103050495755e-39,-87.659540838811,1,160
1.25,200,-4.3932161902905,nan,nan,nan,0.55756345599425,1.7935178305701,nan,nan,20,2,2,63,-6.9496857857774e-38,6.9496857857774e-38,-85.559537085899,1,160
1.25,200,-4.3932161902905,nan,nan,nan,0.55756345599425,1.7935178305701,nan,nan,20,2,2,64,1.439758548909e-38,1.439758548909e-38,-87.133758108614,1,160
1.25,200,-4.3932161902905,nan,nan,nan,0.55756345599425,1.7935178305701,nan,nan,20,2,2,65,-4.0659783007524e-39,4.0659783007524e-39,-88.398164248331,1,160
1.25,200,-4.3932161902905,nan,nan,nan,0.55756345599425,1.7935178305701,nan,nan,20,2,2,66,1.0238938819079e-38,1.0238938819079e-38,-87.474620643476,1,160
1.25,200,-4.3932161902905,nan,nan,nan,0.55756345599425,1.7935178305701,nan,nan,20,2,2,67,-2.0277294212598e-38,2.0277294212598e-38,-86.791316878416,1,160
1.25,200,-4.3932161902905,nan,nan,nan,0.55756345599425,1.7935178305701,nan,nan,20,2,2,68,2.4188028847668e-39,2.4188028847668e-39,-88.917545884708,1,160
1.25,200,-4.3932161902905,nan,nan,nan,0.55756345599425,1.7935178305701,nan,nan,20,2,2,69,-2.7551340201242e-38,2.7551340201242e-38,-86.484767446209,1,160
1.25,200,-4.3932161902905,nan,nan,nan,0.55756345599425,1.7935178305701,nan,nan,20,2,2,70,6.6363157317976e-38,6.6363157317976e-38,-85.605676583946,1,160
1.25,200,-4.3932161902905,nan,nan,nan,0.55756345599425,1.7935178305701,nan,nan,20,2,2,71,-4.3174072027411e-40,4.3174072027411e-40,-90.640748682239,1,160
1.25,200,-4.3932161902905,nan,nan,nan,0.55756345599425,1.7935178305701,nan,nan,20,2,2,72,3.8695401039371e-39,3.8695401039371e-39,-88.44768296298,1,160
1.25,200,-4.3932161902905,nan,nan,nan,0.55756345599425,1.7935178305701,nan,nan,20,2,2,73,2.760159883043e-38,2.760159883043e-38,-86.482944927084,1,160
1.25,200,-4.3932161902905,nan,nan,nan,0.55756345599425,1.7935178305701,nan,nan,20,2,2,74,-1.962710375996e-38,1.962710375996e-38,-86.823907170885,1,160
1.25,200,-4.3932161902905,nan,nan,nan,0.55756345599425,1.7935178305701,nan,nan,20,2,2,75,6.8900870446669e-39,6.8900870446669e-39,-87.870734908344,1,160
1.25,200,-4.3932161902905,nan,nan,nan,0.55756345599425,1.7935178305701,nan,nan,20,2,2,76,-1.5363788845317e-38,1.5363788845317e-38,-87.068805259849,1,160
1.25,200,-4.3932161902905,nan,nan,nan,0.55756345599425,1.7935178305701,nan,nan,20,2,2,77,-8.4150065184918e-38,8.4150065184918e-38,-85.368216931504,1,160
1.25,200,-4.3932161902905,nan,nan,nan,0.55756345599425,1.7935178305701,nan,nan,20,2,2,78,-5.6860415416511e-38,5.6860415416511e-38,-85.760219214618,1,160
1.25,200,-4.3932161902905,nan,nan,nan,0.55756345599425,1.7935178305701,nan,nan,20,2,2,79,5.5085564307523e-38,5.5085564307523e-38,-85.791930935724,1,160
1.25,200,-4.3932161902905,nan,nan,nan,0.55756345599425,1.7935178305701,nan,nan,20,2,2,80,-1.471115140438e-38,1.471115140438e-38,-87.112212821636,1,160
1.25,200,-4.3932161902905,nan,nan,nan,0.55756345599425,1.7935178305701,nan,nan,20,2,2,81,-5.1293209574352e-38,5.1293209574352e-38,-85.863260250324,1,160
1.25,200,-4.3932161902905,nan,nan,nan,0.55756345599425,1.7935178305701,nan,nan,20,2,2,82,1.5308616057856e-38,1.5308616057856e-38,-87.072402815837,1,160
1.25,200,-4.3932161902905,nan,nan,nan,0.55756345599425,1.7935178305701,nan,nan,20,2,2,83,3.6192744144089e-38,3.6192744144089e-38,-86.211959966035,1,160
1.25,200,-4.3932161902905,nan,nan,nan,0.55756345599425,1.7935178305701,nan,nan,20,2,2,84,1.7468985921842e-38,1.7468985921842e-38,-86.940391551139,1,160
1.25,200,-4.3932161902905,nan,nan,nan,0.55756345599425,1.7935178305701,nan,nan,20,2,2,85,5.5995502621676e-38,5.5995502621676e-38,-85.775547249585,1,160
1.25,200,-4.3932161902905,nan,nan,nan,0.55756345599425,1.7935178305701,nan,nan,20,2,2,86,1.0921359886567e-38,1.0921359886567e-38,-87.410098132468,1,160
1.25,200,-4.3932161902905,nan,nan,nan,0.55756345599425,1.7935178305701,nan,nan,20,2,2,87,-4.1946608008109e-38,4.1946608008109e-38,-86.064421055095,1,160
1.25,200,-4.3932161902905,nan,nan,nan,0.55756345599425,1.7935178305701,nan,nan,20,2,2,88,1.5766519188094e-38,1.5766519188094e-38,-87.042929973802,1,160
1.25,200,-4.3932161902905,nan,nan,nan,0.55756345599425,1.7935178305701,nan,nan,20,2,2,89,-5.7956011138921e-38,5.7956011138921e-38,-85.741134332613,1,160
1.25,200,-4.3932161902905,nan,nan,nan,0.55756345599425,1.7935178305701,nan,nan,20,2,2,90,7.3748116120543e-38,7.3748116120543e-38,-85.500163176002,1,160
1.25,200,-4.3932161902905,nan,nan,nan,0.55756345599425,1.7935178305701,nan,nan,20,2,2,91,2.4738194940277e-38,2.4738194940277e-38,-86.59247022365,1,160
1.25,200,-4.3932161902905,nan,nan,nan,0.55756345599425,1.7935178305701,nan,nan,20,2,2,92,-3.6675967174655e-40,3.6675967174655e-40,-90.803867117577,1,160
1.25,200,-4.3932161902905,nan,nan,nan,0.55756345599425,1.7935178305701,nan,nan,20,2,2,93,8.053754117131e-39,8.053754117131e-39,-87.71468029409,1,160
1.25,200,-4.3932161902905,nan,nan,nan,0.55756345599425,1.7935178305701,nan,nan,20,2,2,94,-3.7653759733783e-38,3.7653759733783e-38,-86.172385817381,1,160
1.25,200,-4.3932161902905,nan,nan,nan,0.55756345599425,1.7935178305701,nan,nan,20,2,2,95,-5.6847173737332e-38,5.6847173737332e-38,-85.76045212219,1,160
1.25,200,-4.3932161902905,nan,nan,nan,0.55756345599425,1.7935178305701,nan,nan,20,2,2,96,-3.5957088992958e-38,3.5957088992958e-38,-86.218492371694,1,160
1.25,200,-4.3932161902905,nan,nan,nan,0.55756345599425,1.7935178305701,nan,nan,20,2,2,97,-3.0672148581764e-38,3.0672148581764e-38,-86.377463596261,1,160
1.25,200,-4.3932161902905,nan,nan,nan,0.55756345599425,1.7935178305701,nan,nan,20,2,2,98,-3.5084278202551e-38,3.5084278202551e-38,-86.243065511097,1,160
1.25,200,-4.3932161902905,nan,nan,nan,0.55756345599425,1.7935178305701,nan,nan,20,2,2,99,8.2890896216966e-38,8.2890896216966e-38,-85.383293387099,1,160
1.25,200,-4.3932161902905,nan,nan,nan,0.55756345599425,1.7935178305701,nan,nan,20,2,2,100,-1.3865030939228e-38,1.3865030939228e-38,-87.17144871624,1,160
1.25,200,-4.3932161902905,nan,nan,nan,0.55756345599425,1.7935178305701,nan,nan,20,2,2,101,-1.9647873187393e-38,1.9647873187393e-38,-86.822849529049,1,160
1.25,200,-4.3932161902905,nan,nan,nan,0.55756345599425,1.7935178305701,nan,nan,20,2,2,102,4.6325739903065e-38,4.6325739903065e-38,-85.96512088272,1,160
1.25,200,-4.3932161902905,nan,nan,nan,0.55756345599425,1.7935178305701,nan,nan,20,2,2,103,-8.3441064703552e-38,8.3441064703552e-38,-85.376678056047,1,160
1.25,200,-4.3932161902905,nan,nan,nan,0.55756345599425,1.7935178305701,nan,nan,20,2,2,104,-2.3119352608666e-38,2.3119352608666e-38,-86.660148584711,1,160
1.25,200,-4.3932161902905,nan,nan,nan,0.55756345599425,1.7935178305701,nan,nan,20,2,2,105,1.7727204652629e-39,1.7727204652629e-39,-89.228303274112,1,160
1.25,200,-4.3932161902905,nan,nan,nan,0.55756345599425,1.7935178305701,nan,nan,20,2,2,106,7.3170124768006e-38,7.3170124768006e-38,-85.508031420693,1,160
1.25,200,-4.3932161902905,nan,nan,nan,0.55756345599425,1.7935178305701,nan,nan,20,2,2,107,-2.3685446379252e-38,2.3685446379252e-38,-86.635957844074,1,160
1.25,200,-4.3932161902905,nan,nan,nan,0.55756345599425,1.7935178305701,nan,nan,20,2,2,108,6.9615764541781e-38,6.9615764541781e-38,-85.557827583038,1,160
1.25,200,-4.3932161902905,nan,nan,nan,0.55756345599425,1.7935178305701,nan,nan,20,2,2,109,-1.2831877684375e-38,1.2831877684375e-38,-87.248886107767,1,160
1.25,200,-4.3932161902905,nan,nan,nan,0.55756345599425,1.7935178305701,nan,nan,20,2,2,110,-5.5443746331975e-39,5.5443746331975e-39,-88.088034792633,1,160
1.25,200,-4.3932161902905,nan,nan,nan,0.55756345599425,1.7935178305701,nan,nan,20,2,2,111,-8.3495298880757e-38,8.3495298880757e-38,-85.376028297325,1,160
1.25,200,-4.3932161902905,nan,nan,nan,0.55756345599425,1.7935178305701,nan,nan,20,2,2,112,-8.2241445106959e-39,8.2241445106959e-39,-87.693744346383,1,160
1.25,200,-4.3932161902905,nan,nan,nan,0.55756345599425,1.7935178305701,nan,nan,20,2,2,113,-6.9261433394038e-38,6.9261433394038e-38,-85.562930392165,1,160
1.25,200,-4.3932161902905,nan,nan,nan,0.55756345599425,1.7935178305701,nan,nan,20,2,2,114,-3.927118834263e-38,3.927118834263e-38,-86.13032749781,1,160
1.25,200,-4.3932161902905,nan,nan,nan,0.55756345599425,1.7935178305701,nan,nan,20,2,2,115,-7.0533075070717e-38,7.0533075070717e-38,-85.544736877027,1,160
1.25,200,-4.3932161902905,nan,nan,nan,0.55756345599425,1.7935178305701,nan,nan,20,2,2,116,1.5191174051922e-37,1.5191174051922e-37,-84.777518929045,1,160
1.25,200,-4.3932161902905,nan,nan,nan,0.55756345599425,1.7935178305701,nan,nan,20,2,2,117,-2.8680628758735e-38,2.8680628758735e-38,-86.444596688029,1,160
1.25,200,-4.3932161902905,nan,nan,nan,0.55756345599425,1.7935178305701,nan,nan,20,2,2,118,6.98188457329e-38,6.98188457329e-38,-85.554914657269,1,160
1.25,200,-4.3932161902905,nan,nan,nan,0.55756345599425,1.7935178305701,nan,nan,20,2,2,119,4.8829612729575e-39,4.8829612729575e-39,-88.215066772713,1,160
1.25,200,-4.3932161902905,nan,nan,nan,0.55756345599425,1.7935178305701,nan,nan,20,2,2,120,-5.397606676435e-38,5.397606676435e-38,-85.812277886517,1,160
1.25,200,-4.3932161902905,nan,nan,nan,0.55756345599425,1.7935178305701,nan,nan,20,2,2,121,9.8532438360746e-39,9.8532438360746e-39,-87.513017902339,1,160
1.25,200,-4.3932161902905,nan,nan,nan,0.55756345599425,1.7935178305701,nan,nan,20,2,2,122,2.1298116331418e-38,2.1298116331418e-38,-86.742199993108,1,160
1.25,200,-4.3932161902905,nan,nan,nan,0.55756345599425,1.7935178305701,nan,nan,20,2,2,123,-4.9480723402163e-38,4.9480723402163e-38,-85.899235459258,1,160
1.25,200,-4.3932161902905,nan,nan,nan,0.55756345599425,1.7935178305701,nan,nan,20,2,2,124,-9.4217258939834e-39,9.4217258939834e-39,-87.55780033904,1,160
1.25,200,-4.3932161902905,nan,nan,nan,0.55756345599425,1.7935178305701,nan,nan,20,2,2,125,-2.3356605282012e-38,2.3356605282012e-38,-86.6499388012,1,160
1.25,200,-4.3932161902905,nan,nan,nan,0.55756345599425,1.7935178305701,nan,nan,20,2,2,126,1.2622733532917e-38,1.2622733532917e-38,-87.265319189868,1,160
1.25,200,-4.3932161902905,nan,nan,nan,0.55756345599425,1.7935178305701,nan,nan,20,2,2,127,-6.175063667338e-38,6.175063667338e-38,-85.677714340813,1,160
1.25,200,-4.3932161902905,nan,nan,nan,0.55756345599425,1.7935178305701,nan,nan,20,2,2,128,9.6775828034055e-38,9.6775828034055e-38,-85.22842137406,1,160
1.25,200,-4.3932161902905,nan,nan,nan,0.55756345599425,1.7935178305701,nan,nan,20,2,2,129,1.1166704964216e-38,1.1166704964216e-38,-87.387882046979,1,160
1.25,200,-4.3932161902905,nan,nan,nan,0.55756345599425,1.7935178305701,nan,nan,20,2,2,130,-1.9472370081097e-38,1.9472370081097e-38,-86.831822084895,1,160
1.25,200,-4.3932161902905,nan,nan,nan,0.55756345599425,1.7935178305701,nan,nan,20,2,2,131,-1.5100209615768e-38,1.5100209615768e-38,-87.086110001204,1,160
1.25,200,-4.3932161902905,nan,nan,nan,0.55756345599425,1.7935178305701,nan,nan,20,2,2,132,1.733881186307e-38,1.733881186307e-38,-86.94787117777,1,160
1.25,200,-4.3932161902905,nan,nan,nan,0.55756345599425,1.7935178305701,nan,nan,20,2,2,133,1.2254220998496e-38,1.2254220998496e-38,-87.294948177822,1,160
1.25,200,-4.3932161902905,nan,nan,nan,0.55756345599425,1.7935178305701,nan,nan,20,2,2,134,-9.8152881175836e-40,9.8152881175836e-40,-89.819462537642,1,160
1.25,200,-4.3932161902905,nan,nan,nan,0.55756345599425,1.7935178305701,nan,nan,20,2,2,135,2.9841917869981e-39,2.9841917869981e-39,-88.707489674709,1,160
1.25,200,-4.3932161902905,nan,nan,nan,0.55756345599425,1.7935178305701,nan,nan,20,2,2,136,6.5071827756506e-39,6.5071827756506e-39,-87.927912017568,1,160
1.25,200,-4.3932161902905,nan,nan,nan,0.55756345599425,1.7935178305701,nan,nan,20,2,2,137,2.6030034901029e-39,2.6030034901029e-39,-88.844152659956,1,160
1.25,200,-4.3932161902905,nan,nan,nan,0.55756345599425,1.7935178305701,nan,nan,20,2,2,138,-9.6736095957575e-39,9.6736095957575e-39,-87.531417109212,1,160
1.25,200,-4.3932161902905,nan,nan,nan,0.55756345599425,1.7935178305701,nan,nan,20,2,2,139,-2.886521201072e-39,2.886521201072e-39,-88.74076658637,1,160
1.25,200,-4.3932161902905,nan,nan,nan,0.55756345599425,1.7935178305701,nan,nan,20,2,2,140,-3.8834883421837e-38,3.8834883421837e-38,-86.141499726785,1,160
1.25,200,-4.3932161902905,nan,nan,nan,0.55756345599425,1.7935178305701,nan,nan,20,2,2,141,1.1239575179589e-38,1.1239575179589e-38,-87.381377578427,1,160
1.25,200,-4.3932161902905,nan,nan,nan,0.55756345599425,1.7935178305701,nan,nan,20,2,2,142,-6.9464269283935e-39,6.9464269283935e-39,-87.862591210414,1,160
1.25,200,-4.3932161902905,nan,nan,nan,0.55756345599425,1.7935178305701,nan,nan,20,2,2,143,-8.2590872064974e-39,8.2590872064974e-39,-87.689504553029,1,160
1.25,200,-4.3932161902905,nan,nan,nan,0.55756345599425,1.7935178305701,nan,nan,20,2,2,144,1.0428808576012e-38,1.0428808576012e-38,-87.456246594768,1,160
1.25,200,-4.3932161902905,nan,nan,nan,0.55756345599425,1.7935178305701,nan,nan,20,2,2,145,-3.6426043456999e-38,3.6426043456999e-38,-86.205534628371,1,160
1.25,200,-4.3932161902905,nan,nan,nan,0.55756345599425,1.7935178305701,nan,nan,20,2,2,146,3.4469090030985e-38,3.4469090030985e-38,-86.260755645456,1,160
1.25,200,-4.3932161902905,nan,nan,nan,0.55756345599425,1.7935178305701,nan,nan,20,2,2,147,-3.541521364823e-38,3.541521364823e-38,-86.233677134876,1,160
1.25,200,-4.3932161902905,nan,nan,nan,0.55756345599425,1.7935178305701,nan,nan,20,2,2,148,1.4787551509595e-40,1.4787551509595e-40,-91.712203100137,1,160
1.25,200,-4.3932161902905,nan,nan,nan,0.55756345599425,1.7935178305701,nan,nan,20,2,2,149,3.5789222945137e-38,3.5789222945137e-38,-86.223171813733,1,160
1.25,200,-4.3932161902905,nan,nan,nan,0.55756345599425,1.7935178305701,nan,nan,20,2,2,150,-5.8875384501335e-38,5.8875384501335e-38,-85.725395543644,1,160
1.25,200,-4.3932161902905,nan,nan,nan,0.55756345599425,1.7935178305701,nan,nan,20,2,2,151,-5.6271831595697e-39,5.6271831595697e-39,-88.073209636718,1,160
1.25,200,-4.3932161902905,nan,nan,nan,0.55756345599425,1.7935178305701,nan,nan,20,2,2,152,4.3096489843627e-38,4.3096489843627e-38,-86.037377075118,1,160
1.25,200,-4.3932161902905,nan,nan,nan,0.55756345599425,1.7935178305701,nan,nan,20,2,2,153,-6.6132229486323e-38,6.6132229486323e-38,-85.609162411959,1,160
1.25,200,-4.3932161902905,nan,nan,nan,0.55756345599425,1.7935178305701,nan,nan,20,2,2,154,5.7508529437104e-38,5.7508529437104e-38,-85.748885351929,1,160
1.25,200,-4.3932161902905,nan,nan,nan,0.55756345599425,1.7935178305701,nan,nan,20,2,2,155,1.876061601941e-38,1.876061601941e-38,-86.869058846873,1,160
1.25,200,-4.3932161902905,nan,nan,nan,0.55756345599425,1.7935178305701,nan,nan,20,2,2,156,8.0257535517038e-38,8.0257535517038e-38,-85.415577968642,1,160
1.25,200,-4.3932161902905,nan,nan,nan,0.55756345599425,1.7935178305701,nan,nan,20,2,2,157,-1.3867702344332e-37,1.3867702344332e-37,-84.86867096967,1,160
1.25,200,-4.3932161902905,nan,nan,nan,0.55756345599425,1.7935178305701,nan,nan,20,2,2,158,2.0105174989426e-37,2.0105174989426e-37,-84.497256289686,1,160
1.25,200,-4.3932161902905,nan,nan,nan,0.55756345599425,1.7935178305701,nan,nan,20,2,2,159,-1.9349537191327e-38,1.9349537191327e-38,-86.838150125339,1,160
1.25,200,-4.3932161902905,nan,nan,nan,0.55756345599425,1.7935178305701,nan,nan,20,2,2,160,-2.3191920200259e-38,2.3191920200259e-38,-86.657014675985,1,160
1.3,200,-3.5276680153876,nan,nan,nan,0.51549211556727,1.9398938796562,nan,nan,20,2,2,1,0.025384081276321,0.025384081276321,-3.6736330228343,1,160
1.3,200,-3.5276680153876,nan,nan,nan,0.51549211556727,1.9398938796562,nan,nan,20,2,2,2,0.0033223303099913,0.0033223303099913,-5.707088841671,1,160
1.3,200,-3.5276680153876,nan,nan,nan,0.51549211556727,1.9398938796562,nan,nan,20,2,2,3,0.00046113406789646,0.00046113406789646,-7.6818217375155,1,160
1.3,200,-3.5276680153876,nan,nan,nan,0.51549211556727,1.9398938796562,nan,nan,20,2,2,4,6.5777184555964e-05,6.5777184555964e-05,-9.629237519032,1,160
1.3,200,-3.5276680153876,nan,nan,nan,0.51549211556727,1.9398938796562,nan,nan,20,2,2,5,9.4678879939857e-06,9.4678879939857e-06,-11.567604696338,1,160
1.3,200,-3.5276680153876,nan,nan,nan,0.51549211556727,1.9398938796562,nan,nan,20,2,2,6,1.3667217267603e-06,1.3667217267603e-06,-13.50309558586,1,160
1.3,200,-3.5276680153876,nan,nan,nan,0.51549211556727,1.9398938796562,nan,nan,20,2,2,7,1.9746968859896e-07,1.9746968859896e-07,-15.437680739832,1,160
1.3,200,-3.5276680153876,nan,nan,nan,0.51549211556727,1.9398938796562,nan,nan,20,2,2,8,2.8539365905206e-08,2.8539365905206e-08,-17.371981442902,1,160
1.3,200,-3.5276680153876,nan,nan,nan,0.51549211556727,1.9398938796562,nan,nan,20,2,2,9,4.1250285919665e-09,4.1250285919665e-09,-19.306192885798,1,160
1.3,200,-3.5276680153876,nan,nan,nan,0.51549211556727,1.9398938796562,nan,nan,20,2,2,10,5.9624090579238e-10,5.9624090579238e-10,-21.240376326182,1,160
1.3,200,-3.5276680153876,nan,nan,nan,0.51549211556727,1.9398938796562,nan,nan,20,2,2,11,8.6182757922154e-11,8.6182757922154e-11,-23.174550982371,1,160
1.3,200,-3.5276680153876,nan,nan,nan,0.51549211556727,1.9398938796562,nan,nan,20,2,2,12,1.245719332084e-11,1.245719332084e-11,-25.108722883092,1,160
1.3,200,-3.5276680153876,nan,nan,nan,0.51549211556727,1.9398938796562,nan,nan,20,2,2,13,1.8006130611746e-12,1.8006130611746e-12,-27.042893919472,1,160
1.3,200,-3.5276680153876,nan,nan,nan,0.51549211556727,1.9398938796562,nan,nan,20,2,2,14,2.6026795856955e-13,2.6026795856955e-13,-28.977064684726,1,160
1.3,200,-3.5276680153876,nan,nan,nan,0.51549211556727,1.9398938796562,nan,nan,20,2,2,15,3.7620195854241e-14,3.7620195854241e-14,-30.911235364931,1,160
1.3,200,-3.5276680153876,nan,nan,nan,0.51549211556727,1.9398938796562,nan,nan,20,2,2,16,5.4377772110353e-15,5.4377772110353e-15,-32.845406018456,1,160
1.3,200,-3.5276680153876,nan,nan,nan,0.51549211556727,1.9398938796562,nan,nan,20,2,2,17,7.8599859922923e-16,7.8599859922923e-16,-34.779576663616,1,160
1.3,200,-3.5276680153876,nan,nan,nan,0.51549211556727,1.9398938796562,nan,nan,20,2,2,18,1.1361145843929e-16,1.1361145843929e-16,-36.713747306149,1,160
1.3,200,-3.5276680153876,nan,nan,nan,0.51549211556727,1.9398938796562,nan,nan,20,2,2,19,1.6421865779337e-17,1.6421865779337e-17,-38.647917947862,1,160
1.3,200,-3.5276680153876,nan,nan,nan,0.51549211556727,1.9398938796562,nan,nan,20,2,2,20,2.3736837766933e-18,2.3736837766933e-18,-40.582088589318,1,160
1.3,200,-3.5276680153876,nan,nan,nan,0.51549211556727,1.9398938796562,nan,nan,20,2,2,21,3.4310198048907e-19,3.4310198048907e-19,-42.51625923069,1,160
1.3,200,-3.5276680153876,nan,nan,nan,0.51549211556727,1.9398938796562,nan,nan,20,2,2,22,4.9593366300213e-20,4.9593366300213e-20,-44.450429872036,1,160
1.3,200,-3.5276680153876,nan,nan,nan,0.51549211556727,1.9398938796562,nan,nan,20,2,2,23,7.1684283999636e-21,7.1684283999636e-21,-46.384600513368,1,160
1.3,200,-3.5276680153876,nan,nan,nan,0.51549211556727,1.9398938796562,nan,nan,20,2,2,24,1.0361540173388e-21,1.0361540173388e-21,-48.318771154702,1,160
1.3,200,-3.5276680153876,nan,nan,nan,0.51549211556727,1.9398938796562,nan,nan,20,2,2,25,1.497699478522e-22,1.497699478522e-22,-50.252941796039,1,160
1.3,200,-3.5276680153876,nan,nan,nan,0.51549211556727,1.9398938796562,nan,nan,20,2,2,26,2.1648362023764e-23,2.1648362023764e-23,-52.187112437372,1,160
1.3,200,-3.5276680153876,nan,nan,nan,0.51549211556727,1.9398938796562,nan,nan,20,2,2,27,3.1291429624748e-24,3.1291429624748e-24,-54.121283078705,1,160
1.3,200,-3.5276680153876,nan,nan,nan,0.51549211556727,1.9398938796562,nan,nan,20,2,2,28,4.5229914710749e-25,4.5229914710749e-25,-56.055453720036,1,160
1.3,200,-3.5276680153876,nan,nan,nan,0.51549211556727,1.9398938796562,nan,nan,20,2,2,29,6.5377172256834e-26,6.5377172256834e-26,-57.989624361368,1,160
1.3,200,-3.5276680153876,nan,nan,nan,0.51549211556727,1.9398938796562,nan,nan,20,2,2,30,9.4498843953586e-27,9.4498843953586e-27,-59.923795002704,1,160
1.3,200,-3.5276680153876,nan,nan,nan,0.51549211556727,1.9398938796562,nan,nan,20,2,2,31,1.3659250163714e-27,1.3659250163714e-27,-61.857965644044,1,160
1.3,200,-3.5276680153876,nan,nan,nan,0.51549211556727,1.9398938796562,nan,nan,20,2,2,32,1.9743639946158e-28,1.9743639946158e-28,-63.792136285385,1,160
1.3,200,-3.5276680153876,nan,nan,nan,0.51549211556727,1.9398938796562,nan,nan,20,2,2,33,2.8538266290412e-29,2.8538266290412e-29,-65.726306926275,1,160
1.3,200,-3.5276680153876,nan,nan,nan,0.51549211556727,1.9398938796562,nan,nan,20,2,2,34,4.1250379655247e-30,4.1250379655247e-30,-67.660477566314,1,160
1.3,200,-3.5276680153876,nan,nan,nan,0.51549211556727,1.9398938796562,nan,nan,20,2,2,35,5.9624988981716e-31,5.9624988981716e-31,-69.594648211394,1,160
1.3,200,-3.5276680153876,nan,nan,nan,0.51549211556727,1.9398938796562,nan,nan,20,2,2,36,8.6184391300759e-32,8.6184391300759e-32,-71.528818982927,1,160
1.3,200,-3.5276680153876,nan,nan,nan,0.51549211556727,1.9398938796562,nan,nan,20,2,2,37,1.2457446589046e-32,1.2457446589046e-32,-73.462989505093,1,160
1.3,200,-3.5276680153876,nan,nan,nan,0.51549211556727,1.9398938796562,nan,nan,20,2,2,38,1.8006545796169e-33,1.8006545796169e-33,-75.397157814665,1,160
1.3,200,-3.5276680153876,nan,nan,nan,0.51549211556727,1.9398938796562,nan,nan,20,2,2,39,2.6027479448526e-34,2.6027479448526e-34,-77.331325373031,1,160
1.3,200,-3.5276680153876,nan,nan,nan,0.51549211556727,1.9398938796562,nan,nan,20,2,2,40,3.7624808223069e-35,3.7624808223069e-35,-79.265399721791,1,160
1.3,200,-3.5276680153876,nan,nan,nan,0.51549211556727,1.9398938796562,nan,nan,20,2,2,41,5.4362292312031e-36,5.4362292312031e-36,-81.19997768329,1,160
1.3,200,-3.5276680153876,nan,nan,nan,0.51549211556727,1.9398938796562,nan,nan,20,2,2,42,7.7812394212968e-37,7.7812394212968e-37,-83.143932806628,1,160
1.3,200,-3.5276680153876,nan,nan,nan,0.51549211556727,1.9398938796562,nan,nan,20,2,2,43,1.1308860288129e-37,1.1308860288129e-37,-85.072647019004,1,160
1.3,200,-3.5276680153876,nan,nan,nan,0.51549211556727,1.9398938796562,nan,nan,20,2,2,44,2.0434467161915e-38,2.0434467161915e-38,-86.783595584869,1,160
1.3,200,-3.5276680153876,nan,nan,nan,0.51549211556727,1.9398938796562,nan,nan,20,2,2,45,8.9910353995696e-40,8.9910353995696e-40,-89.907175705544,1,160
1.3,200,-3.5276680153876,nan,nan,nan,0.51549211556727,1.9398938796562,nan,nan,20,2,2,46,2.2995599288663e-38,2.2995599288663e-38,-86.665515764421,1,160
1.3,200,-3.5276680153876,nan,nan,nan,0.51549211556727,1.9398938796562,nan,nan,20,2,2,47,6.8559935337537e-39,6.8559935337537e-39,-87.875695388624,1,160
1.3,200,-3.5276680153876,nan,nan,nan,0.51549211556727,1.9398938796562,nan,nan,20,2,2,48,-1.8602734015611e-39,1.8602734015611e-39,-89.180095159758,1,160
1.3,200,-3.5276680153876,nan,nan,nan,0.51549211556727,1.9398938796562,nan,nan,20,2,2,49,-4.6219629690903e-39,4.6219629690903e-39,-88.269999126828,1,160
1.3,200,-3.5276680153876,nan,nan,nan,0.51549211556727,1.9398938796562,nan,nan,20,2,2,50,1.6781865743114e-39,1.6781865743114e-39,-89.283104836399,1,160
1.3,200,-3.5276680153876,nan,nan,nan,0.51549211556727,1.9398938796562,nan,nan,20,2,2,51,6.3433917023914e-40,6.3433917023914e-40,-90.255990125526,1,160
1.3,200,-3.5276680153876,nan,nan,nan,0.51549211556727,1.9398938796562,nan,nan,20,2,2,52,-2.8253964242243e-39,2.8253964242243e-39,-88.762169944855,1,160
1.3,200,-3.5276680153876,nan,nan,nan,0.51549211556727,1.9398938796562,nan,nan,20,2,2,53,2.1531605449849e-39,2.1531605449849e-39,-89.033881843128,1,160
1.3,200,-3.5276680153876,nan,nan,nan,0.51549211556727,1.9398938796562,nan,nan,20,2,2,54,1.1894524735263e-38,1.1894524735263e-38,-87.324740438812,1,160
1.3,200,-3.5276680153876,nan,nan,nan,0.51549211556727,1.9398938796562,nan,nan,20,2,2,55,-4.8660554699272e-39,4.8660554699272e-39,-88.21853498298,1,160
1.3,200,-3.5276680153876,nan,nan,nan,0.51549211556727,1.9398938796562,nan,nan,20,2,2,56,-2.4322694705113e-39,2.4322694705113e-39,-88.911993866782,1,160
1.3,200,-3.5276680153876,nan,nan,nan,0.51549211556727,1.9398938796562,nan,nan,20,2,2,57,5.8636763595032e-39,5.8636763595032e-39,-88.032041854787,1,160
1.3,200,-3.5276680153876,nan,nan,nan,0.51549211556727,1.9398938796562,nan,nan,20,2,2,58,3.9598896121043e-39,3.9598896121043e-39,-88.424602477621,1,160
1.3,200,-3.5276680153876,nan,nan,nan,0.51549211556727,1.9398938796562,nan,nan,20,2,2,59,4.8104702064865e-39,4.8104702064865e-39,-88.230023791402,1,160
1.3,200,-3.5276680153876,nan,nan,nan,0.51549211556727,1.9398938796562,nan,nan,20,2,2,60,-1.1831930090509e-38,1.1831930090509e-38,-87.330016809887,1,160
1.3,200,-3.5276680153876,nan,nan,nan,0.51549211556727,1.9398938796562,nan,nan,20,2,2,61,9.0769961457743e-40,9.0769961457743e-40,-89.897660402832,1,160
1.3,200,-3.5276680153876,nan,nan,nan,0.51549211556727,1.9398938796562,nan,nan,20,2,2,62,4.3964246415178e-39,4.3964246415178e-39,-88.32002699764,1,160
1.3,200,-3.5276680153876,nan,nan,nan,0.51549211556727,1.9398938796562,nan,nan,20,2,2,63,6.5155521668462e-39,6.5155521668462e-39,-87.926626666621,1,160
1.3,200,-3.5276680153876,nan,nan,nan,0.51549211556727,1.9398938796562,nan,nan,20,2,2,64,5.97501338379e-39,5.97501338379e-39,-88.013232288988,1,160
1.3,200,-3.5276680153876,nan,nan,nan,0.51549211556727,1.9398938796562,nan,nan,20,2,2,65,-9.8369451698992e-39,9.8369451698992e-39,-87.514673414117,1,160
1.3,200,-3.5276680153876,nan,nan,nan,0.51549211556727,1.9398938796562,nan,nan,20,2,2,66,-6.5723431022962e-39,6.5723431022962e-39,-87.917948221276,1,160
1.3,200,-3.5276680153876,nan,nan,nan,0.51549211556727,1.9398938796562,nan,nan,20,2,2,67,4.7189255343046e-39,4.7189255343046e-39,-88.249237494122,1,160
1.3,200,-3.5276680153876,nan,nan,nan,0.51549211556727,1.9398938796562,nan,nan,20,2,2,68,2.3755477698775e-39,2.3755477698775e-39,-88.935590575926,1,160
1.3,200,-3.5276680153876,nan,nan,nan,0.51549211556727,1.9398938796562,nan,nan,20,2,2,69,9.1745048861772e-39,9.1745048861772e-39,-87.584390197643,1,160
1.3,200,-3.5276680153876,nan,nan,nan,0.51549211556727,1.9398938796562,nan,nan,20,2,2,70,-1.7636460598836e-38,1.7636460598836e-38,-86.930850242646,1,160
1.3,200,-3.5276680153876,nan,nan,nan,0.51549211556727,1.9398938796562,nan,nan,20,2,2,71,9.7566585451833e-39,9.7566585451833e-39,-87.522868647136,1,160
1.3,200,-3.5276680153876,nan,nan,nan,0.51549211556727,1.9398938796562,nan,nan,20,2,2,72,-3.8038681966371e-39,3.8038681966371e-39,-88.464800131308,1,160
1.3,200,-3.5276680153876,nan,nan,nan,0.51549211556727,1.9398938796562,nan,nan,20,2,2,73,1.3716640426774e-39,1.3716640426774e-39,-89.484793994302,1,160
1.3,200,-3.5276680153876,nan,nan,nan,0.51549211556727,1.9398938796562,nan,nan,20,2,2,74,8.1553069560569e-40,8.1553069560569e-40,-90.00473484417,1,160
1.3,200,-3.5276680153876,nan,nan,nan,0.51549211556727,1.9398938796562,nan,nan,20,2,2,75,-2.1823937764092e-39,2.1823937764092e-39,-89.020396289823,1,160
1.3,200,-3.5276680153876,nan,nan,nan,0.51549211556727,1.9398938796562,nan,nan,20,2,2,76,-1.9464389791478e-39,1.9464389791478e-39,-89.134817088203,1,160
1.3,200,-3.5276680153876,nan,nan,nan,0.51549211556727,1.9398938796562,nan,nan,20,2,2,77,-1.5395839354723e-39,1.5395839354723e-39,-89.369306418616,1,160
1.3,200,-3.5276680153876,nan,nan,nan,0.51549211556727,1.9398938796562,nan,nan,20,2,2,78,8.0482673749819e-39,8.0482673749819e-39,-87.715361791425,1,160
1.3,200,-3.5276680153876,nan,nan,nan,0.51549211556727,1.9398938796562,nan,nan,20,2,2,79,-1.080492062964e-38,1.080492062964e-38,-87.420816982542,1,160
1.3,200,-3.5276680153876,nan,nan,nan,0.51549211556727,1.9398938796562,nan,nan,20,2,2,80,1.8383856406434e-38,1.8383856406434e-38,-86.889345716482,1,160
1.3,200,-3.5276680153876,nan,nan,nan,0.51549211556727,1.9398938796562,nan,nan,20,2,2,81,-1.5194715521475e-39,1.5194715521475e-39,-89.382456015419,1,160
1.3,200,-3.5276680153876,nan,nan,nan,0.51549211556727,1.9398938796562,nan,nan,20,2,2,82,-4.8534742066991e-40,4.8534742066991e-40,-90.523708939977,1,160
1.3,200,-3.5276680153876,nan,nan,nan,0.51549211556727,1.9398938796562,nan,nan,20,2,2,83,-1.1465425095053e-38,1.1465425095053e-38,-87.361482633513,1,160
1.3,200,-3.5276680153876,nan,nan,nan,0.51549211556727,1.9398938796562,nan,nan,20,2,2,84,5.581937411056e-39,5.581937411056e-39,-88.081282704354,1,160
1.3,200,-3.5276680153876,nan,nan,nan,0.51549211556727,1.9398938796562,nan,nan,20,2,2,85,1.0318668620797e-39,1.0318668620797e-39,-89.769448977644,1,160
1.3,200,-3.5276680153876,nan,nan,nan,0.51549211556727,1.9398938796562,nan,nan,20,2,2,86,-4.2250951566476e-39,4.2250951566476e-39,-88.359776843929,1,160
1.3,200,-3.5276680153876,nan,nan,nan,0.51549211556727,1.9398938796562,nan,nan,20,2,2,87,6.9520173513935e-39,6.9520173513935e-39,-87.861786742923,1,160
1.3,200,-3.5276680153876,nan,nan,nan,0.51549211556727,1.9398938796562,nan,nan,20,2,2,88,-4.4571576783107e-39,4.4571576783107e-39,-88.306307355751,1,160
1.3,200,-3.5276680153876,nan,nan,nan,0.51549211556727,1.9398938796562,nan,nan,20,2,2,89,1.7286056945845e-38,1.7286056945845e-38,-86.950918407109,1,160
1.3,200,-3.5276680153876,nan,nan,nan,0.51549211556727,1.9398938796562,nan,nan,20,2,2,90,4.0384360963613e-39,4.0384360963613e-39,-88.4049611146,1,160
1.3,200,-3.5276680153876,nan,nan,nan,0.51549211556727,1.9398938796562,nan,nan,20,2,2,91,-3.6156085462413e-39,3.6156085462413e-39,-88.515558446115,1,160
1.3,200,-3.5276680153876,nan,nan,nan,0.51549211556727,1.9398938796562,nan,nan,20,2,2,92,2.7430531249376e-39,2.7430531249376e-39,-88.791747047542,1,160
1.3,200,-3.5276680153876,nan,nan,nan,0.51549211556727,1.9398938796562,nan,nan,20,2,2,93,2.027833985476e-39,2.027833985476e-39,-89.093850405595,1,160
1.3,200,-3.5276680153876,nan,nan,nan,0.51549211556727,1.9398938796562,nan,nan,20,2,2,94,3.7732074273802e-39,3.7732074273802e-39,-88.47289321052,1,160
1.3,200,-3.5276680153876,nan,nan,nan,0.51549211556727,1.9398938796562,nan,nan,20,2,2,95,-3.5631089297413e-39,3.5631089297413e-39,-88.530185168133,1,160
1.3,200,-3.5276680153876,nan,nan,nan,0.51549211556727,1.9398938796562,nan,nan,20,2,2,96,1.0292608167268e-38,1.0292608167268e-38,-87.469392642832,1,160
1.3,200,-3.5276680153876,nan,nan,nan,0.51549211556727,1.9398938796562,nan,nan,20,2,2,97,-9.5424211006048e-39,9.5424211006048e-39,-87.545071389375,1,160
1.3,200,-3.5276680153876,nan,nan,nan,0.51549211556727,1.9398938796562,nan,nan,20,2,2,98,2.2332481237866e-39,2.2332481237866e-39,-88.997361543295,1,160
1.3,200,-3.5276680153876,nan,nan,nan,0.51549211556727,1.9398938796562,nan,nan,20,2,2,99,9.1449644054016e-40,9.1449644054016e-40,-89.890200330174,1,160
1.3,200,-3.5276680153876,nan,nan,nan,0.51549211556727,1.9398938796562,nan,nan,20,2,2,100,-3.8608327405121e-39,3.8608327405121e-39,-88.449935730675,1,160
1.3,200,-3.5276680153876,nan,nan,nan,0.51549211556727,1.9398938796562,nan,nan,20,2,2,101,8.7292817059829e-39,8.7292817059829e-39,-87.634135539112,1,160
1.3,200,-3.5276680153876,nan,nan,nan,0.51549211556727,1.9398938796562,nan,nan,20,2,2,102,2.8043306465653e-39,2.8043306465653e-39,-88.769653744945,1,160
1.3,200,-3.5276680153876,nan,nan,nan,0.51549211556727,1.9398938796562,nan,nan,20,2,2,103,2.8491473907553e-38,2.8491473907553e-38,-86.451213745389,1,160
1.3,200,-3.5276680153876,nan,nan,nan,0.51549211556727,1.9398938796562,nan,nan,20,2,2,104,-1.5394664342083e-39,1.5394664342083e-39,-89.369382741671,1,160
1.3,200,-3.5276680153876,nan,nan,nan,0.51549211556727,1.9398938796562,nan,nan,20,2,2,105,5.8456476560661e-39,5.8456476560661e-39,-88.035121232838,1,160
1.3,200,-3.5276680153876,nan,nan,nan,0.51549211556727,1.9398938796562,nan,nan,20,2,2,106,-4.0900153493521e-39,4.0900153493521e-39,-88.392269903822,1,160
1.3,200,-3.5276680153876,nan,nan,nan,0.51549211556727,1.9398938796562,nan,nan,20,2,2,107,1.5170584904751e-38,1.5170584904751e-38,-87.081460277476,1,160
1.3,200,-3.5276680153876,nan,nan,nan,0.51549211556727,1.9398938796562,nan,nan,20,2,2,108,-3.8582939423519e-39,3.8582939423519e-39,-88.450593524841,1,160
1.3,200,-3.5276680153876,nan,nan,nan,0.51549211556727,1.9398938796562,nan,nan,20,2,2,109,5.8372746552634e-39,5.8372746552634e-39,-88.036554607471,1,160
1.3,200,-3.5276680153876,nan,nan,nan,0.51549211556727,1.9398938796562,nan,nan,20,2,2,110,1.0701896254957e-39,1.0701896254957e-39,-89.732982773906,1,160
1.3,200,-3.5276680153876,nan,nan,nan,0.51549211556727,1.9398938796562,nan,nan,20,2,2,111,-2.7558347334812e-40,2.7558347334812e-40,-91.089683334489,1,160
1.3,200,-3.5276680153876,nan,nan,nan,0.51549211556727,1.9398938796562,nan,nan,20,2,2,112,-1.1720304384309e-38,1.1720304384309e-38,-87.339495871599,1,160
1.3,200,-3.5276680153876,nan,nan,nan,0.51549211556727,1.9398938796562,nan,nan,20,2,2,113,-8.6929665272653e-39,8.6929665272653e-39,-87.638304373217,1,160
1.3,200,-3.5276680153876,nan,nan,nan,0.51549211556727,1.9398938796562,nan,nan,20,2,2,114,1.6027041049115e-38,1.6027041049115e-38,-87.026541265512,1,160
1.3,200,-3.5276680153876,nan,nan,nan,0.51549211556727,1.9398938796562,nan,nan,20,2,2,115,-7.2116483428398e-39,7.2116483428398e-39,-87.825121082621,1,160
1.3,200,-3.5276680153876,nan,nan,nan,0.51549211556727,1.9398938796562,nan,nan,20,2,2,116,1.3962064293477e-39,1.3962064293477e-39,-89.467059761334,1,160
1.3,200,-3.5276680153876,nan,nan,nan,0.51549211556727,1.9398938796562,nan,nan,20,2,2,117,-2.1939866441999e-38,2.1939866441999e-38,-86.71251325936,1,160
1.3,200,-3.5276680153876,nan,nan,nan,0.51549211556727,1.9398938796562,nan,nan,20,2,2,118,5.6668446822823e-39,5.6668446822823e-39,-88.066186157353,1,160
1.3,200,-3.5276680153876,nan,nan,nan,0.51549211556727,1.9398938796562,nan,nan,20,2,2,119,5.4856171832325e-39,5.4856171832325e-39,-88.098689017359,1,160
1.3,200,-3.5276680153876,nan,nan,nan,0.51549211556727,1.9398938796562,nan,nan,20,2,2,120,-7.6255819208198e-39,7.6255819208198e-39,-87.769309989702,1,160
1.3,200,-3.5276680153876,nan,nan,nan,0.51549211556727,1.9398938796562,nan,nan,20,2,2,121,2.2157653450891e-38,2.2157653450891e-38,-86.702635661701,1,160
1.3,200,-3.5276680153876,nan,nan,nan,0.51549211556727,1.9398938796562,nan,nan,20,2,2,122,3.9609887351729e-39,3.9609887351729e-39,-88.424324952067,1,160
1.3,200,-3.5276680153876,nan,nan,nan,0.51549211556727,1.9398938796562,nan,nan,20,2,2,123,9.2077891154773e-40,9.2077891154773e-40,-89.88335395092,1,160
1.3,200,-3.5276680153876,nan,nan,nan,0.51549211556727,1.9398938796562,nan,nan,20,2,2,124,-1.3562676792404e-38,1.3562676792404e-38,-87.193496960167,1,160
1.3,200,-3.5276680153876,nan,nan,nan,0.51549211556727,1.9398938796562,nan,nan,20,2,2,125,5.2996037662949e-39,5.2996037662949e-39,-88.133186570081,1,160
1.3,200,-3.5276680153876,nan,nan,nan,0.51549211556727,1.9398938796562,nan,nan,20,2,2,126,-7.4709041573349e-39,7.4709041573349e-39,-87.789802596482,1,160
1.3,200,-3.5276680153876,nan,nan,nan,0.51549211556727,1.9398938796562,nan,nan,20,2,2,127,-3.2128655654028e-39,3.2128655654028e-39,-88.633655388343,1,160
1.3,200,-3.5276680153876,nan,nan,nan,0.51549211556727,1.9398938796562,nan,nan,20,2,2,128,-7.1040125247303e-40,7.1040125247303e-40,-90.14274395102,1,160
1.3,200,-3.5276680153876,nan,nan,nan,0.51549211556727,1.9398938796562,nan,nan,20,2,2,129,-4.3491390904831e-39,4.3491390904831e-39,-88.330840711488,1,160
1.3,200,-3.5276680153876,nan,nan,nan,0.51549211556727,1.9398938796562,nan,nan,20,2,2,130,1.4405521316483e-38,1.4405521316483e-38,-87.133207068919,1,160
1.3,200,-3.5276680153876,nan,nan,nan,0.51549211556727,1.9398938796562,nan,nan,20,2,2,131,-5.3544697323492e-39,5.3544697323492e-39,-88.122886950675,1,160
1.3,200,-3.5276680153876,nan,nan,nan,0.51549211556727,1.9398938796562,nan,nan,20,2,2,132,-4.4946884138983e-39,4.4946884138983e-39,-88.297922279623,1,160
1.3,200,-3.5276680153876,nan,nan,nan,0.51549211556727,1.9398938796562,nan,nan,20,2,2,133,6.0810105527549e-39,6.0810105527549e-39,-87.995647735266,1,160
1.3,200,-3.5276680153876,nan,nan,nan,0.51549211556727,1.9398938796562,nan,nan,20,2,2,134,-1.681537573806e-38,1.681537573806e-38,-86.978524936416,1,160
1.3,200,-3.5276680153876,nan,nan,nan,0.51549211556727,1.9398938796562,nan,nan,20,2,2,135,-4.383616431412e-39,4.383616431412e-39,-88.322944573785,1,160
1.3,200,-3.5276680153876,nan,nan,nan,0.51549211556727,1.9398938796562,nan,nan,20,2,2,136,2.4768913626009e-39,2.4768913626009e-39,-88.89381433568,1,160
1.3,200,-3.5276680153876,nan,nan,nan,0.51549211556727,1.9398938796562,nan,nan,20,2,2,137,-3.8260337757808e-39,3.8260337757808e-39,-88.458989927827,1,160
1.3,200,-3.5276680153876,nan,nan,nan,0.51549211556727,1.9398938796562,nan,nan,20,2,2,138,-1.4719901356145e-38,1.4719901356145e-38,-87.111618214838,1,160
1.3,200,-3.5276680153876,nan,nan,nan,0.51549211556727,1.9398938796562,nan,nan,20,2,2,139,4.2083814715227e-39,4.2083814715227e-39,-88.363740501562,1,160
1.3,200,-3.5276680153876,nan,nan,nan,0.51549211556727,1.9398938796562,nan,nan,20,2,2,140,-2.6096561598186e-39,2.6096561598186e-39,-88.841600153645,1,160
1.3,200,-3.5276680153876,nan,nan,nan,0.51549211556727,1.9398938796562,nan,nan,20,2,2,141,4.5604427955421e-39,4.5604427955421e-39,-88.28339890367,1,160
1.3,200,-3.5276680153876,nan,nan,nan,0.51549211556727,1.9398938796562,nan,nan,20,2,2,142,-6.0421250014614e-39,6.0421250014614e-39,-88.002062855262,1,160
1.3,200,-3.5276680153876,nan,nan,nan,0.51549211556727,1.9398938796562,nan,nan,20,2,2,143,-1.5725514928832e-39,1.5725514928832e-39,-89.34811917184,1,160
1.3,200,-3.5276680153876,nan,nan,nan,0.51549211556727,1.9398938796562,nan,nan,20,2,2,144,7.0248088459292e-39,7.0248088459292e-39,-87.851370622462,1,160
1.3,200,-3.5276680153876,nan,nan,nan,0.51549211556727,1.9398938796562,nan,nan,20,2,2,145,-3.41828684937e-39,3.41828684937e-39,-88.571679122433,1,160
1.3,200,-3.5276680153876,nan,nan,nan,0.51549211556727,1.9398938796562,nan,nan,20,2,2,146,-5.2818838609208e-39,5.2818838609208e-39,-88.136535800844,1,160
1.3,200,-3.5276680153876,nan,nan,nan,0.51549211556727,1.9398938796562,nan,nan,20,2,2,147,-5.1310536738983e-39,5.1310536738983e-39,-88.165507594154,1,160
1.3,200,-3.5276680153876,nan,nan,nan,0.51549211556727,1.9398938796562,nan,nan,20,2,2,148,-5.3226766399515e-39,5.3226766399515e-39,-88.12884232213,1,160
1.3,200,-3.5276680153876,nan,nan,nan,0.51549211556727,1.9398938796562,nan,nan,20,2,2,149,1.9166292458687e-39,1.9166292458687e-39,-89.150250584712,1,160
1.3,200,-3.5276680153876,nan,nan,nan,0.51549211556727,1.9398938796562,nan,nan,20,2,2,150,8.4938160889792e-40,8.4938160889792e-40,-89.96406533998,1,160
1.3,200,-3.5276680153876,nan,nan,nan,0.51549211556727,1.9398938796562,nan,nan,20,2,2,151,-8.0330492711042e-40,8.0330492711042e-40,-90.019839529002,1,160
1.3,200,-3.5276680153876,nan,nan,nan,0.51549211556727,1.9398938796562,nan,nan,20,2,2,152,2.9904332027356e-39,2.9904332027356e-39,-88.705400366002,1,160
1.3,200,-3.5276680153876,nan,nan,nan,0.51549211556727,1.9398938796562,nan,nan,20,2,2,153,6.0130011490695e-39,6.0130011490695e-39,-88.006894643613,1,160
1.3,200,-3.5276680153876,nan,nan,nan,0.51549211556727,1.9398938796562,nan,nan,20,2,2,154,6.5584878594932e-39,6.5584878594932e-39,-87.920058559607,1,160
1.3,200,-3.5276680153876,nan,nan,nan,0.51549211556727,1.9398938796562,nan,nan,20,2,2,155,-2.6542637323974e-38,2.6542637323974e-38,-86.522066231136,1,160
1.3,200,-3.5276680153876,nan,nan,nan,0.51549211556727,1.9398938796562,nan,nan,20,2,2,156,5.8428616287237e-39,5.8428616287237e-39,-88.035597945022,1,160
1.3,200,-3.5276680153876,nan,nan,nan,0.51549211556727,1.9398938796562,nan,nan,20,2,2,157,6.8175507563902e-40,6.8175507563902e-40,-90.183903439037,1,160
1.3,200,-3.5276680153876,nan,nan,nan,0.51549211556727,1.9398938796562,nan,nan,20,2,2,158,-1.2913502025129e-39,1.2913502025129e-39,-89.545130287155,1,160
1.3,200,-3.5276680153876,nan,nan,nan,0.51549211556727,1.9398938796562,nan,nan,20,2,2,159,-1.0362059096359e-38,1.0362059096359e-38,-87.462667655211,1,160
1.3,200,-3.5276680153876,nan,nan,nan,0.51549211556727,1.9398938796562,nan,nan,20,2,2,160,1.1318046398708e-38,1.1318046398708e-38,-87.374420148506,1,160
