g,N,E0,E1,gap,xi_gap,xi_corr,m_corr,xi_transfer,m_transfer,i0,comp_i,comp_j,r,corr,abs_corr,log_abs_corr,rMin,rMax
0.45,110,-124.53460891456,nan,nan,nan,45.525053286306,0.021965927062425,nan,nan,13,2,2,1,0.11060875610757,0.11060875610757,-2.2017560238814,1,84
0.45,110,-124.53460891456,nan,nan,nan,45.525053286306,0.021965927062425,nan,nan,13,2,2,2,0.10951973632432,0.10951973632432,-2.2116505055622,1,84
0.45,110,-124.53460891456,nan,nan,nan,45.525053286306,0.021965927062425,nan,nan,13,2,2,3,0.10809148875522,0.10809148875522,-2.224777292356,1,84
0.45,110,-124.53460891456,nan,nan,nan,45.525053286306,0.021965927062425,nan,nan,13,2,2,4,0.1064935947191,0.1064935947191,-2.2396704391239,1,84
0.45,110,-124.53460891456,nan,nan,nan,45.525053286306,0.021965927062425,nan,nan,13,2,2,5,0.10481853532147,0.10481853532147,-2.2555246589793,1,84
0.45,110,-124.53460891456,nan,nan,nan,45.525053286306,0.021965927062425,nan,nan,13,2,2,6,0.10312830968611,0.10312830968611,-2.2717813409164,1,84
0.45,110,-124.53460891456,nan,nan,nan,45.525053286306,0.021965927062425,nan,nan,13,2,2,7,0.10144518139452,0.10144518139452,-2.2882367111817,1,84
0.45,110,-124.53460891456,nan,nan,nan,45.525053286306,0.021965927062425,nan,nan,13,2,2,8,0.099792301824501,0.099792301824501,-2.3046642346669,1,84
0.45,110,-124.53460891456,nan,nan,nan,45.525053286306,0.021965927062425,nan,nan,13,2,2,9,0.098170067707151,0.098170067707151,-2.3210539195851,1,84
0.45,110,-124.53460891456,nan,nan,nan,45.525053286306,0.021965927062425,nan,nan,13,2,2,10,0.096583947096776,0.096583947096776,-2.3373427306953,1,84
0.45,110,-124.53460891456,nan,nan,nan,45.525053286306,0.021965927062425,nan,nan,13,2,2,11,0.095020440436307,0.095020440436307,-2.3536632480383,1,84
0.45,110,-124.53460891456,nan,nan,nan,45.525053286306,0.021965927062425,nan,nan,13,2,2,12,0.093483519550733,0.093483519550733,-2.3699701197129,1,84
0.45,110,-124.53460891456,nan,nan,nan,45.525053286306,0.021965927062425,nan,nan,13,2,2,13,0.091959583885861,0.091959583885861,-2.3864061040445,1,84
0.45,110,-124.53460891456,nan,nan,nan,45.525053286306,0.021965927062425,nan,nan,13,2,2,14,0.090446928368375,0.090446928368375,-2.4029920271605,1,84
0.45,110,-124.53460891456,nan,nan,nan,45.525053286306,0.021965927062425,nan,nan,13,2,2,15,0.088934794119325,0.088934794119325,-2.4198518281141,1,84
0.45,110,-124.53460891456,nan,nan,nan,45.525053286306,0.021965927062425,nan,nan,13,2,2,16,0.087413125968025,0.087413125968025,-2.4371098248964,1,84
0.45,110,-124.53460891456,nan,nan,nan,45.525053286306,0.021965927062425,nan,nan,13,2,2,17,0.085878118827678,0.085878118827678,-2.4548262108729,1,84
0.45,110,-124.53460891456,nan,nan,nan,45.525053286306,0.021965927062425,nan,nan,13,2,2,18,0.084335917624242,0.084335917624242,-2.4729474356265,1,84
0.45,110,-124.53460891456,nan,nan,nan,45.525053286306,0.021965927062425,nan,nan,13,2,2,19,0.082781035596057,0.082781035596057,-2.4915562825193,1,84
0.45,110,-124.53460891456,nan,nan,nan,45.525053286306,0.021965927062425,nan,nan,13,2,2,20,0.081221730894399,0.081221730894399,-2.5105724457666,1,84
0.45,110,-124.53460891456,nan,nan,nan,45.525053286306,0.021965927062425,nan,nan,13,2,2,21,0.079652916517879,0.079652916517879,-2.530076626625,1,84
0.45,110,-124.53460891456,nan,nan,nan,45.525053286306,0.021965927062425,nan,nan,13,2,2,22,0.078078596747125,0.078078596747125,-2.5500393090275,1,84
0.45,110,-124.53460891456,nan,nan,nan,45.525053286306,0.021965927062425,nan,nan,13,2,2,23,0.076496835544141,0.076496835544141,-2.5705059044413,1,84
0.45,110,-124.53460891456,nan,nan,nan,45.525053286306,0.021965927062425,nan,nan,13,2,2,24,0.074907966216094,0.074907966216094,-2.5914950360893,1,84
0.45,110,-124.53460891456,nan,nan,nan,45.525053286306,0.021965927062425,nan,nan,13,2,2,25,0.073320778412633,0.073320778412633,-2.612911239419,1,84
0.45,110,-124.53460891456,nan,nan,nan,45.525053286306,0.021965927062425,nan,nan,13,2,2,26,0.071743371007098,0.071743371007098,-2.6346598187556,1,84
0.45,110,-124.53460891456,nan,nan,nan,45.525053286306,0.021965927062425,nan,nan,13,2,2,27,0.070177090032572,0.070177090032572,-2.6567333740274,1,84
0.45,110,-124.53460891456,nan,nan,nan,45.525053286306,0.021965927062425,nan,nan,13,2,2,28,0.068624283843478,0.068624283843478,-2.6791088150032,1,84
0.45,110,-124.53460891456,nan,nan,nan,45.525053286306,0.021965927062425,nan,nan,13,2,2,29,0.067082925608633,0.067082925608633,-2.7018257292538,1,84
0.45,110,-124.53460891456,nan,nan,nan,45.525053286306,0.021965927062425,nan,nan,13,2,2,30,0.065564228957426,0.065564228957426,-2.7247250220401,1,84
0.45,110,-124.53460891456,nan,nan,nan,45.525053286306,0.021965927062425,nan,nan,13,2,2,31,0.064071418575554,0.064071418575554,-2.74775690255,1,84
0.45,110,-124.53460891456,nan,nan,nan,45.525053286306,0.021965927062425,nan,nan,13,2,2,32,0.062600950854295,0.062600950854295,-2.7709748116257,1,84
0.45,110,-124.53460891456,nan,nan,nan,45.525053286306,0.021965927062425,nan,nan,13,2,2,33,0.061155870050719,0.061155870050719,-2.794329427168,1,84
0.45,110,-124.53460891456,nan,nan,nan,45.525053286306,0.021965927062425,nan,nan,13,2,2,34,0.059736617146163,0.059736617146163,-2.8178100940753,1,84
0.45,110,-124.53460891456,nan,nan,nan,45.525053286306,0.021965927062425,nan,nan,13,2,2,35,0.058356838550372,0.058356838550372,-2.8411787283101,1,84
0.45,110,-124.53460891456,nan,nan,nan,45.525053286306,0.021965927062425,nan,nan,13,2,2,36,0.057003130962132,0.057003130962132,-2.8646490834959,1,84
0.45,110,-124.53460891456,nan,nan,nan,45.525053286306,0.021965927062425,nan,nan,13,2,2,37,0.055672287989324,0.055672287989324,-2.8882727784877,1,84
0.45,110,-124.53460891456,nan,nan,nan,45.525053286306,0.021965927062425,nan,nan,13,2,2,38,0.054370681790286,0.054370681790286,-2.9119302080779,1,84
0.45,110,-124.53460891456,nan,nan,nan,45.525053286306,0.021965927062425,nan,nan,13,2,2,39,0.053096707417571,0.053096707417571,-2.9356403598588,1,84
0.45,110,-124.53460891456,nan,nan,nan,45.525053286306,0.021965927062425,nan,nan,13,2,2,40,0.051851595537214,0.051851595537214,-2.9593695726062,1,84
0.45,110,-124.53460891456,nan,nan,nan,45.525053286306,0.021965927062425,nan,nan,13,2,2,41,0.050633222982498,0.050633222982498,-2.9831473374617,1,84
0.45,110,-124.53460891456,nan,nan,nan,45.525053286306,0.021965927062425,nan,nan,13,2,2,42,0.049439083599183,0.049439083599183,-3.0070140016197,1,84
0.45,110,-124.53460891456,nan,nan,nan,45.525053286306,0.021965927062425,nan,nan,13,2,2,43,0.048274925240881,0.048274925240881,-3.0308429992782,1,84
0.45,110,-124.53460891456,nan,nan,nan,45.525053286306,0.021965927062425,nan,nan,13,2,2,44,0.047132911444035,0.047132911444035,-3.0547837652031,1,84
0.45,110,-124.53460891456,nan,nan,nan,45.525053286306,0.021965927062425,nan,nan,13,2,2,45,0.046013354614381,0.046013354614381,-3.0788236069231,1,84
0.45,110,-124.53460891456,nan,nan,nan,45.525053286306,0.021965927062425,nan,nan,13,2,2,46,0.044917769531704,0.044917769531704,-3.102921804581,1,84
0.45,110,-124.53460891456,nan,nan,nan,45.525053286306,0.021965927062425,nan,nan,13,2,2,47,0.043855315910462,0.043855315910462,-3.1268593380826,1,84
0.45,110,-124.53460891456,nan,nan,nan,45.525053286306,0.021965927062425,nan,nan,13,2,2,48,0.042813033071394,0.042813033071394,-3.1509127117346,1,84
0.45,110,-124.53460891456,nan,nan,nan,45.525053286306,0.021965927062425,nan,nan,13,2,2,49,0.041794018217567,0.041794018217567,-3.1750020545348,1,84
0.45,110,-124.53460891456,nan,nan,nan,45.525053286306,0.021965927062425,nan,nan,13,2,2,50,0.040799958400648,0.040799958400648,-3.1990742171645,1,84
0.45,110,-124.53460891456,nan,nan,nan,45.525053286306,0.021965927062425,nan,nan,13,2,2,51,0.039827973336105,0.039827973336105,-3.2231857659326,1,84
0.45,110,-124.53460891456,nan,nan,nan,45.525053286306,0.021965927062425,nan,nan,13,2,2,52,0.038876427469687,0.038876427469687,-3.2473671896794,1,84
0.45,110,-124.53460891456,nan,nan,nan,45.525053286306,0.021965927062425,nan,nan,13,2,2,53,0.037943827238618,0.037943827238618,-3.2716484434792,1,84
0.45,110,-124.53460891456,nan,nan,nan,45.525053286306,0.021965927062425,nan,nan,13,2,2,54,0.03703567089166,0.03703567089166,-3.2958737526098,1,84
0.45,110,-124.53460891456,nan,nan,nan,45.525053286306,0.021965927062425,nan,nan,13,2,2,55,0.036153872435058,0.036153872435058,-3.3199712148127,1,84
0.45,110,-124.53460891456,nan,nan,nan,45.525053286306,0.021965927062425,nan,nan,13,2,2,56,0.035291555348698,0.035291555348698,-3.3441115689112,1,84
0.45,110,-124.53460891456,nan,nan,nan,45.525053286306,0.021965927062425,nan,nan,13,2,2,57,0.034446271960785,0.034446271960785,-3.3683545033206,1,84
0.45,110,-124.53460891456,nan,nan,nan,45.525053286306,0.021965927062425,nan,nan,13,2,2,58,0.033626716356593,0.033626716356593,-3.3924343983006,1,84
0.45,110,-124.53460891456,nan,nan,nan,45.525053286306,0.021965927062425,nan,nan,13,2,2,59,0.032830501770452,0.032830501770452,-3.416397263685,1,84
0.45,110,-124.53460891456,nan,nan,nan,45.525053286306,0.021965927062425,nan,nan,13,2,2,60,0.032054597598708,0.032054597598708,-3.4403146550858,1,84
0.45,110,-124.53460891456,nan,nan,nan,45.525053286306,0.021965927062425,nan,nan,13,2,2,61,0.031303912568025,0.031303912568025,-3.4640121870748,1,84
0.45,110,-124.53460891456,nan,nan,nan,45.525053286306,0.021965927062425,nan,nan,13,2,2,62,0.030574751004262,0.030574751004262,-3.4875807412111,1,84
0.45,110,-124.53460891456,nan,nan,nan,45.525053286306,0.021965927062425,nan,nan,13,2,2,63,0.029870276073977,0.029870276073977,-3.51089140428,1,84
0.45,110,-124.53460891456,nan,nan,nan,45.525053286306,0.021965927062425,nan,nan,13,2,2,64,0.029187850247381,0.029187850247381,-3.5340027437147,1,84
0.45,110,-124.53460891456,nan,nan,nan,45.525053286306,0.021965927062425,nan,nan,13,2,2,65,0.028530232072099,0.028530232072099,-3.5567909794716,1,84
0.45,110,-124.53460891456,nan,nan,nan,45.525053286306,0.021965927062425,nan,nan,13,2,2,66,0.027897609545466,0.027897609545466,-3.5792142731995,1,84
0.45,110,-124.53460891456,nan,nan,nan,45.525053286306,0.021965927062425,nan,nan,13,2,2,67,0.02728850357718,0.02728850357718,-3.6012897798738,1,84
0.45,110,-124.53460891456,nan,nan,nan,45.525053286306,0.021965927062425,nan,nan,13,2,2,68,0.026705253224712,0.026705253224712,-3.6228949829395,1,84
0.45,110,-124.53460891456,nan,nan,nan,45.525053286306,0.021965927062425,nan,nan,13,2,2,69,0.026145771457947,0.026145771457947,-3.6440678048756,1,84
0.45,110,-124.53460891456,nan,nan,nan,45.525053286306,0.021965927062425,nan,nan,13,2,2,70,0.025608014065402,0.025608014065402,-3.6648499270566,1,84
0.45,110,-124.53460891456,nan,nan,nan,45.525053286306,0.021965927062425,nan,nan,13,2,2,71,0.025092562062042,0.025092562062042,-3.685183808949,1,84
0.45,110,-124.53460891456,nan,nan,nan,45.525053286306,0.021965927062425,nan,nan,13,2,2,72,0.0245973976442,0.0245973976442,-3.7051146284608,1,84
0.45,110,-124.53460891456,nan,nan,nan,45.525053286306,0.021965927062425,nan,nan,13,2,2,73,0.024124446341125,0.024124446341125,-3.7245295816111,1,84
0.45,110,-124.53460891456,nan,nan,nan,45.525053286306,0.021965927062425,nan,nan,13,2,2,74,0.02367431665481,0.02367431665481,-3.7433645039037,1,84
0.45,110,-124.53460891456,nan,nan,nan,45.525053286306,0.021965927062425,nan,nan,13,2,2,75,0.0232464916695,0.0232464916695,-3.7616010542702,1,84
0.45,110,-124.53460891456,nan,nan,nan,45.525053286306,0.021965927062425,nan,nan,13,2,2,76,0.022835376224146,0.022835376224146,-3.7794443567136,1,84
0.45,110,-124.53460891456,nan,nan,nan,45.525053286306,0.021965927062425,nan,nan,13,2,2,77,0.022440190436318,0.022440190436318,-3.7969017118967,1,84
0.45,110,-124.53460891456,nan,nan,nan,45.525053286306,0.021965927062425,nan,nan,13,2,2,78,0.022064121877453,0.022064121877453,-3.8138024341315,1,84
0.45,110,-124.53460891456,nan,nan,nan,45.525053286306,0.021965927062425,nan,nan,13,2,2,79,0.021703897239055,0.021703897239055,-3.8302634382914,1,84
0.45,110,-124.53460891456,nan,nan,nan,45.525053286306,0.021965927062425,nan,nan,13,2,2,80,0.021358739717941,0.021358739717941,-3.8462942685999,1,84
0.45,110,-124.53460891456,nan,nan,nan,45.525053286306,0.021965927062425,nan,nan,13,2,2,81,0.02102799691246,0.02102799691246,-3.8619005428549,1,84
0.45,110,-124.53460891456,nan,nan,nan,45.525053286306,0.021965927062425,nan,nan,13,2,2,82,0.020708166417424,0.020708166417424,-3.8772271435915,1,84
0.45,110,-124.53460891456,nan,nan,nan,45.525053286306,0.021965927062425,nan,nan,13,2,2,83,0.020399585335686,0.020399585335686,-3.8922407050206,1,84
0.45,110,-124.53460891456,nan,nan,nan,45.525053286306,0.021965927062425,nan,nan,13,2,2,84,0.020101003245071,0.020101003245071,-3.9069855524726,1,84
0.5,110,-96.974954064107,nan,nan,nan,43.491163294102,0.022993176642291,nan,nan,13,2,2,1,0.11012289387038,0.11012289387038,-2.2061583198088,1,84
0.5,110,-96.974954064107,nan,nan,nan,43.491163294102,0.022993176642291,nan,nan,13,2,2,2,0.10815213980415,0.10815213980415,-2.2242163412573,1,84
0.5,110,-96.974954064107,nan,nan,nan,43.491163294102,0.022993176642291,nan,nan,13,2,2,3,0.10573823849759,0.10573823849759,-2.2467886871221,1,84
0.5,110,-96.974954064107,nan,nan,nan,43.491163294102,0.022993176642291,nan,nan,13,2,2,4,0.10319145938799,0.10319145938799,-2.2711691872276,1,84
0.5,110,-96.974954064107,nan,nan,nan,43.491163294102,0.022993176642291,nan,nan,13,2,2,5,0.1006678579684,0.1006678579684,-2.2959287162223,1,84
0.5,110,-96.974954064107,nan,nan,nan,43.491163294102,0.022993176642291,nan,nan,13,2,2,6,0.098250245713324,0.098250245713324,-2.3202375273369,1,84
0.5,110,-96.974954064107,nan,nan,nan,43.491163294102,0.022993176642291,nan,nan,13,2,2,7,0.095957312954244,0.095957312954244,-2.34385184313,1,84
0.5,110,-96.974954064107,nan,nan,nan,43.491163294102,0.022993176642291,nan,nan,13,2,2,8,0.093805023346937,0.093805023346937,-2.3665368705986,1,84
0.5,110,-96.974954064107,nan,nan,nan,43.491163294102,0.022993176642291,nan,nan,13,2,2,9,0.091769335103518,0.091769335103518,-2.3884770774263,1,84
0.5,110,-96.974954064107,nan,nan,nan,43.491163294102,0.022993176642291,nan,nan,13,2,2,10,0.089858570707453,0.089858570707453,-2.4095182812372,1,84
0.5,110,-96.974954064107,nan,nan,nan,43.491163294102,0.022993176642291,nan,nan,13,2,2,11,0.088023823375098,0.088023823375098,-2.4301477809705,1,84
0.5,110,-96.974954064107,nan,nan,nan,43.491163294102,0.022993176642291,nan,nan,13,2,2,12,0.086277397659133,0.086277397659133,-2.4501876194931,1,84
0.5,110,-96.974954064107,nan,nan,nan,43.491163294102,0.022993176642291,nan,nan,13,2,2,13,0.084583866596953,0.084583866596953,-2.4700117327196,1,84
0.5,110,-96.974954064107,nan,nan,nan,43.491163294102,0.022993176642291,nan,nan,13,2,2,14,0.082947183417745,0.082947183417745,-2.4895512181031,1,84
0.5,110,-96.974954064107,nan,nan,nan,43.491163294102,0.022993176642291,nan,nan,13,2,2,15,0.081338933770779,0.081338933770779,-2.5091304868902,1,84
0.5,110,-96.974954064107,nan,nan,nan,43.491163294102,0.022993176642291,nan,nan,13,2,2,16,0.079756095986698,0.079756095986698,-2.5287821015338,1,84
0.5,110,-96.974954064107,nan,nan,nan,43.491163294102,0.022993176642291,nan,nan,13,2,2,17,0.07819606251985,0.07819606251985,-2.5485359841071,1,84
0.5,110,-96.974954064107,nan,nan,nan,43.491163294102,0.022993176642291,nan,nan,13,2,2,18,0.07665663347035,0.07665663347035,-2.568419135069,1,84
0.5,110,-96.974954064107,nan,nan,nan,43.491163294102,0.022993176642291,nan,nan,13,2,2,19,0.075128480427847,0.075128480427847,-2.5885555587094,1,84
0.5,110,-96.974954064107,nan,nan,nan,43.491163294102,0.022993176642291,nan,nan,13,2,2,20,0.073624932064832,0.073624932064832,-2.6087715597296,1,84
0.5,110,-96.974954064107,nan,nan,nan,43.491163294102,0.022993176642291,nan,nan,13,2,2,21,0.072118963845191,0.072118963845191,-2.6294382478441,1,84
0.5,110,-96.974954064107,nan,nan,nan,43.491163294102,0.022993176642291,nan,nan,13,2,2,22,0.070628423805372,0.070628423805372,-2.6503226120304,1,84
0.5,110,-96.974954064107,nan,nan,nan,43.491163294102,0.022993176642291,nan,nan,13,2,2,23,0.069149351769569,0.069149351769569,-2.6714865951804,1,84
0.5,110,-96.974954064107,nan,nan,nan,43.491163294102,0.022993176642291,nan,nan,13,2,2,24,0.067680701277823,0.067680701277823,-2.6929542020679,1,84
0.5,110,-96.974954064107,nan,nan,nan,43.491163294102,0.022993176642291,nan,nan,13,2,2,25,0.066216344100697,0.066216344100697,-2.7148279567728,1,84
0.5,110,-96.974954064107,nan,nan,nan,43.491163294102,0.022993176642291,nan,nan,13,2,2,26,0.064764358478899,0.064764358478899,-2.7369998504161,1,84
0.5,110,-96.974954064107,nan,nan,nan,43.491163294102,0.022993176642291,nan,nan,13,2,2,27,0.063329869227088,0.063329869227088,-2.7593981934001,1,84
0.5,110,-96.974954064107,nan,nan,nan,43.491163294102,0.022993176642291,nan,nan,13,2,2,28,0.061906959973071,0.061906959973071,-2.782122666629,1,84
0.5,110,-96.974954064107,nan,nan,nan,43.491163294102,0.022993176642291,nan,nan,13,2,2,29,0.060507414315331,0.060507414315331,-2.8049893707874,1,84
0.5,110,-96.974954064107,nan,nan,nan,43.491163294102,0.022993176642291,nan,nan,13,2,2,30,0.059130100445646,0.059130100445646,-2.8280151704252,1,84
0.5,110,-96.974954064107,nan,nan,nan,43.491163294102,0.022993176642291,nan,nan,13,2,2,31,0.057770888324696,0.057770888324696,-2.8512702923867,1,84
0.5,110,-96.974954064107,nan,nan,nan,43.491163294102,0.022993176642291,nan,nan,13,2,2,32,0.056437642239646,0.056437642239646,-2.8746189275043,1,84
0.5,110,-96.974954064107,nan,nan,nan,43.491163294102,0.022993176642291,nan,nan,13,2,2,33,0.055127865081484,0.055127865081484,-2.8980999722985,1,84
0.5,110,-96.974954064107,nan,nan,nan,43.491163294102,0.022993176642291,nan,nan,13,2,2,34,0.053838889896412,0.053838889896412,-2.9217592124241,1,84
0.5,110,-96.974954064107,nan,nan,nan,43.491163294102,0.022993176642291,nan,nan,13,2,2,35,0.052573485012788,0.052573485012788,-2.9455433735425,1,84
0.5,110,-96.974954064107,nan,nan,nan,43.491163294102,0.022993176642291,nan,nan,13,2,2,36,0.051338357365484,0.051338357365484,-2.9693170992695,1,84
0.5,110,-96.974954064107,nan,nan,nan,43.491163294102,0.022993176642291,nan,nan,13,2,2,37,0.05012448382457,0.05012448382457,-2.9932456911726,1,84
0.5,110,-96.974954064107,nan,nan,nan,43.491163294102,0.022993176642291,nan,nan,13,2,2,38,0.048929790370206,0.048929790370206,-3.0173688579697,1,84
0.5,110,-96.974954064107,nan,nan,nan,43.491163294102,0.022993176642291,nan,nan,13,2,2,39,0.047762578320635,0.047762578320635,-3.041512826417,1,84
0.5,110,-96.974954064107,nan,nan,nan,43.491163294102,0.022993176642291,nan,nan,13,2,2,40,0.04661731141083,0.04661731141083,-3.0657833173329,1,84
0.5,110,-96.974954064107,nan,nan,nan,43.491163294102,0.022993176642291,nan,nan,13,2,2,41,0.045496970348929,0.045496970348929,-3.09010954098,1,84
0.5,110,-96.974954064107,nan,nan,nan,43.491163294102,0.022993176642291,nan,nan,13,2,2,42,0.044405279795319,0.044405279795319,-3.1143969023047,1,84
0.5,110,-96.974954064107,nan,nan,nan,43.491163294102,0.022993176642291,nan,nan,13,2,2,43,0.04333864849055,0.04333864849055,-3.1387104672422,1,84
0.5,110,-96.974954064107,nan,nan,nan,43.491163294102,0.022993176642291,nan,nan,13,2,2,44,0.042302090976736,0.042302090976736,-3.1629187620775,1,84
0.5,110,-96.974954064107,nan,nan,nan,43.491163294102,0.022993176642291,nan,nan,13,2,2,45,0.041291371564357,0.041291371564357,-3.1871017218021,1,84
0.5,110,-96.974954064107,nan,nan,nan,43.491163294102,0.022993176642291,nan,nan,13,2,2,46,0.040307464517831,0.040307464517831,-3.2112186034138,1,84
0.5,110,-96.974954064107,nan,nan,nan,43.491163294102,0.022993176642291,nan,nan,13,2,2,47,0.039342090626394,0.039342090626394,-3.235460324922,1,84
0.5,110,-96.974954064107,nan,nan,nan,43.491163294102,0.022993176642291,nan,nan,13,2,2,48,0.038396489243333,0.038396489243333,-3.2597892495229,1,84
0.5,110,-96.974954064107,nan,nan,nan,43.491163294102,0.022993176642291,nan,nan,13,2,2,49,0.037475841066787,0.037475841066787,-3.2840587918354,1,84
0.5,110,-96.974954064107,nan,nan,nan,43.491163294102,0.022993176642291,nan,nan,13,2,2,50,0.036579820239364,0.036579820239364,-3.3082585502096,1,84
0.5,110,-96.974954064107,nan,nan,nan,43.491163294102,0.022993176642291,nan,nan,13,2,2,51,0.035705276294958,0.035705276294958,-3.3324568057402,1,84
0.5,110,-96.974954064107,nan,nan,nan,43.491163294102,0.022993176642291,nan,nan,13,2,2,52,0.034850921130158,0.034850921130158,-3.3566757108435,1,84
0.5,110,-96.974954064107,nan,nan,nan,43.491163294102,0.022993176642291,nan,nan,13,2,2,53,0.03401297359708,0.03401297359708,-3.381013250763,1,84
0.5,110,-96.974954064107,nan,nan,nan,43.491163294102,0.022993176642291,nan,nan,13,2,2,54,0.033189610913831,0.033189610913831,-3.4055183763129,1,84
0.5,110,-96.974954064107,nan,nan,nan,43.491163294102,0.022993176642291,nan,nan,13,2,2,55,0.0323854318302,0.0323854318302,-3.4300465921703,1,84
0.5,110,-96.974954064107,nan,nan,nan,43.491163294102,0.022993176642291,nan,nan,13,2,2,56,0.031596070207672,0.031596070207672,-3.4547225266394,1,84
0.5,110,-96.974954064107,nan,nan,nan,43.491163294102,0.022993176642291,nan,nan,13,2,2,57,0.030826999901865,0.030826999901865,-3.4793643528192,1,84
0.5,110,-96.974954064107,nan,nan,nan,43.491163294102,0.022993176642291,nan,nan,13,2,2,58,0.030079161877124,0.030079161877124,-3.5039226434162,1,84
0.5,110,-96.974954064107,nan,nan,nan,43.491163294102,0.022993176642291,nan,nan,13,2,2,59,0.029348287995305,0.029348287995305,-3.5285210650633,1,84
0.5,110,-96.974954064107,nan,nan,nan,43.491163294102,0.022993176642291,nan,nan,13,2,2,60,0.02863320831858,0.02863320831858,-3.5531881047262,1,84
0.5,110,-96.974954064107,nan,nan,nan,43.491163294102,0.022993176642291,nan,nan,13,2,2,61,0.027941977177328,0.027941977177328,-3.5776251625415,1,84
0.5,110,-96.974954064107,nan,nan,nan,43.491163294102,0.022993176642291,nan,nan,13,2,2,62,0.027271325927985,0.027271325927985,-3.601919461085,1,84
0.5,110,-96.974954064107,nan,nan,nan,43.491163294102,0.022993176642291,nan,nan,13,2,2,63,0.026622256461139,0.026622256461139,-3.626007703975,1,84
0.5,110,-96.974954064107,nan,nan,nan,43.491163294102,0.022993176642291,nan,nan,13,2,2,64,0.025994202856093,0.025994202856093,-3.6498817328949,1,84
0.5,110,-96.974954064107,nan,nan,nan,43.491163294102,0.022993176642291,nan,nan,13,2,2,65,0.025386351155144,0.025386351155144,-3.6735436054819,1,84
0.5,110,-96.974954064107,nan,nan,nan,43.491163294102,0.022993176642291,nan,nan,13,2,2,66,0.024797919638877,0.024797919638877,-3.6969955148589,1,84
0.5,110,-96.974954064107,nan,nan,nan,43.491163294102,0.022993176642291,nan,nan,13,2,2,67,0.024227248958394,0.024227248958394,-3.7202772892545,1,84
0.5,110,-96.974954064107,nan,nan,nan,43.491163294102,0.022993176642291,nan,nan,13,2,2,68,0.023676067584363,0.023676067584363,-3.7432905476062,1,84
0.5,110,-96.974954064107,nan,nan,nan,43.491163294102,0.022993176642291,nan,nan,13,2,2,69,0.023141933151262,0.023141933151262,-3.7661090191649,1,84
0.5,110,-96.974954064107,nan,nan,nan,43.491163294102,0.022993176642291,nan,nan,13,2,2,70,0.02262844538898,0.02262844538898,-3.7885475186041,1,84
0.5,110,-96.974954064107,nan,nan,nan,43.491163294102,0.022993176642291,nan,nan,13,2,2,71,0.0221310115182,0.0221310115182,-3.8107754179565,1,84
0.5,110,-96.974954064107,nan,nan,nan,43.491163294102,0.022993176642291,nan,nan,13,2,2,72,0.021652325267237,0.021652325267237,-3.8326424276572,1,84
0.5,110,-96.974954064107,nan,nan,nan,43.491163294102,0.022993176642291,nan,nan,13,2,2,73,0.021193893793451,0.021193893793451,-3.8540421674032,1,84
0.5,110,-96.974954064107,nan,nan,nan,43.491163294102,0.022993176642291,nan,nan,13,2,2,74,0.020756394335226,0.020756394335226,-3.8749009190434,1,84
0.5,110,-96.974954064107,nan,nan,nan,43.491163294102,0.022993176642291,nan,nan,13,2,2,75,0.020334877085319,0.020334877085319,-3.8954177841301,1,84
0.5,110,-96.974954064107,nan,nan,nan,43.491163294102,0.022993176642291,nan,nan,13,2,2,76,0.019930848401044,0.019930848401044,-3.9154865766196,1,84
0.5,110,-96.974954064107,nan,nan,nan,43.491163294102,0.022993176642291,nan,nan,13,2,2,77,0.019543444835737,0.019543444835737,-3.9351153512971,1,84
0.5,110,-96.974954064107,nan,nan,nan,43.491163294102,0.022993176642291,nan,nan,13,2,2,78,0.019169772534845,0.019169772534845,-3.9544205876786,1,84
0.5,110,-96.974954064107,nan,nan,nan,43.491163294102,0.022993176642291,nan,nan,13,2,2,79,0.018810710870087,0.018810710870087,-3.9733288442468,1,84
0.5,110,-96.974954064107,nan,nan,nan,43.491163294102,0.022993176642291,nan,nan,13,2,2,80,0.018465054064521,0.018465054064521,-3.991875302736,1,84
0.5,110,-96.974954064107,nan,nan,nan,43.491163294102,0.022993176642291,nan,nan,13,2,2,81,0.018132052690459,0.018132052690459,-4.0100740399703,1,84
0.5,110,-96.974954064107,nan,nan,nan,43.491163294102,0.022993176642291,nan,nan,13,2,2,82,0.017811966075341,0.017811966075341,-4.0278847961202,1,84
0.5,110,-96.974954064107,nan,nan,nan,43.491163294102,0.022993176642291,nan,nan,13,2,2,83,0.017503631243296,0.017503631243296,-4.0453469199609,1,84
0.5,110,-96.974954064107,nan,nan,nan,43.491163294102,0.022993176642291,nan,nan,13,2,2,84,0.017204237469919,0.017204237469919,-4.0625995609753,1,84
0.55,110,-76.036156387803,nan,nan,nan,43.75393194782,0.022855088799621,nan,nan,13,2,2,1,0.10928412474045,0.10928412474045,-2.2138041391753,1,84
0.55,110,-76.036156387803,nan,nan,nan,43.75393194782,0.022855088799621,nan,nan,13,2,2,2,0.10586696254224,0.10586696254224,-2.2455720434867,1,84
0.55,110,-76.036156387803,nan,nan,nan,43.75393194782,0.022855088799621,nan,nan,13,2,2,3,0.10196880543712,0.10196880543712,-2.2830883415209,1,84
0.55,110,-76.036156387803,nan,nan,nan,43.75393194782,0.022855088799621,nan,nan,13,2,2,4,0.098090026592343,0.098090026592343,-2.3218695833045,1,84
0.55,110,-76.036156387803,nan,nan,nan,43.75393194782,0.022855088799621,nan,nan,13,2,2,5,0.094439298984535,0.094439298984535,-2.3597979896584,1,84
0.55,110,-76.036156387803,nan,nan,nan,43.75393194782,0.022855088799621,nan,nan,13,2,2,6,0.091090842313088,0.091090842313088,-2.3958980032258,1,84
0.55,110,-76.036156387803,nan,nan,nan,43.75393194782,0.022855088799621,nan,nan,13,2,2,7,0.088040540672458,0.088040540672458,-2.429957881129,1,84
0.55,110,-76.036156387803,nan,nan,nan,43.75393194782,0.022855088799621,nan,nan,13,2,2,8,0.085270440497035,0.085270440497035,-2.4619274203328,1,84
0.55,110,-76.036156387803,nan,nan,nan,43.75393194782,0.022855088799621,nan,nan,13,2,2,9,0.082748535932793,0.082748535932793,-2.4919489575366,1,84
0.55,110,-76.036156387803,nan,nan,nan,43.75393194782,0.022855088799621,nan,nan,13,2,2,10,0.080437652537582,0.080437652537582,-2.5202728972785,1,84
0.55,110,-76.036156387803,nan,nan,nan,43.75393194782,0.022855088799621,nan,nan,13,2,2,11,0.078326571504326,0.078326571504326,-2.5468683784533,1,84
0.55,110,-76.036156387803,nan,nan,nan,43.75393194782,0.022855088799621,nan,nan,13,2,2,12,0.076358419174653,0.076358419174653,-2.572316982609,1,84
0.55,110,-76.036156387803,nan,nan,nan,43.75393194782,0.022855088799621,nan,nan,13,2,2,13,0.074532355219927,0.074532355219927,-2.5965219496228,1,84
0.55,110,-76.036156387803,nan,nan,nan,43.75393194782,0.022855088799621,nan,nan,13,2,2,14,0.072833047434857,0.072833047434857,-2.6195854785018,1,84
0.55,110,-76.036156387803,nan,nan,nan,43.75393194782,0.022855088799621,nan,nan,13,2,2,15,0.071238937423644,0.071238937423644,-2.6417157361177,1,84
0.55,110,-76.036156387803,nan,nan,nan,43.75393194782,0.022855088799621,nan,nan,13,2,2,16,0.069725233039861,0.069725233039861,-2.6631930032029,1,84
0.55,110,-76.036156387803,nan,nan,nan,43.75393194782,0.022855088799621,nan,nan,13,2,2,17,0.068276911815196,0.068276911815196,-2.6841836103272,1,84
0.55,110,-76.036156387803,nan,nan,nan,43.75393194782,0.022855088799621,nan,nan,13,2,2,18,0.066879261143913,0.066879261143913,-2.7048663577561,1,84
0.55,110,-76.036156387803,nan,nan,nan,43.75393194782,0.022855088799621,nan,nan,13,2,2,19,0.065517539028999,0.065517539028999,-2.7254374007502,1,84
0.55,110,-76.036156387803,nan,nan,nan,43.75393194782,0.022855088799621,nan,nan,13,2,2,20,0.064186997880032,0.064186997880032,-2.7459546140304,1,84
0.55,110,-76.036156387803,nan,nan,nan,43.75393194782,0.022855088799621,nan,nan,13,2,2,21,0.062883755517187,0.062883755517187,-2.7664674074986,1,84
0.55,110,-76.036156387803,nan,nan,nan,43.75393194782,0.022855088799621,nan,nan,13,2,2,22,0.061595179097312,0.061595179097312,-2.7871716729125,1,84
0.55,110,-76.036156387803,nan,nan,nan,43.75393194782,0.022855088799621,nan,nan,13,2,2,23,0.060325279623141,0.060325279623141,-2.8080040322039,1,84
0.55,110,-76.036156387803,nan,nan,nan,43.75393194782,0.022855088799621,nan,nan,13,2,2,24,0.059071836020267,0.059071836020267,-2.8290010160355,1,84
0.55,110,-76.036156387803,nan,nan,nan,43.75393194782,0.022855088799621,nan,nan,13,2,2,25,0.0578297392869,0.0578297392869,-2.8502521150895,1,84
0.55,110,-76.036156387803,nan,nan,nan,43.75393194782,0.022855088799621,nan,nan,13,2,2,26,0.05660762101623,0.05660762101623,-2.8716116559072,1,84
0.55,110,-76.036156387803,nan,nan,nan,43.75393194782,0.022855088799621,nan,nan,13,2,2,27,0.055398698135399,0.055398698135399,-2.893199184866,1,84
0.55,110,-76.036156387803,nan,nan,nan,43.75393194782,0.022855088799621,nan,nan,13,2,2,28,0.054200847034671,0.054200847034671,-2.9150587427127,1,84
0.55,110,-76.036156387803,nan,nan,nan,43.75393194782,0.022855088799621,nan,nan,13,2,2,29,0.053021553286808,0.053021553286808,-2.9370567823073,1,84
0.55,110,-76.036156387803,nan,nan,nan,43.75393194782,0.022855088799621,nan,nan,13,2,2,30,0.051857244089662,0.051857244089662,-2.9592606416323,1,84
0.55,110,-76.036156387803,nan,nan,nan,43.75393194782,0.022855088799621,nan,nan,13,2,2,31,0.050713297568217,0.050713297568217,-2.9815671233222,1,84
0.55,110,-76.036156387803,nan,nan,nan,43.75393194782,0.022855088799621,nan,nan,13,2,2,32,0.049590838642594,0.049590838642594,-3.0039491670977,1,84
0.55,110,-76.036156387803,nan,nan,nan,43.75393194782,0.022855088799621,nan,nan,13,2,2,33,0.048485120243357,0.048485120243357,-3.0264983272172,1,84
0.55,110,-76.036156387803,nan,nan,nan,43.75393194782,0.022855088799621,nan,nan,13,2,2,34,0.047398063102194,0.047398063102194,-3.0491739139389,1,84
0.55,110,-76.036156387803,nan,nan,nan,43.75393194782,0.022855088799621,nan,nan,13,2,2,35,0.046340641634624,0.046340641634624,-3.0717359138367,1,84
0.55,110,-76.036156387803,nan,nan,nan,43.75393194782,0.022855088799621,nan,nan,13,2,2,36,0.045301435704126,0.045301435704126,-3.0944165537476,1,84
0.55,110,-76.036156387803,nan,nan,nan,43.75393194782,0.022855088799621,nan,nan,13,2,2,37,0.044289313895895,0.044289313895895,-3.1170118523412,1,84
0.55,110,-76.036156387803,nan,nan,nan,43.75393194782,0.022855088799621,nan,nan,13,2,2,38,0.043299914937725,0.043299914937725,-3.1396046084623,1,84
0.55,110,-76.036156387803,nan,nan,nan,43.75393194782,0.022855088799621,nan,nan,13,2,2,39,0.042334165008698,0.042334165008698,-3.1621608355099,1,84
0.55,110,-76.036156387803,nan,nan,nan,43.75393194782,0.022855088799621,nan,nan,13,2,2,40,0.041389106476218,0.041389106476218,-3.184737561369,1,84
0.55,110,-76.036156387803,nan,nan,nan,43.75393194782,0.022855088799621,nan,nan,13,2,2,41,0.040464189672428,0.040464189672428,-3.2073379016291,1,84
0.55,110,-76.036156387803,nan,nan,nan,43.75393194782,0.022855088799621,nan,nan,13,2,2,42,0.039563636086906,0.039563636086906,-3.2298448632333,1,84
0.55,110,-76.036156387803,nan,nan,nan,43.75393194782,0.022855088799621,nan,nan,13,2,2,43,0.038683078820974,0.038683078820974,-3.2523530143317,1,84
0.55,110,-76.036156387803,nan,nan,nan,43.75393194782,0.022855088799621,nan,nan,13,2,2,44,0.037821745082212,0.037821745082212,-3.2748710750339,1,84
0.55,110,-76.036156387803,nan,nan,nan,43.75393194782,0.022855088799621,nan,nan,13,2,2,45,0.03698116472381,0.03698116472381,-3.2973465574724,1,84
0.55,110,-76.036156387803,nan,nan,nan,43.75393194782,0.022855088799621,nan,nan,13,2,2,46,0.036159305489643,0.036159305489643,-3.3198209502343,1,84
0.55,110,-76.036156387803,nan,nan,nan,43.75393194782,0.022855088799621,nan,nan,13,2,2,47,0.035356106631263,0.035356106631263,-3.3422841538568,1,84
0.55,110,-76.036156387803,nan,nan,nan,43.75393194782,0.022855088799621,nan,nan,13,2,2,48,0.034565273075806,0.034565273075806,-3.3649057692601,1,84
0.55,110,-76.036156387803,nan,nan,nan,43.75393194782,0.022855088799621,nan,nan,13,2,2,49,0.033797195829293,0.033797195829293,-3.3873774435652,1,84
0.55,110,-76.036156387803,nan,nan,nan,43.75393194782,0.022855088799621,nan,nan,13,2,2,50,0.033041821357351,0.033041821357351,-3.4099812060209,1,84
0.55,110,-76.036156387803,nan,nan,nan,43.75393194782,0.022855088799621,nan,nan,13,2,2,51,0.032299412811176,0.032299412811176,-3.4327062281393,1,84
0.55,110,-76.036156387803,nan,nan,nan,43.75393194782,0.022855088799621,nan,nan,13,2,2,52,0.031570638759404,0.031570638759404,-3.4555277435031,1,84
0.55,110,-76.036156387803,nan,nan,nan,43.75393194782,0.022855088799621,nan,nan,13,2,2,53,0.030853967900385,0.030853967900385,-3.4784899177642,1,84
0.55,110,-76.036156387803,nan,nan,nan,43.75393194782,0.022855088799621,nan,nan,13,2,2,54,0.030153352988161,0.030153352988161,-3.5014591517714,1,84
0.55,110,-76.036156387803,nan,nan,nan,43.75393194782,0.022855088799621,nan,nan,13,2,2,55,0.02946094212873,0.02946094212873,-3.5246898885293,1,84
0.55,110,-76.036156387803,nan,nan,nan,43.75393194782,0.022855088799621,nan,nan,13,2,2,56,0.028780595789472,0.028780595789472,-3.5480538762267,1,84
0.55,110,-76.036156387803,nan,nan,nan,43.75393194782,0.022855088799621,nan,nan,13,2,2,57,0.028117753148501,0.028117753148501,-3.5713541174902,1,84
0.55,110,-76.036156387803,nan,nan,nan,43.75393194782,0.022855088799621,nan,nan,13,2,2,58,0.027468519053505,0.027468519053505,-3.5947146917405,1,84
0.55,110,-76.036156387803,nan,nan,nan,43.75393194782,0.022855088799621,nan,nan,13,2,2,59,0.02682930915367,0.02682930915367,-3.6182603639007,1,84
0.55,110,-76.036156387803,nan,nan,nan,43.75393194782,0.022855088799621,nan,nan,13,2,2,60,0.026205204906389,0.026205204906389,-3.6417972273963,1,84
0.55,110,-76.036156387803,nan,nan,nan,43.75393194782,0.022855088799621,nan,nan,13,2,2,61,0.025594912550351,0.025594912550351,-3.6653616757476,1,84
0.55,110,-76.036156387803,nan,nan,nan,43.75393194782,0.022855088799621,nan,nan,13,2,2,62,0.024998828882961,0.024998828882961,-3.6889262998927,1,84
0.55,110,-76.036156387803,nan,nan,nan,43.75393194782,0.022855088799621,nan,nan,13,2,2,63,0.024416442011241,0.024416442011241,-3.7124985207002,1,84
0.55,110,-76.036156387803,nan,nan,nan,43.75393194782,0.022855088799621,nan,nan,13,2,2,64,0.023848335097596,0.023848335097596,-3.7360408713131,1,84
0.55,110,-76.036156387803,nan,nan,nan,43.75393194782,0.022855088799621,nan,nan,13,2,2,65,0.023291701498054,0.023291701498054,-3.7596581407319,1,84
0.55,110,-76.036156387803,nan,nan,nan,43.75393194782,0.022855088799621,nan,nan,13,2,2,66,0.022749549115925,0.022749549115925,-3.7832099528618,1,84
0.55,110,-76.036156387803,nan,nan,nan,43.75393194782,0.022855088799621,nan,nan,13,2,2,67,0.022220917035565,0.022220917035565,-3.8067212248948,1,84
0.55,110,-76.036156387803,nan,nan,nan,43.75393194782,0.022855088799621,nan,nan,13,2,2,68,0.021704940527075,0.021704940527075,-3.8302153702908,1,84
0.55,110,-76.036156387803,nan,nan,nan,43.75393194782,0.022855088799621,nan,nan,13,2,2,69,0.021208088772032,0.021208088772032,-3.8533726242237,1,84
0.55,110,-76.036156387803,nan,nan,nan,43.75393194782,0.022855088799621,nan,nan,13,2,2,70,0.02072609222025,0.02072609222025,-3.8763618787342,1,84
0.55,110,-76.036156387803,nan,nan,nan,43.75393194782,0.022855088799621,nan,nan,13,2,2,71,0.02025749800561,0.02025749800561,-3.8992302820813,1,84
0.55,110,-76.036156387803,nan,nan,nan,43.75393194782,0.022855088799621,nan,nan,13,2,2,72,0.019805265513914,0.019805265513914,-3.9218074415899,1,84
0.55,110,-76.036156387803,nan,nan,nan,43.75393194782,0.022855088799621,nan,nan,13,2,2,73,0.019369213804314,0.019369213804314,-3.9440703907032,1,84
0.55,110,-76.036156387803,nan,nan,nan,43.75393194782,0.022855088799621,nan,nan,13,2,2,74,0.01894712673526,0.01894712673526,-3.9661029824188,1,84
0.55,110,-76.036156387803,nan,nan,nan,43.75393194782,0.022855088799621,nan,nan,13,2,2,75,0.018540170188325,0.018540170188325,-3.9878155393653,1,84
0.55,110,-76.036156387803,nan,nan,nan,43.75393194782,0.022855088799621,nan,nan,13,2,2,76,0.018146854420005,0.018146854420005,-4.0092580434838,1,84
0.55,110,-76.036156387803,nan,nan,nan,43.75393194782,0.022855088799621,nan,nan,13,2,2,77,0.017767032073285,0.017767032073285,-4.0304106697133,1,84
0.55,110,-76.036156387803,nan,nan,nan,43.75393194782,0.022855088799621,nan,nan,13,2,2,78,0.017400321504666,0.017400321504666,-4.0512665956527,1,84
0.55,110,-76.036156387803,nan,nan,nan,43.75393194782,0.022855088799621,nan,nan,13,2,2,79,0.017043911352117,0.017043911352117,-4.0719622444776,1,84
0.55,110,-76.036156387803,nan,nan,nan,43.75393194782,0.022855088799621,nan,nan,13,2,2,80,0.016699063520426,0.016699063520426,-4.092402637753,1,84
0.55,110,-76.036156387803,nan,nan,nan,43.75393194782,0.022855088799621,nan,nan,13,2,2,81,0.016364324178408,0.016364324178408,-4.1126516686487,1,84
0.55,110,-76.036156387803,nan,nan,nan,43.75393194782,0.022855088799621,nan,nan,13,2,2,82,0.016037758259651,0.016037758259651,-4.1328094456844,1,84
0.55,110,-76.036156387803,nan,nan,nan,43.75393194782,0.022855088799621,nan,nan,13,2,2,83,0.015718485805707,0.015718485805707,-4.1529178194126,1,84
0.55,110,-76.036156387803,nan,nan,nan,43.75393194782,0.022855088799621,nan,nan,13,2,2,84,0.01540558592887,0.01540558592887,-4.1730251126766,1,84
0.6,110,-59.677355083533,nan,nan,nan,31.137622965652,0.032115489390539,nan,nan,13,2,2,1,0.10777468992136,0.10777468992136,-2.2277124354455,1,84
0.6,110,-59.677355083533,nan,nan,nan,31.137622965652,0.032115489390539,nan,nan,13,2,2,2,0.10201267212047,0.10201267212047,-2.2826582369394,1,84
0.6,110,-59.677355083533,nan,nan,nan,31.137622965652,0.032115489390539,nan,nan,13,2,2,3,0.095911420620709,0.095911420620709,-2.3443302153333,1,84
0.6,110,-59.677355083533,nan,nan,nan,31.137622965652,0.032115489390539,nan,nan,13,2,2,4,0.090194410817644,0.090194410817644,-2.4057878181611,1,84
0.6,110,-59.677355083533,nan,nan,nan,31.137622965652,0.032115489390539,nan,nan,13,2,2,5,0.08507392398681,0.08507392398681,-2.464234706494,1,84
0.6,110,-59.677355083533,nan,nan,nan,31.137622965652,0.032115489390539,nan,nan,13,2,2,6,0.080549147740634,0.080549147740634,-2.5188877499163,1,84
0.6,110,-59.677355083533,nan,nan,nan,31.137622965652,0.032115489390539,nan,nan,13,2,2,7,0.076554120484612,0.076554120484612,-2.5697573309644,1,84
0.6,110,-59.677355083533,nan,nan,nan,31.137622965652,0.032115489390539,nan,nan,13,2,2,8,0.07300338951307,0.07300338951307,-2.6172494072258,1,84
0.6,110,-59.677355083533,nan,nan,nan,31.137622965652,0.032115489390539,nan,nan,13,2,2,9,0.06982761221307,0.06982761221307,-2.6617257569939,1,84
0.6,110,-59.677355083533,nan,nan,nan,31.137622965652,0.032115489390539,nan,nan,13,2,2,10,0.066960706392088,0.066960706392088,-2.7036493033929,1,84
0.6,110,-59.677355083533,nan,nan,nan,31.137622965652,0.032115489390539,nan,nan,13,2,2,11,0.06435244095082,0.06435244095082,-2.7433804132457,1,84
0.6,110,-59.677355083533,nan,nan,nan,31.137622965652,0.032115489390539,nan,nan,13,2,2,12,0.061961105282277,0.061961105282277,-2.7812484249503,1,84
0.6,110,-59.677355083533,nan,nan,nan,31.137622965652,0.032115489390539,nan,nan,13,2,2,13,0.059752222723616,0.059752222723616,-2.8175488884672,1,84
0.6,110,-59.677355083533,nan,nan,nan,31.137622965652,0.032115489390539,nan,nan,13,2,2,14,0.057705147956299,0.057705147956299,-2.8524088901013,1,84
0.6,110,-59.677355083533,nan,nan,nan,31.137622965652,0.032115489390539,nan,nan,13,2,2,15,0.05578999463388,0.05578999463388,-2.886160733309,1,84
0.6,110,-59.677355083533,nan,nan,nan,31.137622965652,0.032115489390539,nan,nan,13,2,2,16,0.053994033374114,0.053994033374114,-2.9188817315946,1,84
0.6,110,-59.677355083533,nan,nan,nan,31.137622965652,0.032115489390539,nan,nan,13,2,2,17,0.052301945572182,0.052301945572182,-2.9507217083703,1,84
0.6,110,-59.677355083533,nan,nan,nan,31.137622965652,0.032115489390539,nan,nan,13,2,2,18,0.050696766796255,0.050696766796255,-2.9818931416955,1,84
0.6,110,-59.677355083533,nan,nan,nan,31.137622965652,0.032115489390539,nan,nan,13,2,2,19,0.049171099449142,0.049171099449142,-3.0124492376467,1,84
0.6,110,-59.677355083533,nan,nan,nan,31.137622965652,0.032115489390539,nan,nan,13,2,2,20,0.047711691760335,0.047711691760335,-3.0425788008429,1,84
0.6,110,-59.677355083533,nan,nan,nan,31.137622965652,0.032115489390539,nan,nan,13,2,2,21,0.046317478630361,0.046317478630361,-3.0722358809131,1,84
0.6,110,-59.677355083533,nan,nan,nan,31.137622965652,0.032115489390539,nan,nan,13,2,2,22,0.044972666220766,0.044972666220766,-3.1017003910808,1,84
0.6,110,-59.677355083533,nan,nan,nan,31.137622965652,0.032115489390539,nan,nan,13,2,2,23,0.043678163813716,0.043678163813716,-3.1309069856608,1,84
0.6,110,-59.677355083533,nan,nan,nan,31.137622965652,0.032115489390539,nan,nan,13,2,2,24,0.042431167053142,0.042431167053142,-3.1598721147693,1,84
0.6,110,-59.677355083533,nan,nan,nan,31.137622965652,0.032115489390539,nan,nan,13,2,2,25,0.041224210809684,0.041224210809684,-3.1887295542083,1,84
0.6,110,-59.677355083533,nan,nan,nan,31.137622965652,0.032115489390539,nan,nan,13,2,2,26,0.040051937744656,0.040051937744656,-3.2175782235007,1,84
0.6,110,-59.677355083533,nan,nan,nan,31.137622965652,0.032115489390539,nan,nan,13,2,2,27,0.038908803856194,0.038908803856194,-3.2465347337536,1,84
0.6,110,-59.677355083533,nan,nan,nan,31.137622965652,0.032115489390539,nan,nan,13,2,2,28,0.037797310816454,0.037797310816454,-3.2755173213092,1,84
0.6,110,-59.677355083533,nan,nan,nan,31.137622965652,0.032115489390539,nan,nan,13,2,2,29,0.036717591456218,0.036717591456218,-3.304499307532,1,84
0.6,110,-59.677355083533,nan,nan,nan,31.137622965652,0.032115489390539,nan,nan,13,2,2,30,0.03566288742284,0.03566288742284,-3.3336446989098,1,84
0.6,110,-59.677355083533,nan,nan,nan,31.137622965652,0.032115489390539,nan,nan,13,2,2,31,0.034629036616334,0.034629036616334,-3.3630627402925,1,84
0.6,110,-59.677355083533,nan,nan,nan,31.137622965652,0.032115489390539,nan,nan,13,2,2,32,0.03362085854555,0.03362085854555,-3.3926086145773,1,84
0.6,110,-59.677355083533,nan,nan,nan,31.137622965652,0.032115489390539,nan,nan,13,2,2,33,0.032635309790807,0.032635309790807,-3.422360454346,1,84
0.6,110,-59.677355083533,nan,nan,nan,31.137622965652,0.032115489390539,nan,nan,13,2,2,34,0.031668211296737,0.031668211296737,-3.4524418994476,1,84
0.6,110,-59.677355083533,nan,nan,nan,31.137622965652,0.032115489390539,nan,nan,13,2,2,35,0.030724364562968,0.030724364562968,-3.482699305177,1,84
0.6,110,-59.677355083533,nan,nan,nan,31.137622965652,0.032115489390539,nan,nan,13,2,2,36,0.029796081191544,0.029796081191544,-3.5133783977576,1,84
0.6,110,-59.677355083533,nan,nan,nan,31.137622965652,0.032115489390539,nan,nan,13,2,2,37,0.028900134259904,0.028900134259904,-3.5439090382031,1,84
0.6,110,-59.677355083533,nan,nan,nan,31.137622965652,0.032115489390539,nan,nan,13,2,2,38,0.02801865701084,0.02801865701084,-3.574884668885,1,84
0.6,110,-59.677355083533,nan,nan,nan,31.137622965652,0.032115489390539,nan,nan,13,2,2,39,0.027163502610663,0.027163502610663,-3.6058810225055,1,84
0.6,110,-59.677355083533,nan,nan,nan,31.137622965652,0.032115489390539,nan,nan,13,2,2,40,0.02632920867525,0.02632920867525,-3.6370763600368,1,84
0.6,110,-59.677355083533,nan,nan,nan,31.137622965652,0.032115489390539,nan,nan,13,2,2,41,0.025514352591141,0.025514352591141,-3.6685141384451,1,84
0.6,110,-59.677355083533,nan,nan,nan,31.137622965652,0.032115489390539,nan,nan,13,2,2,42,0.02471730365708,0.02471730365708,-3.7002517277026,1,84
0.6,110,-59.677355083533,nan,nan,nan,31.137622965652,0.032115489390539,nan,nan,13,2,2,43,0.023942502277658,0.023942502277658,-3.7321000614382,1,84
0.6,110,-59.677355083533,nan,nan,nan,31.137622965652,0.032115489390539,nan,nan,13,2,2,44,0.023192881341489,0.023192881341489,-3.7639098861234,1,84
0.6,110,-59.677355083533,nan,nan,nan,31.137622965652,0.032115489390539,nan,nan,13,2,2,45,0.022462073395173,0.022462073395173,-3.7959270189205,1,84
0.6,110,-59.677355083533,nan,nan,nan,31.137622965652,0.032115489390539,nan,nan,13,2,2,46,0.021751016314692,0.021751016314692,-3.8280947954268,1,84
0.6,110,-59.677355083533,nan,nan,nan,31.137622965652,0.032115489390539,nan,nan,13,2,2,47,0.021061016516242,0.021061016516242,-3.8603315058133,1,84
0.6,110,-59.677355083533,nan,nan,nan,31.137622965652,0.032115489390539,nan,nan,13,2,2,48,0.020391660095241,0.020391660095241,-3.8926292805819,1,84
0.6,110,-59.677355083533,nan,nan,nan,31.137622965652,0.032115489390539,nan,nan,13,2,2,49,0.019743760851046,0.019743760851046,-3.9249177438201,1,84
0.6,110,-59.677355083533,nan,nan,nan,31.137622965652,0.032115489390539,nan,nan,13,2,2,50,0.019113545224799,0.019113545224799,-3.9573580212014,1,84
0.6,110,-59.677355083533,nan,nan,nan,31.137622965652,0.032115489390539,nan,nan,13,2,2,51,0.018503816085881,0.018503816085881,-3.9897782932571,1,84
0.6,110,-59.677355083533,nan,nan,nan,31.137622965652,0.032115489390539,nan,nan,13,2,2,52,0.017911401425857,0.017911401425857,-4.0223178177375,1,84
0.6,110,-59.677355083533,nan,nan,nan,31.137622965652,0.032115489390539,nan,nan,13,2,2,53,0.017336610046605,0.017336610046605,-4.0549348257846,1,84
0.6,110,-59.677355083533,nan,nan,nan,31.137622965652,0.032115489390539,nan,nan,13,2,2,54,0.016780934677111,0.016780934677111,-4.0875118776403,1,84
0.6,110,-59.677355083533,nan,nan,nan,31.137622965652,0.032115489390539,nan,nan,13,2,2,55,0.016241090078146,0.016241090078146,-4.1202108234627,1,84
0.6,110,-59.677355083533,nan,nan,nan,31.137622965652,0.032115489390539,nan,nan,13,2,2,56,0.015718750809579,0.015718750809579,-4.1529009601781,1,84
0.6,110,-59.677355083533,nan,nan,nan,31.137622965652,0.032115489390539,nan,nan,13,2,2,57,0.015215709746361,0.015215709746361,-4.1854268489157,1,84
0.6,110,-59.677355083533,nan,nan,nan,31.137622965652,0.032115489390539,nan,nan,13,2,2,58,0.014726709646169,0.014726709646169,-4.2180924511812,1,84
0.6,110,-59.677355083533,nan,nan,nan,31.137622965652,0.032115489390539,nan,nan,13,2,2,59,0.014254543992629,0.014254543992629,-4.2506795464221,1,84
0.6,110,-59.677355083533,nan,nan,nan,31.137622965652,0.032115489390539,nan,nan,13,2,2,60,0.013795750840074,0.013795750840074,-4.2833946443726,1,84
0.6,110,-59.677355083533,nan,nan,nan,31.137622965652,0.032115489390539,nan,nan,13,2,2,61,0.013355636798885,0.013355636798885,-4.3158167511246,1,84
0.6,110,-59.677355083533,nan,nan,nan,31.137622965652,0.032115489390539,nan,nan,13,2,2,62,0.012930976978936,0.012930976978936,-4.3481295299704,1,84
0.6,110,-59.677355083533,nan,nan,nan,31.137622965652,0.032115489390539,nan,nan,13,2,2,63,0.012517482886938,0.012517482886938,-4.3806289808921,1,84
0.6,110,-59.677355083533,nan,nan,nan,31.137622965652,0.032115489390539,nan,nan,13,2,2,64,0.012118039356686,0.012118039356686,-4.4130600806774,1,84
0.6,110,-59.677355083533,nan,nan,nan,31.137622965652,0.032115489390539,nan,nan,13,2,2,65,0.011735368949178,0.011735368949178,-4.445148010107,1,84
0.6,110,-59.677355083533,nan,nan,nan,31.137622965652,0.032115489390539,nan,nan,13,2,2,66,0.011364298309428,0.011364298309428,-4.477278564945,1,84
0.6,110,-59.677355083533,nan,nan,nan,31.137622965652,0.032115489390539,nan,nan,13,2,2,67,0.011006241022198,0.011006241022198,-4.5092928014204,1,84
0.6,110,-59.677355083533,nan,nan,nan,31.137622965652,0.032115489390539,nan,nan,13,2,2,68,0.010659797651426,0.010659797651426,-4.5412758424672,1,84
0.6,110,-59.677355083533,nan,nan,nan,31.137622965652,0.032115489390539,nan,nan,13,2,2,69,0.010323626339278,0.010323626339278,-4.5733201911866,1,84
0.6,110,-59.677355083533,nan,nan,nan,31.137622965652,0.032115489390539,nan,nan,13,2,2,70,0.0099987683179557,0.0099987683179557,-4.6052933617783,1,84
0.6,110,-59.677355083533,nan,nan,nan,31.137622965652,0.032115489390539,nan,nan,13,2,2,71,0.0096859431192161,0.0096859431192161,-4.6370796074924,1,84
0.6,110,-59.677355083533,nan,nan,nan,31.137622965652,0.032115489390539,nan,nan,13,2,2,72,0.0093855953101921,0.0093855953101921,-4.6685791788625,1,84
0.6,110,-59.677355083533,nan,nan,nan,31.137622965652,0.032115489390539,nan,nan,13,2,2,73,0.0090951100484485,0.0090951100484485,-4.7000183672009,1,84
0.6,110,-59.677355083533,nan,nan,nan,31.137622965652,0.032115489390539,nan,nan,13,2,2,74,0.0088151425451921,0.0088151425451921,-4.7312842925095,1,84
0.6,110,-59.677355083533,nan,nan,nan,31.137622965652,0.032115489390539,nan,nan,13,2,2,75,0.0085443384003245,0.0085443384003245,-4.7624863907691,1,84
0.6,110,-59.677355083533,nan,nan,nan,31.137622965652,0.032115489390539,nan,nan,13,2,2,76,0.0082852577006567,0.0082852577006567,-4.7932775241025,1,84
0.6,110,-59.677355083533,nan,nan,nan,31.137622965652,0.032115489390539,nan,nan,13,2,2,77,0.0080352995420055,0.0080352995420055,-4.8239110008353,1,84
0.6,110,-59.677355083533,nan,nan,nan,31.137622965652,0.032115489390539,nan,nan,13,2,2,78,0.0077940911906176,0.0077940911906176,-4.8543893720292,1,84
0.6,110,-59.677355083533,nan,nan,nan,31.137622965652,0.032115489390539,nan,nan,13,2,2,79,0.0075621375302534,0.0075621375302534,-4.8846013866577,1,84
0.6,110,-59.677355083533,nan,nan,nan,31.137622965652,0.032115489390539,nan,nan,13,2,2,80,0.0073389455728243,0.0073389455728243,-4.9145601016036,1,84
0.6,110,-59.677355083533,nan,nan,nan,31.137622965652,0.032115489390539,nan,nan,13,2,2,81,0.0071229658036148,0.0071229658036148,-4.9444310948377,1,84
0.6,110,-59.677355083533,nan,nan,nan,31.137622965652,0.032115489390539,nan,nan,13,2,2,82,0.0069135951587091,0.0069135951587091,-4.974265493043,1,84
0.6,110,-59.677355083533,nan,nan,nan,31.137622965652,0.032115489390539,nan,nan,13,2,2,83,0.0067103006878195,0.0067103006878195,-5.004111517107,1,84
0.6,110,-59.677355083533,nan,nan,nan,31.137622965652,0.032115489390539,nan,nan,13,2,2,84,0.0065107899837033,0.0065107899837033,-5.0342944808607,1,84
0.65,110,-46.683330161448,nan,nan,nan,20.341634556749,0.049160257854905,nan,nan,13,2,2,1,0.10507782353704,0.10507782353704,-2.253054026817,1,84
0.65,110,-46.683330161448,nan,nan,nan,20.341634556749,0.049160257854905,nan,nan,13,2,2,2,0.095400389071342,0.095400389071342,-2.3496726222203,1,84
0.65,110,-46.683330161448,nan,nan,nan,20.341634556749,0.049160257854905,nan,nan,13,2,2,3,0.085947687201032,0.085947687201032,-2.4540164561711,1,84
0.65,110,-46.683330161448,nan,nan,nan,20.341634556749,0.049160257854905,nan,nan,13,2,2,4,0.077629883259789,0.077629883259789,-2.5558028323685,1,84
0.65,110,-46.683330161448,nan,nan,nan,20.341634556749,0.049160257854905,nan,nan,13,2,2,5,0.070517791836065,0.070517791836065,-2.651890234534,1,84
0.65,110,-46.683330161448,nan,nan,nan,20.341634556749,0.049160257854905,nan,nan,13,2,2,6,0.064449209289602,0.064449209289602,-2.7418778182587,1,84
0.65,110,-46.683330161448,nan,nan,nan,20.341634556749,0.049160257854905,nan,nan,13,2,2,7,0.059232188056795,0.059232188056795,-2.8262901676772,1,84
0.65,110,-46.683330161448,nan,nan,nan,20.341634556749,0.049160257854905,nan,nan,13,2,2,8,0.054700882210991,0.054700882210991,-2.9058754415126,1,84
0.65,110,-46.683330161448,nan,nan,nan,20.341634556749,0.049160257854905,nan,nan,13,2,2,9,0.050724103450417,0.050724103450417,-2.9813540681349,1,84
0.65,110,-46.683330161448,nan,nan,nan,20.341634556749,0.049160257854905,nan,nan,13,2,2,10,0.047200683103202,0.047200683103202,-3.0533469139699,1,84
0.65,110,-46.683330161448,nan,nan,nan,20.341634556749,0.049160257854905,nan,nan,13,2,2,11,0.044052824862767,0.044052824862767,-3.1223658001029,1,84
0.65,110,-46.683330161448,nan,nan,nan,20.341634556749,0.049160257854905,nan,nan,13,2,2,12,0.041220124580895,0.041220124580895,-3.1888286811834,1,84
0.65,110,-46.683330161448,nan,nan,nan,20.341634556749,0.049160257854905,nan,nan,13,2,2,13,0.038655085884695,0.038655085884695,-3.2530769243859,1,84
0.65,110,-46.683330161448,nan,nan,nan,20.341634556749,0.049160257854905,nan,nan,13,2,2,14,0.036319920341589,0.036319920341589,-3.3153889184896,1,84
0.65,110,-46.683330161448,nan,nan,nan,20.341634556749,0.049160257854905,nan,nan,13,2,2,15,0.03418406834452,0.03418406834452,-3.3759955813293,1,84
0.65,110,-46.683330161448,nan,nan,nan,20.341634556749,0.049160257854905,nan,nan,13,2,2,16,0.032222626064095,0.032222626064095,-3.4350864003927,1,84
0.65,110,-46.683330161448,nan,nan,nan,20.341634556749,0.049160257854905,nan,nan,13,2,2,17,0.030414937635807,0.030414937635807,-3.4928214216536,1,84
0.65,110,-46.683330161448,nan,nan,nan,20.341634556749,0.049160257854905,nan,nan,13,2,2,18,0.028743735996675,0.028743735996675,-3.5493354138543,1,84
0.65,110,-46.683330161448,nan,nan,nan,20.341634556749,0.049160257854905,nan,nan,13,2,2,19,0.027194688286476,0.027194688286476,-3.6047336083359,1,84
0.65,110,-46.683330161448,nan,nan,nan,20.341634556749,0.049160257854905,nan,nan,13,2,2,20,0.025754652551351,0.025754652551351,-3.6591399865875,1,84
0.65,110,-46.683330161448,nan,nan,nan,20.341634556749,0.049160257854905,nan,nan,13,2,2,21,0.024413974734284,0.024413974734284,-3.7125995756214,1,84
0.65,110,-46.683330161448,nan,nan,nan,20.341634556749,0.049160257854905,nan,nan,13,2,2,22,0.023162270397532,0.023162270397532,-3.7652306001005,1,84
0.65,110,-46.683330161448,nan,nan,nan,20.341634556749,0.049160257854905,nan,nan,13,2,2,23,0.0219923126559,0.0219923126559,-3.8170623114187,1,84
0.65,110,-46.683330161448,nan,nan,nan,20.341634556749,0.049160257854905,nan,nan,13,2,2,24,0.020895981175488,0.020895981175488,-3.8681984267553,1,84
0.65,110,-46.683330161448,nan,nan,nan,20.341634556749,0.049160257854905,nan,nan,13,2,2,25,0.019867959956117,0.019867959956117,-3.9186468972355,1,84
0.65,110,-46.683330161448,nan,nan,nan,20.341634556749,0.049160257854905,nan,nan,13,2,2,26,0.018901751220871,0.018901751220871,-3.96850070402,1,84
0.65,110,-46.683330161448,nan,nan,nan,20.341634556749,0.049160257854905,nan,nan,13,2,2,27,0.017993146755305,0.017993146755305,-4.0177643294006,1,84
0.65,110,-46.683330161448,nan,nan,nan,20.341634556749,0.049160257854905,nan,nan,13,2,2,28,0.017136956340526,0.017136956340526,-4.0665179579797,1,84
0.65,110,-46.683330161448,nan,nan,nan,20.341634556749,0.049160257854905,nan,nan,13,2,2,29,0.016329244890546,0.016329244890546,-4.1147976136968,1,84
0.65,110,-46.683330161448,nan,nan,nan,20.341634556749,0.049160257854905,nan,nan,13,2,2,30,0.015566467850406,0.015566467850406,-4.1626361749795,1,84
0.65,110,-46.683330161448,nan,nan,nan,20.341634556749,0.049160257854905,nan,nan,13,2,2,31,0.014845865788531,0.014845865788531,-4.2100338505721,1,84
0.65,110,-46.683330161448,nan,nan,nan,20.341634556749,0.049160257854905,nan,nan,13,2,2,32,0.014163249751076,0.014163249751076,-4.2571047148535,1,84
0.65,110,-46.683330161448,nan,nan,nan,20.341634556749,0.049160257854905,nan,nan,13,2,2,33,0.013517293158358,0.013517293158358,-4.3037854385926,1,84
0.65,110,-46.683330161448,nan,nan,nan,20.341634556749,0.049160257854905,nan,nan,13,2,2,34,0.012904989566194,0.012904989566194,-4.3501412543207,1,84
0.65,110,-46.683330161448,nan,nan,nan,20.341634556749,0.049160257854905,nan,nan,13,2,2,35,0.012323384516819,0.012323384516819,-4.3962566413304,1,84
0.65,110,-46.683330161448,nan,nan,nan,20.341634556749,0.049160257854905,nan,nan,13,2,2,36,0.011771474983336,0.011771474983336,-4.4420760483707,1,84
0.65,110,-46.683330161448,nan,nan,nan,20.341634556749,0.049160257854905,nan,nan,13,2,2,37,0.011246878702573,0.011246878702573,-4.4876646374879,1,84
0.65,110,-46.683330161448,nan,nan,nan,20.341634556749,0.049160257854905,nan,nan,13,2,2,38,0.010747139351498,0.010747139351498,-4.5331156666586,1,84
0.65,110,-46.683330161448,nan,nan,nan,20.341634556749,0.049160257854905,nan,nan,13,2,2,39,0.010271234684878,0.010271234684878,-4.578408039787,1,84
0.65,110,-46.683330161448,nan,nan,nan,20.341634556749,0.049160257854905,nan,nan,13,2,2,40,0.0098180214317104,0.0098180214317104,-4.6235356604488,1,84
0.65,110,-46.683330161448,nan,nan,nan,20.341634556749,0.049160257854905,nan,nan,13,2,2,41,0.0093864208892208,0.0093864208892208,-4.66849122038,1,84
0.65,110,-46.683330161448,nan,nan,nan,20.341634556749,0.049160257854905,nan,nan,13,2,2,42,0.0089737972096843,0.0089737972096843,-4.7134463692227,1,84
0.65,110,-46.683330161448,nan,nan,nan,20.341634556749,0.049160257854905,nan,nan,13,2,2,43,0.0085793951275075,0.0085793951275075,-4.7583918659269,1,84
0.65,110,-46.683330161448,nan,nan,nan,20.341634556749,0.049160257854905,nan,nan,13,2,2,44,0.0082025559952509,0.0082025559952509,-4.8033094665445,1,84
0.65,110,-46.683330161448,nan,nan,nan,20.341634556749,0.049160257854905,nan,nan,13,2,2,45,0.0078425794274297,0.0078425794274297,-4.8481874901306,1,84
0.65,110,-46.683330161448,nan,nan,nan,20.341634556749,0.049160257854905,nan,nan,13,2,2,46,0.007498067616879,0.007498067616879,-4.8931099427204,1,84
0.65,110,-46.683330161448,nan,nan,nan,20.341634556749,0.049160257854905,nan,nan,13,2,2,47,0.0071684832560836,0.0071684832560836,-4.9380611870436,1,84
0.65,110,-46.683330161448,nan,nan,nan,20.341634556749,0.049160257854905,nan,nan,13,2,2,48,0.0068529134773555,0.0068529134773555,-4.9830813919717,1,84
0.65,110,-46.683330161448,nan,nan,nan,20.341634556749,0.049160257854905,nan,nan,13,2,2,49,0.0065510165949995,0.0065510165949995,-5.0281350360346,1,84
0.65,110,-46.683330161448,nan,nan,nan,20.341634556749,0.049160257854905,nan,nan,13,2,2,50,0.0062612695429834,0.0062612695429834,-5.0733723120382,1,84
0.65,110,-46.683330161448,nan,nan,nan,20.341634556749,0.049160257854905,nan,nan,13,2,2,51,0.0059842965366795,0.0059842965366795,-5.1186164846114,1,84
0.65,110,-46.683330161448,nan,nan,nan,20.341634556749,0.049160257854905,nan,nan,13,2,2,52,0.0057191406664583,0.0057191406664583,-5.1639367180132,1,84
0.65,110,-46.683330161448,nan,nan,nan,20.341634556749,0.049160257854905,nan,nan,13,2,2,53,0.0054650409781193,0.0054650409781193,-5.2093836590983,1,84
0.65,110,-46.683330161448,nan,nan,nan,20.341634556749,0.049160257854905,nan,nan,13,2,2,54,0.0052217000796562,0.0052217000796562,-5.2549322443538,1,84
0.65,110,-46.683330161448,nan,nan,nan,20.341634556749,0.049160257854905,nan,nan,13,2,2,55,0.004989143641263,0.004989143641263,-5.3004909989236,1,84
0.65,110,-46.683330161448,nan,nan,nan,20.341634556749,0.049160257854905,nan,nan,13,2,2,56,0.0047665010152513,0.0047665010152513,-5.3461427830334,1,84
0.65,110,-46.683330161448,nan,nan,nan,20.341634556749,0.049160257854905,nan,nan,13,2,2,57,0.0045532817041654,0.0045532817041654,-5.391907052335,1,84
0.65,110,-46.683330161448,nan,nan,nan,20.341634556749,0.049160257854905,nan,nan,13,2,2,58,0.0043495362930697,0.0043495362930697,-5.437686038858,1,84
0.65,110,-46.683330161448,nan,nan,nan,20.341634556749,0.049160257854905,nan,nan,13,2,2,59,0.0041547188373891,0.0041547188373891,-5.4835105214628,1,84
0.65,110,-46.683330161448,nan,nan,nan,20.341634556749,0.049160257854905,nan,nan,13,2,2,60,0.0039683485570245,0.0039683485570245,-5.5294052514253,1,84
0.65,110,-46.683330161448,nan,nan,nan,20.341634556749,0.049160257854905,nan,nan,13,2,2,61,0.0037902575293839,0.0037902575293839,-5.5753213124908,1,84
0.65,110,-46.683330161448,nan,nan,nan,20.341634556749,0.049160257854905,nan,nan,13,2,2,62,0.0036198554932458,0.0036198554932458,-5.6213211729341,1,84
0.65,110,-46.683330161448,nan,nan,nan,20.341634556749,0.049160257854905,nan,nan,13,2,2,63,0.0034570421702428,0.0034570421702428,-5.6673419196089,1,84
0.65,110,-46.683330161448,nan,nan,nan,20.341634556749,0.049160257854905,nan,nan,13,2,2,64,0.0033014115375613,0.0033014115375613,-5.7134051633089,1,84
0.65,110,-46.683330161448,nan,nan,nan,20.341634556749,0.049160257854905,nan,nan,13,2,2,65,0.00315278980006,0.00315278980006,-5.7594675672892,1,84
0.65,110,-46.683330161448,nan,nan,nan,20.341634556749,0.049160257854905,nan,nan,13,2,2,66,0.0030108633958335,0.0030108633958335,-5.8055283988832,1,84
0.65,110,-46.683330161448,nan,nan,nan,20.341634556749,0.049160257854905,nan,nan,13,2,2,67,0.0028752408846437,0.0028752408846437,-5.8516188222797,1,84
0.65,110,-46.683330161448,nan,nan,nan,20.341634556749,0.049160257854905,nan,nan,13,2,2,68,0.0027458058421766,0.0027458058421766,-5.8976806798256,1,84
0.65,110,-46.683330161448,nan,nan,nan,20.341634556749,0.049160257854905,nan,nan,13,2,2,69,0.0026221620703036,0.0026221620703036,-5.9437560838409,1,84
0.65,110,-46.683330161448,nan,nan,nan,20.341634556749,0.049160257854905,nan,nan,13,2,2,70,0.0025041375888594,0.0025041375888594,-5.9898108796263,1,84
0.65,110,-46.683330161448,nan,nan,nan,20.341634556749,0.049160257854905,nan,nan,13,2,2,71,0.0023913914785507,0.0023913914785507,-6.0358798738578,1,84
0.65,110,-46.683330161448,nan,nan,nan,20.341634556749,0.049160257854905,nan,nan,13,2,2,72,0.0022837413692476,0.0022837413692476,-6.0819402294811,1,84
0.65,110,-46.683330161448,nan,nan,nan,20.341634556749,0.049160257854905,nan,nan,13,2,2,73,0.0021808991563698,0.0021808991563698,-6.1280180301678,1,84
0.65,110,-46.683330161448,nan,nan,nan,20.341634556749,0.049160257854905,nan,nan,13,2,2,74,0.0020826315911456,0.0020826315911456,-6.1741229968941,1,84
0.65,110,-46.683330161448,nan,nan,nan,20.341634556749,0.049160257854905,nan,nan,13,2,2,75,0.0019887053661587,0.0019887053661587,-6.2202714217276,1,84
0.65,110,-46.683330161448,nan,nan,nan,20.341634556749,0.049160257854905,nan,nan,13,2,2,76,0.0018988968789086,0.0018988968789086,-6.2664821514655,1,84
0.65,110,-46.683330161448,nan,nan,nan,20.341634556749,0.049160257854905,nan,nan,13,2,2,77,0.0018129786931508,0.0018129786931508,-6.3127840995395,1,84
0.65,110,-46.683330161448,nan,nan,nan,20.341634556749,0.049160257854905,nan,nan,13,2,2,78,0.0017307119260589,0.0017307119260589,-6.3592224371696,1,84
0.65,110,-46.683330161448,nan,nan,nan,20.341634556749,0.049160257854905,nan,nan,13,2,2,79,0.0016518978728311,0.0016518978728311,-6.4058304261145,1,84
0.65,110,-46.683330161448,nan,nan,nan,20.341634556749,0.049160257854905,nan,nan,13,2,2,80,0.0015763154641667,0.0015763154641667,-6.4526651399589,1,84
0.65,110,-46.683330161448,nan,nan,nan,20.341634556749,0.049160257854905,nan,nan,13,2,2,81,0.0015037648841719,0.0015037648841719,-6.4997833926882,1,84
0.65,110,-46.683330161448,nan,nan,nan,20.341634556749,0.049160257854905,nan,nan,13,2,2,82,0.0014340449191511,0.0014340449191511,-6.5472562129222,1,84
0.65,110,-46.683330161448,nan,nan,nan,20.341634556749,0.049160257854905,nan,nan,13,2,2,83,0.0013669449953242,0.0013669449953242,-6.5951769595596,1,84
0.65,110,-46.683330161448,nan,nan,nan,20.341634556749,0.049160257854905,nan,nan,13,2,2,84,0.0013022579168292,0.0013022579168292,-6.6436556620108,1,84
0.7,110,-36.338144637423,nan,nan,nan,9.3500425499215,0.10695138494406,nan,nan,13,2,2,1,0.1005803975975,0.1005803975975,-2.2967978951988,1,84
0.7,110,-36.338144637423,nan,nan,nan,9.3500425499215,0.10695138494406,nan,nan,13,2,2,2,0.084912370047844,0.084912370047844,-2.4661354948902,1,84
0.7,110,-36.338144637423,nan,nan,nan,9.3500425499215,0.10695138494406,nan,nan,13,2,2,3,0.071002421825879,0.071002421825879,-2.6450412922989,1,84
0.7,110,-36.338144637423,nan,nan,nan,9.3500425499215,0.10695138494406,nan,nan,13,2,2,4,0.059674038386488,0.059674038386488,-2.8188582210641,1,84
0.7,110,-36.338144637423,nan,nan,nan,9.3500425499215,0.10695138494406,nan,nan,13,2,2,5,0.050582029321305,0.050582029321305,-2.9841589175229,1,84
0.7,110,-36.338144637423,nan,nan,nan,9.3500425499215,0.10695138494406,nan,nan,13,2,2,6,0.04323430195861,0.04323430195861,-3.1411210719849,1,84
0.7,110,-36.338144637423,nan,nan,nan,9.3500425499215,0.10695138494406,nan,nan,13,2,2,7,0.037221615791263,0.037221615791263,-3.290865616801,1,84
0.7,110,-36.338144637423,nan,nan,nan,9.3500425499215,0.10695138494406,nan,nan,13,2,2,8,0.032238833306784,0.032238833306784,-3.4345835497533,1,84
0.7,110,-36.338144637423,nan,nan,nan,9.3500425499215,0.10695138494406,nan,nan,13,2,2,9,0.028063121249209,0.028063121249209,-3.5732989756683,1,84
0.7,110,-36.338144637423,nan,nan,nan,9.3500425499215,0.10695138494406,nan,nan,13,2,2,10,0.024530460647376,0.024530460647376,-3.707839641949,1,84
0.7,110,-36.338144637423,nan,nan,nan,9.3500425499215,0.10695138494406,nan,nan,13,2,2,11,0.021518045200573,0.021518045200573,-3.838863384219,1,84
0.7,110,-36.338144637423,nan,nan,nan,9.3500425499215,0.10695138494406,nan,nan,13,2,2,12,0.018932170516993,0.018932170516993,-3.9668926601652,1,84
0.7,110,-36.338144637423,nan,nan,nan,9.3500425499215,0.10695138494406,nan,nan,13,2,2,13,0.01670003205661,0.01670003205661,-4.0923446400038,1,84
0.7,110,-36.338144637423,nan,nan,nan,9.3500425499215,0.10695138494406,nan,nan,13,2,2,14,0.014764125732792,0.014764125732792,-4.2155549776767,1,84
0.7,110,-36.338144637423,nan,nan,nan,9.3500425499215,0.10695138494406,nan,nan,13,2,2,15,0.013078354480907,0.013078354480907,-4.3367967450791,1,84
0.7,110,-36.338144637423,nan,nan,nan,9.3500425499215,0.10695138494406,nan,nan,13,2,2,16,0.011605285043283,0.011605285043283,-4.4562946774477,1,84
0.7,110,-36.338144637423,nan,nan,nan,9.3500425499215,0.10695138494406,nan,nan,13,2,2,17,0.01031417071631,0.01031417071631,-4.574236531589,1,84
0.7,110,-36.338144637423,nan,nan,nan,9.3500425499215,0.10695138494406,nan,nan,13,2,2,18,0.0091795223242256,0.0091795223242256,-4.6907801101017,1,84
0.7,110,-36.338144637423,nan,nan,nan,9.3500425499215,0.10695138494406,nan,nan,13,2,2,19,0.008180001716024,0.008180001716024,-4.8060629185846,1,84
0.7,110,-36.338144637423,nan,nan,nan,9.3500425499215,0.10695138494406,nan,nan,13,2,2,20,0.0072976501238741,0.0072976501238741,-4.9202028834882,1,84
0.7,110,-36.338144637423,nan,nan,nan,9.3500425499215,0.10695138494406,nan,nan,13,2,2,21,0.0065172546414948,0.0065172546414948,-5.0333020589727,1,84
0.7,110,-36.338144637423,nan,nan,nan,9.3500425499215,0.10695138494406,nan,nan,13,2,2,22,0.0058258447449393,0.0058258447449393,-5.1454512694544,1,84
0.7,110,-36.338144637423,nan,nan,nan,9.3500425499215,0.10695138494406,nan,nan,13,2,2,23,0.0052123312158632,0.0052123312158632,-5.2567280730312,1,84
0.7,110,-36.338144637423,nan,nan,nan,9.3500425499215,0.10695138494406,nan,nan,13,2,2,24,0.0046671480258563,0.0046671480258563,-5.3672070949566,1,84
0.7,110,-36.338144637423,nan,nan,nan,9.3500425499215,0.10695138494406,nan,nan,13,2,2,25,0.0041820379780323,0.0041820379780323,-5.4769565967084,1,84
0.7,110,-36.338144637423,nan,nan,nan,9.3500425499215,0.10695138494406,nan,nan,13,2,2,26,0.0037498627270926,0.0037498627270926,-5.5860360457785,1,84
0.7,110,-36.338144637423,nan,nan,nan,9.3500425499215,0.10695138494406,nan,nan,13,2,2,27,0.0033644284960513,0.0033644284960513,-5.6944971680357,1,84
0.7,110,-36.338144637423,nan,nan,nan,9.3500425499215,0.10695138494406,nan,nan,13,2,2,28,0.0030203404917753,0.0030203404917753,-5.8023857083297,1,84
0.7,110,-36.338144637423,nan,nan,nan,9.3500425499215,0.10695138494406,nan,nan,13,2,2,29,0.0027128843978866,0.0027128843978866,-5.9097428566494,1,84
0.7,110,-36.338144637423,nan,nan,nan,9.3500425499215,0.10695138494406,nan,nan,13,2,2,30,0.0024379293563223,0.0024379293563223,-6.0166062244207,1,84
0.7,110,-36.338144637423,nan,nan,nan,9.3500425499215,0.10695138494406,nan,nan,13,2,2,31,0.0021918474958888,0.0021918474958888,-6.1230104853601,1,84
0.7,110,-36.338144637423,nan,nan,nan,9.3500425499215,0.10695138494406,nan,nan,13,2,2,32,0.0019714463828242,0.0019714463828242,-6.2289878011492,1,84
0.7,110,-36.338144637423,nan,nan,nan,9.3500425499215,0.10695138494406,nan,nan,13,2,2,33,0.0017739117979134,0.0017739117979134,-6.3345681156581,1,84
0.7,110,-36.338144637423,nan,nan,nan,9.3500425499215,0.10695138494406,nan,nan,13,2,2,34,0.0015967589355918,0.0015967589355918,-6.4397793694263,1,84
0.7,110,-36.338144637423,nan,nan,nan,9.3500425499215,0.10695138494406,nan,nan,13,2,2,35,0.0014377905775464,0.0014377905775464,-6.5446476648186,1,84
0.7,110,-36.338144637423,nan,nan,nan,9.3500425499215,0.10695138494406,nan,nan,13,2,2,36,0.001295061104319,0.001295061104319,-6.6491974001415,1,84
0.7,110,-36.338144637423,nan,nan,nan,9.3500425499215,0.10695138494406,nan,nan,13,2,2,37,0.0011668454322461,0.0011668454322461,-6.7534513832535,1,84
0.7,110,-36.338144637423,nan,nan,nan,9.3500425499215,0.10695138494406,nan,nan,13,2,2,38,0.0010516121290291,0.0010516121290291,-6.8574309312942,1,84
0.7,110,-36.338144637423,nan,nan,nan,9.3500425499215,0.10695138494406,nan,nan,13,2,2,39,0.00094800009034388,0.00094800009034388,-6.9611559604098,1,84
0.7,110,-36.338144637423,nan,nan,nan,9.3500425499215,0.10695138494406,nan,nan,13,2,2,40,0.00085479826158413,0.00085479826158413,-7.064645068232,1,84
0.7,110,-36.338144637423,nan,nan,nan,9.3500425499215,0.10695138494406,nan,nan,13,2,2,41,0.00077092797177391,0.00077092797177391,-7.1679156105888,1,84
0.7,110,-36.338144637423,nan,nan,nan,9.3500425499215,0.10695138494406,nan,nan,13,2,2,42,0.0006954275138428,0.0006954275138428,-7.2709837736817,1,84
0.7,110,-36.338144637423,nan,nan,nan,9.3500425499215,0.10695138494406,nan,nan,13,2,2,43,0.00062743866148795,0.00062743866148795,-7.3738646423531,1,84
0.7,110,-36.338144637423,nan,nan,nan,9.3500425499215,0.10695138494406,nan,nan,13,2,2,44,0.00056619485907418,0.00056619485907418,-7.4765722650271,1,84
0.7,110,-36.338144637423,nan,nan,nan,9.3500425499215,0.10695138494406,nan,nan,13,2,2,45,0.0005110108598882,0.0005110108598882,-7.579119715759,1,84
0.7,110,-36.338144637423,nan,nan,nan,9.3500425499215,0.10695138494406,nan,nan,13,2,2,46,0.00046127362077306,0.00046127362077306,-7.6815191535726,1,84
0.7,110,-36.338144637423,nan,nan,nan,9.3500425499215,0.10695138494406,nan,nan,13,2,2,47,0.0004164342886329,0.0004164342886329,-7.7837818791936,1,84
0.7,110,-36.338144637423,nan,nan,nan,9.3500425499215,0.10695138494406,nan,nan,13,2,2,48,0.00037600113745232,0.00037600113745232,-7.8859183894398,1,84
0.7,110,-36.338144637423,nan,nan,nan,9.3500425499215,0.10695138494406,nan,nan,13,2,2,49,0.00033953333429942,0.00033953333429942,-7.9879384293365,1,84
0.7,110,-36.338144637423,nan,nan,nan,9.3500425499215,0.10695138494406,nan,nan,13,2,2,50,0.00030663542953031,0.00030663542953031,-8.0898510420047,1,84
0.7,110,-36.338144637423,nan,nan,nan,9.3500425499215,0.10695138494406,nan,nan,13,2,2,51,0.00027695248064093,0.00027695248064093,-8.1916646165261,1,84
0.7,110,-36.338144637423,nan,nan,nan,9.3500425499215,0.10695138494406,nan,nan,13,2,2,52,0.00025016573147284,0.00025016573147284,-8.293386933849,1,84
0.7,110,-36.338144637423,nan,nan,nan,9.3500425499215,0.10695138494406,nan,nan,13,2,2,53,0.0002259887788761,0.0002259887788761,-8.3950252109154,1,84
0.7,110,-36.338144637423,nan,nan,nan,9.3500425499215,0.10695138494406,nan,nan,13,2,2,54,0.0002041641679143,0.0002041641679143,-8.4965861430755,1,84
0.7,110,-36.338144637423,nan,nan,nan,9.3500425499215,0.10695138494406,nan,nan,13,2,2,55,0.00018446036433827,0.00018446036433827,-8.5980759449972,1,84
0.7,110,-36.338144637423,nan,nan,nan,9.3500425499215,0.10695138494406,nan,nan,13,2,2,56,0.0001666690596686,0.0001666690596686,-8.6995003903016,1,84
0.7,110,-36.338144637423,nan,nan,nan,9.3500425499215,0.10695138494406,nan,nan,13,2,2,57,0.0001506027699,0.0001506027699,-8.8008648503374,1,84
0.7,110,-36.338144637423,nan,nan,nan,9.3500425499215,0.10695138494406,nan,nan,13,2,2,58,0.00013609269380336,0.00013609269380336,-8.9021743323095,1,84
0.7,110,-36.338144637423,nan,nan,nan,9.3500425499215,0.10695138494406,nan,nan,13,2,2,59,0.00012298680101592,0.00012298680101592,-9.0034335171635,1,84
0.7,110,-36.338144637423,nan,nan,nan,9.3500425499215,0.10695138494406,nan,nan,13,2,2,60,0.0001111481237831,0.0001111481237831,-9.1046467977406,1,84
0.7,110,-36.338144637423,nan,nan,nan,9.3500425499215,0.10695138494406,nan,nan,13,2,2,61,0.00010045322940279,0.00010045322940279,-9.2058183178643,1,84
0.7,110,-36.338144637423,nan,nan,nan,9.3500425499215,0.10695138494406,nan,nan,13,2,2,62,9.079085320887e-05,9.079085320887e-05,-9.3069520130163,1,84
0.7,110,-36.338144637423,nan,nan,nan,9.3500425499215,0.10695138494406,nan,nan,13,2,2,63,8.2060674329072e-05,8.2060674329072e-05,-9.4080516534715,1,84
0.7,110,-36.338144637423,nan,nan,nan,9.3500425499215,0.10695138494406,nan,nan,13,2,2,64,7.4172218550616e-05,7.4172218550616e-05,-9.5091208909655,1,84
0.7,110,-36.338144637423,nan,nan,nan,9.3500425499215,0.10695138494406,nan,nan,13,2,2,65,6.7043874453389e-05,6.7043874453389e-05,-9.6101633103013,1,84
0.7,110,-36.338144637423,nan,nan,nan,9.3500425499215,0.10695138494406,nan,nan,13,2,2,66,6.0602010981268e-05,6.0602010981268e-05,-9.7111824809302,1,84
0.7,110,-36.338144637423,nan,nan,nan,9.3500425499215,0.10695138494406,nan,nan,13,2,2,67,5.4780183791345e-05,5.4780183791345e-05,-9.8121820390538,1,84
0.7,110,-36.338144637423,nan,nan,nan,9.3500425499215,0.10695138494406,nan,nan,13,2,2,68,4.9518356694527e-05,4.9518356694527e-05,-9.913167114821,1,84
0.7,110,-36.338144637423,nan,nan,nan,9.3500425499215,0.10695138494406,nan,nan,13,2,2,69,4.4762549617632e-05,4.4762549617632e-05,-10.014138714176,1,84
0.7,110,-36.338144637423,nan,nan,nan,9.3500425499215,0.10695138494406,nan,nan,13,2,2,70,4.0463382842767e-05,4.0463382842767e-05,-10.115113120161,1,84
0.7,110,-36.338144637423,nan,nan,nan,9.3500425499215,0.10695138494406,nan,nan,13,2,2,71,3.6577219104466e-05,3.6577219104466e-05,-10.216084940186,1,84
0.7,110,-36.338144637423,nan,nan,nan,9.3500425499215,0.10695138494406,nan,nan,13,2,2,72,3.3064594593724e-05,3.3064594593724e-05,-10.317047497801,1,84
0.7,110,-36.338144637423,nan,nan,nan,9.3500425499215,0.10695138494406,nan,nan,13,2,2,73,2.9889460036355e-05,2.9889460036355e-05,-10.418004646858,1,84
0.7,110,-36.338144637423,nan,nan,nan,9.3500425499215,0.10695138494406,nan,nan,13,2,2,74,2.7019208491034e-05,2.7019208491034e-05,-10.518962519309,1,84
0.7,110,-36.338144637423,nan,nan,nan,9.3500425499215,0.10695138494406,nan,nan,13,2,2,75,2.442384160096e-05,2.442384160096e-05,-10.619950787938,1,84
0.7,110,-36.338144637423,nan,nan,nan,9.3500425499215,0.10695138494406,nan,nan,13,2,2,76,2.2076692541872e-05,2.2076692541872e-05,-10.720988142075,1,84
0.7,110,-36.338144637423,nan,nan,nan,9.3500425499215,0.10695138494406,nan,nan,13,2,2,77,1.9953786305144e-05,1.9953786305144e-05,-10.822091642905,1,84
0.7,110,-36.338144637423,nan,nan,nan,9.3500425499215,0.10695138494406,nan,nan,13,2,2,78,1.8033482002457e-05,1.8033482002457e-05,-10.923280416685,1,84
0.7,110,-36.338144637423,nan,nan,nan,9.3500425499215,0.10695138494406,nan,nan,13,2,2,79,1.6296158621875e-05,1.6296158621875e-05,-11.024581145295,1,84
0.7,110,-36.338144637423,nan,nan,nan,9.3500425499215,0.10695138494406,nan,nan,13,2,2,80,1.4724069849991e-05,1.4724069849991e-05,-11.126026998504,1,84
0.7,110,-36.338144637423,nan,nan,nan,9.3500425499215,0.10695138494406,nan,nan,13,2,2,81,1.3301127475722e-05,1.3301127475722e-05,-11.227661753719,1,84
0.7,110,-36.338144637423,nan,nan,nan,9.3500425499215,0.10695138494406,nan,nan,13,2,2,82,1.2012815068412e-05,1.2012815068412e-05,-11.329536555632,1,84
0.7,110,-36.338144637423,nan,nan,nan,9.3500425499215,0.10695138494406,nan,nan,13,2,2,83,1.0845986183904e-05,1.0845986183904e-05,-11.431715483389,1,84
0.7,110,-36.338144637423,nan,nan,nan,9.3500425499215,0.10695138494406,nan,nan,13,2,2,84,9.788729293199e-06,9.788729293199e-06,-11.534278906251,1,84
0.75,110,-28.173727212133,nan,nan,nan,4.8896862603205,0.2045120988876,nan,nan,13,2,2,1,0.09433695324356,0.09433695324356,-2.3608822971366,1,84
0.75,110,-28.173727212133,nan,nan,nan,4.8896862603205,0.2045120988876,nan,nan,13,2,2,2,0.071656287265077,0.071656287265077,-2.6358743788707,1,84
0.75,110,-28.173727212133,nan,nan,nan,4.8896862603205,0.2045120988876,nan,nan,13,2,2,3,0.053836683801159,0.053836683801159,-2.9218001891318,1,84
0.75,110,-28.173727212133,nan,nan,nan,4.8896862603205,0.2045120988876,nan,nan,13,2,2,4,0.040775765066519,0.040775765066519,-3.1996673675237,1,84
0.75,110,-28.173727212133,nan,nan,nan,4.8896862603205,0.2045120988876,nan,nan,13,2,2,5,0.031235157836763,0.031235157836763,-3.4662109648474,1,84
0.75,110,-28.173727212133,nan,nan,nan,4.8896862603205,0.2045120988876,nan,nan,13,2,2,6,0.024175824298048,0.024175824298048,-3.722402141097,1,84
0.75,110,-28.173727212133,nan,nan,nan,4.8896862603205,0.2045120988876,nan,nan,13,2,2,7,0.018873369850888,0.018873369850888,-3.9700033530926,1,84
0.75,110,-28.173727212133,nan,nan,nan,4.8896862603205,0.2045120988876,nan,nan,13,2,2,8,0.014837130112288,0.014837130112288,-4.2106224486047,1,84
0.75,110,-28.173727212133,nan,nan,nan,4.8896862603205,0.2045120988876,nan,nan,13,2,2,9,0.011730641701848,0.011730641701848,-4.4455509117732,1,84
0.75,110,-28.173727212133,nan,nan,nan,4.8896862603205,0.2045120988876,nan,nan,13,2,2,10,0.0093181606148957,0.0093181606148957,-4.6757900286792,1,84
0.75,110,-28.173727212133,nan,nan,nan,4.8896862603205,0.2045120988876,nan,nan,13,2,2,11,0.0074308819129091,0.0074308819129091,-4.902110731077,1,84
0.75,110,-28.173727212133,nan,nan,nan,4.8896862603205,0.2045120988876,nan,nan,13,2,2,12,0.0059455541439301,0.0059455541439301,-5.1251115414205,1,84
0.75,110,-28.173727212133,nan,nan,nan,4.8896862603205,0.2045120988876,nan,nan,13,2,2,13,0.0047706832130668,0.0047706832130668,-5.3452657530876,1,84
0.75,110,-28.173727212133,nan,nan,nan,4.8896862603205,0.2045120988876,nan,nan,13,2,2,14,0.0038374141317278,0.0038374141317278,-5.5629565424162,1,84
0.75,110,-28.173727212133,nan,nan,nan,4.8896862603205,0.2045120988876,nan,nan,13,2,2,15,0.0030933468737221,0.0030933468737221,-5.7785016435809,1,84
0.75,110,-28.173727212133,nan,nan,nan,4.8896862603205,0.2045120988876,nan,nan,13,2,2,16,0.0024982367304347,0.0024982367304347,-5.9921701037807,1,84
0.75,110,-28.173727212133,nan,nan,nan,4.8896862603205,0.2045120988876,nan,nan,13,2,2,17,0.0020209380475752,0.0020209380475752,-6.2041934953723,1,84
0.75,110,-28.173727212133,nan,nan,nan,4.8896862603205,0.2045120988876,nan,nan,13,2,2,18,0.001637190775579,0.001637190775579,-6.4147734476283,1,84
0.75,110,-28.173727212133,nan,nan,nan,4.8896862603205,0.2045120988876,nan,nan,13,2,2,19,0.0013279925759021,0.0013279925759021,-6.6240868183787,1,84
0.75,110,-28.173727212133,nan,nan,nan,4.8896862603205,0.2045120988876,nan,nan,13,2,2,20,0.0010783864484473,0.0010783864484473,-6.832289384236,1,84
0.75,110,-28.173727212133,nan,nan,nan,4.8896862603205,0.2045120988876,nan,nan,13,2,2,21,0.00087654842305338,0.00087654842305338,-7.0395186092038,1,84
0.75,110,-28.173727212133,nan,nan,nan,4.8896862603205,0.2045120988876,nan,nan,13,2,2,22,0.00071309505008609,0.00071309505008609,-7.2458958363563,1,84
0.75,110,-28.173727212133,nan,nan,nan,4.8896862603205,0.2045120988876,nan,nan,13,2,2,23,0.00058055378466088,0.00058055378466088,-7.451528108817,1,84
0.75,110,-28.173727212133,nan,nan,nan,4.8896862603205,0.2045120988876,nan,nan,13,2,2,24,0.00047295527007069,0.00047295527007069,-7.6565097403908,1,84
0.75,110,-28.173727212133,nan,nan,nan,4.8896862603205,0.2045120988876,nan,nan,13,2,2,25,0.00038551760251026,0.00038551760251026,-7.8609237044981,1,84
0.75,110,-28.173727212133,nan,nan,nan,4.8896862603205,0.2045120988876,nan,nan,13,2,2,26,0.0003144005084353,0.0003144005084353,-8.0648428802499,1,84
0.75,110,-28.173727212133,nan,nan,nan,4.8896862603205,0.2045120988876,nan,nan,13,2,2,27,0.00025651300887799,0.00025651300887799,-8.2683311777662,1,84
0.75,110,-28.173727212133,nan,nan,nan,4.8896862603205,0.2045120988876,nan,nan,13,2,2,28,0.00020936224930265,0.00020936224930265,-8.4714445560924,1,84
0.75,110,-28.173727212133,nan,nan,nan,4.8896862603205,0.2045120988876,nan,nan,13,2,2,29,0.0001709341877147,0.0001709341877147,-8.6742319427075,1,84
0.75,110,-28.173727212133,nan,nan,nan,4.8896862603205,0.2045120988876,nan,nan,13,2,2,30,0.00013959906552097,0.00013959906552097,-8.8767360616342,1,84
0.75,110,-28.173727212133,nan,nan,nan,4.8896862603205,0.2045120988876,nan,nan,13,2,2,31,0.00011403625013062,0.00011403625013062,-9.0789941765139,1,84
0.75,110,-28.173727212133,nan,nan,nan,4.8896862603205,0.2045120988876,nan,nan,13,2,2,32,9.317428794003e-05,9.317428794003e-05,-9.2810387548065,1,84
0.75,110,-28.173727212133,nan,nan,nan,4.8896862603205,0.2045120988876,nan,nan,13,2,2,33,7.6142950317334e-05,7.6142950317334e-05,-9.4828980591747,1,84
0.75,110,-28.173727212133,nan,nan,nan,4.8896862603205,0.2045120988876,nan,nan,13,2,2,34,6.2234772422409e-05,6.2234772422409e-05,-9.6845966722641,1,84
0.75,110,-28.173727212133,nan,nan,nan,4.8896862603205,0.2045120988876,nan,nan,13,2,2,35,5.0874132761244e-05,5.0874132761244e-05,-9.8861559608088,1,84
0.75,110,-28.173727212133,nan,nan,nan,4.8896862603205,0.2045120988876,nan,nan,13,2,2,36,4.1592342384492e-05,4.1592342384492e-05,-10.087594484937,1,84
0.75,110,-28.173727212133,nan,nan,nan,4.8896862603205,0.2045120988876,nan,nan,13,2,2,37,3.4007537790009e-05,3.4007537790009e-05,-10.288928358214,1,84
0.75,110,-28.173727212133,nan,nan,nan,4.8896862603205,0.2045120988876,nan,nan,13,2,2,38,2.7808423942843e-05,2.7808423942843e-05,-10.490171563642,1,84
0.75,110,-28.173727212133,nan,nan,nan,4.8896862603205,0.2045120988876,nan,nan,13,2,2,39,2.2741110629509e-05,2.2741110629509e-05,-10.691336230487,1,84
0.75,110,-28.173727212133,nan,nan,nan,4.8896862603205,0.2045120988876,nan,nan,13,2,2,40,1.8598439541844e-05,1.8598439541844e-05,-10.892432876364,1,84
0.75,110,-28.173727212133,nan,nan,nan,4.8896862603205,0.2045120988876,nan,nan,13,2,2,41,1.5211320788562e-05,1.5211320788562e-05,-11.093470618608,1,84
0.75,110,-28.173727212133,nan,nan,nan,4.8896862603205,0.2045120988876,nan,nan,13,2,2,42,1.2441693348584e-05,1.2441693348584e-05,-11.294457358648,1,84
0.75,110,-28.173727212133,nan,nan,nan,4.8896862603205,0.2045120988876,nan,nan,13,2,2,43,1.0176799953963e-05,1.0176799953963e-05,-11.495399942628,1,84
0.75,110,-28.173727212133,nan,nan,nan,4.8896862603205,0.2045120988876,nan,nan,13,2,2,44,8.3245273278821e-06,8.3245273278821e-06,-11.696304301141,1,84
0.75,110,-28.173727212133,nan,nan,nan,4.8896862603205,0.2045120988876,nan,nan,13,2,2,45,6.8096109350127e-06,6.8096109350127e-06,-11.897175570857,1,84
0.75,110,-28.173727212133,nan,nan,nan,4.8896862603205,0.2045120988876,nan,nan,13,2,2,46,5.5705420091598e-06,5.5705420091598e-06,-12.098018200113,1,84
0.75,110,-28.173727212133,nan,nan,nan,4.8896862603205,0.2045120988876,nan,nan,13,2,2,47,4.5570455930749e-06,4.5570455930749e-06,-12.298836040669,1,84
0.75,110,-28.173727212133,nan,nan,nan,4.8896862603205,0.2045120988876,nan,nan,13,2,2,48,3.7280232395736e-06,3.7280232395736e-06,-12.499632427369,1,84
0.75,110,-28.173727212133,nan,nan,nan,4.8896862603205,0.2045120988876,nan,nan,13,2,2,49,3.0498740989263e-06,3.0498740989263e-06,-12.700410247238,1,84
0.75,110,-28.173727212133,nan,nan,nan,4.8896862603205,0.2045120988876,nan,nan,13,2,2,50,2.4951243273545e-06,2.4951243273545e-06,-12.901171999399,1,84
0.75,110,-28.173727212133,nan,nan,nan,4.8896862603205,0.2045120988876,nan,nan,13,2,2,51,2.0413078612704e-06,2.0413078612704e-06,-13.101919847064,1,84
0.75,110,-28.173727212133,nan,nan,nan,4.8896862603205,0.2045120988876,nan,nan,13,2,2,52,1.6700522200135e-06,1.6700522200135e-06,-13.302655662555,1,84
0.75,110,-28.173727212133,nan,nan,nan,4.8896862603205,0.2045120988876,nan,nan,13,2,2,53,1.3663316100717e-06,1.3663316100717e-06,-13.503381066342,1,84
0.75,110,-28.173727212133,nan,nan,nan,4.8896862603205,0.2045120988876,nan,nan,13,2,2,54,1.1178565947765e-06,1.1178565947765e-06,-13.704097460889,1,84
0.75,110,-28.173727212133,nan,nan,nan,4.8896862603205,0.2045120988876,nan,nan,13,2,2,55,9.1457527484927e-07,9.1457527484927e-07,-13.904806059929,1,84
0.75,110,-28.173727212133,nan,nan,nan,4.8896862603205,0.2045120988876,nan,nan,13,2,2,56,7.4826554608307e-07,7.4826554608307e-07,-14.10550791384,1,84
0.75,110,-28.173727212133,nan,nan,nan,4.8896862603205,0.2045120988876,nan,nan,13,2,2,57,6.1220176238586e-07,6.1220176238586e-07,-14.306203931665,1,84
0.75,110,-28.173727212133,nan,nan,nan,4.8896862603205,0.2045120988876,nan,nan,13,2,2,58,5.0088219654977e-07,5.0088219654977e-07,-14.506894900138,1,84
0.75,110,-28.173727212133,nan,nan,nan,4.8896862603205,0.2045120988876,nan,nan,13,2,2,59,4.0980618840912e-07,4.0980618840912e-07,-14.707581500208,1,84
0.75,110,-28.173727212133,nan,nan,nan,4.8896862603205,0.2045120988876,nan,nan,13,2,2,60,3.3529190666066e-07,3.3529190666066e-07,-14.908264321372,1,84
0.75,110,-28.173727212133,nan,nan,nan,4.8896862603205,0.2045120988876,nan,nan,13,2,2,61,2.743273120069e-07,2.743273120069e-07,-15.10894387412,1,84
0.75,110,-28.173727212133,nan,nan,nan,4.8896862603205,0.2045120988876,nan,nan,13,2,2,62,2.2444826521969e-07,2.2444826521969e-07,-15.309620600776,1,84
0.75,110,-28.173727212133,nan,nan,nan,4.8896862603205,0.2045120988876,nan,nan,13,2,2,63,1.8363883068597e-07,1.8363883068597e-07,-15.510294885011,1,84
0.75,110,-28.173727212133,nan,nan,nan,4.8896862603205,0.2045120988876,nan,nan,13,2,2,64,1.5024973005372e-07,1.5024973005372e-07,-15.71096706018,1,84
0.75,110,-28.173727212133,nan,nan,nan,4.8896862603205,0.2045120988876,nan,nan,13,2,2,65,1.2293163896275e-07,1.2293163896275e-07,-15.911637416868,1,84
0.75,110,-28.173727212133,nan,nan,nan,4.8896862603205,0.2045120988876,nan,nan,13,2,2,66,1.0058062324364e-07,1.0058062324364e-07,-16.112306209725,1,84
0.75,110,-28.173727212133,nan,nan,nan,4.8896862603205,0.2045120988876,nan,nan,13,2,2,67,8.229350393037e-08,8.229350393037e-08,-16.312973663966,1,84
0.75,110,-28.173727212133,nan,nan,nan,4.8896862603205,0.2045120988876,nan,nan,13,2,2,68,6.7331343419133e-08,6.7331343419133e-08,-16.513639981831,1,84
0.75,110,-28.173727212133,nan,nan,nan,4.8896862603205,0.2045120988876,nan,nan,13,2,2,69,5.5089574483589e-08,5.5089574483589e-08,-16.714305349514,1,84
0.75,110,-28.173727212133,nan,nan,nan,4.8896862603205,0.2045120988876,nan,nan,13,2,2,70,4.5073563156424e-08,4.5073563156424e-08,-16.914969945094,1,84
0.75,110,-28.173727212133,nan,nan,nan,4.8896862603205,0.2045120988876,nan,nan,13,2,2,71,3.6878616651524e-08,3.6878616651524e-08,-17.11563394841,1,84
0.75,110,-28.173727212133,nan,nan,nan,4.8896862603205,0.2045120988876,nan,nan,13,2,2,72,3.0173627544033e-08,3.0173627544033e-08,-17.316297554211,1,84
0.75,110,-28.173727212133,nan,nan,nan,4.8896862603205,0.2045120988876,nan,nan,13,2,2,73,2.4687692657275e-08,2.4687692657275e-08,-17.516960990477,1,84
0.75,110,-28.173727212133,nan,nan,nan,4.8896862603205,0.2045120988876,nan,nan,13,2,2,74,2.0199165504862e-08,2.0199165504862e-08,-17.717624545033,1,84
0.75,110,-28.173727212133,nan,nan,nan,4.8896862603205,0.2045120988876,nan,nan,13,2,2,75,1.6526699622166e-08,1.6526699622166e-08,-17.918288604929,1,84
0.75,110,-28.173727212133,nan,nan,nan,4.8896862603205,0.2045120988876,nan,nan,13,2,2,76,1.3521920660534e-08,1.3521920660534e-08,-18.118953715731,1,84
0.75,110,-28.173727212133,nan,nan,nan,4.8896862603205,0.2045120988876,nan,nan,13,2,2,77,1.1063431004142e-08,1.1063431004142e-08,-18.319620671587,1,84
0.75,110,-28.173727212133,nan,nan,nan,4.8896862603205,0.2045120988876,nan,nan,13,2,2,78,9.0519045566335e-09,9.0519045566335e-09,-18.520290653129,1,84
0.75,110,-28.173727212133,nan,nan,nan,4.8896862603205,0.2045120988876,nan,nan,13,2,2,79,7.4060734291672e-09,7.4060734291672e-09,-18.720965439683,1,84
0.75,110,-28.173727212133,nan,nan,nan,4.8896862603205,0.2045120988876,nan,nan,13,2,2,80,6.0594443192927e-09,6.0594443192927e-09,-18.921647737556,1,84
0.75,110,-28.173727212133,nan,nan,nan,4.8896862603205,0.2045120988876,nan,nan,13,2,2,81,4.9576118673679e-09,4.9576118673679e-09,-19.122341690511,1,84
0.75,110,-28.173727212133,nan,nan,nan,4.8896862603205,0.2045120988876,nan,nan,13,2,2,82,4.0560604053583e-09,4.0560604053583e-09,-19.323053677929,1,84
0.75,110,-28.173727212133,nan,nan,nan,4.8896862603205,0.2045120988876,nan,nan,13,2,2,83,3.3183652467473e-09,3.3183652467473e-09,-19.523793570843,1,84
0.75,110,-28.173727212133,nan,nan,nan,4.8896862603205,0.2045120988876,nan,nan,13,2,2,84,2.7147208038964e-09,2.7147208038964e-09,-19.724576723509,1,84
0.8,110,-21.796224422134,nan,nan,nan,3.0207713528831,0.33104127495302,nan,nan,13,2,2,1,0.086962334488129,0.086962334488129,-2.4422801909899,1,84
0.8,110,-21.796224422134,nan,nan,nan,3.0207713528831,0.33104127495302,nan,nan,13,2,2,2,0.057941600884394,0.057941600884394,-2.8483196569848,1,84
0.8,110,-21.796224422134,nan,nan,nan,3.0207713528831,0.33104127495302,nan,nan,13,2,2,3,0.03820817174985,0.03820817174985,-3.2647058660941,1,84
0.8,110,-21.796224422134,nan,nan,nan,3.0207713528831,0.33104127495302,nan,nan,13,2,2,4,0.025486988335132,0.025486988335132,-3.6695872184127,1,84
0.8,110,-21.796224422134,nan,nan,nan,3.0207713528831,0.33104127495302,nan,nan,13,2,2,5,0.017240484756322,0.017240484756322,-4.0604948960258,1,84
0.8,110,-21.796224422134,nan,nan,nan,3.0207713528831,0.33104127495302,nan,nan,13,2,2,6,0.011802954338762,0.011802954338762,-4.4394054111556,1,84
0.8,110,-21.796224422134,nan,nan,nan,3.0207713528831,0.33104127495302,nan,nan,13,2,2,7,0.0081586599025136,0.0081586599025136,-4.8086753511261,1,84
0.8,110,-21.796224422134,nan,nan,nan,3.0207713528831,0.33104127495302,nan,nan,13,2,2,8,0.0056831636267272,0.0056831636267272,-5.1702472247665,1,84
0.8,110,-21.796224422134,nan,nan,nan,3.0207713528831,0.33104127495302,nan,nan,13,2,2,9,0.0039833459103197,0.0039833459103197,-5.5256331318753,1,84
0.8,110,-21.796224422134,nan,nan,nan,3.0207713528831,0.33104127495302,nan,nan,13,2,2,10,0.0028059535498941,0.0028059535498941,-5.8760118512899,1,84
0.8,110,-21.796224422134,nan,nan,nan,3.0207713528831,0.33104127495302,nan,nan,13,2,2,11,0.0019846427142287,0.0019846427142287,-6.2223163738755,1,84
0.8,110,-21.796224422134,nan,nan,nan,3.0207713528831,0.33104127495302,nan,nan,13,2,2,12,0.0014084054797549,0.0014084054797549,-6.5652970799249,1,84
0.8,110,-21.796224422134,nan,nan,nan,3.0207713528831,0.33104127495302,nan,nan,13,2,2,13,0.0010021929667604,0.0010021929667604,-6.9055647132637,1,84
0.8,110,-21.796224422134,nan,nan,nan,3.0207713528831,0.33104127495302,nan,nan,13,2,2,14,0.00071471999009488,0.00071471999009488,-7.2436197142192,1,84
0.8,110,-21.796224422134,nan,nan,nan,3.0207713528831,0.33104127495302,nan,nan,13,2,2,15,0.00051062599837654,0.00051062599837654,-7.579873137147,1,84
0.8,110,-21.796224422134,nan,nan,nan,3.0207713528831,0.33104127495302,nan,nan,13,2,2,16,0.00036534717799681,0.00036534717799681,-7.9146624838658,1,84
0.8,110,-21.796224422134,nan,nan,nan,3.0207713528831,0.33104127495302,nan,nan,13,2,2,17,0.00026171240978677,0.00026171240978677,-8.2482643296565,1,84
0.8,110,-21.796224422134,nan,nan,nan,3.0207713528831,0.33104127495302,nan,nan,13,2,2,18,0.0001876551225586,0.0001876551225586,-8.5809047342821,1,84
0.8,110,-21.796224422134,nan,nan,nan,3.0207713528831,0.33104127495302,nan,nan,13,2,2,19,0.00013465858745808,0.00013465858745808,-8.9127679645941,1,84
0.8,110,-21.796224422134,nan,nan,nan,3.0207713528831,0.33104127495302,nan,nan,13,2,2,20,9.6689684804896e-05,9.6689684804896e-05,-9.2440038333263,1,84
0.8,110,-21.796224422134,nan,nan,nan,3.0207713528831,0.33104127495302,nan,nan,13,2,2,21,6.9461781699686e-05,6.9461781699686e-05,-9.5747338602476,1,84
0.8,110,-21.796224422134,nan,nan,nan,3.0207713528831,0.33104127495302,nan,nan,13,2,2,22,4.9921618174176e-05,4.9921618174176e-05,-9.9050564190804,1,84
0.8,110,-21.796224422134,nan,nan,nan,3.0207713528831,0.33104127495302,nan,nan,13,2,2,23,3.5890030168645e-05,3.5890030168645e-05,-10.235051012219,1,84
0.8,110,-21.796224422134,nan,nan,nan,3.0207713528831,0.33104127495302,nan,nan,13,2,2,24,2.5809141657911e-05,2.5809141657911e-05,-10.56478180097,1,84
0.8,110,-21.796224422134,nan,nan,nan,3.0207713528831,0.33104127495302,nan,nan,13,2,2,25,1.8563736957092e-05,1.8563736957092e-05,-10.894300506202,1,84
0.8,110,-21.796224422134,nan,nan,nan,3.0207713528831,0.33104127495302,nan,nan,13,2,2,26,1.3354611777994e-05,1.3354611777994e-05,-11.223648781238,1,84
0.8,110,-21.796224422134,nan,nan,nan,3.0207713528831,0.33104127495302,nan,nan,13,2,2,27,9.608521991168e-06,9.608521991168e-06,-11.552860145856,1,84
0.8,110,-21.796224422134,nan,nan,nan,3.0207713528831,0.33104127495302,nan,nan,13,2,2,28,6.9140045538513e-06,6.9140045538513e-06,-11.881961557823,1,84
0.8,110,-21.796224422134,nan,nan,nan,3.0207713528831,0.33104127495302,nan,nan,13,2,2,29,4.9755497714303e-06,4.9755497714303e-06,-12.210974686639,1,84
0.8,110,-21.796224422134,nan,nan,nan,3.0207713528831,0.33104127495302,nan,nan,13,2,2,30,3.5808264080969e-06,3.5808264080969e-06,-12.539916943941,1,84
0.8,110,-21.796224422134,nan,nan,nan,3.0207713528831,0.33104127495302,nan,nan,13,2,2,31,2.5772121234454e-06,2.5772121234454e-06,-12.868802315578,1,84
0.8,110,-21.796224422134,nan,nan,nan,3.0207713528831,0.33104127495302,nan,nan,13,2,2,32,1.8549700033756e-06,1.8549700033756e-06,-13.197642032723,1,84
0.8,110,-21.796224422134,nan,nan,nan,3.0207713528831,0.33104127495302,nan,nan,13,2,2,33,1.3351791070342e-06,1.3351791070342e-06,-13.526445112539,1,84
0.8,110,-21.796224422134,nan,nan,nan,3.0207713528831,0.33104127495302,nan,nan,13,2,2,34,9.6106980433374e-07,9.6106980433374e-07,-13.85521879343,1,84
0.8,110,-21.796224422134,nan,nan,nan,3.0207713528831,0.33104127495302,nan,nan,13,2,2,35,6.9180003826065e-07,6.9180003826065e-07,-14.183968885137,1,84
0.8,110,-21.796224422134,nan,nan,nan,3.0207713528831,0.33104127495302,nan,nan,13,2,2,36,4.9798292374387e-07,4.9798292374387e-07,-14.512700050181,1,84
0.8,110,-21.796224422134,nan,nan,nan,3.0207713528831,0.33104127495302,nan,nan,13,2,2,37,3.584717322403e-07,3.584717322403e-07,-14.841416030112,1,84
0.8,110,-21.796224422134,nan,nan,nan,3.0207713528831,0.33104127495302,nan,nan,13,2,2,38,2.5804810208565e-07,2.5804810208565e-07,-15.170119827211,1,84
0.8,110,-21.796224422134,nan,nan,nan,3.0207713528831,0.33104127495302,nan,nan,13,2,2,39,1.8575934400662e-07,1.8575934400662e-07,-15.498813850406,1,84
0.8,110,-21.796224422134,nan,nan,nan,3.0207713528831,0.33104127495302,nan,nan,13,2,2,40,1.3372237260436e-07,1.3372237260436e-07,-15.827500032474,1,84
0.8,110,-21.796224422134,nan,nan,nan,3.0207713528831,0.33104127495302,nan,nan,13,2,2,41,9.6263181348931e-08,9.6263181348931e-08,-16.156179924075,1,84
0.8,110,-21.796224422134,nan,nan,nan,3.0207713528831,0.33104127495302,nan,nan,13,2,2,42,6.929765502975e-08,6.929765502975e-08,-16.484854769278,1,84
0.8,110,-21.796224422134,nan,nan,nan,3.0207713528831,0.33104127495302,nan,nan,13,2,2,43,4.9885993440942e-08,4.9885993440942e-08,-16.813525566157,1,84
0.8,110,-21.796224422134,nan,nan,nan,3.0207713528831,0.33104127495302,nan,nan,13,2,2,44,3.5912043814313e-08,3.5912043814313e-08,-17.142193115421,1,84
0.8,110,-21.796224422134,nan,nan,nan,3.0207713528831,0.33104127495302,nan,nan,13,2,2,45,2.5852512136566e-08,2.5852512136566e-08,-17.470858059415,1,84
0.8,110,-21.796224422134,nan,nan,nan,3.0207713528831,0.33104127495302,nan,nan,13,2,2,46,1.8610853341032e-08,1.8610853341032e-08,-17.799520913446,1,84
0.8,110,-21.796224422134,nan,nan,nan,3.0207713528831,0.33104127495302,nan,nan,13,2,2,47,1.3397709319486e-08,1.3397709319486e-08,-18.12818209091,1,84
0.8,110,-21.796224422134,nan,nan,nan,3.0207713528831,0.33104127495302,nan,nan,13,2,2,48,9.6448482578976e-09,9.6448482578976e-09,-18.456841923434,1,84
0.8,110,-21.796224422134,nan,nan,nan,3.0207713528831,0.33104127495302,nan,nan,13,2,2,49,6.9432166396772e-09,6.9432166396772e-09,-18.785500677058,1,84
0.8,110,-21.796224422134,nan,nan,nan,3.0207713528831,0.33104127495302,nan,nan,13,2,2,50,4.9983470698764e-09,4.9983470698764e-09,-19.114158565193,1,84
0.8,110,-21.796224422134,nan,nan,nan,3.0207713528831,0.33104127495302,nan,nan,13,2,2,51,3.5982588579965e-09,3.5982588579965e-09,-19.442815759038,1,84
0.8,110,-21.796224422134,nan,nan,nan,3.0207713528831,0.33104127495302,nan,nan,13,2,2,52,2.5903511379535e-09,2.5903511379535e-09,-19.771472395925,1,84
0.8,110,-21.796224422134,nan,nan,nan,3.0207713528831,0.33104127495302,nan,nan,13,2,2,53,1.8647691232495e-09,1.8647691232495e-09,-20.100128586018,1,84
0.8,110,-21.796224422134,nan,nan,nan,3.0207713528831,0.33104127495302,nan,nan,13,2,2,54,1.3424300197909e-09,1.3424300197909e-09,-20.428784417689,1,84
0.8,110,-21.796224422134,nan,nan,nan,3.0207713528831,0.33104127495302,nan,nan,13,2,2,55,9.6640321512729e-10,9.6640321512729e-10,-20.757439961842,1,84
0.8,110,-21.796224422134,nan,nan,nan,3.0207713528831,0.33104127495302,nan,nan,13,2,2,56,6.9570508394744e-10,6.9570508394744e-10,-21.086095275354,1,84
0.8,110,-21.796224422134,nan,nan,nan,3.0207713528831,0.33104127495302,nan,nan,13,2,2,57,5.0083199828953e-10,5.0083199828953e-10,-21.414750403836,1,84
0.8,110,-21.796224422134,nan,nan,nan,3.0207713528831,0.33104127495302,nan,nan,13,2,2,58,3.6054462376214e-10,3.6054462376214e-10,-21.74340538389,1,84
0.8,110,-21.796224422134,nan,nan,nan,3.0207713528831,0.33104127495302,nan,nan,13,2,2,59,2.5955298711807e-10,2.5955298711807e-10,-22.072060244887,1,84
0.8,110,-21.796224422134,nan,nan,nan,3.0207713528831,0.33104127495302,nan,nan,13,2,2,60,1.8684999058498e-10,1.8684999058498e-10,-22.400715010385,1,84
0.8,110,-21.796224422134,nan,nan,nan,3.0207713528831,0.33104127495302,nan,nan,13,2,2,61,1.3451173127934e-10,1.3451173127934e-10,-22.729369699282,1,84
0.8,110,-21.796224422134,nan,nan,nan,3.0207713528831,0.33104127495302,nan,nan,13,2,2,62,9.6833866070204e-11,9.6833866070204e-11,-23.058024326734,1,84
0.8,110,-21.796224422134,nan,nan,nan,3.0207713528831,0.33104127495302,nan,nan,13,2,2,63,6.9709890662786e-11,6.9709890662786e-11,-23.38667890489,1,84
0.8,110,-21.796224422134,nan,nan,nan,3.0207713528831,0.33104127495302,nan,nan,13,2,2,64,5.0183569504667e-11,5.0183569504667e-11,-23.715333443509,1,84
0.8,110,-21.796224422134,nan,nan,nan,3.0207713528831,0.33104127495302,nan,nan,13,2,2,65,3.6126734730726e-11,3.6126734730726e-11,-24.043987950421,1,84
0.8,110,-21.796224422134,nan,nan,nan,3.0207713528831,0.33104127495302,nan,nan,13,2,2,66,2.6007336831042e-11,2.6007336831042e-11,-24.372642431905,1,84
0.8,110,-21.796224422134,nan,nan,nan,3.0207713528831,0.33104127495302,nan,nan,13,2,2,67,1.8722466557748e-11,1.8722466557748e-11,-24.701296892995,1,84
0.8,110,-21.796224422134,nan,nan,nan,3.0207713528831,0.33104127495302,nan,nan,13,2,2,68,1.347814895503e-11,1.347814895503e-11,-25.029951337749,1,84
0.8,110,-21.796224422134,nan,nan,nan,3.0207713528831,0.33104127495302,nan,nan,13,2,2,69,9.7028081779235e-12,9.7028081779235e-12,-25.358605769438,1,84
0.8,110,-21.796224422134,nan,nan,nan,3.0207713528831,0.33104127495302,nan,nan,13,2,2,70,6.9849715884082e-12,6.9849715884082e-12,-25.687260190743,1,84
0.8,110,-21.796224422134,nan,nan,nan,3.0207713528831,0.33104127495302,nan,nan,13,2,2,71,5.0284234825666e-12,5.0284234825666e-12,-26.015914603893,1,84
0.8,110,-21.796224422134,nan,nan,nan,3.0207713528831,0.33104127495302,nan,nan,13,2,2,72,3.6199206477122e-12,3.6199206477122e-12,-26.344569010853,1,84
0.8,110,-21.796224422134,nan,nan,nan,3.0207713528831,0.33104127495302,nan,nan,13,2,2,73,2.6059510693761e-12,2.6059510693761e-12,-26.673223413543,1,84
0.8,110,-21.796224422134,nan,nan,nan,3.0207713528831,0.33104127495302,nan,nan,13,2,2,74,1.8760027224365e-12,1.8760027224365e-12,-27.001877814153,1,84
0.8,110,-21.796224422134,nan,nan,nan,3.0207713528831,0.33104127495302,nan,nan,13,2,2,75,1.350518915114e-12,1.350518915114e-12,-27.330532215768,1,84
0.8,110,-21.796224422134,nan,nan,nan,3.0207713528831,0.33104127495302,nan,nan,13,2,2,76,9.7222744254378e-13,9.7222744254378e-13,-27.659186623436,1,84
0.8,110,-21.796224422134,nan,nan,nan,3.0207713528831,0.33104127495302,nan,nan,13,2,2,77,6.9989851684608e-13,6.9989851684608e-13,-27.987841046311,1,84
0.8,110,-21.796224422134,nan,nan,nan,3.0207713528831,0.33104127495302,nan,nan,13,2,2,78,5.0385115301709e-13,5.0385115301709e-13,-28.316495501773,1,84
0.8,110,-21.796224422134,nan,nan,nan,3.0207713528831,0.33104127495302,nan,nan,13,2,2,79,3.6271825335836e-13,3.6271825335836e-13,-28.645150023562,1,84
0.8,110,-21.796224422134,nan,nan,nan,3.0207713528831,0.33104127495302,nan,nan,13,2,2,80,2.6111781842562e-13,2.6111781842562e-13,-28.973804677851,1,84
0.8,110,-21.796224422134,nan,nan,nan,3.0207713528831,0.33104127495302,nan,nan,13,2,2,81,1.8797647083915e-13,1.8797647083915e-13,-29.302459595024,1,84
0.8,110,-21.796224422134,nan,nan,nan,3.0207713528831,0.33104127495302,nan,nan,13,2,2,82,1.3532257357346e-13,1.3532257357346e-13,-29.631115032753,1,84
0.8,110,-21.796224422134,nan,nan,nan,3.0207713528831,0.33104127495302,nan,nan,13,2,2,83,9.741740526396e-14,9.741740526396e-14,-29.959771501418,1,84
0.8,110,-21.796224422134,nan,nan,nan,3.0207713528831,0.33104127495302,nan,nan,13,2,2,84,7.0129699684898e-14,7.0129699684898e-14,-30.288430014634,1,84
0.85,110,-16.852735103594,nan,nan,nan,2.0993284323856,0.476342807811,nan,nan,13,2,2,1,0.079058864048884,0.079058864048884,-2.5375625894323,1,84
0.85,110,-16.852735103594,nan,nan,nan,2.0993284323856,0.476342807811,nan,nan,13,2,2,2,0.045395355762664,0.045395355762664,-3.092345475144,1,84
0.85,110,-16.852735103594,nan,nan,nan,2.0993284323856,0.476342807811,nan,nan,13,2,2,3,0.025875512734396,0.025875512734396,-3.6544582117709,1,84
0.85,110,-16.852735103594,nan,nan,nan,2.0993284323856,0.476342807811,nan,nan,13,2,2,4,0.014975777423946,0.014975777423946,-4.2013212215404,1,84
0.85,110,-16.852735103594,nan,nan,nan,2.0993284323856,0.476342807811,nan,nan,13,2,2,5,0.0088097355658038,0.0088097355658038,-4.7318978547168,1,84
0.85,110,-16.852735103594,nan,nan,nan,2.0993284323856,0.476342807811,nan,nan,13,2,2,6,0.005252075041693,0.005252075041693,-5.249132034431,1,84
0.85,110,-16.852735103594,nan,nan,nan,2.0993284323856,0.476342807811,nan,nan,13,2,2,7,0.0031639418848374,0.0031639418848374,-5.7559365968695,1,84
0.85,110,-16.852735103594,nan,nan,nan,2.0993284323856,0.476342807811,nan,nan,13,2,2,8,0.0019215715143599,0.0019215715143599,-6.2546119306661,1,84
0.85,110,-16.852735103594,nan,nan,nan,2.0993284323856,0.476342807811,nan,nan,13,2,2,9,0.0011744041603237,0.0011744041603237,-6.7469943576003,1,84
0.85,110,-16.852735103594,nan,nan,nan,2.0993284323856,0.476342807811,nan,nan,13,2,2,10,0.00072122080084381,0.00072122080084381,-7.2345652250602,1,84
0.85,110,-16.852735103594,nan,nan,nan,2.0993284323856,0.476342807811,nan,nan,13,2,2,11,0.00044452542391824,0.00044452542391824,-7.7185033079795,1,84
0.85,110,-16.852735103594,nan,nan,nan,2.0993284323856,0.476342807811,nan,nan,13,2,2,12,0.00027473151228691,0.00027473151228691,-8.1997162561642,1,84
0.85,110,-16.852735103594,nan,nan,nan,2.0993284323856,0.476342807811,nan,nan,13,2,2,13,0.00017014022792839,0.00017014022792839,-8.6788875907654,1,84
0.85,110,-16.852735103594,nan,nan,nan,2.0993284323856,0.476342807811,nan,nan,13,2,2,14,0.00010552632699808,0.00010552632699808,-9.1565500911739,1,84
0.85,110,-16.852735103594,nan,nan,nan,2.0993284323856,0.476342807811,nan,nan,13,2,2,15,6.5522093113526e-05,6.5522093113526e-05,-9.6331231727526,1,84
0.85,110,-16.852735103594,nan,nan,nan,2.0993284323856,0.476342807811,nan,nan,13,2,2,16,4.0716183411606e-05,4.0716183411606e-05,-10.108884917728,1,84
0.85,110,-16.852735103594,nan,nan,nan,2.0993284323856,0.476342807811,nan,nan,13,2,2,17,2.5316922956357e-05,2.5316922956357e-05,-10.584037494283,1,84
0.85,110,-16.852735103594,nan,nan,nan,2.0993284323856,0.476342807811,nan,nan,13,2,2,18,1.5749007837538e-05,1.5749007837538e-05,-11.058733189119,1,84
0.85,110,-16.852735103594,nan,nan,nan,2.0993284323856,0.476342807811,nan,nan,13,2,2,19,9.800456798598e-06,9.800456798598e-06,-11.533081561272,1,84
0.85,110,-16.852735103594,nan,nan,nan,2.0993284323856,0.476342807811,nan,nan,13,2,2,20,6.1003119702667e-06,6.1003119702667e-06,-12.007170645426,1,84
0.85,110,-16.852735103594,nan,nan,nan,2.0993284323856,0.476342807811,nan,nan,13,2,2,21,3.7978516908516e-06,3.7978516908516e-06,-12.481074995612,1,84
0.85,110,-16.852735103594,nan,nan,nan,2.0993284323856,0.476342807811,nan,nan,13,2,2,22,2.3647746870802e-06,2.3647746870802e-06,-12.954827810292,1,84
0.85,110,-16.852735103594,nan,nan,nan,2.0993284323856,0.476342807811,nan,nan,13,2,2,23,1.4726404239959e-06,1.4726404239959e-06,-13.428453561624,1,84
0.85,110,-16.852735103594,nan,nan,nan,2.0993284323856,0.476342807811,nan,nan,13,2,2,24,9.171650304953e-07,9.171650304953e-07,-13.901978413057,1,84
0.85,110,-16.852735103594,nan,nan,nan,2.0993284323856,0.476342807811,nan,nan,13,2,2,25,5.7124904549024e-07,5.7124904549024e-07,-14.375440565654,1,84
0.85,110,-16.852735103594,nan,nan,nan,2.0993284323856,0.476342807811,nan,nan,13,2,2,26,3.5579740413976e-07,3.5579740413976e-07,-14.848904357582,1,84
0.85,110,-16.852735103594,nan,nan,nan,2.0993284323856,0.476342807811,nan,nan,13,2,2,27,2.2159238394285e-07,2.2159238394285e-07,-15.322426251153,1,84
0.85,110,-16.852735103594,nan,nan,nan,2.0993284323856,0.476342807811,nan,nan,13,2,2,28,1.3800402224598e-07,1.3800402224598e-07,-15.795983005504,1,84
0.85,110,-16.852735103594,nan,nan,nan,2.0993284323856,0.476342807811,nan,nan,13,2,2,29,8.5946708462256e-08,8.5946708462256e-08,-16.269538401811,1,84
0.85,110,-16.852735103594,nan,nan,nan,2.0993284323856,0.476342807811,nan,nan,13,2,2,30,5.3527592979175e-08,5.3527592979175e-08,-16.743068559381,1,84
0.85,110,-16.852735103594,nan,nan,nan,2.0993284323856,0.476342807811,nan,nan,13,2,2,31,3.3336868271419e-08,3.3336868271419e-08,-17.216601897107,1,84
0.85,110,-16.852735103594,nan,nan,nan,2.0993284323856,0.476342807811,nan,nan,13,2,2,32,2.0762104610387e-08,2.0762104610387e-08,-17.690136405637,1,84
0.85,110,-16.852735103594,nan,nan,nan,2.0993284323856,0.476342807811,nan,nan,13,2,2,33,1.2930650404174e-08,1.2930650404174e-08,-18.163665343481,1,84
0.85,110,-16.852735103594,nan,nan,nan,2.0993284323856,0.476342807811,nan,nan,13,2,2,34,8.0533387338e-09,8.0533387338e-09,-18.63717908196,1,84
0.85,110,-16.852735103594,nan,nan,nan,2.0993284323856,0.476342807811,nan,nan,13,2,2,35,5.0157326935705e-09,5.0157326935705e-09,-19.110686325791,1,84
0.85,110,-16.852735103594,nan,nan,nan,2.0993284323856,0.476342807811,nan,nan,13,2,2,36,3.1238546818152e-09,3.1238546818152e-09,-19.584198122755,1,84
0.85,110,-16.852735103594,nan,nan,nan,2.0993284323856,0.476342807811,nan,nan,13,2,2,37,1.9455333091336e-09,1.9455333091336e-09,-20.057729702533,1,84
0.85,110,-16.852735103594,nan,nan,nan,2.0993284323856,0.476342807811,nan,nan,13,2,2,38,1.2116778104292e-09,1.2116778104292e-09,-20.531259817618,1,84
0.85,110,-16.852735103594,nan,nan,nan,2.0993284323856,0.476342807811,nan,nan,13,2,2,39,7.5464423641545e-10,7.5464423641545e-10,-21.00477468778,1,84
0.85,110,-16.852735103594,nan,nan,nan,2.0993284323856,0.476342807811,nan,nan,13,2,2,40,4.7000818654938e-10,4.7000818654938e-10,-21.478271003186,1,84
0.85,110,-16.852735103594,nan,nan,nan,2.0993284323856,0.476342807811,nan,nan,13,2,2,41,2.9273591835417e-10,2.9273591835417e-10,-21.951750215874,1,84
0.85,110,-16.852735103594,nan,nan,nan,2.0993284323856,0.476342807811,nan,nan,13,2,2,42,1.8232779249872e-10,1.8232779249872e-10,-22.425214991126,1,84
0.85,110,-16.852735103594,nan,nan,nan,2.0993284323856,0.476342807811,nan,nan,13,2,2,43,1.1356250936641e-10,1.1356250936641e-10,-22.898667687294,1,84
0.85,110,-16.852735103594,nan,nan,nan,2.0993284323856,0.476342807811,nan,nan,13,2,2,44,7.0732938404661e-11,7.0732938404661e-11,-23.372109761778,1,84
0.85,110,-16.852735103594,nan,nan,nan,2.0993284323856,0.476342807811,nan,nan,13,2,2,45,4.4056792743658e-11,4.4056792743658e-11,-23.84554157013,1,84
0.85,110,-16.852735103594,nan,nan,nan,2.0993284323856,0.476342807811,nan,nan,13,2,2,46,2.7441495221859e-11,2.7441495221859e-11,-24.318964823963,1,84
0.85,110,-16.852735103594,nan,nan,nan,2.0993284323856,0.476342807811,nan,nan,13,2,2,47,1.7092827941353e-11,1.7092827941353e-11,-24.792362159035,1,84
0.85,110,-16.852735103594,nan,nan,nan,2.0993284323856,0.476342807811,nan,nan,13,2,2,48,1.0646759313733e-11,1.0646759313733e-11,-25.265765559869,1,84
0.85,110,-16.852735103594,nan,nan,nan,2.0993284323856,0.476342807811,nan,nan,13,2,2,49,6.6315837538043e-12,6.6315837538043e-12,-25.739177463364,1,84
0.85,110,-16.852735103594,nan,nan,nan,2.0993284323856,0.476342807811,nan,nan,13,2,2,50,4.1306237809608e-12,4.1306237809608e-12,-26.212592683808,1,84
0.85,110,-16.852735103594,nan,nan,nan,2.0993284323856,0.476342807811,nan,nan,13,2,2,51,2.5728464299427e-12,2.5728464299427e-12,-26.686008269625,1,84
0.85,110,-16.852735103594,nan,nan,nan,2.0993284323856,0.476342807811,nan,nan,13,2,2,52,1.6025527735046e-12,1.6025527735046e-12,-27.159423274674,1,84
0.85,110,-16.852735103594,nan,nan,nan,2.0993284323856,0.476342807811,nan,nan,13,2,2,53,9.9818512115409e-13,9.9818512115409e-13,-27.632837643662,1,84
0.85,110,-16.852735103594,nan,nan,nan,2.0993284323856,0.476342807811,nan,nan,13,2,2,54,6.2174173087598e-13,6.2174173087598e-13,-28.106251612073,1,84
0.85,110,-16.852735103594,nan,nan,nan,2.0993284323856,0.476342807811,nan,nan,13,2,2,55,3.8726565676234e-13,3.8726565676234e-13,-28.579665485799,1,84
0.85,110,-16.852735103594,nan,nan,nan,2.0993284323856,0.476342807811,nan,nan,13,2,2,56,2.4121700358688e-13,2.4121700358688e-13,-29.053079436743,1,84
0.85,110,-16.852735103594,nan,nan,nan,2.0993284323856,0.476342807811,nan,nan,13,2,2,57,1.5024728053133e-13,1.5024728053133e-13,-29.526493921284,1,84
0.85,110,-16.852735103594,nan,nan,nan,2.0993284323856,0.476342807811,nan,nan,13,2,2,58,9.3584565419912e-14,9.3584565419912e-14,-29.999910924384,1,84
0.85,110,-16.852735103594,nan,nan,nan,2.0993284323856,0.476342807811,nan,nan,13,2,2,59,5.8291586055451e-14,5.8291586055451e-14,-30.473318633488,1,84
0.85,110,-16.852735103594,nan,nan,nan,2.0993284323856,0.476342807811,nan,nan,13,2,2,60,3.630863934727e-14,3.630863934727e-14,-30.94672068341,1,84
0.85,110,-16.852735103594,nan,nan,nan,2.0993284323856,0.476342807811,nan,nan,13,2,2,61,2.2615986468985e-14,2.2615986468985e-14,-31.420119372814,1,84
0.85,110,-16.852735103594,nan,nan,nan,2.0993284323856,0.476342807811,nan,nan,13,2,2,62,1.4086601891904e-14,1.4086601891904e-14,-31.893552269705,1,84
0.85,110,-16.852735103594,nan,nan,nan,2.0993284323856,0.476342807811,nan,nan,13,2,2,63,8.7735652868822e-15,8.7735652868822e-15,-32.367033138997,1,84
0.85,110,-16.852735103594,nan,nan,nan,2.0993284323856,0.476342807811,nan,nan,13,2,2,64,5.4642409956785e-15,5.4642409956785e-15,-32.840551167524,1,84
0.85,110,-16.852735103594,nan,nan,nan,2.0993284323856,0.476342807811,nan,nan,13,2,2,65,3.4032200655746e-15,3.4032200655746e-15,-33.314054333374,1,84
0.85,110,-16.852735103594,nan,nan,nan,2.0993284323856,0.476342807811,nan,nan,13,2,2,66,2.1196897565117e-15,2.1196897565117e-15,-33.787506658204,1,84
0.85,110,-16.852735103594,nan,nan,nan,2.0993284323856,0.476342807811,nan,nan,13,2,2,67,1.3203102538726e-15,1.3203102538726e-15,-34.260909645118,1,84
0.85,110,-16.852735103594,nan,nan,nan,2.0993284323856,0.476342807811,nan,nan,13,2,2,68,8.2240933156406e-16,8.2240933156406e-16,-34.73429343251,1,84
0.85,110,-16.852735103594,nan,nan,nan,2.0993284323856,0.476342807811,nan,nan,13,2,2,69,5.1226545077047e-16,5.1226545077047e-16,-35.20768872467,1,84
0.85,110,-16.852735103594,nan,nan,nan,2.0993284323856,0.476342807811,nan,nan,13,2,2,70,3.1906651779906e-16,3.1906651779906e-16,-35.681132073099,1,84
0.85,110,-16.852735103594,nan,nan,nan,2.0993284323856,0.476342807811,nan,nan,13,2,2,71,1.9873143083881e-16,1.9873143083881e-16,-36.154577354465,1,84
0.85,110,-16.852735103594,nan,nan,nan,2.0993284323856,0.476342807811,nan,nan,13,2,2,72,1.2378204906549e-16,1.2378204906549e-16,-36.628009323627,1,84
0.85,110,-16.852735103594,nan,nan,nan,2.0993284323856,0.476342807811,nan,nan,13,2,2,73,7.7100742720768e-17,7.7100742720768e-17,-37.101418760156,1,84
0.85,110,-16.852735103594,nan,nan,nan,2.0993284323856,0.476342807811,nan,nan,13,2,2,74,4.802458436822e-17,4.802458436822e-17,-37.574818619764,1,84
0.85,110,-16.852735103594,nan,nan,nan,2.0993284323856,0.476342807811,nan,nan,13,2,2,75,2.9913493458853e-17,2.9913493458853e-17,-38.048222009046,1,84
0.85,110,-16.852735103594,nan,nan,nan,2.0993284323856,0.476342807811,nan,nan,13,2,2,76,1.8632288165663e-17,1.8632288165663e-17,-38.521635675261,1,84
0.85,110,-16.852735103594,nan,nan,nan,2.0993284323856,0.476342807811,nan,nan,13,2,2,77,1.1605311994845e-17,1.1605311994845e-17,-38.995068750009,1,84
0.85,110,-16.852735103594,nan,nan,nan,2.0993284323856,0.476342807811,nan,nan,13,2,2,78,7.2281446229766e-18,7.2281446229766e-18,-39.46854929265,1,84
0.85,110,-16.852735103594,nan,nan,nan,2.0993284323856,0.476342807811,nan,nan,13,2,2,79,4.5017664598421e-18,4.5017664598421e-18,-39.942061807511,1,84
0.85,110,-16.852735103594,nan,nan,nan,2.0993284323856,0.476342807811,nan,nan,13,2,2,80,2.803715246014e-18,2.803715246014e-18,-40.415586262654,1,84
0.85,110,-16.852735103594,nan,nan,nan,2.0993284323856,0.476342807811,nan,nan,13,2,2,81,1.7461202180467e-18,1.7461202180467e-18,-40.88913536544,1,84
0.85,110,-16.852735103594,nan,nan,nan,2.0993284323856,0.476342807811,nan,nan,13,2,2,82,1.0874355982063e-18,1.0874355982063e-18,-41.362709411706,1,84
0.85,110,-16.852735103594,nan,nan,nan,2.0993284323856,0.476342807811,nan,nan,13,2,2,83,6.7723651191769e-19,6.7723651191769e-19,-41.836266388066,1,84
0.85,110,-16.852735103594,nan,nan,nan,2.0993284323856,0.476342807811,nan,nan,13,2,2,84,4.2179847618754e-19,4.2179847618754e-19,-42.309759297479,1,84
0.9,110,-13.040733392698,nan,nan,nan,1.5970820485241,0.62614190731411,nan,nan,13,2,2,1,0.071074012432685,0.071074012432685,-2.6440335162629,1,84
0.9,110,-13.040733392698,nan,nan,nan,1.5970820485241,0.62614190731411,nan,nan,13,2,2,2,0.034761841674121,0.034761841674121,-3.3592349974188,1,84
0.9,110,-13.040733392698,nan,nan,nan,1.5970820485241,0.62614190731411,nan,nan,13,2,2,3,0.016967532623681,0.016967532623681,-4.0764536066724,1,84
0.9,110,-13.040733392698,nan,nan,nan,1.5970820485241,0.62614190731411,nan,nan,13,2,2,4,0.0084415440098915,0.0084415440098915,-4.7745900475451,1,84
0.9,110,-13.040733392698,nan,nan,nan,1.5970820485241,0.62614190731411,nan,nan,13,2,2,5,0.0042774499224903,0.0042774499224903,-5.4543982594575,1,84
0.9,110,-13.040733392698,nan,nan,nan,1.5970820485241,0.62614190731411,nan,nan,13,2,2,6,0.0021987715318618,0.0021987715318618,-6.1198564691865,1,84
0.9,110,-13.040733392698,nan,nan,nan,1.5970820485241,0.62614190731411,nan,nan,13,2,2,7,0.0011427302016527,0.0011427302016527,-6.7743349660806,1,84
0.9,110,-13.040733392698,nan,nan,nan,1.5970820485241,0.62614190731411,nan,nan,13,2,2,8,0.00059890700306194,0.00059890700306194,-7.4204042255548,1,84
0.9,110,-13.040733392698,nan,nan,nan,1.5970820485241,0.62614190731411,nan,nan,13,2,2,9,0.00031590427759901,0.00031590427759901,-8.0600713092571,1,84
0.9,110,-13.040733392698,nan,nan,nan,1.5970820485241,0.62614190731411,nan,nan,13,2,2,10,0.0001674353086949,0.0001674353086949,-8.6949134980469,1,84
0.9,110,-13.040733392698,nan,nan,nan,1.5970820485241,0.62614190731411,nan,nan,13,2,2,11,8.9064030891168e-05,8.9064030891168e-05,-9.3261549986956,1,84
0.9,110,-13.040733392698,nan,nan,nan,1.5970820485241,0.62614190731411,nan,nan,13,2,2,12,4.7502393174505e-05,4.7502393174505e-05,-9.9547304655717,1,84
0.9,110,-13.040733392698,nan,nan,nan,1.5970820485241,0.62614190731411,nan,nan,13,2,2,13,2.5385218681978e-05,2.5385218681978e-05,-10.581343494988,1,84
0.9,110,-13.040733392698,nan,nan,nan,1.5970820485241,0.62614190731411,nan,nan,13,2,2,14,1.3585355495779e-05,1.3585355495779e-05,-11.206518147171,1,84
0.9,110,-13.040733392698,nan,nan,nan,1.5970820485241,0.62614190731411,nan,nan,13,2,2,15,7.2780923220951e-06,7.2780923220951e-06,-11.830641773763,1,84
0.9,110,-13.040733392698,nan,nan,nan,1.5970820485241,0.62614190731411,nan,nan,13,2,2,16,3.9020866289158e-06,3.9020866289158e-06,-12.453999114852,1,84
0.9,110,-13.040733392698,nan,nan,nan,1.5970820485241,0.62614190731411,nan,nan,13,2,2,17,2.0932374669825e-06,2.0932374669825e-06,-13.076798663228,1,84
0.9,110,-13.040733392698,nan,nan,nan,1.5970820485241,0.62614190731411,nan,nan,13,2,2,18,1.1233529338572e-06,1.1233529338572e-06,-13.699192653883,1,84
0.9,110,-13.040733392698,nan,nan,nan,1.5970820485241,0.62614190731411,nan,nan,13,2,2,19,6.0303414303456e-07,6.0303414303456e-07,-14.321292019874,1,84
0.9,110,-13.040733392698,nan,nan,nan,1.5970820485241,0.62614190731411,nan,nan,13,2,2,20,3.2378779804377e-07,3.2378779804377e-07,-14.943177480033,1,84
0.9,110,-13.040733392698,nan,nan,nan,1.5970820485241,0.62614190731411,nan,nan,13,2,2,21,1.7387873492034e-07,1.7387873492034e-07,-15.564907706443,1,84
0.9,110,-13.040733392698,nan,nan,nan,1.5970820485241,0.62614190731411,nan,nan,13,2,2,22,9.3385914300895e-08,9.3385914300895e-08,-16.186525313568,1,84
0.9,110,-13.040733392698,nan,nan,nan,1.5970820485241,0.62614190731411,nan,nan,13,2,2,23,5.0159333115649e-08,5.0159333115649e-08,-16.808061235853,1,84
0.9,110,-13.040733392698,nan,nan,nan,1.5970820485241,0.62614190731411,nan,nan,13,2,2,24,2.6943118374403e-08,2.6943118374403e-08,-17.429537920087,1,84
0.9,110,-13.040733392698,nan,nan,nan,1.5970820485241,0.62614190731411,nan,nan,13,2,2,25,1.4473135219643e-08,1.4473135219643e-08,-18.050971649445,1,84
0.9,110,-13.040733392698,nan,nan,nan,1.5970820485241,0.62614190731411,nan,nan,13,2,2,26,7.7748300825806e-09,7.7748300825806e-09,-18.67237423345,1,84
0.9,110,-13.040733392698,nan,nan,nan,1.5970820485241,0.62614190731411,nan,nan,13,2,2,27,4.1766588187053e-09,4.1766588187053e-09,-19.293754235709,1,84
0.9,110,-13.040733392698,nan,nan,nan,1.5970820485241,0.62614190731411,nan,nan,13,2,2,28,2.2437486499587e-09,2.2437486499587e-09,-19.915117865382,1,84
0.9,110,-13.040733392698,nan,nan,nan,1.5970820485241,0.62614190731411,nan,nan,13,2,2,29,1.2053816187473e-09,1.2053816187473e-09,-20.536469624086,1,84
0.9,110,-13.040733392698,nan,nan,nan,1.5970820485241,0.62614190731411,nan,nan,13,2,2,30,6.4755798435326e-10,6.4755798435326e-10,-21.15781277524,1,84
0.9,110,-13.040733392698,nan,nan,nan,1.5970820485241,0.62614190731411,nan,nan,13,2,2,31,3.4788481425064e-10,3.4788481425064e-10,-21.779149684477,1,84
0.9,110,-13.040733392698,nan,nan,nan,1.5970820485241,0.62614190731411,nan,nan,13,2,2,32,1.8689352120944e-10,1.8689352120944e-10,-22.400482066544,1,84
0.9,110,-13.040733392698,nan,nan,nan,1.5970820485241,0.62614190731411,nan,nan,13,2,2,33,1.0040479365422e-10,1.0040479365422e-10,-23.021811164251,1,84
0.9,110,-13.040733392698,nan,nan,nan,1.5970820485241,0.62614190731411,nan,nan,13,2,2,34,5.3940589024911e-11,5.3940589024911e-11,-23.643137878275,1,84
0.9,110,-13.040733392698,nan,nan,nan,1.5970820485241,0.62614190731411,nan,nan,13,2,2,35,2.8978618203272e-11,2.8978618203272e-11,-24.264462861219,1,84
0.9,110,-13.040733392698,nan,nan,nan,1.5970820485241,0.62614190731411,nan,nan,13,2,2,36,1.5568264730575e-11,1.5568264730575e-11,-24.885786585839,1,84
0.9,110,-13.040733392698,nan,nan,nan,1.5970820485241,0.62614190731411,nan,nan,13,2,2,37,8.3637904002417e-12,8.3637904002417e-12,-25.507109394427,1,84
0.9,110,-13.040733392698,nan,nan,nan,1.5970820485241,0.62614190731411,nan,nan,13,2,2,38,4.4933098083028e-12,4.4933098083028e-12,-26.128431534667,1,84
0.9,110,-13.040733392698,nan,nan,nan,1.5970820485241,0.62614190731411,nan,nan,13,2,2,39,2.4139584981653e-12,2.4139584981653e-12,-26.749753185545,1,84
0.9,110,-13.040733392698,nan,nan,nan,1.5970820485241,0.62614190731411,nan,nan,13,2,2,40,1.2968608839967e-12,1.2968608839967e-12,-27.37107447618,1,84
0.9,110,-13.040733392698,nan,nan,nan,1.5970820485241,0.62614190731411,nan,nan,13,2,2,41,6.9671810987785e-13,6.9671810987785e-13,-27.992395499416,1,84
0.9,110,-13.040733392698,nan,nan,nan,1.5970820485241,0.62614190731411,nan,nan,13,2,2,42,3.7430092017004e-13,3.7430092017004e-13,-28.613716321628,1,84
0.9,110,-13.040733392698,nan,nan,nan,1.5970820485241,0.62614190731411,nan,nan,13,2,2,43,2.0108735287247e-13,2.0108735287247e-13,-29.235036989854,1,84
0.9,110,-13.040733392698,nan,nan,nan,1.5970820485241,0.62614190731411,nan,nan,13,2,2,44,1.0803106860652e-13,1.0803106860652e-13,-29.856357536874,1,84
0.9,110,-13.040733392698,nan,nan,nan,1.5970820485241,0.62614190731411,nan,nan,13,2,2,45,5.8038025630309e-14,5.8038025630309e-14,-30.47767798487,1,84
0.9,110,-13.040733392698,nan,nan,nan,1.5970820485241,0.62614190731411,nan,nan,13,2,2,46,3.1180036893331e-14,3.1180036893331e-14,-31.098998348045,1,84
0.9,110,-13.040733392698,nan,nan,nan,1.5970820485241,0.62614190731411,nan,nan,13,2,2,47,1.6750996690808e-14,1.6750996690808e-14,-31.720318634481,1,84
0.9,110,-13.040733392698,nan,nan,nan,1.5970820485241,0.62614190731411,nan,nan,13,2,2,48,8.9992167650351e-15,8.9992167650351e-15,-32.341638847469,1,84
0.9,110,-13.040733392698,nan,nan,nan,1.5970820485241,0.62614190731411,nan,nan,13,2,2,49,4.8346919197567e-15,4.8346919197567e-15,-32.962958986804,1,84
0.9,110,-13.040733392698,nan,nan,nan,1.5970820485241,0.62614190731411,nan,nan,13,2,2,50,2.5973646731007e-15,2.5973646731007e-15,-33.584279051179,1,84
0.9,110,-13.040733392698,nan,nan,nan,1.5970820485241,0.62614190731411,nan,nan,13,2,2,51,1.3953947482514e-15,1.3953947482514e-15,-34.20559904601,1,84
0.9,110,-13.040733392698,nan,nan,nan,1.5970820485241,0.62614190731411,nan,nan,13,2,2,52,7.4965470239389e-16,7.4965470239389e-16,-34.826918970186,1,84
0.9,110,-13.040733392698,nan,nan,nan,1.5970820485241,0.62614190731411,nan,nan,13,2,2,53,4.0274065848119e-16,4.0274065848119e-16,-35.448238846441,1,84
0.9,110,-13.040733392698,nan,nan,nan,1.5970820485241,0.62614190731411,nan,nan,13,2,2,54,2.1636614361046e-16,2.1636614361046e-16,-36.069559591977,1,84
0.9,110,-13.040733392698,nan,nan,nan,1.5970820485241,0.62614190731411,nan,nan,13,2,2,55,1.162390239863e-16,1.162390239863e-16,-36.690883051205,1,84
0.9,110,-13.040733392698,nan,nan,nan,1.5970820485241,0.62614190731411,nan,nan,13,2,2,56,6.2447221283098e-17,6.2447221283098e-17,-37.312209933378,1,84
0.9,110,-13.040733392698,nan,nan,nan,1.5970820485241,0.62614190731411,nan,nan,13,2,2,57,3.3548816260999e-17,3.3548816260999e-17,-37.933530093929,1,84
0.9,110,-13.040733392698,nan,nan,nan,1.5970820485241,0.62614190731411,nan,nan,13,2,2,58,1.8023736888435e-17,1.8023736888435e-17,-38.554842068715,1,84
0.9,110,-13.040733392698,nan,nan,nan,1.5970820485241,0.62614190731411,nan,nan,13,2,2,59,9.6831252815939e-18,9.6831252815939e-18,-39.176146965044,1,84
0.9,110,-13.040733392698,nan,nan,nan,1.5970820485241,0.62614190731411,nan,nan,13,2,2,60,5.2022202030876e-18,5.2022202030876e-18,-39.797446177296,1,84
0.9,110,-13.040733392698,nan,nan,nan,1.5970820485241,0.62614190731411,nan,nan,13,2,2,61,2.7948701165146e-18,2.7948701165146e-18,-40.418746038307,1,84
0.9,110,-13.040733392698,nan,nan,nan,1.5970820485241,0.62614190731411,nan,nan,13,2,2,62,1.5015256964692e-18,1.5015256964692e-18,-41.040049951732,1,84
0.9,110,-13.040733392698,nan,nan,nan,1.5970820485241,0.62614190731411,nan,nan,13,2,2,63,8.0667690885914e-19,8.0667690885914e-19,-41.66136372554,1,84
0.9,110,-13.040733392698,nan,nan,nan,1.5970820485241,0.62614190731411,nan,nan,13,2,2,64,4.3337585449744e-19,4.3337585449744e-19,-42.282681577144,1,84
0.9,110,-13.040733392698,nan,nan,nan,1.5970820485241,0.62614190731411,nan,nan,13,2,2,65,2.3282357398364e-19,2.3282357398364e-19,-42.904005979328,1,84
0.9,110,-13.040733392698,nan,nan,nan,1.5970820485241,0.62614190731411,nan,nan,13,2,2,66,1.2507927136746e-19,1.2507927136746e-19,-43.525339245634,1,84
0.9,110,-13.040733392698,nan,nan,nan,1.5970820485241,0.62614190731411,nan,nan,13,2,2,67,6.719561932407e-20,6.719561932407e-20,-44.146678896101,1,84
0.9,110,-13.040733392698,nan,nan,nan,1.5970820485241,0.62614190731411,nan,nan,13,2,2,68,3.6098828827914e-20,3.6098828827914e-20,-44.768026530502,1,84
0.9,110,-13.040733392698,nan,nan,nan,1.5970820485241,0.62614190731411,nan,nan,13,2,2,69,1.9392915230268e-20,1.9392915230268e-20,-45.389379147821,1,84
0.9,110,-13.040733392698,nan,nan,nan,1.5970820485241,0.62614190731411,nan,nan,13,2,2,70,1.0418152754211e-20,1.0418152754211e-20,-46.010737211132,1,84
0.9,110,-13.040733392698,nan,nan,nan,1.5970820485241,0.62614190731411,nan,nan,13,2,2,71,5.5967564866917e-21,5.5967564866917e-21,-46.632099721739,1,84
0.9,110,-13.040733392698,nan,nan,nan,1.5970820485241,0.62614190731411,nan,nan,13,2,2,72,3.0066417602054e-21,3.0066417602054e-21,-47.253463191248,1,84
0.9,110,-13.040733392698,nan,nan,nan,1.5970820485241,0.62614190731411,nan,nan,13,2,2,73,1.6152097771773e-21,1.6152097771773e-21,-47.874822111647,1,84
0.9,110,-13.040733392698,nan,nan,nan,1.5970820485241,0.62614190731411,nan,nan,13,2,2,74,8.6770904026819e-22,8.6770904026819e-22,-48.496185780455,1,84
0.9,110,-13.040733392698,nan,nan,nan,1.5970820485241,0.62614190731411,nan,nan,13,2,2,75,4.6614037186196e-22,4.6614037186196e-22,-49.11755541592,1,84
0.9,110,-13.040733392698,nan,nan,nan,1.5970820485241,0.62614190731411,nan,nan,13,2,2,76,2.5041307807612e-22,2.5041307807612e-22,-49.738930365257,1,84
0.9,110,-13.040733392698,nan,nan,nan,1.5970820485241,0.62614190731411,nan,nan,13,2,2,77,1.3452264155911e-22,1.3452264155911e-22,-50.360309708253,1,84
0.9,110,-13.040733392698,nan,nan,nan,1.5970820485241,0.62614190731411,nan,nan,13,2,2,78,7.2265868667556e-23,7.2265868667556e-23,-50.981690293444,1,84
0.9,110,-13.040733392698,nan,nan,nan,1.5970820485241,0.62614190731411,nan,nan,13,2,2,79,3.8821360191265e-23,3.8821360191265e-23,-51.603071616315,1,84
0.9,110,-13.040733392698,nan,nan,nan,1.5970820485241,0.62614190731411,nan,nan,13,2,2,80,2.0854935549545e-23,2.0854935549545e-23,-52.224451594621,1,84
0.9,110,-13.040733392698,nan,nan,nan,1.5970820485241,0.62614190731411,nan,nan,13,2,2,81,1.1203300997471e-23,1.1203300997471e-23,-52.845833765064,1,84
0.9,110,-13.040733392698,nan,nan,nan,1.5970820485241,0.62614190731411,nan,nan,13,2,2,82,6.0183873771134e-24,6.0183873771134e-24,-53.467222885978,1,84
0.9,110,-13.040733392698,nan,nan,nan,1.5970820485241,0.62614190731411,nan,nan,13,2,2,83,3.2330451608894e-24,3.2330451608894e-24,-54.088617764486,1,84
0.9,110,-13.040733392698,nan,nan,nan,1.5970820485241,0.62614190731411,nan,nan,13,2,2,84,1.7367675128215e-24,1.7367675128215e-24,-54.710016597643,1,84
0.95,110,-10.111118342822,nan,nan,nan,1.2585421203875,0.79457014890542,nan,nan,13,2,2,1,0.063324539036449,0.063324539036449,-2.7594823624506,1,84
0.95,110,-10.111118342822,nan,nan,nan,1.2585421203875,0.79457014890542,nan,nan,13,2,2,2,0.026198863966901,0.026198863966901,-3.6420392291971,1,84
0.95,110,-10.111118342822,nan,nan,nan,1.2585421203875,0.79457014890542,nan,nan,13,2,2,3,0.010894323502175,0.010894323502175,-4.5195134050169,1,84
0.95,110,-10.111118342822,nan,nan,nan,1.2585421203875,0.79457014890542,nan,nan,13,2,2,4,0.0046349892917543,0.0046349892917543,-5.3741213902681,1,84
0.95,110,-10.111118342822,nan,nan,nan,1.2585421203875,0.79457014890542,nan,nan,13,2,2,5,0.002011672176514,0.002011672176514,-6.208788974158,1,84
0.95,110,-10.111118342822,nan,nan,nan,1.2585421203875,0.79457014890542,nan,nan,13,2,2,6,0.0008863339327026,0.0008863339327026,-7.028416779155,1,84
0.95,110,-10.111118342822,nan,nan,nan,1.2585421203875,0.79457014890542,nan,nan,13,2,2,7,0.0003946077277207,0.0003946077277207,-7.8376183808861,1,84
0.95,110,-10.111118342822,nan,nan,nan,1.2585421203875,0.79457014890542,nan,nan,13,2,2,8,0.00017690239260343,0.00017690239260343,-8.6399124317152,1,84
0.95,110,-10.111118342822,nan,nan,nan,1.2585421203875,0.79457014890542,nan,nan,13,2,2,9,7.9660716374138e-05,7.9660716374138e-05,-9.4377339873547,1,84
0.95,110,-10.111118342822,nan,nan,nan,1.2585421203875,0.79457014890542,nan,nan,13,2,2,10,3.5974713022633e-05,3.5974713022633e-05,-10.232694282356,1,84
0.95,110,-10.111118342822,nan,nan,nan,1.2585421203875,0.79457014890542,nan,nan,13,2,2,11,1.6275716109387e-05,1.6275716109387e-05,-11.025836370261,1,84
0.95,110,-10.111118342822,nan,nan,nan,1.2585421203875,0.79457014890542,nan,nan,13,2,2,12,7.3719546093654e-06,7.3719546093654e-06,-11.817827675343,1,84
0.95,110,-10.111118342822,nan,nan,nan,1.2585421203875,0.79457014890542,nan,nan,13,2,2,13,3.341494434931e-06,3.341494434931e-06,-12.609092415437,1,84
0.95,110,-10.111118342822,nan,nan,nan,1.2585421203875,0.79457014890542,nan,nan,13,2,2,14,1.5152969473804e-06,1.5152969473804e-06,-13.399899133338,1,84
0.95,110,-10.111118342822,nan,nan,nan,1.2585421203875,0.79457014890542,nan,nan,13,2,2,15,6.873533105529e-07,6.873533105529e-07,-14.19041739664,1,84
0.95,110,-10.111118342822,nan,nan,nan,1.2585421203875,0.79457014890542,nan,nan,13,2,2,16,3.1184670280454e-07,3.1184670280454e-07,-14.980754107048,1,84
0.95,110,-10.111118342822,nan,nan,nan,1.2585421203875,0.79457014890542,nan,nan,13,2,2,17,1.4149851815868e-07,1.4149851815868e-07,-15.770976592295,1,84
0.95,110,-10.111118342822,nan,nan,nan,1.2585421203875,0.79457014890542,nan,nan,13,2,2,18,6.4208693061907e-08,6.4208693061907e-08,-16.561127229468,1,84
0.95,110,-10.111118342822,nan,nan,nan,1.2585421203875,0.79457014890542,nan,nan,13,2,2,19,2.9137708384955e-08,2.9137708384955e-08,-17.351232680831,1,84
0.95,110,-10.111118342822,nan,nan,nan,1.2585421203875,0.79457014890542,nan,nan,13,2,2,20,1.3222978607594e-08,1.3222978607594e-08,-18.141309717191,1,84
0.95,110,-10.111118342822,nan,nan,nan,1.2585421203875,0.79457014890542,nan,nan,13,2,2,21,6.0008249476077e-09,6.0008249476077e-09,-18.931368885901,1,84
0.95,110,-10.111118342822,nan,nan,nan,1.2585421203875,0.79457014890542,nan,nan,13,2,2,22,2.7233126280775e-09,2.7233126280775e-09,-19.721416819681,1,84
0.95,110,-10.111118342822,nan,nan,nan,1.2585421203875,0.79457014890542,nan,nan,13,2,2,23,1.2359107499954e-09,1.2359107499954e-09,-20.51145768926,1,84
0.95,110,-10.111118342822,nan,nan,nan,1.2585421203875,0.79457014890542,nan,nan,13,2,2,24,5.6089122886443e-10,5.6089122886443e-10,-21.301494117147,1,84
0.95,110,-10.111118342822,nan,nan,nan,1.2585421203875,0.79457014890542,nan,nan,13,2,2,25,2.5454900300345e-10,2.5454900300345e-10,-22.09152775229,1,84
0.95,110,-10.111118342822,nan,nan,nan,1.2585421203875,0.79457014890542,nan,nan,13,2,2,26,1.1552205734845e-10,1.1552205734845e-10,-22.881559631486,1,84
0.95,110,-10.111118342822,nan,nan,nan,1.2585421203875,0.79457014890542,nan,nan,13,2,2,27,5.2427470978767e-11,5.2427470978767e-11,-23.671590406655,1,84
0.95,110,-10.111118342822,nan,nan,nan,1.2585421203875,0.79457014890542,nan,nan,13,2,2,28,2.3793219099048e-11,2.3793219099048e-11,-24.461620487651,1,84
0.95,110,-10.111118342822,nan,nan,nan,1.2585421203875,0.79457014890542,nan,nan,13,2,2,29,1.0798108541715e-11,1.0798108541715e-11,-25.251650132163,1,84
0.95,110,-10.111118342822,nan,nan,nan,1.2585421203875,0.79457014890542,nan,nan,13,2,2,30,4.9005214296709e-12,4.9005214296709e-12,-26.041679502255,1,84
0.95,110,-10.111118342822,nan,nan,nan,1.2585421203875,0.79457014890542,nan,nan,13,2,2,31,2.2240112083836e-12,2.2240112083836e-12,-26.831708699812,1,84
0.95,110,-10.111118342822,nan,nan,nan,1.2585421203875,0.79457014890542,nan,nan,13,2,2,32,1.0093265507704e-12,1.0093265507704e-12,-27.621737788888,1,84
0.95,110,-10.111118342822,nan,nan,nan,1.2585421203875,0.79457014890542,nan,nan,13,2,2,33,4.5806430818953e-13,4.5806430818953e-13,-28.411766809759,1,84
0.95,110,-10.111118342822,nan,nan,nan,1.2585421203875,0.79457014890542,nan,nan,13,2,2,34,2.0788407802867e-13,2.0788407802867e-13,-29.201795787738,1,84
0.95,110,-10.111118342822,nan,nan,nan,1.2585421203875,0.79457014890542,nan,nan,13,2,2,35,9.4344375429727e-14,9.4344375429727e-14,-29.99182473876,1,84
0.95,110,-10.111118342822,nan,nan,nan,1.2585421203875,0.79457014890542,nan,nan,13,2,2,36,4.281646488035e-14,4.281646488035e-14,-30.781853672832,1,84
0.95,110,-10.111118342822,nan,nan,nan,1.2585421203875,0.79457014890542,nan,nan,13,2,2,37,1.9431467706232e-14,1.9431467706232e-14,-31.571882596225,1,84
0.95,110,-10.111118342822,nan,nan,nan,1.2585421203875,0.79457014890542,nan,nan,13,2,2,38,8.8186154743719e-15,8.8186154743719e-15,-32.361911512909,1,84
0.95,110,-10.111118342822,nan,nan,nan,1.2585421203875,0.79457014890542,nan,nan,13,2,2,39,4.0021670204595e-15,4.0021670204595e-15,-33.151940425372,1,84
0.95,110,-10.111118342822,nan,nan,nan,1.2585421203875,0.79457014890542,nan,nan,13,2,2,40,1.8163101621632e-15,1.8163101621632e-15,-33.941969335173,1,84
0.95,110,-10.111118342822,nan,nan,nan,1.2585421203875,0.79457014890542,nan,nan,13,2,2,41,8.2429908440957e-16,8.2429908440957e-16,-34.731998243323,1,84
0.95,110,-10.111118342822,nan,nan,nan,1.2585421203875,0.79457014890542,nan,nan,13,2,2,42,3.7409303511866e-16,3.7409303511866e-16,-35.522027150411,1,84
0.95,110,-10.111118342822,nan,nan,nan,1.2585421203875,0.79457014890542,nan,nan,13,2,2,43,1.6977526927254e-16,1.6977526927254e-16,-36.312056056839,1,84
0.95,110,-10.111118342822,nan,nan,nan,1.2585421203875,0.79457014890542,nan,nan,13,2,2,44,7.7049395102053e-17,7.7049395102053e-17,-37.102084962877,1,84
0.95,110,-10.111118342822,nan,nan,nan,1.2585421203875,0.79457014890542,nan,nan,13,2,2,45,3.4967456170223e-17,3.4967456170223e-17,-37.892113868666,1,84
0.95,110,-10.111118342822,nan,nan,nan,1.2585421203875,0.79457014890542,nan,nan,13,2,2,46,1.5869339267418e-17,1.5869339267418e-17,-38.682142774284,1,84
0.95,110,-10.111118342822,nan,nan,nan,1.2585421203875,0.79457014890542,nan,nan,13,2,2,47,7.2020088502793e-18,7.2020088502793e-18,-39.472171679803,1,84
0.95,110,-10.111118342822,nan,nan,nan,1.2585421203875,0.79457014890542,nan,nan,13,2,2,48,3.2684997534199e-18,3.2684997534199e-18,-40.262200585264,1,84
0.95,110,-10.111118342822,nan,nan,nan,1.2585421203875,0.79457014890542,nan,nan,13,2,2,49,1.4833487240219e-18,1.4833487240219e-18,-41.052229490692,1,84
0.95,110,-10.111118342822,nan,nan,nan,1.2585421203875,0.79457014890542,nan,nan,13,2,2,50,6.7319063887092e-19,6.7319063887092e-19,-41.842258396075,1,84
0.95,110,-10.111118342822,nan,nan,nan,1.2585421203875,0.79457014890542,nan,nan,13,2,2,51,3.0551523652769e-19,3.0551523652769e-19,-42.632287301439,1,84
0.95,110,-10.111118342822,nan,nan,nan,1.2585421203875,0.79457014890542,nan,nan,13,2,2,52,1.3865249212231e-19,1.3865249212231e-19,-43.422316206778,1,84
0.95,110,-10.111118342822,nan,nan,nan,1.2585421203875,0.79457014890542,nan,nan,13,2,2,53,6.2924893011408e-20,6.2924893011408e-20,-44.212345112111,1,84
0.95,110,-10.111118342822,nan,nan,nan,1.2585421203875,0.79457014890542,nan,nan,13,2,2,54,2.855730971632e-20,2.855730971632e-20,-45.002374017448,1,84
0.95,110,-10.111118342822,nan,nan,nan,1.2585421203875,0.79457014890542,nan,nan,13,2,2,55,1.2960211757071e-20,1.2960211757071e-20,-45.792402922804,1,84
0.95,110,-10.111118342822,nan,nan,nan,1.2585421203875,0.79457014890542,nan,nan,13,2,2,56,5.8817546350745e-21,5.8817546350745e-21,-46.582431828153,1,84
0.95,110,-10.111118342822,nan,nan,nan,1.2585421203875,0.79457014890542,nan,nan,13,2,2,57,2.6693265693432e-21,2.6693265693432e-21,-47.372460733496,1,84
0.95,110,-10.111118342822,nan,nan,nan,1.2585421203875,0.79457014890542,nan,nan,13,2,2,58,1.2114249532451e-21,1.2114249532451e-21,-48.162489638839,1,84
0.95,110,-10.111118342822,nan,nan,nan,1.2585421203875,0.79457014890542,nan,nan,13,2,2,59,5.497830180144e-22,5.497830180144e-22,-48.952518544172,1,84
0.95,110,-10.111118342822,nan,nan,nan,1.2585421203875,0.79457014890542,nan,nan,13,2,2,60,2.4950894901612e-22,2.4950894901612e-22,-49.742547449509,1,84
0.95,110,-10.111118342822,nan,nan,nan,1.2585421203875,0.79457014890542,nan,nan,13,2,2,61,1.1323506474024e-22,1.1323506474024e-22,-50.532576354864,1,84
0.95,110,-10.111118342822,nan,nan,nan,1.2585421203875,0.79457014890542,nan,nan,13,2,2,62,5.1389659318009e-23,5.1389659318009e-23,-51.322605260219,1,84
0.95,110,-10.111118342822,nan,nan,nan,1.2585421203875,0.79457014890542,nan,nan,13,2,2,63,2.3322255265411e-23,2.3322255265411e-23,-52.112634165556,1,84
0.95,110,-10.111118342822,nan,nan,nan,1.2585421203875,0.79457014890542,nan,nan,13,2,2,64,1.0584378217163e-23,1.0584378217163e-23,-52.902663070879,1,84
0.95,110,-10.111118342822,nan,nan,nan,1.2585421203875,0.79457014890542,nan,nan,13,2,2,65,4.8035261155147e-24,4.8035261155147e-24,-53.692691976236,1,84
0.95,110,-10.111118342822,nan,nan,nan,1.2585421203875,0.79457014890542,nan,nan,13,2,2,66,2.179992312106e-24,2.179992312106e-24,-54.482720881619,1,84
0.95,110,-10.111118342822,nan,nan,nan,1.2585421203875,0.79457014890542,nan,nan,13,2,2,67,9.8934956667358e-25,9.8934956667358e-25,-55.272749786992,1,84
0.95,110,-10.111118342822,nan,nan,nan,1.2585421203875,0.79457014890542,nan,nan,13,2,2,68,4.4899817290761e-25,4.4899817290761e-25,-56.062778692353,1,84
0.95,110,-10.111118342822,nan,nan,nan,1.2585421203875,0.79457014890542,nan,nan,13,2,2,69,2.0376959375136e-25,2.0376959375136e-25,-56.852807597691,1,84
0.95,110,-10.111118342822,nan,nan,nan,1.2585421203875,0.79457014890542,nan,nan,13,2,2,70,9.2477096440965e-26,9.2477096440965e-26,-57.642836503024,1,84
0.95,110,-10.111118342822,nan,nan,nan,1.2585421203875,0.79457014890542,nan,nan,13,2,2,71,4.1969035755199e-26,4.1969035755199e-26,-58.432865408378,1,84
0.95,110,-10.111118342822,nan,nan,nan,1.2585421203875,0.79457014890542,nan,nan,13,2,2,72,1.9046877875908e-26,1.9046877875908e-26,-59.222894313727,1,84
0.95,110,-10.111118342822,nan,nan,nan,1.2585421203875,0.79457014890542,nan,nan,13,2,2,73,8.6440765258652e-27,8.6440765258652e-27,-60.012923219172,1,84
0.95,110,-10.111118342822,nan,nan,nan,1.2585421203875,0.79457014890542,nan,nan,13,2,2,74,3.922955746565e-27,3.922955746565e-27,-60.802952124184,1,84
0.95,110,-10.111118342822,nan,nan,nan,1.2585421203875,0.79457014890542,nan,nan,13,2,2,75,1.7803615842233e-27,1.7803615842233e-27,-61.592981029961,1,84
0.95,110,-10.111118342822,nan,nan,nan,1.2585421203875,0.79457014890542,nan,nan,13,2,2,76,8.0798448361931e-28,8.0798448361931e-28,-62.383009934926,1,84
0.95,110,-10.111118342822,nan,nan,nan,1.2585421203875,0.79457014890542,nan,nan,13,2,2,77,3.6668895180923e-28,3.6668895180923e-28,-63.173038843888,1,84
0.95,110,-10.111118342822,nan,nan,nan,1.2585421203875,0.79457014890542,nan,nan,13,2,2,78,1.6641506338124e-28,1.6641506338124e-28,-63.963067740404,1,84
0.95,110,-10.111118342822,nan,nan,nan,1.2585421203875,0.79457014890542,nan,nan,13,2,2,79,7.5524427890328e-29,7.5524427890328e-29,-64.753096637681,1,84
0.95,110,-10.111118342822,nan,nan,nan,1.2585421203875,0.79457014890542,nan,nan,13,2,2,80,3.4275376952083e-29,3.4275376952083e-29,-65.543125566561,1,84
0.95,110,-10.111118342822,nan,nan,nan,1.2585421203875,0.79457014890542,nan,nan,13,2,2,81,1.5555252008922e-29,1.5555252008922e-29,-66.333154458451,1,84
0.95,110,-10.111118342822,nan,nan,nan,1.2585421203875,0.79457014890542,nan,nan,13,2,2,82,7.059466254696e-30,7.059466254696e-30,-67.123183342492,1,84
0.95,110,-10.111118342822,nan,nan,nan,1.2585421203875,0.79457014890542,nan,nan,13,2,2,83,3.2038087500792e-30,3.2038087500792e-30,-67.913212453383,1,84
0.95,110,-10.111118342822,nan,nan,nan,1.2585421203875,0.79457014890542,nan,nan,13,2,2,84,1.453990327009e-30,1.453990327009e-30,-68.703241063408,1,84
1,110,-7.8637777486931,nan,nan,nan,1.0431748054652,0.95861210869071,nan,nan,13,2,2,1,0.056026384126681,0.056026384126681,-2.8819325540817,1,84
1,110,-7.8637777486931,nan,nan,nan,1.0431748054652,0.95861210869071,nan,nan,13,2,2,2,0.019544426782157,0.019544426782157,-3.9350651082738,1,84
1,110,-7.8637777486931,nan,nan,nan,1.0431748054652,0.95861210869071,nan,nan,13,2,2,3,0.0069092637470616,0.0069092637470616,-4.974892195785,1,84
1,110,-7.8637777486931,nan,nan,nan,1.0431748054652,0.95861210869071,nan,nan,13,2,2,4,0.0025077708004466,0.0025077708004466,-5.9883610477693,1,84
1,110,-7.8637777486931,nan,nan,nan,1.0431748054652,0.95861210869071,nan,nan,13,2,2,5,0.00092952571231597,0.00092952571231597,-6.9808360886615,1,84
1,110,-7.8637777486931,nan,nan,nan,1.0431748054652,0.95861210869071,nan,nan,13,2,2,6,0.00034961296582587,0.00034961296582587,-7.958683827268,1,84
1,110,-7.8637777486931,nan,nan,nan,1.0431748054652,0.95861210869071,nan,nan,13,2,2,7,0.00013275167320944,0.00013275167320944,-8.9270302937074,1,84
1,110,-7.8637777486931,nan,nan,nan,1.0431748054652,0.95861210869071,nan,nan,13,2,2,8,5.0707956236823e-05,5.0707956236823e-05,-9.889427731931,1,84
1,110,-7.8637777486931,nan,nan,nan,1.0431748054652,0.95861210869071,nan,nan,13,2,2,9,1.9440178578825e-05,1.9440178578825e-05,-10.848168572821,1,84
1,110,-7.8637777486931,nan,nan,nan,1.0431748054652,0.95861210869071,nan,nan,13,2,2,10,7.4694952147259e-06,7.4694952147259e-06,-11.804683136106,1,84
1,110,-7.8637777486931,nan,nan,nan,1.0431748054652,0.95861210869071,nan,nan,13,2,2,11,2.8738751226561e-06,2.8738751226561e-06,-12.759849221963,1,84
1,110,-7.8637777486931,nan,nan,nan,1.0431748054652,0.95861210869071,nan,nan,13,2,2,12,1.1066192394363e-06,1.1066192394363e-06,-13.714200920553,1,84
1,110,-7.8637777486931,nan,nan,nan,1.0431748054652,0.95861210869071,nan,nan,13,2,2,13,4.2632595183062e-07,4.2632595183062e-07,-14.668061638109,1,84
1,110,-7.8637777486931,nan,nan,nan,1.0431748054652,0.95861210869071,nan,nan,13,2,2,14,1.6429098888769e-07,1.6429098888769e-07,-15.621626658887,1,84
1,110,-7.8637777486931,nan,nan,nan,1.0431748054652,0.95861210869071,nan,nan,13,2,2,15,6.3323222820104e-08,6.3323222820104e-08,-16.57501370588,1,84
1,110,-7.8637777486931,nan,nan,nan,1.0431748054652,0.95861210869071,nan,nan,13,2,2,16,2.4409494177864e-08,2.4409494177864e-08,-17.528293674679,1,84
1,110,-7.8637777486931,nan,nan,nan,1.0431748054652,0.95861210869071,nan,nan,13,2,2,17,9.4098461383128e-09,9.4098461383128e-09,-18.481509234353,1,84
1,110,-7.8637777486931,nan,nan,nan,1.0431748054652,0.95861210869071,nan,nan,13,2,2,18,3.6276308639505e-09,3.6276308639505e-09,-19.4346860563,1,84
1,110,-7.8637777486931,nan,nan,nan,1.0431748054652,0.95861210869071,nan,nan,13,2,2,19,1.3985363910912e-09,1.3985363910912e-09,-20.387839582108,1,84
1,110,-7.8637777486931,nan,nan,nan,1.0431748054652,0.95861210869071,nan,nan,13,2,2,20,5.3917598327711e-10,5.3917598327711e-10,-21.340979098722,1,84
1,110,-7.8637777486931,nan,nan,nan,1.0431748054652,0.95861210869071,nan,nan,13,2,2,21,2.0786959268018e-10,2.0786959268018e-10,-22.294110191116,1,84
1,110,-7.8637777486931,nan,nan,nan,1.0431748054652,0.95861210869071,nan,nan,13,2,2,22,8.0140784813666e-11,8.0140784813666e-11,-23.247236217735,1,84
1,110,-7.8637777486931,nan,nan,nan,1.0431748054652,0.95861210869071,nan,nan,13,2,2,23,3.0897087313518e-11,3.0897087313518e-11,-24.200359198166,1,84
1,110,-7.8637777486931,nan,nan,nan,1.0431748054652,0.95861210869071,nan,nan,13,2,2,24,1.1911934168709e-11,1.1911934168709e-11,-25.15348034703,1,84
1,110,-7.8637777486931,nan,nan,nan,1.0431748054652,0.95861210869071,nan,nan,13,2,2,25,4.5924824715999e-12,4.5924824715999e-12,-26.106600394573,1,84
1,110,-7.8637777486931,nan,nan,nan,1.0431748054652,0.95861210869071,nan,nan,13,2,2,26,1.7705696590576e-12,1.7705696590576e-12,-27.059719779847,1,84
1,110,-7.8637777486931,nan,nan,nan,1.0431748054652,0.95861210869071,nan,nan,13,2,2,27,6.826195168448e-13,6.826195168448e-13,-28.012838766927,1,84
1,110,-7.8637777486931,nan,nan,nan,1.0431748054652,0.95861210869071,nan,nan,13,2,2,28,2.6317491322665e-13,2.6317491322665e-13,-28.965957514491,1,84
1,110,-7.8637777486931,nan,nan,nan,1.0431748054652,0.95861210869071,nan,nan,13,2,2,29,1.014636165721e-13,1.014636165721e-13,-29.919076118108,1,84
1,110,-7.8637777486931,nan,nan,nan,1.0431748054652,0.95861210869071,nan,nan,13,2,2,30,3.9117962473586e-14,3.9117962473586e-14,-30.872194635109,1,84
1,110,-7.8637777486931,nan,nan,nan,1.0431748054652,0.95861210869071,nan,nan,13,2,2,31,1.5081416564662e-14,1.5081416564662e-14,-31.825313100094,1,84
1,110,-7.8637777486931,nan,nan,nan,1.0431748054652,0.95861210869071,nan,nan,13,2,2,32,5.8144422239879e-15,5.8144422239879e-15,-32.778431533749,1,84
1,110,-7.8637777486931,nan,nan,nan,1.0431748054652,0.95861210869071,nan,nan,13,2,2,33,2.2416819312519e-15,2.2416819312519e-15,-33.731549948634,1,84
1,110,-7.8637777486931,nan,nan,nan,1.0431748054652,0.95861210869071,nan,nan,13,2,2,34,8.6425107422374e-16,8.6425107422374e-16,-34.684668352137,1,84
1,110,-7.8637777486931,nan,nan,nan,1.0431748054652,0.95861210869071,nan,nan,13,2,2,35,3.3320067131809e-16,3.3320067131809e-16,-35.637786748842,1,84
1,110,-7.8637777486931,nan,nan,nan,1.0431748054652,0.95861210869071,nan,nan,13,2,2,36,1.2846115108263e-16,1.2846115108263e-16,-36.590905141473,1,84
1,110,-7.8637777486931,nan,nan,nan,1.0431748054652,0.95861210869071,nan,nan,13,2,2,37,4.9526512992572e-17,4.9526512992572e-17,-37.544023531698,1,84
1,110,-7.8637777486931,nan,nan,nan,1.0431748054652,0.95861210869071,nan,nan,13,2,2,38,1.9094297943239e-17,1.9094297943239e-17,-38.497141920414,1,84
1,110,-7.8637777486931,nan,nan,nan,1.0431748054652,0.95861210869071,nan,nan,13,2,2,39,7.3615563106011e-18,7.3615563106011e-18,-39.450260308261,1,84
1,110,-7.8637777486931,nan,nan,nan,1.0431748054652,0.95861210869071,nan,nan,13,2,2,40,2.8381515523256e-18,2.8381515523256e-18,-40.403378695479,1,84
1,110,-7.8637777486931,nan,nan,nan,1.0431748054652,0.95861210869071,nan,nan,13,2,2,41,1.0942121334998e-18,1.0942121334998e-18,-41.356497082383,1,84
1,110,-7.8637777486931,nan,nan,nan,1.0431748054652,0.95861210869071,nan,nan,13,2,2,42,4.218591471322e-19,4.218591471322e-19,-42.309615469122,1,84
1,110,-7.8637777486931,nan,nan,nan,1.0431748054652,0.95861210869071,nan,nan,13,2,2,43,1.6264226523755e-19,1.6264226523755e-19,-43.262733855728,1,84
1,110,-7.8637777486931,nan,nan,nan,1.0431748054652,0.95861210869071,nan,nan,13,2,2,44,6.2704593757013e-20,6.2704593757013e-20,-44.215852242258,1,84
1,110,-7.8637777486931,nan,nan,nan,1.0431748054652,0.95861210869071,nan,nan,13,2,2,45,2.4174934311554e-20,2.4174934311554e-20,-45.168970628745,1,84
1,110,-7.8637777486931,nan,nan,nan,1.0431748054652,0.95861210869071,nan,nan,13,2,2,46,9.3203290849368e-21,9.3203290849368e-21,-46.122089015258,1,84
1,110,-7.8637777486931,nan,nan,nan,1.0431748054652,0.95861210869071,nan,nan,13,2,2,47,3.5933307257574e-21,3.5933307257574e-21,-47.075207401733,1,84
1,110,-7.8637777486931,nan,nan,nan,1.0431748054652,0.95861210869071,nan,nan,13,2,2,48,1.385361566927e-21,1.385361566927e-21,-48.028325788153,1,84
1,110,-7.8637777486931,nan,nan,nan,1.0431748054652,0.95861210869071,nan,nan,13,2,2,49,5.3410799551964e-22,5.3410799551964e-22,-48.981444174544,1,84
1,110,-7.8637777486931,nan,nan,nan,1.0431748054652,0.95861210869071,nan,nan,13,2,2,50,2.0591833762092e-22,2.0591833762092e-22,-49.934562560978,1,84
1,110,-7.8637777486931,nan,nan,nan,1.0431748054652,0.95861210869071,nan,nan,13,2,2,51,7.9389116285805e-23,7.9389116285805e-23,-50.887680947486,1,84
1,110,-7.8637777486931,nan,nan,nan,1.0431748054652,0.95861210869071,nan,nan,13,2,2,52,3.060743330234e-23,3.060743330234e-23,-51.840799334022,1,84
1,110,-7.8637777486931,nan,nan,nan,1.0431748054652,0.95861210869071,nan,nan,13,2,2,53,1.1800294765384e-23,1.1800294765384e-23,-52.79391772058,1,84
1,110,-7.8637777486931,nan,nan,nan,1.0431748054652,0.95861210869071,nan,nan,13,2,2,54,4.5494489909986e-24,4.5494489909986e-24,-53.747036107107,1,84
1,110,-7.8637777486931,nan,nan,nan,1.0431748054652,0.95861210869071,nan,nan,13,2,2,55,1.753980432934e-24,1.753980432934e-24,-54.700154493651,1,84
1,110,-7.8637777486931,nan,nan,nan,1.0431748054652,0.95861210869071,nan,nan,13,2,2,56,6.7622416809135e-25,6.7622416809135e-25,-55.653272880164,1,84
1,110,-7.8637777486931,nan,nan,nan,1.0431748054652,0.95861210869071,nan,nan,13,2,2,57,2.6070936535407e-25,2.6070936535407e-25,-56.606391266671,1,84
1,110,-7.8637777486931,nan,nan,nan,1.0431748054652,0.95861210869071,nan,nan,13,2,2,58,1.0051307893086e-25,1.0051307893086e-25,-57.559509653192,1,84
1,110,-7.8637777486931,nan,nan,nan,1.0431748054652,0.95861210869071,nan,nan,13,2,2,59,3.8751500250478e-26,3.8751500250478e-26,-58.512628039648,1,84
1,110,-7.8637777486931,nan,nan,nan,1.0431748054652,0.95861210869071,nan,nan,13,2,2,60,1.4940133041498e-26,1.4940133041498e-26,-59.465746426121,1,84
1,110,-7.8637777486931,nan,nan,nan,1.0431748054652,0.95861210869071,nan,nan,13,2,2,61,5.7599724878542e-27,5.7599724878542e-27,-60.418864812557,1,84
1,110,-7.8637777486931,nan,nan,nan,1.0431748054652,0.95861210869071,nan,nan,13,2,2,62,2.2206819018994e-27,2.2206819018994e-27,-61.371983199102,1,84
1,110,-7.8637777486931,nan,nan,nan,1.0431748054652,0.95861210869071,nan,nan,13,2,2,63,8.5615480298607e-28,8.5615480298607e-28,-62.32510158542,1,84
1,110,-7.8637777486931,nan,nan,nan,1.0431748054652,0.95861210869071,nan,nan,13,2,2,64,3.3007926387919e-28,3.3007926387919e-28,-63.278219970629,1,84
1,110,-7.8637777486931,nan,nan,nan,1.0431748054652,0.95861210869071,nan,nan,13,2,2,65,1.2725773348973e-28,1.2725773348973e-28,-64.231338362251,1,84
1,110,-7.8637777486931,nan,nan,nan,1.0431748054652,0.95861210869071,nan,nan,13,2,2,66,4.9062551460281e-29,4.9062551460281e-29,-65.184456745407,1,84
1,110,-7.8637777486931,nan,nan,nan,1.0431748054652,0.95861210869071,nan,nan,13,2,2,67,1.8915424165996e-29,1.8915424165996e-29,-66.13757510714,1,84
1,110,-7.8637777486931,nan,nan,nan,1.0431748054652,0.95861210869071,nan,nan,13,2,2,68,7.2925937125309e-30,7.2925937125309e-30,-67.090693516609,1,84
1,110,-7.8637777486931,nan,nan,nan,1.0431748054652,0.95861210869071,nan,nan,13,2,2,69,2.8115646430845e-30,2.8115646430845e-30,-68.043811648953,1,84
1,110,-7.8637777486931,nan,nan,nan,1.0431748054652,0.95861210869071,nan,nan,13,2,2,70,1.0839619249757e-30,1.0839619249757e-30,-68.996930011982,1,84
1,110,-7.8637777486931,nan,nan,nan,1.0431748054652,0.95861210869071,nan,nan,13,2,2,71,4.1790720482183e-31,4.1790720482183e-31,-69.950048658958,1,84
1,110,-7.8637777486931,nan,nan,nan,1.0431748054652,0.95861210869071,nan,nan,13,2,2,72,1.6111869668754e-31,1.6111869668754e-31,-70.903166728945,1,84
1,110,-7.8637777486931,nan,nan,nan,1.0431748054652,0.95861210869071,nan,nan,13,2,2,73,6.2116447668969e-32,6.2116447668969e-32,-71.856297257139,1,84
1,110,-7.8637777486931,nan,nan,nan,1.0431748054652,0.95861210869071,nan,nan,13,2,2,74,2.3948550213449e-32,2.3948550213449e-32,-72.809400280664,1,84
1,110,-7.8637777486931,nan,nan,nan,1.0431748054652,0.95861210869071,nan,nan,13,2,2,75,9.2327652914785e-33,9.2327652914785e-33,-73.762549466949,1,84
1,110,-7.8637777486931,nan,nan,nan,1.0431748054652,0.95861210869071,nan,nan,13,2,2,76,3.5600582729697e-33,3.5600582729697e-33,-74.715531155262,1,84
1,110,-7.8637777486931,nan,nan,nan,1.0431748054652,0.95861210869071,nan,nan,13,2,2,77,1.3715460874911e-33,1.3715460874911e-33,-75.669369434261,1,84
1,110,-7.8637777486931,nan,nan,nan,1.0431748054652,0.95861210869071,nan,nan,13,2,2,78,5.2931376977093e-34,5.2931376977093e-34,-76.621481954201,1,84
1,110,-7.8637777486931,nan,nan,nan,1.0431748054652,0.95861210869071,nan,nan,13,2,2,79,2.0393703172043e-34,2.0393703172043e-34,-77.575252069626,1,84
1,110,-7.8637777486931,nan,nan,nan,1.0431748054652,0.95861210869071,nan,nan,13,2,2,80,7.8638577526237e-35,7.8638577526237e-35,-78.528200960536,1,84
1,110,-7.8637777486931,nan,nan,nan,1.0431748054652,0.95861210869071,nan,nan,13,2,2,81,3.0167205076477e-35,3.0167205076477e-35,-79.486307938068,1,84
1,110,-7.8637777486931,nan,nan,nan,1.0431748054652,0.95861210869071,nan,nan,13,2,2,82,1.1521697685203e-35,1.1521697685203e-35,-80.448831334868,1,84
1,110,-7.8637777486931,nan,nan,nan,1.0431748054652,0.95861210869071,nan,nan,13,2,2,83,4.9182473006377e-36,4.9182473006377e-36,-81.300111120458,1,84
1,110,-7.8637777486931,nan,nan,nan,1.0431748054652,0.95861210869071,nan,nan,13,2,2,84,1.1008518689766e-36,1.1008518689766e-36,-82.796979041352,1,84
1.05,110,-6.1405235528902,nan,nan,nan,0.8917876103226,1.1213432306357,nan,nan,13,2,2,1,0.049314026150165,0.049314026150165,-3.0095467323091,1,84
1.05,110,-6.1405235528902,nan,nan,nan,0.8917876103226,1.1213432306357,nan,nan,13,2,2,2,0.014499324287844,0.014499324287844,-4.2336532314798,1,84
1.05,110,-6.1405235528902,nan,nan,nan,0.8917876103226,1.1213432306357,nan,nan,13,2,2,3,0.0043578372866608,0.0043578372866608,-5.4357793798569,1,84
1.05,110,-6.1405235528902,nan,nan,nan,0.8917876103226,1.1213432306357,nan,nan,13,2,2,4,0.0013491379474354,0.0013491379474354,-6.6082894479517,1,84
1.05,110,-6.1405235528902,nan,nan,nan,0.8917876103226,1.1213432306357,nan,nan,13,2,2,5,0.00042687980906839,0.00042687980906839,-7.7590080619495,1,84
1.05,110,-6.1405235528902,nan,nan,nan,0.8917876103226,1.1213432306357,nan,nan,13,2,2,6,0.00013702523318208,0.00013702523318208,-8.8953454652851,1,84
1.05,110,-6.1405235528902,nan,nan,nan,0.8917876103226,1.1213432306357,nan,nan,13,2,2,7,4.4379345620102e-05,4.4379345620102e-05,-10.022736385496,1,84
1.05,110,-6.1405235528902,nan,nan,nan,0.8917876103226,1.1213432306357,nan,nan,13,2,2,8,1.4451240527707e-05,1.4451240527707e-05,-11.144730297422,1,84
1.05,110,-6.1405235528902,nan,nan,nan,0.8917876103226,1.1213432306357,nan,nan,13,2,2,9,4.7208661457682e-06,4.7208661457682e-06,-12.263518269743,1,84
1.05,110,-6.1405235528902,nan,nan,nan,0.8917876103226,1.1213432306357,nan,nan,13,2,2,10,1.5451077736973e-06,1.5451077736973e-06,-13.380416893609,1,84
1.05,110,-6.1405235528902,nan,nan,nan,0.8917876103226,1.1213432306357,nan,nan,13,2,2,11,5.0626436976318e-07,5.0626436976318e-07,-14.496206834211,1,84
1.05,110,-6.1405235528902,nan,nan,nan,0.8917876103226,1.1213432306357,nan,nan,13,2,2,12,1.6598842832712e-07,1.6598842832712e-07,-15.611347759892,1,84
1.05,110,-6.1405235528902,nan,nan,nan,0.8917876103226,1.1213432306357,nan,nan,13,2,2,13,5.4443123496317e-08,5.4443123496317e-08,-16.726109285785,1,84
1.05,110,-6.1405235528902,nan,nan,nan,0.8917876103226,1.1213432306357,nan,nan,13,2,2,14,1.786094765208e-08,1.786094765208e-08,-17.840649202879,1,84
1.05,110,-6.1405235528902,nan,nan,nan,0.8917876103226,1.1213432306357,nan,nan,13,2,2,15,5.8603310665145e-09,5.8603310665145e-09,-18.955059738961,1,84
1.05,110,-6.1405235528902,nan,nan,nan,0.8917876103226,1.1213432306357,nan,nan,13,2,2,16,1.9229704060104e-09,1.9229704060104e-09,-20.069394759948,1,84
1.05,110,-6.1405235528902,nan,nan,nan,0.8917876103226,1.1213432306357,nan,nan,13,2,2,17,6.3101864052086e-10,6.3101864052086e-10,-21.183685712586,1,84
1.05,110,-6.1405235528902,nan,nan,nan,0.8917876103226,1.1213432306357,nan,nan,13,2,2,18,2.0707274677279e-10,2.0707274677279e-10,-22.297950950717,1,84
1.05,110,-6.1405235528902,nan,nan,nan,0.8917876103226,1.1213432306357,nan,nan,13,2,2,19,6.7953247440263e-11,6.7953247440263e-11,-23.412201184858,1,84
1.05,110,-6.1405235528902,nan,nan,nan,0.8917876103226,1.1213432306357,nan,nan,13,2,2,20,2.229981653221e-11,2.229981653221e-11,-24.526442664751,1,84
1.05,110,-6.1405235528902,nan,nan,nan,0.8917876103226,1.1213432306357,nan,nan,13,2,2,21,7.3180366806323e-12,7.3180366806323e-12,-25.640679036959,1,84
1.05,110,-6.1405235528902,nan,nan,nan,0.8917876103226,1.1213432306357,nan,nan,13,2,2,22,2.4015363702972e-12,2.4015363702972e-12,-26.754912429096,1,84
1.05,110,-6.1405235528902,nan,nan,nan,0.8917876103226,1.1213432306357,nan,nan,13,2,2,23,7.8810577436886e-13,7.8810577436886e-13,-27.869144082628,1,84
1.05,110,-6.1405235528902,nan,nan,nan,0.8917876103226,1.1213432306357,nan,nan,13,2,2,24,2.5863082873114e-13,2.5863082873114e-13,-28.983374721714,1,84
1.05,110,-6.1405235528902,nan,nan,nan,0.8917876103226,1.1213432306357,nan,nan,13,2,2,25,8.4874324413798e-14,8.4874324413798e-14,-30.097604768842,1,84
1.05,110,-6.1405235528902,nan,nan,nan,0.8917876103226,1.1213432306357,nan,nan,13,2,2,26,2.7853034642166e-14,2.7853034642166e-14,-31.211834470661,1,84
1.05,110,-6.1405235528902,nan,nan,nan,0.8917876103226,1.1213432306357,nan,nan,13,2,2,27,9.1404756435496e-15,9.1404756435496e-15,-32.326063971023,1,84
1.05,110,-6.1405235528902,nan,nan,nan,0.8917876103226,1.1213432306357,nan,nan,13,2,2,28,2.9996122822614e-15,2.9996122822614e-15,-33.440293353841,1,84
1.05,110,-6.1405235528902,nan,nan,nan,0.8917876103226,1.1213432306357,nan,nan,13,2,2,29,9.8437705122395e-16,9.8437705122395e-16,-34.554522668098,1,84
1.05,110,-6.1405235528902,nan,nan,nan,0.8917876103226,1.1213432306357,nan,nan,13,2,2,30,3.2304115551081e-16,3.2304115551081e-16,-35.668751942345,1,84
1.05,110,-6.1405235528902,nan,nan,nan,0.8917876103226,1.1213432306357,nan,nan,13,2,2,31,1.0601180762436e-16,1.0601180762436e-16,-36.782981193302,1,84
1.05,110,-6.1405235528902,nan,nan,nan,0.8917876103226,1.1213432306357,nan,nan,13,2,2,32,3.4789695732036e-17,3.4789695732036e-17,-37.897210430613,1,84
1.05,110,-6.1405235528902,nan,nan,nan,0.8917876103226,1.1213432306357,nan,nan,13,2,2,33,1.1416869176303e-17,1.1416869176303e-17,-39.01143965994,1,84
1.05,110,-6.1405235528902,nan,nan,nan,0.8917876103226,1.1213432306357,nan,nan,13,2,2,34,3.7466525546479e-18,3.7466525546479e-18,-40.125668884656,1,84
1.05,110,-6.1405235528902,nan,nan,nan,0.8917876103226,1.1213432306357,nan,nan,13,2,2,35,1.2295319484106e-18,1.2295319484106e-18,-41.239898106676,1,84
1.05,110,-6.1405235528902,nan,nan,nan,0.8917876103226,1.1213432306357,nan,nan,13,2,2,36,4.0349319626783e-19,4.0349319626783e-19,-42.354127327097,1,84
1.05,110,-6.1405235528902,nan,nan,nan,0.8917876103226,1.1213432306357,nan,nan,13,2,2,37,1.3241360648965e-19,1.3241360648965e-19,-43.468356546604,1,84
1.05,110,-6.1405235528902,nan,nan,nan,0.8917876103226,1.1213432306357,nan,nan,13,2,2,38,4.3453925258649e-20,4.3453925258649e-20,-44.582585765574,1,84
1.05,110,-6.1405235528902,nan,nan,nan,0.8917876103226,1.1213432306357,nan,nan,13,2,2,39,1.4260193276679e-20,1.4260193276679e-20,-45.696814984216,1,84
1.05,110,-6.1405235528902,nan,nan,nan,0.8917876103226,1.1213432306357,nan,nan,13,2,2,40,4.6797409236536e-21,4.6797409236536e-21,-46.811044202671,1,84
1.05,110,-6.1405235528902,nan,nan,nan,0.8917876103226,1.1213432306357,nan,nan,13,2,2,41,1.5357418156852e-21,1.5357418156852e-21,-47.925273421025,1,84
1.05,110,-6.1405235528902,nan,nan,nan,0.8917876103226,1.1213432306357,nan,nan,13,2,2,42,5.0398151587107e-22,5.0398151587107e-22,-49.039502639317,1,84
1.05,110,-6.1405235528902,nan,nan,nan,0.8917876103226,1.1213432306357,nan,nan,13,2,2,43,1.6539067032451e-22,1.6539067032451e-22,-50.153731857603,1,84
1.05,110,-6.1405235528902,nan,nan,nan,0.8917876103226,1.1213432306357,nan,nan,13,2,2,44,5.4275946576005e-23,5.4275946576005e-23,-51.267961075876,1,84
1.05,110,-6.1405235528902,nan,nan,nan,0.8917876103226,1.1213432306357,nan,nan,13,2,2,45,1.7811635753306e-23,1.7811635753306e-23,-52.382190294118,1,84
1.05,110,-6.1405235528902,nan,nan,nan,0.8917876103226,1.1213432306357,nan,nan,13,2,2,46,5.8452111521474e-24,5.8452111521474e-24,-53.496419512325,1,84
1.05,110,-6.1405235528902,nan,nan,nan,0.8917876103226,1.1213432306357,nan,nan,13,2,2,47,1.9182119984013e-24,1.9182119984013e-24,-54.610648730534,1,84
1.05,110,-6.1405235528902,nan,nan,nan,0.8917876103226,1.1213432306357,nan,nan,13,2,2,48,6.2949603956519e-25,6.2949603956519e-25,-55.724877948772,1,84
1.05,110,-6.1405235528902,nan,nan,nan,0.8917876103226,1.1213432306357,nan,nan,13,2,2,49,2.0658053654405e-25,2.0658053654405e-25,-56.839107166994,1,84
1.05,110,-6.1405235528902,nan,nan,nan,0.8917876103226,1.1213432306357,nan,nan,13,2,2,50,6.7793147845478e-26,6.7793147845478e-26,-57.953336385226,1,84
1.05,110,-6.1405235528902,nan,nan,nan,0.8917876103226,1.1213432306357,nan,nan,13,2,2,51,2.2247550382745e-26,2.2247550382745e-26,-59.067565603445,1,84
1.05,110,-6.1405235528902,nan,nan,nan,0.8917876103226,1.1213432306357,nan,nan,13,2,2,52,7.3009369497515e-27,7.3009369497515e-27,-60.18179482164,1,84
1.05,110,-6.1405235528902,nan,nan,nan,0.8917876103226,1.1213432306357,nan,nan,13,2,2,53,2.3959348075599e-27,2.3959348075599e-27,-61.296024039821,1,84
1.05,110,-6.1405235528902,nan,nan,nan,0.8917876103226,1.1213432306357,nan,nan,13,2,2,54,7.8626943918593e-28,7.8626943918593e-28,-62.410253258187,1,84
1.05,110,-6.1405235528902,nan,nan,nan,0.8917876103226,1.1213432306357,nan,nan,13,2,2,55,2.5802856955637e-28,2.5802856955637e-28,-63.524482476316,1,84
1.05,110,-6.1405235528902,nan,nan,nan,0.8917876103226,1.1213432306357,nan,nan,13,2,2,56,8.467675248398e-29,8.467675248398e-29,-64.638711694739,1,84
1.05,110,-6.1405235528902,nan,nan,nan,0.8917876103226,1.1213432306357,nan,nan,13,2,2,57,2.7788211403871e-29,2.7788211403871e-29,-65.75294090928,1,84
1.05,110,-6.1405235528902,nan,nan,nan,0.8917876103226,1.1213432306357,nan,nan,13,2,2,58,9.1192052236932e-30,9.1192052236932e-30,-66.867170136057,1,84
1.05,110,-6.1405235528902,nan,nan,nan,0.8917876103226,1.1213432306357,nan,nan,13,2,2,59,2.9926324275267e-30,2.9926324275267e-30,-67.981399379209,1,84
1.05,110,-6.1405235528902,nan,nan,nan,0.8917876103226,1.1213432306357,nan,nan,13,2,2,60,9.820866335238e-31,9.820866335238e-31,-69.095628542829,1,84
1.05,110,-6.1405235528902,nan,nan,nan,0.8917876103226,1.1213432306357,nan,nan,13,2,2,61,3.2228951196272e-31,3.2228951196272e-31,-70.209857821738,1,84
1.05,110,-6.1405235528902,nan,nan,nan,0.8917876103226,1.1213432306357,nan,nan,13,2,2,62,1.0576517817157e-31,1.0576517817157e-31,-71.324086732367,1,84
1.05,110,-6.1405235528902,nan,nan,nan,0.8917876103226,1.1213432306357,nan,nan,13,2,2,63,3.4708607321439e-32,3.4708607321439e-32,-72.438320363001,1,84
1.05,110,-6.1405235528902,nan,nan,nan,0.8917876103226,1.1213432306357,nan,nan,13,2,2,64,1.1390313482097e-32,1.1390313482097e-32,-73.552544769151,1,84
1.05,110,-6.1405235528902,nan,nan,nan,0.8917876103226,1.1213432306357,nan,nan,13,2,2,65,3.7379434158562e-33,3.7379434158562e-33,-74.66677249743,1,84
1.05,110,-6.1405235528902,nan,nan,nan,0.8917876103226,1.1213432306357,nan,nan,13,2,2,66,1.2266565495523e-33,1.2266565495523e-33,-75.781015852972,1,84
1.05,110,-6.1405235528902,nan,nan,nan,0.8917876103226,1.1213432306357,nan,nan,13,2,2,67,4.0247874850734e-34,4.0247874850734e-34,-76.89542105106,1,84
1.05,110,-6.1405235528902,nan,nan,nan,0.8917876103226,1.1213432306357,nan,nan,13,2,2,68,1.3236956067847e-34,1.3236956067847e-34,-78.007465634956,1,84
1.05,110,-6.1405235528902,nan,nan,nan,0.8917876103226,1.1213432306357,nan,nan,13,2,2,69,4.3358730363309e-35,4.3358730363309e-35,-79.123555272372,1,84
1.05,110,-6.1405235528902,nan,nan,nan,0.8917876103226,1.1213432306357,nan,nan,13,2,2,70,1.4228783756308e-35,1.4228783756308e-35,-80.23779640973,1,84
1.05,110,-6.1405235528902,nan,nan,nan,0.8917876103226,1.1213432306357,nan,nan,13,2,2,71,4.6546943002768e-36,4.6546943002768e-36,-81.355187110475,1,84
1.05,110,-6.1405235528902,nan,nan,nan,0.8917876103226,1.1213432306357,nan,nan,13,2,2,72,1.5178967712025e-36,1.5178967712025e-36,-82.475737674285,1,84
1.05,110,-6.1405235528902,nan,nan,nan,0.8917876103226,1.1213432306357,nan,nan,13,2,2,73,4.8641333547884e-37,4.8641333547884e-37,-83.6137598798,1,84
1.05,110,-6.1405235528902,nan,nan,nan,0.8917876103226,1.1213432306357,nan,nan,13,2,2,74,1.2733194437942e-37,1.2733194437942e-37,-84.954021214904,1,84
1.05,110,-6.1405235528902,nan,nan,nan,0.8917876103226,1.1213432306357,nan,nan,13,2,2,75,9.4144593325154e-38,9.4144593325154e-38,-85.255986799494,1,84
1.05,110,-6.1405235528902,nan,nan,nan,0.8917876103226,1.1213432306357,nan,nan,13,2,2,76,4.6776998753653e-38,4.6776998753653e-38,-85.955427024283,1,84
1.05,110,-6.1405235528902,nan,nan,nan,0.8917876103226,1.1213432306357,nan,nan,13,2,2,77,-2.1514168399579e-38,2.1514168399579e-38,-86.732106913347,1,84
1.05,110,-6.1405235528902,nan,nan,nan,0.8917876103226,1.1213432306357,nan,nan,13,2,2,78,1.7245732247107e-38,1.7245732247107e-38,-86.953253919865,1,84
1.05,110,-6.1405235528902,nan,nan,nan,0.8917876103226,1.1213432306357,nan,nan,13,2,2,79,-1.2554746577029e-38,1.2554746577029e-38,-87.270719819386,1,84
1.05,110,-6.1405235528902,nan,nan,nan,0.8917876103226,1.1213432306357,nan,nan,13,2,2,80,1.5341161768262e-38,1.5341161768262e-38,-87.070279099129,1,84
1.05,110,-6.1405235528902,nan,nan,nan,0.8917876103226,1.1213432306357,nan,nan,13,2,2,81,2.4439837366096e-38,2.4439837366096e-38,-86.604604146902,1,84
1.05,110,-6.1405235528902,nan,nan,nan,0.8917876103226,1.1213432306357,nan,nan,13,2,2,82,3.6879371743958e-38,3.6879371743958e-38,-86.193166263367,1,84
1.05,110,-6.1405235528902,nan,nan,nan,0.8917876103226,1.1213432306357,nan,nan,13,2,2,83,-1.1466914776689e-38,1.1466914776689e-38,-87.361352713789,1,84
1.05,110,-6.1405235528902,nan,nan,nan,0.8917876103226,1.1213432306357,nan,nan,13,2,2,84,1.687149397882e-38,1.687149397882e-38,-86.975193175813,1,84
1.1,110,-4.8178577183498,nan,nan,nan,0.78199723998559,1.2787768918704,nan,nan,13,2,2,1,0.043255132923187,0.043255132923187,-3.1406393723413,1,84
1.1,110,-4.8178577183498,nan,nan,nan,0.78199723998559,1.2787768918704,nan,nan,13,2,2,2,0.010736797560999,0.010736797560999,-4.5340784130435,1,84
1.1,110,-4.8178577183498,nan,nan,nan,0.78199723998559,1.2787768918704,nan,nan,13,2,2,3,0.0027476914007827,0.0027476914007827,-5.8969942104977,1,84
1.1,110,-4.8178577183498,nan,nan,nan,0.78199723998559,1.2787768918704,nan,nan,13,2,2,4,0.00072638998426501,0.00072638998426501,-7.2274235189537,1,84
1.1,110,-4.8178577183498,nan,nan,nan,0.78199723998559,1.2787768918704,nan,nan,13,2,2,5,0.00019648323869637,0.00019648323869637,-8.5349334295483,1,84
1.1,110,-4.8178577183498,nan,nan,nan,0.78199723998559,1.2787768918704,nan,nan,13,2,2,6,5.3949276843761e-05,5.3949276843761e-05,-9.8274662705435,1,84
1.1,110,-4.8178577183498,nan,nan,nan,0.78199723998559,1.2787768918704,nan,nan,13,2,2,7,1.4951853287629e-05,1.4951853287629e-05,-11.110675300083,1,84
1.1,110,-4.8178577183498,nan,nan,nan,0.78199723998559,1.2787768918704,nan,nan,13,2,2,8,4.1673285157042e-06,4.1673285157042e-06,-12.388235371169,1,84
1.1,110,-4.8178577183498,nan,nan,nan,0.78199723998559,1.2787768918704,nan,nan,13,2,2,9,1.1654280353783e-06,1.1654280353783e-06,-13.662422126084,1,84
1.1,110,-4.8178577183498,nan,nan,nan,0.78199723998559,1.2787768918704,nan,nan,13,2,2,10,3.2657367342048e-07,3.2657367342048e-07,-14.93461026768,1,84
1.1,110,-4.8178577183498,nan,nan,nan,0.78199723998559,1.2787768918704,nan,nan,13,2,2,11,9.1619701732839e-08,9.1619701732839e-08,-16.205619503974,1,84
1.1,110,-4.8178577183498,nan,nan,nan,0.78199723998559,1.2787768918704,nan,nan,13,2,2,12,2.5721589973944e-08,2.5721589973944e-08,-17.475935120905,1,84
1.1,110,-4.8178577183498,nan,nan,nan,0.78199723998559,1.2787768918704,nan,nan,13,2,2,13,7.224099496687e-09,7.224099496687e-09,-18.745843247853,1,84
1.1,110,-4.8178577183498,nan,nan,nan,0.78199723998559,1.2787768918704,nan,nan,13,2,2,14,2.0294273236377e-09,2.0294273236377e-09,-20.015512190275,1,84
1.1,110,-4.8178577183498,nan,nan,nan,0.78199723998559,1.2787768918704,nan,nan,13,2,2,15,5.7019608220809e-10,5.7019608220809e-10,-21.285040810382,1,84
1.1,110,-4.8178577183498,nan,nan,nan,0.78199723998559,1.2787768918704,nan,nan,13,2,2,16,1.6021777501376e-10,1.6021777501376e-10,-22.554487132307,1,84
1.1,110,-4.8178577183498,nan,nan,nan,0.78199723998559,1.2787768918704,nan,nan,13,2,2,17,4.5021309428709e-11,4.5021309428709e-11,-23.823885195384,1,84
1.1,110,-4.8178577183498,nan,nan,nan,0.78199723998559,1.2787768918704,nan,nan,13,2,2,18,1.2651378138034e-11,1.2651378138034e-11,-25.093254962971,1,84
1.1,110,-4.8178577183498,nan,nan,nan,0.78199723998559,1.2787768918704,nan,nan,13,2,2,19,3.5552058815296e-12,3.5552058815296e-12,-26.362608141121,1,84
1.1,110,-4.8178577183498,nan,nan,nan,0.78199723998559,1.2787768918704,nan,nan,13,2,2,20,9.9906995533686e-13,9.9906995533686e-13,-27.631951593352,1,84
1.1,110,-4.8178577183498,nan,nan,nan,0.78199723998559,1.2787768918704,nan,nan,13,2,2,21,2.8075630506067e-13,2.8075630506067e-13,-28.901289343626,1,84
1.1,110,-4.8178577183498,nan,nan,nan,0.78199723998559,1.2787768918704,nan,nan,13,2,2,22,7.889774473111e-14,7.889774473111e-14,-30.170623751357,1,84
1.1,110,-4.8178577183498,nan,nan,nan,0.78199723998559,1.2787768918704,nan,nan,13,2,2,23,2.2171777481611e-14,2.2171777481611e-14,-31.439956199412,1,84
1.1,110,-4.8178577183498,nan,nan,nan,0.78199723998559,1.2787768918704,nan,nan,13,2,2,24,6.2307013093855e-15,6.2307013093855e-15,-32.709287498722,1,84
1.1,110,-4.8178577183498,nan,nan,nan,0.78199723998559,1.2787768918704,nan,nan,13,2,2,25,1.7509496022404e-15,1.7509496022404e-15,-33.978618124294,1,84
1.1,110,-4.8178577183498,nan,nan,nan,0.78199723998559,1.2787768918704,nan,nan,13,2,2,26,4.9205146726405e-16,4.9205146726405e-16,-35.247948354611,1,84
1.1,110,-4.8178577183498,nan,nan,nan,0.78199723998559,1.2787768918704,nan,nan,13,2,2,27,1.382762257499e-16,1.382762257499e-16,-36.517278353471,1,84
1.1,110,-4.8178577183498,nan,nan,nan,0.78199723998559,1.2787768918704,nan,nan,13,2,2,28,3.8858368420314e-17,3.8858368420314e-17,-37.786608216921,1,84
1.1,110,-4.8178577183498,nan,nan,nan,0.78199723998559,1.2787768918704,nan,nan,13,2,2,29,1.0919974915044e-17,1.0919974915044e-17,-39.055938000736,1,84
1.1,110,-4.8178577183498,nan,nan,nan,0.78199723998559,1.2787768918704,nan,nan,13,2,2,30,3.068730431911e-18,3.068730431911e-18,-40.325267737919,1,84
1.1,110,-4.8178577183498,nan,nan,nan,0.78199723998559,1.2787768918704,nan,nan,13,2,2,31,8.623743912284e-19,8.623743912284e-19,-41.594597447933,1,84
1.1,110,-4.8178577183498,nan,nan,nan,0.78199723998559,1.2787768918704,nan,nan,13,2,2,32,2.4234438935193e-19,2.4234438935193e-19,-42.863927141865,1,84
1.1,110,-4.8178577183498,nan,nan,nan,0.78199723998559,1.2787768918704,nan,nan,13,2,2,33,6.8103603492447e-20,6.8103603492447e-20,-44.133256826399,1,84
1.1,110,-4.8178577183498,nan,nan,nan,0.78199723998559,1.2787768918704,nan,nan,13,2,2,34,1.9138470037017e-20,1.9138470037017e-20,-45.402586505415,1,84
1.1,110,-4.8178577183498,nan,nan,nan,0.78199723998559,1.2787768918704,nan,nan,13,2,2,35,5.3782915708698e-21,5.3782915708698e-21,-46.671916181014,1,84
1.1,110,-4.8178577183498,nan,nan,nan,0.78199723998559,1.2787768918704,nan,nan,13,2,2,36,1.5114071405857e-21,1.5114071405857e-21,-47.941245854797,1,84
1.1,110,-4.8178577183498,nan,nan,nan,0.78199723998559,1.2787768918704,nan,nan,13,2,2,37,4.2473553488803e-22,4.2473553488803e-22,-49.210575527475,1,84
1.1,110,-4.8178577183498,nan,nan,nan,0.78199723998559,1.2787768918704,nan,nan,13,2,2,38,1.1935915204322e-22,1.1935915204322e-22,-50.479905199622,1,84
1.1,110,-4.8178577183498,nan,nan,nan,0.78199723998559,1.2787768918704,nan,nan,13,2,2,39,3.3542301057843e-23,3.3542301057843e-23,-51.74923487144,1,84
1.1,110,-4.8178577183498,nan,nan,nan,0.78199723998559,1.2787768918704,nan,nan,13,2,2,40,9.4260552395483e-24,9.4260552395483e-24,-53.018564543034,1,84
1.1,110,-4.8178577183498,nan,nan,nan,0.78199723998559,1.2787768918704,nan,nan,13,2,2,41,2.6489094245045e-24,2.6489094245045e-24,-54.287894214487,1,84
1.1,110,-4.8178577183498,nan,nan,nan,0.78199723998559,1.2787768918704,nan,nan,13,2,2,42,7.4439635261257e-25,7.4439635261257e-25,-55.557223885851,1,84
1.1,110,-4.8178577183498,nan,nan,nan,0.78199723998559,1.2787768918704,nan,nan,13,2,2,43,2.0919021417066e-25,2.0919021417066e-25,-56.826553557129,1,84
1.1,110,-4.8178577183498,nan,nan,nan,0.78199723998559,1.2787768918704,nan,nan,13,2,2,44,5.8786620259542e-26,5.8786620259542e-26,-58.095883228434,1,84
1.1,110,-4.8178577183498,nan,nan,nan,0.78199723998559,1.2787768918704,nan,nan,13,2,2,45,1.6520212169479e-26,1.6520212169479e-26,-59.36521289964,1,84
1.1,110,-4.8178577183498,nan,nan,nan,0.78199723998559,1.2787768918704,nan,nan,13,2,2,46,4.6425089401965e-27,4.6425089401965e-27,-60.634542570867,1,84
1.1,110,-4.8178577183498,nan,nan,nan,0.78199723998559,1.2787768918704,nan,nan,13,2,2,47,1.3046375578642e-27,1.3046375578642e-27,-61.903872242077,1,84
1.1,110,-4.8178577183498,nan,nan,nan,0.78199723998559,1.2787768918704,nan,nan,13,2,2,48,3.6662916093743e-28,3.6662916093743e-28,-63.173201913287,1,84
1.1,110,-4.8178577183498,nan,nan,nan,0.78199723998559,1.2787768918704,nan,nan,13,2,2,49,1.0303010277246e-28,1.0303010277246e-28,-64.442531584365,1,84
1.1,110,-4.8178577183498,nan,nan,nan,0.78199723998559,1.2787768918704,nan,nan,13,2,2,50,2.8953512663709e-29,2.8953512663709e-29,-65.711861257629,1,84
1.1,110,-4.8178577183498,nan,nan,nan,0.78199723998559,1.2787768918704,nan,nan,13,2,2,51,8.1365142528484e-30,8.1365142528484e-30,-66.981190925987,1,84
1.1,110,-4.8178577183498,nan,nan,nan,0.78199723998559,1.2787768918704,nan,nan,13,2,2,52,2.2865226843897e-30,2.2865226843897e-30,-68.250520604744,1,84
1.1,110,-4.8178577183498,nan,nan,nan,0.78199723998559,1.2787768918704,nan,nan,13,2,2,53,6.4255845560024e-31,6.4255845560024e-31,-69.519850274694,1,84
1.1,110,-4.8178577183498,nan,nan,nan,0.78199723998559,1.2787768918704,nan,nan,13,2,2,54,1.8057174867841e-31,1.8057174867841e-31,-70.789179870409,1,84
1.1,110,-4.8178577183498,nan,nan,nan,0.78199723998559,1.2787768918704,nan,nan,13,2,2,55,5.0744251843154e-32,5.0744251843154e-32,-72.058509721471,1,84
1.1,110,-4.8178577183498,nan,nan,nan,0.78199723998559,1.2787768918704,nan,nan,13,2,2,56,1.4260166312629e-32,1.4260166312629e-32,-73.327837991008,1,84
1.1,110,-4.8178577183498,nan,nan,nan,0.78199723998559,1.2787768918704,nan,nan,13,2,2,57,4.0073532401734e-33,4.0073532401734e-33,-74.597177085264,1,84
1.1,110,-4.8178577183498,nan,nan,nan,0.78199723998559,1.2787768918704,nan,nan,13,2,2,58,1.1261561306358e-33,1.1261561306358e-33,-75.866497889164,1,84
1.1,110,-4.8178577183498,nan,nan,nan,0.78199723998559,1.2787768918704,nan,nan,13,2,2,59,3.1646691677212e-34,3.1646691677212e-34,-77.135844640031,1,84
1.1,110,-4.8178577183498,nan,nan,nan,0.78199723998559,1.2787768918704,nan,nan,13,2,2,60,8.8929650821859e-35,8.8929650821859e-35,-78.40521773082,1,84
1.1,110,-4.8178577183498,nan,nan,nan,0.78199723998559,1.2787768918704,nan,nan,13,2,2,61,2.4999130504994e-35,2.4999130504994e-35,-79.674222303323,1,84
1.1,110,-4.8178577183498,nan,nan,nan,0.78199723998559,1.2787768918704,nan,nan,13,2,2,62,7.0417369584079e-36,7.0417369584079e-36,-80.941208481001,1,84
1.1,110,-4.8178577183498,nan,nan,nan,0.78199723998559,1.2787768918704,nan,nan,13,2,2,63,1.9591179223883e-36,1.9591179223883e-36,-82.220569015439,1,84
1.1,110,-4.8178577183498,nan,nan,nan,0.78199723998559,1.2787768918704,nan,nan,13,2,2,64,5.4864690008506e-37,5.4864690008506e-37,-83.493363561424,1,84
1.1,110,-4.8178577183498,nan,nan,nan,0.78199723998559,1.2787768918704,nan,nan,13,2,2,65,1.3383134449868e-37,1.3383134449868e-37,-84.904238242692,1,84
1.1,110,-4.8178577183498,nan,nan,nan,0.78199723998559,1.2787768918704,nan,nan,13,2,2,66,2.7456191721138e-38,2.7456191721138e-38,-86.488226920636,1,84
1.1,110,-4.8178577183498,nan,nan,nan,0.78199723998559,1.2787768918704,nan,nan,13,2,2,67,2.6450538691983e-38,2.6450538691983e-38,-86.525542102244,1,84
1.1,110,-4.8178577183498,nan,nan,nan,0.78199723998559,1.2787768918704,nan,nan,13,2,2,68,-8.5807975576267e-39,8.5807975576267e-39,-87.651291762154,1,84
1.1,110,-4.8178577183498,nan,nan,nan,0.78199723998559,1.2787768918704,nan,nan,13,2,2,69,-1.0980969366276e-38,1.0980969366276e-38,-87.404654909859,1,84
1.1,110,-4.8178577183498,nan,nan,nan,0.78199723998559,1.2787768918704,nan,nan,13,2,2,70,2.3608589072185e-39,2.3608589072185e-39,-88.941793130205,1,84
1.1,110,-4.8178577183498,nan,nan,nan,0.78199723998559,1.2787768918704,nan,nan,13,2,2,71,-3.1312220118391e-39,3.1312220118391e-39,-88.659395279292,1,84
1.1,110,-4.8178577183498,nan,nan,nan,0.78199723998559,1.2787768918704,nan,nan,13,2,2,72,6.382995454967e-39,6.382995454967e-39,-87.947181132547,1,84
1.1,110,-4.8178577183498,nan,nan,nan,0.78199723998559,1.2787768918704,nan,nan,13,2,2,73,-1.6618952819612e-38,1.6618952819612e-38,-86.990274846569,1,84
1.1,110,-4.8178577183498,nan,nan,nan,0.78199723998559,1.2787768918704,nan,nan,13,2,2,74,4.359010156728e-38,4.359010156728e-38,-86.025988530461,1,84
1.1,110,-4.8178577183498,nan,nan,nan,0.78199723998559,1.2787768918704,nan,nan,13,2,2,75,3.3060691707119e-39,3.3060691707119e-39,-88.605058704807,1,84
1.1,110,-4.8178577183498,nan,nan,nan,0.78199723998559,1.2787768918704,nan,nan,13,2,2,76,-8.7728930811852e-39,8.7728930811852e-39,-87.629151990954,1,84
1.1,110,-4.8178577183498,nan,nan,nan,0.78199723998559,1.2787768918704,nan,nan,13,2,2,77,3.1260324117859e-39,3.1260324117859e-39,-88.661054026369,1,84
1.1,110,-4.8178577183498,nan,nan,nan,0.78199723998559,1.2787768918704,nan,nan,13,2,2,78,2.0502174830647e-38,2.0502174830647e-38,-86.780287656951,1,84
1.1,110,-4.8178577183498,nan,nan,nan,0.78199723998559,1.2787768918704,nan,nan,13,2,2,79,6.6893254345048e-39,6.6893254345048e-39,-87.900305589624,1,84
1.1,110,-4.8178577183498,nan,nan,nan,0.78199723998559,1.2787768918704,nan,nan,13,2,2,80,-1.6642386450341e-38,1.6642386450341e-38,-86.988865785171,1,84
1.1,110,-4.8178577183498,nan,nan,nan,0.78199723998559,1.2787768918704,nan,nan,13,2,2,81,-1.0393123914725e-38,1.0393123914725e-38,-87.45967420133,1,84
1.1,110,-4.8178577183498,nan,nan,nan,0.78199723998559,1.2787768918704,nan,nan,13,2,2,82,4.3808980808355e-38,4.3808980808355e-38,-86.020979789117,1,84
1.1,110,-4.8178577183498,nan,nan,nan,0.78199723998559,1.2787768918704,nan,nan,13,2,2,83,-1.246317626954e-38,1.246317626954e-38,-87.278040228596,1,84
1.1,110,-4.8178577183498,nan,nan,nan,0.78199723998559,1.2787768918704,nan,nan,13,2,2,84,1.2383939242787e-38,1.2383939242787e-38,-87.284418216038,1,84
1.15,110,-3.8003835186768,nan,nan,nan,0.69708031864916,1.4345549189193,nan,nan,13,2,2,1,0.037865139399675,0.037865139399675,-3.2737243949317,1,84
1.15,110,-3.8003835186768,nan,nan,nan,0.69708031864916,1.4345549189193,nan,nan,13,2,2,2,0.0079588508430535,0.0079588508430535,-4.8334706559983,1,84
1.15,110,-3.8003835186768,nan,nan,nan,0.69708031864916,1.4345549189193,nan,nan,13,2,2,3,0.0017389007830917,0.0017389007830917,-6.354502099239,1,84
1.15,110,-3.8003835186768,nan,nan,nan,0.69708031864916,1.4345549189193,nan,nan,13,2,2,4,0.00039341877854156,0.00039341877854156,-7.8406359191842,1,84
1.15,110,-3.8003835186768,nan,nan,nan,0.69708031864916,1.4345549189193,nan,nan,13,2,2,5,9.1151644862472e-05,9.1151644862472e-05,-9.3029860113362,1,84
1.15,110,-3.8003835186768,nan,nan,nan,0.69708031864916,1.4345549189193,nan,nan,13,2,2,6,2.1447075347294e-05,2.1447075347294e-05,-10.749922269332,1,84
1.15,110,-3.8003835186768,nan,nan,nan,0.69708031864916,1.4345549189193,nan,nan,13,2,2,7,5.0949694329751e-06,5.0949694329751e-06,-12.187256890724,1,84
1.15,110,-3.8003835186768,nan,nan,nan,0.69708031864916,1.4345549189193,nan,nan,13,2,2,8,1.2174473460091e-06,1.2174473460091e-06,-13.618754230556,1,84
1.15,110,-3.8003835186768,nan,nan,nan,0.69708031864916,1.4345549189193,nan,nan,13,2,2,9,2.9193007603698e-07,2.9193007603698e-07,-15.046751528981,1,84
1.15,110,-3.8003835186768,nan,nan,nan,0.69708031864916,1.4345549189193,nan,nan,13,2,2,10,7.0147432687804e-08,7.0147432687804e-08,-16.472666628533,1,84
1.15,110,-3.8003835186768,nan,nan,nan,0.69708031864916,1.4345549189193,nan,nan,13,2,2,11,1.6876417084542e-08,1.6876417084542e-08,-17.897348628333,1,84
1.15,110,-3.8003835186768,nan,nan,nan,0.69708031864916,1.4345549189193,nan,nan,13,2,2,12,4.0631702766109e-09,4.0631702766109e-09,-19.321302311734,1,84
1.15,110,-3.8003835186768,nan,nan,nan,0.69708031864916,1.4345549189193,nan,nan,13,2,2,13,9.7867011150878e-10,9.7867011150878e-10,-20.744826494934,1,84
1.15,110,-3.8003835186768,nan,nan,nan,0.69708031864916,1.4345549189193,nan,nan,13,2,2,14,2.3578573465807e-10,2.3578573465807e-10,-22.168097627289,1,84
1.15,110,-3.8003835186768,nan,nan,nan,0.69708031864916,1.4345549189193,nan,nan,13,2,2,15,5.6815056279527e-11,5.6815056279527e-11,-23.591219749984,1,84
1.15,110,-3.8003835186768,nan,nan,nan,0.69708031864916,1.4345549189193,nan,nan,13,2,2,16,1.3691387150271e-11,1.3691387150271e-11,-25.014254155956,1,84
1.15,110,-3.8003835186768,nan,nan,nan,0.69708031864916,1.4345549189193,nan,nan,13,2,2,17,3.2995436810301e-12,3.2995436810301e-12,-26.437236935493,1,84
1.15,110,-3.8003835186768,nan,nan,nan,0.69708031864916,1.4345549189193,nan,nan,13,2,2,18,7.9519475684184e-13,7.9519475684184e-13,-27.860189333099,1,84
1.15,110,-3.8003835186768,nan,nan,nan,0.69708031864916,1.4345549189193,nan,nan,13,2,2,19,1.9164650259591e-13,1.9164650259591e-13,-29.283123852163,1,84
1.15,110,-3.8003835186768,nan,nan,nan,0.69708031864916,1.4345549189193,nan,nan,13,2,2,20,4.6188393478052e-14,4.6188393478052e-14,-30.706047851804,1,84
1.15,110,-3.8003835186768,nan,nan,nan,0.69708031864916,1.4345549189193,nan,nan,13,2,2,21,1.1131854059029e-14,1.1131854059029e-14,-32.128965661373,1,84
1.15,110,-3.8003835186768,nan,nan,nan,0.69708031864916,1.4345549189193,nan,nan,13,2,2,22,2.6828953514865e-15,2.6828953514865e-15,-33.551879828519,1,84
1.15,110,-3.8003835186768,nan,nan,nan,0.69708031864916,1.4345549189193,nan,nan,13,2,2,23,6.4660773067906e-16,6.4660773067906e-16,-34.974791852782,1,84
1.15,110,-3.8003835186768,nan,nan,nan,0.69708031864916,1.4345549189193,nan,nan,13,2,2,24,1.5583987817735e-16,1.5583987817735e-16,-36.397702615715,1,84
1.15,110,-3.8003835186768,nan,nan,nan,0.69708031864916,1.4345549189193,nan,nan,13,2,2,25,3.7559225658527e-17,3.7559225658527e-17,-37.820612635885,1,84
1.15,110,-3.8003835186768,nan,nan,nan,0.69708031864916,1.4345549189193,nan,nan,13,2,2,26,9.0522147761169e-18,9.0522147761169e-18,-39.243522219479,1,84
1.15,110,-3.8003835186768,nan,nan,nan,0.69708031864916,1.4345549189193,nan,nan,13,2,2,27,2.1816907009747e-18,2.1816907009747e-18,-40.66643154677,1,84
1.15,110,-3.8003835186768,nan,nan,nan,0.69708031864916,1.4345549189193,nan,nan,13,2,2,28,5.258133121711e-19,5.258133121711e-19,-42.089340722963,1,84
1.15,110,-3.8003835186768,nan,nan,nan,0.69708031864916,1.4345549189193,nan,nan,13,2,2,29,1.2672725046702e-19,1.2672725046702e-19,-43.512249810008,1,84
1.15,110,-3.8003835186768,nan,nan,nan,0.69708031864916,1.4345549189193,nan,nan,13,2,2,30,3.0542773403435e-20,3.0542773403435e-20,-44.935158845045,1,84
1.15,110,-3.8003835186768,nan,nan,nan,0.69708031864916,1.4345549189193,nan,nan,13,2,2,31,7.3611715910675e-21,7.3611715910675e-21,-46.358067849234,1,84
1.15,110,-3.8003835186768,nan,nan,nan,0.69708031864916,1.4345549189193,nan,nan,13,2,2,32,1.7741299213949e-21,1.7741299213949e-21,-47.780976835257,1,84
1.15,110,-3.8003835186768,nan,nan,nan,0.69708031864916,1.4345549189193,nan,nan,13,2,2,33,4.2758642050346e-22,4.2758642050346e-22,-49.203885810686,1,84
1.15,110,-3.8003835186768,nan,nan,nan,0.69708031864916,1.4345549189193,nan,nan,13,2,2,34,1.0305341562753e-22,1.0305341562753e-22,-50.626794779728,1,84
1.15,110,-3.8003835186768,nan,nan,nan,0.69708031864916,1.4345549189193,nan,nan,13,2,2,35,2.4837099595224e-23,2.4837099595224e-23,-52.049703745086,1,84
1.15,110,-3.8003835186768,nan,nan,nan,0.69708031864916,1.4345549189193,nan,nan,13,2,2,36,5.9860365999859e-24,5.9860365999859e-24,-53.472612708181,1,84
1.15,110,-3.8003835186768,nan,nan,nan,0.69708031864916,1.4345549189193,nan,nan,13,2,2,37,1.4427060652086e-24,1.4427060652086e-24,-54.895521669829,1,84
1.15,110,-3.8003835186768,nan,nan,nan,0.69708031864916,1.4345549189193,nan,nan,13,2,2,38,3.4770933280388e-25,3.4770933280388e-25,-56.318430630644,1,84
1.15,110,-3.8003835186768,nan,nan,nan,0.69708031864916,1.4345549189193,nan,nan,13,2,2,39,8.3802087667903e-26,8.3802087667903e-26,-57.741339591157,1,84
1.15,110,-3.8003835186768,nan,nan,nan,0.69708031864916,1.4345549189193,nan,nan,13,2,2,40,2.0197300545864e-26,2.0197300545864e-26,-59.164248551706,1,84
1.15,110,-3.8003835186768,nan,nan,nan,0.69708031864916,1.4345549189193,nan,nan,13,2,2,41,4.8677898204388e-27,4.8677898204388e-27,-60.587157512398,1,84
1.15,110,-3.8003835186768,nan,nan,nan,0.69708031864916,1.4345549189193,nan,nan,13,2,2,42,1.1731952843979e-27,1.1731952843979e-27,-62.010066472162,1,84
1.15,110,-3.8003835186768,nan,nan,nan,0.69708031864916,1.4345549189193,nan,nan,13,2,2,43,2.8275402733112e-28,2.8275402733112e-28,-63.432975431492,1,84
1.15,110,-3.8003835186768,nan,nan,nan,0.69708031864916,1.4345549189193,nan,nan,13,2,2,44,6.814708598015e-29,6.814708598015e-29,-64.855884391505,1,84
1.15,110,-3.8003835186768,nan,nan,nan,0.69708031864916,1.4345549189193,nan,nan,13,2,2,45,1.6424258746842e-29,1.6424258746842e-29,-66.278793356037,1,84
1.15,110,-3.8003835186768,nan,nan,nan,0.69708031864916,1.4345549189193,nan,nan,13,2,2,46,3.9584419872386e-30,3.9584419872386e-30,-67.701702279538,1,84
1.15,110,-3.8003835186768,nan,nan,nan,0.69708031864916,1.4345549189193,nan,nan,13,2,2,47,9.5403176135637e-31,9.5403176135637e-31,-69.124611105083,1,84
1.15,110,-3.8003835186768,nan,nan,nan,0.69708031864916,1.4345549189193,nan,nan,13,2,2,48,2.2993306146236e-31,2.2993306146236e-31,-70.54751983936,1,84
1.15,110,-3.8003835186768,nan,nan,nan,0.69708031864916,1.4345549189193,nan,nan,13,2,2,49,5.5416743135603e-32,5.5416743135603e-32,-71.970426298046,1,84
1.15,110,-3.8003835186768,nan,nan,nan,0.69708031864916,1.4345549189193,nan,nan,13,2,2,50,1.3355943931805e-32,1.3355943931805e-32,-73.393346544709,1,84
1.15,110,-3.8003835186768,nan,nan,nan,0.69708031864916,1.4345549189193,nan,nan,13,2,2,51,3.2187533112655e-33,3.2187533112655e-33,-74.816313954631,1,84
1.15,110,-3.8003835186768,nan,nan,nan,0.69708031864916,1.4345549189193,nan,nan,13,2,2,52,7.7590033010873e-34,7.7590033010873e-34,-76.239039276433,1,84
1.15,110,-3.8003835186768,nan,nan,nan,0.69708031864916,1.4345549189193,nan,nan,13,2,2,53,1.870281927634e-34,1.870281927634e-34,-77.661803978854,1,84
1.15,110,-3.8003835186768,nan,nan,nan,0.69708031864916,1.4345549189193,nan,nan,13,2,2,54,4.5112565666442e-35,4.5112565666442e-35,-79.083902522203,1,84
1.15,110,-3.8003835186768,nan,nan,nan,0.69708031864916,1.4345549189193,nan,nan,13,2,2,55,1.0906391331216e-35,1.0906391331216e-35,-80.503714369731,1,84
1.15,110,-3.8003835186768,nan,nan,nan,0.69708031864916,1.4345549189193,nan,nan,13,2,2,56,2.4577671394068e-36,2.4577671394068e-36,-81.993810076928,1,84
1.15,110,-3.8003835186768,nan,nan,nan,0.69708031864916,1.4345549189193,nan,nan,13,2,2,57,6.6816842840879e-37,6.6816842840879e-37,-83.296278346676,1,84
1.15,110,-3.8003835186768,nan,nan,nan,0.69708031864916,1.4345549189193,nan,nan,13,2,2,58,-2.3579616875759e-38,2.3579616875759e-38,-86.640435979638,1,84
1.15,110,-3.8003835186768,nan,nan,nan,0.69708031864916,1.4345549189193,nan,nan,13,2,2,59,2.9861145373199e-38,2.9861145373199e-38,-86.404260477281,1,84
1.15,110,-3.8003835186768,nan,nan,nan,0.69708031864916,1.4345549189193,nan,nan,13,2,2,60,-4.3074315467542e-38,4.3074315467542e-38,-86.037891736122,1,84
1.15,110,-3.8003835186768,nan,nan,nan,0.69708031864916,1.4345549189193,nan,nan,13,2,2,61,2.8381294662659e-37,2.8381294662659e-37,-84.152503244243,1,84
1.15,110,-3.8003835186768,nan,nan,nan,0.69708031864916,1.4345549189193,nan,nan,13,2,2,62,2.0680130561363e-37,2.0680130561363e-37,-84.469060170741,1,84
1.15,110,-3.8003835186768,nan,nan,nan,0.69708031864916,1.4345549189193,nan,nan,13,2,2,63,-2.5481629148896e-38,2.5481629148896e-38,-86.562860859768,1,84
1.15,110,-3.8003835186768,nan,nan,nan,0.69708031864916,1.4345549189193,nan,nan,13,2,2,64,5.2876531190147e-38,5.2876531190147e-38,-85.832859031142,1,84
1.15,110,-3.8003835186768,nan,nan,nan,0.69708031864916,1.4345549189193,nan,nan,13,2,2,65,-7.7594167548912e-38,7.7594167548912e-38,-85.449326362855,1,84
1.15,110,-3.8003835186768,nan,nan,nan,0.69708031864916,1.4345549189193,nan,nan,13,2,2,66,-3.317621870737e-38,3.317621870737e-38,-86.298985311509,1,84
1.15,110,-3.8003835186768,nan,nan,nan,0.69708031864916,1.4345549189193,nan,nan,13,2,2,67,3.4318381327013e-38,3.4318381327013e-38,-86.265137517392,1,84
1.15,110,-3.8003835186768,nan,nan,nan,0.69708031864916,1.4345549189193,nan,nan,13,2,2,68,8.9952484343578e-38,8.9952484343578e-38,-85.301537047591,1,84
1.15,110,-3.8003835186768,nan,nan,nan,0.69708031864916,1.4345549189193,nan,nan,13,2,2,69,2.4222266267087e-38,2.4222266267087e-38,-86.613546322951,1,84
1.15,110,-3.8003835186768,nan,nan,nan,0.69708031864916,1.4345549189193,nan,nan,13,2,2,70,-1.0259043417571e-38,1.0259043417571e-38,-87.472659025527,1,84
1.15,110,-3.8003835186768,nan,nan,nan,0.69708031864916,1.4345549189193,nan,nan,13,2,2,71,7.1620174463382e-38,7.1620174463382e-38,-85.529441826241,1,84
1.15,110,-3.8003835186768,nan,nan,nan,0.69708031864916,1.4345549189193,nan,nan,13,2,2,72,-8.961575938279e-38,8.961575938279e-38,-85.305287436284,1,84
1.15,110,-3.8003835186768,nan,nan,nan,0.69708031864916,1.4345549189193,nan,nan,13,2,2,73,-4.1067635789526e-38,4.1067635789526e-38,-86.085598265844,1,84
1.15,110,-3.8003835186768,nan,nan,nan,0.69708031864916,1.4345549189193,nan,nan,13,2,2,74,-3.2603052487763e-38,3.2603052487763e-38,-86.316412708185,1,84
1.15,110,-3.8003835186768,nan,nan,nan,0.69708031864916,1.4345549189193,nan,nan,13,2,2,75,-3.009133918714e-40,3.009133918714e-40,-91.001751417051,1,84
1.15,110,-3.8003835186768,nan,nan,nan,0.69708031864916,1.4345549189193,nan,nan,13,2,2,76,-1.8709938765988e-38,1.8709938765988e-38,-86.871763759283,1,84
1.15,110,-3.8003835186768,nan,nan,nan,0.69708031864916,1.4345549189193,nan,nan,13,2,2,77,2.9464559555094e-37,2.9464559555094e-37,-84.115045363666,1,84
1.15,110,-3.8003835186768,nan,nan,nan,0.69708031864916,1.4345549189193,nan,nan,13,2,2,78,-4.2992342372698e-37,4.2992342372698e-37,-83.737211518295,1,84
1.15,110,-3.8003835186768,nan,nan,nan,0.69708031864916,1.4345549189193,nan,nan,13,2,2,79,-3.0756703064678e-38,3.0756703064678e-38,-86.374710670428,1,84
1.15,110,-3.8003835186768,nan,nan,nan,0.69708031864916,1.4345549189193,nan,nan,13,2,2,80,1.1842339938825e-38,1.1842339938825e-38,-87.32913738687,1,84
1.15,110,-3.8003835186768,nan,nan,nan,0.69708031864916,1.4345549189193,nan,nan,13,2,2,81,1.0887365340349e-38,1.0887365340349e-38,-87.413215652946,1,84
1.15,110,-3.8003835186768,nan,nan,nan,0.69708031864916,1.4345549189193,nan,nan,13,2,2,82,1.545408737411e-37,1.545408737411e-37,-84.76036001046,1,84
1.15,110,-3.8003835186768,nan,nan,nan,0.69708031864916,1.4345549189193,nan,nan,13,2,2,83,-1.5028615104627e-37,1.5028615104627e-37,-84.788277476328,1,84
1.15,110,-3.8003835186768,nan,nan,nan,0.69708031864916,1.4345549189193,nan,nan,13,2,2,84,-1.501709226024e-37,1.501709226024e-37,-84.789044497375,1,84
1.2,110,-3.0150647997668,nan,nan,nan,0.60855365833042,1.643240470764,nan,nan,13,2,2,1,0.033122207457645,0.033122207457645,-3.4075513013949,1,84
1.2,110,-3.0150647997668,nan,nan,nan,0.60855365833042,1.643240470764,nan,nan,13,2,2,2,0.0059183474399447,0.0059183474399447,-5.1296980177134,1,84
1.2,110,-3.0150647997668,nan,nan,nan,0.60855365833042,1.643240470764,nan,nan,13,2,2,3,0.0011077569676644,0.0011077569676644,-6.8054180579795,1,84
1.2,110,-3.0150647997668,nan,nan,nan,0.60855365833042,1.643240470764,nan,nan,13,2,2,4,0.0002124293218672,0.0002124293218672,-8.4569012279023,1,84
1.2,110,-3.0150647997668,nan,nan,nan,0.60855365833042,1.643240470764,nan,nan,13,2,2,5,4.1066111531052e-05,4.1066111531052e-05,-10.100327313537,1,84
1.2,110,-3.0150647997668,nan,nan,nan,0.60855365833042,1.643240470764,nan,nan,13,2,2,6,7.9589744841365e-06,7.9589744841365e-06,-11.741210400059,1,84
1.2,110,-3.0150647997668,nan,nan,nan,0.60855365833042,1.643240470764,nan,nan,13,2,2,7,1.5437452321343e-06,1.5437452321343e-06,-13.381299125071,1,84
1.2,110,-3.0150647997668,nan,nan,nan,0.60855365833042,1.643240470764,nan,nan,13,2,2,8,2.9950331200954e-07,2.9950331200954e-07,-15.021140360989,1,84
1.2,110,-3.0150647997668,nan,nan,nan,0.60855365833042,1.643240470764,nan,nan,13,2,2,9,5.8111366989355e-08,5.8111366989355e-08,-16.660904546969,1,84
1.2,110,-3.0150647997668,nan,nan,nan,0.60855365833042,1.643240470764,nan,nan,13,2,2,10,1.1275374347285e-08,1.1275374347285e-08,-18.300644750576,1,84
1.2,110,-3.0150647997668,nan,nan,nan,0.60855365833042,1.643240470764,nan,nan,13,2,2,11,2.1877822225431e-09,2.1877822225431e-09,-19.940377489999,1,84
1.2,110,-3.0150647997668,nan,nan,nan,0.60855365833042,1.643240470764,nan,nan,13,2,2,12,4.2450051102646e-10,4.2450051102646e-10,-21.580107906346,1,84
1.2,110,-3.0150647997668,nan,nan,nan,0.60855365833042,1.643240470764,nan,nan,13,2,2,13,8.2366888390807e-11,8.2366888390807e-11,-23.21983759969,1,84
1.2,110,-3.0150647997668,nan,nan,nan,0.60855365833042,1.643240470764,nan,nan,13,2,2,14,1.5981855506787e-11,1.5981855506787e-11,-24.859567068014,1,84
1.2,110,-3.0150647997668,nan,nan,nan,0.60855365833042,1.643240470764,nan,nan,13,2,2,15,3.1010000294684e-12,3.1010000294684e-12,-26.499296466307,1,84
1.2,110,-3.0150647997668,nan,nan,nan,0.60855365833042,1.643240470764,nan,nan,13,2,2,16,6.0169492761841e-13,6.0169492761841e-13,-28.139025842804,1,84
1.2,110,-3.0150647997668,nan,nan,nan,0.60855365833042,1.643240470764,nan,nan,13,2,2,17,1.1674839888336e-13,1.1674839888336e-13,-29.778755212517,1,84
1.2,110,-3.0150647997668,nan,nan,nan,0.60855365833042,1.643240470764,nan,nan,13,2,2,18,2.2652989156052e-14,2.2652989156052e-14,-31.418484580119,1,84
1.2,110,-3.0150647997668,nan,nan,nan,0.60855365833042,1.643240470764,nan,nan,13,2,2,19,4.3954171787352e-15,4.3954171787352e-15,-33.058213947064,1,84
1.2,110,-3.0150647997668,nan,nan,nan,0.60855365833042,1.643240470764,nan,nan,13,2,2,20,8.5285398964249e-16,8.5285398964249e-16,-34.697943313805,1,84
1.2,110,-3.0150647997668,nan,nan,nan,0.60855365833042,1.643240470764,nan,nan,13,2,2,21,1.6548143170912e-16,1.6548143170912e-16,-36.337672680481,1,84
1.2,110,-3.0150647997668,nan,nan,nan,0.60855365833042,1.643240470764,nan,nan,13,2,2,22,3.2108783652997e-17,3.2108783652997e-17,-37.977402047138,1,84
1.2,110,-3.0150647997668,nan,nan,nan,0.60855365833042,1.643240470764,nan,nan,13,2,2,23,6.2301490688907e-18,6.2301490688907e-18,-39.617131413789,1,84
1.2,110,-3.0150647997668,nan,nan,nan,0.60855365833042,1.643240470764,nan,nan,13,2,2,24,1.2088516911807e-18,1.2088516911807e-18,-41.256860780438,1,84
1.2,110,-3.0150647997668,nan,nan,nan,0.60855365833042,1.643240470764,nan,nan,13,2,2,25,2.3455657242039e-19,2.3455657242039e-19,-42.896590147089,1,84
1.2,110,-3.0150647997668,nan,nan,nan,0.60855365833042,1.643240470764,nan,nan,13,2,2,26,4.551160913048e-20,4.551160913048e-20,-44.536319513737,1,84
1.2,110,-3.0150647997668,nan,nan,nan,0.60855365833042,1.643240470764,nan,nan,13,2,2,27,8.8307334314701e-21,8.8307334314701e-21,-46.176048880387,1,84
1.2,110,-3.0150647997668,nan,nan,nan,0.60855365833042,1.643240470764,nan,nan,13,2,2,28,1.7134496983876e-21,1.7134496983876e-21,-47.815778247035,1,84
1.2,110,-3.0150647997668,nan,nan,nan,0.60855365833042,1.643240470764,nan,nan,13,2,2,29,3.3246500890203e-22,3.3246500890203e-22,-49.455507613684,1,84
1.2,110,-3.0150647997668,nan,nan,nan,0.60855365833042,1.643240470764,nan,nan,13,2,2,30,6.450903242055e-23,6.450903242055e-23,-51.095236980332,1,84
1.2,110,-3.0150647997668,nan,nan,nan,0.60855365833042,1.643240470764,nan,nan,13,2,2,31,1.2516851856318e-23,1.2516851856318e-23,-52.73496634698,1,84
1.2,110,-3.0150647997668,nan,nan,nan,0.60855365833042,1.643240470764,nan,nan,13,2,2,32,2.4286766444006e-24,2.4286766444006e-24,-54.37469571363,1,84
1.2,110,-3.0150647997668,nan,nan,nan,0.60855365833042,1.643240470764,nan,nan,13,2,2,33,4.7124231482301e-25,4.7124231482301e-25,-56.014425080278,1,84
1.2,110,-3.0150647997668,nan,nan,nan,0.60855365833042,1.643240470764,nan,nan,13,2,2,34,9.1436346535342e-26,9.1436346535342e-26,-57.654154446926,1,84
1.2,110,-3.0150647997668,nan,nan,nan,0.60855365833042,1.643240470764,nan,nan,13,2,2,35,1.7741627194221e-26,1.7741627194221e-26,-59.293883813575,1,84
1.2,110,-3.0150647997668,nan,nan,nan,0.60855365833042,1.643240470764,nan,nan,13,2,2,36,3.4424531100047e-27,3.4424531100047e-27,-60.933613180225,1,84
1.2,110,-3.0150647997668,nan,nan,nan,0.60855365833042,1.643240470764,nan,nan,13,2,2,37,6.6794794439516e-28,6.6794794439516e-28,-62.573342546873,1,84
1.2,110,-3.0150647997668,nan,nan,nan,0.60855365833042,1.643240470764,nan,nan,13,2,2,38,1.2960364082845e-28,1.2960364082845e-28,-64.213071913486,1,84
1.2,110,-3.0150647997668,nan,nan,nan,0.60855365833042,1.643240470764,nan,nan,13,2,2,39,2.5147324524957e-29,2.5147324524957e-29,-65.852801279652,1,84
1.2,110,-3.0150647997668,nan,nan,nan,0.60855365833042,1.643240470764,nan,nan,13,2,2,40,4.8793994295294e-30,4.8793994295294e-30,-67.492530645249,1,84
1.2,110,-3.0150647997668,nan,nan,nan,0.60855365833042,1.643240470764,nan,nan,13,2,2,41,9.4676227336869e-31,9.4676227336869e-31,-69.132260038421,1,84
1.2,110,-3.0150647997668,nan,nan,nan,0.60855365833042,1.643240470764,nan,nan,13,2,2,42,1.837027085525e-31,1.837027085525e-31,-70.771989332257,1,84
1.2,110,-3.0150647997668,nan,nan,nan,0.60855365833042,1.643240470764,nan,nan,13,2,2,43,3.5644289574976e-32,3.5644289574976e-32,-72.411719114998,1,84
1.2,110,-3.0150647997668,nan,nan,nan,0.60855365833042,1.643240470764,nan,nan,13,2,2,44,6.9161485260425e-33,6.9161485260425e-33,-74.051449025498,1,84
1.2,110,-3.0150647997668,nan,nan,nan,0.60855365833042,1.643240470764,nan,nan,13,2,2,45,1.3419489265031e-33,1.3419489265031e-33,-75.691185088726,1,84
1.2,110,-3.0150647997668,nan,nan,nan,0.60855365833042,1.643240470764,nan,nan,13,2,2,46,2.6038250750022e-34,2.6038250750022e-34,-77.330911615206,1,84
1.2,110,-3.0150647997668,nan,nan,nan,0.60855365833042,1.643240470764,nan,nan,13,2,2,47,5.0535541461675e-35,5.0535541461675e-35,-78.970386467729,1,84
1.2,110,-3.0150647997668,nan,nan,nan,0.60855365833042,1.643240470764,nan,nan,13,2,2,48,9.7934689853875e-36,9.7934689853875e-36,-80.611347614335,1,84
1.2,110,-3.0150647997668,nan,nan,nan,0.60855365833042,1.643240470764,nan,nan,13,2,2,49,1.8970418185046e-36,1.8970418185046e-36,-82.252767612529,1,84
1.2,110,-3.0150647997668,nan,nan,nan,0.60855365833042,1.643240470764,nan,nan,13,2,2,50,3.7798856898079e-37,3.7798856898079e-37,-83.865954672397,1,84
1.2,110,-3.0150647997668,nan,nan,nan,0.60855365833042,1.643240470764,nan,nan,13,2,2,51,4.5263701319959e-38,4.5263701319959e-38,-85.988313210853,1,84
1.2,110,-3.0150647997668,nan,nan,nan,0.60855365833042,1.643240470764,nan,nan,13,2,2,52,3.5132492401858e-38,3.5132492401858e-38,-86.241692215046,1,84
1.2,110,-3.0150647997668,nan,nan,nan,0.60855365833042,1.643240470764,nan,nan,13,2,2,53,-1.333677907819e-38,1.333677907819e-38,-87.210293063845,1,84
1.2,110,-3.0150647997668,nan,nan,nan,0.60855365833042,1.643240470764,nan,nan,13,2,2,54,-1.3368039353414e-38,1.3368039353414e-38,-87.207951891627,1,84
1.2,110,-3.0150647997668,nan,nan,nan,0.60855365833042,1.643240470764,nan,nan,13,2,2,55,3.8914710986877e-38,3.8914710986877e-38,-86.139446273163,1,84
1.2,110,-3.0150647997668,nan,nan,nan,0.60855365833042,1.643240470764,nan,nan,13,2,2,56,1.4090335366841e-39,1.4090335366841e-39,-89.457914592371,1,84
1.2,110,-3.0150647997668,nan,nan,nan,0.60855365833042,1.643240470764,nan,nan,13,2,2,57,-7.5029206138932e-39,7.5029206138932e-39,-87.785526266842,1,84
1.2,110,-3.0150647997668,nan,nan,nan,0.60855365833042,1.643240470764,nan,nan,13,2,2,58,-1.4115061682727e-39,1.4115061682727e-39,-89.456161288053,1,84
1.2,110,-3.0150647997668,nan,nan,nan,0.60855365833042,1.643240470764,nan,nan,13,2,2,59,2.0663374198315e-39,2.0663374198315e-39,-89.075040949061,1,84
1.2,110,-3.0150647997668,nan,nan,nan,0.60855365833042,1.643240470764,nan,nan,13,2,2,60,3.0176320529162e-39,3.0176320529162e-39,-88.696346191377,1,84
1.2,110,-3.0150647997668,nan,nan,nan,0.60855365833042,1.643240470764,nan,nan,13,2,2,61,-8.2376213156579e-39,8.2376213156579e-39,-87.692106999805,1,84
1.2,110,-3.0150647997668,nan,nan,nan,0.60855365833042,1.643240470764,nan,nan,13,2,2,62,-1.2413153445795e-39,1.2413153445795e-39,-89.584647047603,1,84
1.2,110,-3.0150647997668,nan,nan,nan,0.60855365833042,1.643240470764,nan,nan,13,2,2,63,8.9621595199581e-39,8.9621595199581e-39,-87.607807410969,1,84
1.2,110,-3.0150647997668,nan,nan,nan,0.60855365833042,1.643240470764,nan,nan,13,2,2,64,-2.1637358300373e-39,2.1637358300373e-39,-89.028982348079,1,84
1.2,110,-3.0150647997668,nan,nan,nan,0.60855365833042,1.643240470764,nan,nan,13,2,2,65,-7.0362755687894e-40,7.0362755687894e-40,-90.152324728106,1,84
1.2,110,-3.0150647997668,nan,nan,nan,0.60855365833042,1.643240470764,nan,nan,13,2,2,66,5.873892209657e-40,5.873892209657e-40,-90.33288623757,1,84
1.2,110,-3.0150647997668,nan,nan,nan,0.60855365833042,1.643240470764,nan,nan,13,2,2,67,-6.0180931523568e-39,6.0180931523568e-39,-88.006048169724,1,84
1.2,110,-3.0150647997668,nan,nan,nan,0.60855365833042,1.643240470764,nan,nan,13,2,2,68,6.5453258539252e-39,6.5453258539252e-39,-87.922067441949,1,84
1.2,110,-3.0150647997668,nan,nan,nan,0.60855365833042,1.643240470764,nan,nan,13,2,2,69,-8.2510131633875e-39,8.2510131633875e-39,-87.690482626278,1,84
1.2,110,-3.0150647997668,nan,nan,nan,0.60855365833042,1.643240470764,nan,nan,13,2,2,70,7.8152646740837e-39,7.8152646740837e-39,-87.744739796023,1,84
1.2,110,-3.0150647997668,nan,nan,nan,0.60855365833042,1.643240470764,nan,nan,13,2,2,71,-9.0549840863201e-39,9.0549840863201e-39,-87.597503292881,1,84
1.2,110,-3.0150647997668,nan,nan,nan,0.60855365833042,1.643240470764,nan,nan,13,2,2,72,-2.3055505665767e-38,2.3055505665767e-38,-86.66291402833,1,84
1.2,110,-3.0150647997668,nan,nan,nan,0.60855365833042,1.643240470764,nan,nan,13,2,2,73,-2.1130652915796e-39,2.1130652915796e-39,-89.052678988668,1,84
1.2,110,-3.0150647997668,nan,nan,nan,0.60855365833042,1.643240470764,nan,nan,13,2,2,74,7.0573490215633e-39,7.0573490215633e-39,-87.846749138474,1,84
1.2,110,-3.0150647997668,nan,nan,nan,0.60855365833042,1.643240470764,nan,nan,13,2,2,75,7.2278235056837e-39,7.2278235056837e-39,-87.822880672476,1,84
1.2,110,-3.0150647997668,nan,nan,nan,0.60855365833042,1.643240470764,nan,nan,13,2,2,76,4.847155575843e-38,4.847155575843e-38,-85.919841480078,1,84
1.2,110,-3.0150647997668,nan,nan,nan,0.60855365833042,1.643240470764,nan,nan,13,2,2,77,-9.5835750557439e-39,9.5835750557439e-39,-87.540767925303,1,84
1.2,110,-3.0150647997668,nan,nan,nan,0.60855365833042,1.643240470764,nan,nan,13,2,2,78,-6.1650953376392e-39,6.1650953376392e-39,-87.981915025934,1,84
1.2,110,-3.0150647997668,nan,nan,nan,0.60855365833042,1.643240470764,nan,nan,13,2,2,79,7.9129378613508e-39,7.9129378613508e-39,-87.732319502901,1,84
1.2,110,-3.0150647997668,nan,nan,nan,0.60855365833042,1.643240470764,nan,nan,13,2,2,80,-4.185432873415e-39,4.185432873415e-39,-88.369208493668,1,84
1.2,110,-3.0150647997668,nan,nan,nan,0.60855365833042,1.643240470764,nan,nan,13,2,2,81,4.4387883810002e-39,4.4387883810002e-39,-88.310437174726,1,84
1.2,110,-3.0150647997668,nan,nan,nan,0.60855365833042,1.643240470764,nan,nan,13,2,2,82,8.6005076728626e-39,8.6005076728626e-39,-87.648997393522,1,84
1.2,110,-3.0150647997668,nan,nan,nan,0.60855365833042,1.643240470764,nan,nan,13,2,2,83,-1.2396243045012e-38,1.2396243045012e-38,-87.283425180306,1,84
1.2,110,-3.0150647997668,nan,nan,nan,0.60855365833042,1.643240470764,nan,nan,13,2,2,84,-1.030738274924e-38,1.030738274924e-38,-87.46795821652,1,84
1.25,110,-2.4063678743264,nan,nan,nan,0.55756345599458,1.7935178305691,nan,nan,13,2,2,1,0.028981037899878,0.028981037899878,-3.5411135283804,1,84
1.25,110,-2.4063678743264,nan,nan,nan,0.55756345599458,1.7935178305691,nan,nan,13,2,2,2,0.0044216459313063,0.0044216459313063,-5.4212432695613,1,84
1.25,110,-2.4063678743264,nan,nan,nan,0.55756345599458,1.7935178305691,nan,nan,13,2,2,3,0.00071128806702424,0.00071128806702424,-7.2484330526565,1,84
1.25,110,-2.4063678743264,nan,nan,nan,0.55756345599458,1.7935178305691,nan,nan,13,2,2,4,0.00011742079186278,0.00011742079186278,-9.0497465635017,1,84
1.25,110,-2.4063678743264,nan,nan,nan,0.55756345599458,1.7935178305691,nan,nan,13,2,2,5,1.9551108822635e-05,1.9551108822635e-05,-10.842478555871,1,84
1.25,110,-2.4063678743264,nan,nan,nan,0.55756345599458,1.7935178305691,nan,nan,13,2,2,6,3.2642154127261e-06,3.2642154127261e-06,-12.632491126494,1,84
1.25,110,-2.4063678743264,nan,nan,nan,0.55756345599458,1.7935178305691,nan,nan,13,2,2,7,5.4545243569174e-07,5.4545243569174e-07,-14.421650229441,1,84
1.25,110,-2.4063678743264,nan,nan,nan,0.55756345599458,1.7935178305691,nan,nan,13,2,2,8,9.1169795923439e-08,9.1169795923439e-08,-16.21054217977,1,84
1.25,110,-2.4063678743264,nan,nan,nan,0.55756345599458,1.7935178305691,nan,nan,13,2,2,9,1.5239873742917e-08,1.5239873742917e-08,-17.999350571308,1,84
1.25,110,-2.4063678743264,nan,nan,nan,0.55756345599458,1.7935178305691,nan,nan,13,2,2,10,2.5475522671163e-09,2.5475522671163e-09,-19.788132834019,1,84
1.25,110,-2.4063678743264,nan,nan,nan,0.55756345599458,1.7935178305691,nan,nan,13,2,2,11,4.2586150554386e-10,4.2586150554386e-10,-21.576906926874,1,84
1.25,110,-2.4063678743264,nan,nan,nan,0.55756345599458,1.7935178305691,nan,nan,13,2,2,12,7.1189308857738e-11,7.1189308857738e-11,-23.365678465278,1,84
1.25,110,-2.4063678743264,nan,nan,nan,0.55756345599458,1.7935178305691,nan,nan,13,2,2,13,1.1900398785496e-11,1.1900398785496e-11,-25.154449204986,1,84
1.25,110,-2.4063678743264,nan,nan,nan,0.55756345599458,1.7935178305691,nan,nan,13,2,2,14,1.98933700708e-12,1.98933700708e-12,-26.943219694974,1,84
1.25,110,-2.4063678743264,nan,nan,nan,0.55756345599458,1.7935178305691,nan,nan,13,2,2,15,3.3254869085298e-13,3.3254869085298e-13,-28.73199010688,1,84
1.25,110,-2.4063678743264,nan,nan,nan,0.55756345599458,1.7935178305691,nan,nan,13,2,2,16,5.5590698857846e-14,5.5590698857846e-14,-30.520760494378,1,84
1.25,110,-2.4063678743264,nan,nan,nan,0.55756345599458,1.7935178305691,nan,nan,13,2,2,17,9.2928521690509e-15,9.2928521690509e-15,-32.309530874237,1,84
1.25,110,-2.4063678743264,nan,nan,nan,0.55756345599458,1.7935178305691,nan,nan,13,2,2,18,1.5534451520843e-15,1.5534451520843e-15,-34.098301251712,1,84
1.25,110,-2.4063678743264,nan,nan,nan,0.55756345599458,1.7935178305691,nan,nan,13,2,2,19,2.5968258167053e-16,2.5968258167053e-16,-35.887071628438,1,84
1.25,110,-2.4063678743264,nan,nan,nan,0.55756345599458,1.7935178305691,nan,nan,13,2,2,20,4.3409993038973e-17,4.3409993038973e-17,-37.675842004937,1,84
1.25,110,-2.4063678743264,nan,nan,nan,0.55756345599458,1.7935178305691,nan,nan,13,2,2,21,7.256657276218e-18,7.256657276218e-18,-39.46461238136,1,84
1.25,110,-2.4063678743264,nan,nan,nan,0.55756345599458,1.7935178305691,nan,nan,13,2,2,22,1.2130634247818e-18,1.2130634247818e-18,-41.253382757761,1,84
1.25,110,-2.4063678743264,nan,nan,nan,0.55756345599458,1.7935178305691,nan,nan,13,2,2,23,2.027824680892e-19,2.027824680892e-19,-43.042153134159,1,84
1.25,110,-2.4063678743264,nan,nan,nan,0.55756345599458,1.7935178305691,nan,nan,13,2,2,24,3.3898251752309e-20,3.3898251752309e-20,-44.830923510547,1,84
1.25,110,-2.4063678743264,nan,nan,nan,0.55756345599458,1.7935178305691,nan,nan,13,2,2,25,5.666621393309e-21,5.666621393309e-21,-46.619693886935,1,84
1.25,110,-2.4063678743264,nan,nan,nan,0.55756345599458,1.7935178305691,nan,nan,13,2,2,26,9.4726413178047e-22,9.4726413178047e-22,-48.408464263325,1,84
1.25,110,-2.4063678743264,nan,nan,nan,0.55756345599458,1.7935178305691,nan,nan,13,2,2,27,1.5834997136326e-22,1.5834997136326e-22,-50.197234639717,1,84
1.25,110,-2.4063678743264,nan,nan,nan,0.55756345599458,1.7935178305691,nan,nan,13,2,2,28,2.6470667039509e-23,2.6470667039509e-23,-51.986005016105,1,84
1.25,110,-2.4063678743264,nan,nan,nan,0.55756345599458,1.7935178305691,nan,nan,13,2,2,29,4.4249847820232e-24,4.4249847820232e-24,-53.774775392494,1,84
1.25,110,-2.4063678743264,nan,nan,nan,0.55756345599458,1.7935178305691,nan,nan,13,2,2,30,7.3970520999325e-25,7.3970520999325e-25,-55.563545768883,1,84
1.25,110,-2.4063678743264,nan,nan,nan,0.55756345599458,1.7935178305691,nan,nan,13,2,2,31,1.2365326089113e-25,1.2365326089113e-25,-57.352316145273,1,84
1.25,110,-2.4063678743264,nan,nan,nan,0.55756345599458,1.7935178305691,nan,nan,13,2,2,32,2.0670570819952e-26,2.0670570819952e-26,-59.141086521661,1,84
1.25,110,-2.4063678743264,nan,nan,nan,0.55756345599458,1.7935178305691,nan,nan,13,2,2,33,3.4554082515841e-27,3.4554082515841e-27,-60.929856898058,1,84
1.25,110,-2.4063678743264,nan,nan,nan,0.55756345599458,1.7935178305691,nan,nan,13,2,2,34,5.77625373247e-28,5.77625373247e-28,-62.718627274456,1,84
1.25,110,-2.4063678743264,nan,nan,nan,0.55756345599458,1.7935178305691,nan,nan,13,2,2,35,9.6559088698643e-29,9.6559088698643e-29,-64.507397650746,1,84
1.25,110,-2.4063678743264,nan,nan,nan,0.55756345599458,1.7935178305691,nan,nan,13,2,2,36,1.6141357400726e-29,1.6141357400726e-29,-66.29616802886,1,84
1.25,110,-2.4063678743264,nan,nan,nan,0.55756345599458,1.7935178305691,nan,nan,13,2,2,37,2.6982796107402e-30,2.6982796107402e-30,-68.084938401105,1,84
1.25,110,-2.4063678743264,nan,nan,nan,0.55756345599458,1.7935178305691,nan,nan,13,2,2,38,4.5105949744186e-31,4.5105949744186e-31,-69.873708814628,1,84
1.25,110,-2.4063678743264,nan,nan,nan,0.55756345599458,1.7935178305691,nan,nan,13,2,2,39,7.5401653408441e-32,7.5401653408441e-32,-71.662478865536,1,84
1.25,110,-2.4063678743264,nan,nan,nan,0.55756345599458,1.7935178305691,nan,nan,13,2,2,40,1.2604564503336e-32,1.2604564503336e-32,-73.451249058278,1,84
1.25,110,-2.4063678743264,nan,nan,nan,0.55756345599458,1.7935178305691,nan,nan,13,2,2,41,2.1070281340257e-33,2.1070281340257e-33,-75.240029581424,1,84
1.25,110,-2.4063678743264,nan,nan,nan,0.55756345599458,1.7935178305691,nan,nan,13,2,2,42,3.5221195475296e-34,3.5221195475296e-34,-77.028830209219,1,84
1.25,110,-2.4063678743264,nan,nan,nan,0.55756345599458,1.7935178305691,nan,nan,13,2,2,43,5.8909797645608e-35,5.8909797645608e-35,-78.817055927233,1,84
1.25,110,-2.4063678743264,nan,nan,nan,0.55756345599458,1.7935178305691,nan,nan,13,2,2,44,9.8204955375134e-36,9.8204955375134e-36,-80.608591764624,1,84
1.25,110,-2.4063678743264,nan,nan,nan,0.55756345599458,1.7935178305691,nan,nan,13,2,2,45,1.6580324342518e-36,1.6580324342518e-36,-82.387431728989,1,84
1.25,110,-2.4063678743264,nan,nan,nan,0.55756345599458,1.7935178305691,nan,nan,13,2,2,46,2.8933472218974e-37,2.8933472218974e-37,-84.133234400592,1,84
1.25,110,-2.4063678743264,nan,nan,nan,0.55756345599458,1.7935178305691,nan,nan,13,2,2,47,3.6995277517064e-38,3.6995277517064e-38,-86.190028356944,1,84
1.25,110,-2.4063678743264,nan,nan,nan,0.55756345599458,1.7935178305691,nan,nan,13,2,2,48,3.2102491760634e-38,3.2102491760634e-38,-86.331884974703,1,84
1.25,110,-2.4063678743264,nan,nan,nan,0.55756345599458,1.7935178305691,nan,nan,13,2,2,49,6.0619593340421e-39,6.0619593340421e-39,-87.998785556495,1,84
1.25,110,-2.4063678743264,nan,nan,nan,0.55756345599458,1.7935178305691,nan,nan,13,2,2,50,-2.9229557812824e-39,2.9229557812824e-39,-88.728223268607,1,84
1.25,110,-2.4063678743264,nan,nan,nan,0.55756345599458,1.7935178305691,nan,nan,13,2,2,51,3.72806800677e-38,3.72806800677e-38,-86.182343394957,1,84
1.25,110,-2.4063678743264,nan,nan,nan,0.55756345599458,1.7935178305691,nan,nan,13,2,2,52,-2.5067860081107e-38,2.5067860081107e-38,-86.579232075995,1,84
1.25,110,-2.4063678743264,nan,nan,nan,0.55756345599458,1.7935178305691,nan,nan,13,2,2,53,1.160344991236e-38,1.160344991236e-38,-87.349516166634,1,84
1.25,110,-2.4063678743264,nan,nan,nan,0.55756345599458,1.7935178305691,nan,nan,13,2,2,54,-1.0592987840497e-38,1.0592987840497e-38,-87.440626369035,1,84
1.25,110,-2.4063678743264,nan,nan,nan,0.55756345599458,1.7935178305691,nan,nan,13,2,2,55,1.7858327676844e-38,1.7858327676844e-38,-86.918348690819,1,84
1.25,110,-2.4063678743264,nan,nan,nan,0.55756345599458,1.7935178305691,nan,nan,13,2,2,56,-1.6614179652328e-38,1.6614179652328e-38,-86.9905621001,1,84
1.25,110,-2.4063678743264,nan,nan,nan,0.55756345599458,1.7935178305691,nan,nan,13,2,2,57,-1.0494054513789e-38,1.0494054513789e-38,-87.450009766759,1,84
1.25,110,-2.4063678743264,nan,nan,nan,0.55756345599458,1.7935178305691,nan,nan,13,2,2,58,3.3873039320938e-39,3.3873039320938e-39,-88.580784322062,1,84
1.25,110,-2.4063678743264,nan,nan,nan,0.55756345599458,1.7935178305691,nan,nan,13,2,2,59,1.735512617028e-39,1.735512617028e-39,-89.249515800507,1,84
1.25,110,-2.4063678743264,nan,nan,nan,0.55756345599458,1.7935178305691,nan,nan,13,2,2,60,1.6781834453114e-38,1.6781834453114e-38,-86.980521607919,1,84
1.25,110,-2.4063678743264,nan,nan,nan,0.55756345599458,1.7935178305691,nan,nan,13,2,2,61,-1.8519701495084e-38,1.8519701495084e-38,-86.881983515656,1,84
1.25,110,-2.4063678743264,nan,nan,nan,0.55756345599458,1.7935178305691,nan,nan,13,2,2,62,4.9116858711815e-40,4.9116858711815e-40,-90.511786482269,1,84
1.25,110,-2.4063678743264,nan,nan,nan,0.55756345599458,1.7935178305691,nan,nan,13,2,2,63,4.2347078996253e-38,4.2347078996253e-38,-86.054919180982,1,84
1.25,110,-2.4063678743264,nan,nan,nan,0.55756345599458,1.7935178305691,nan,nan,13,2,2,64,2.4798480116511e-38,2.4798480116511e-38,-86.590036261099,1,84
1.25,110,-2.4063678743264,nan,nan,nan,0.55756345599458,1.7935178305691,nan,nan,13,2,2,65,-1.4571383430212e-38,1.4571383430212e-38,-87.12175906047,1,84
1.25,110,-2.4063678743264,nan,nan,nan,0.55756345599458,1.7935178305691,nan,nan,13,2,2,66,5.7957218636116e-39,5.7957218636116e-39,-88.043698591105,1,84
1.25,110,-2.4063678743264,nan,nan,nan,0.55756345599458,1.7935178305691,nan,nan,13,2,2,67,-1.4742726755337e-38,1.4742726755337e-38,-87.11006876693,1,84
1.25,110,-2.4063678743264,nan,nan,nan,0.55756345599458,1.7935178305691,nan,nan,13,2,2,68,2.5087582200693e-38,2.5087582200693e-38,-86.578445636091,1,84
1.25,110,-2.4063678743264,nan,nan,nan,0.55756345599458,1.7935178305691,nan,nan,13,2,2,69,4.1609553540392e-39,4.1609553540392e-39,-88.375073926447,1,84
1.25,110,-2.4063678743264,nan,nan,nan,0.55756345599458,1.7935178305691,nan,nan,13,2,2,70,4.0278004454573e-40,4.0278004454573e-40,-90.710183287976,1,84
1.25,110,-2.4063678743264,nan,nan,nan,0.55756345599458,1.7935178305691,nan,nan,13,2,2,71,2.5714653653267e-39,2.5714653653267e-39,-88.856342709291,1,84
1.25,110,-2.4063678743264,nan,nan,nan,0.55756345599458,1.7935178305691,nan,nan,13,2,2,72,-1.0704218127664e-39,1.0704218127664e-39,-89.732765838439,1,84
1.25,110,-2.4063678743264,nan,nan,nan,0.55756345599458,1.7935178305691,nan,nan,13,2,2,73,8.7753695711857e-39,8.7753695711857e-39,-87.628869741928,1,84
1.25,110,-2.4063678743264,nan,nan,nan,0.55756345599458,1.7935178305691,nan,nan,13,2,2,74,4.1268675181262e-39,4.1268675181262e-39,-88.383299977766,1,84
1.25,110,-2.4063678743264,nan,nan,nan,0.55756345599458,1.7935178305691,nan,nan,13,2,2,75,4.3897633078311e-39,4.3897633078311e-39,-88.321543317346,1,84
1.25,110,-2.4063678743264,nan,nan,nan,0.55756345599458,1.7935178305691,nan,nan,13,2,2,76,1.061633743577e-38,1.061633743577e-38,-87.438424544658,1,84
1.25,110,-2.4063678743264,nan,nan,nan,0.55756345599458,1.7935178305691,nan,nan,13,2,2,77,-1.4866461259995e-38,1.4866461259995e-38,-87.101710873098,1,84
1.25,110,-2.4063678743264,nan,nan,nan,0.55756345599458,1.7935178305691,nan,nan,13,2,2,78,2.6531049164949e-39,2.6531049164949e-39,-88.825088006033,1,84
1.25,110,-2.4063678743264,nan,nan,nan,0.55756345599458,1.7935178305691,nan,nan,13,2,2,79,-5.4342821775413e-39,5.4342821775413e-39,-88.108091188967,1,84
1.25,110,-2.4063678743264,nan,nan,nan,0.55756345599458,1.7935178305691,nan,nan,13,2,2,80,5.088055702842e-38,5.088055702842e-38,-85.87133775991,1,84
1.25,110,-2.4063678743264,nan,nan,nan,0.55756345599458,1.7935178305691,nan,nan,13,2,2,81,-7.9933763021608e-38,7.9933763021608e-38,-85.419620297274,1,84
1.25,110,-2.4063678743264,nan,nan,nan,0.55756345599458,1.7935178305691,nan,nan,13,2,2,82,-2.0455815207632e-39,2.0455815207632e-39,-89.085136515465,1,84
1.25,110,-2.4063678743264,nan,nan,nan,0.55756345599458,1.7935178305691,nan,nan,13,2,2,83,-3.4951711589314e-39,3.4951711589314e-39,-88.549436279769,1,84
1.25,110,-2.4063678743264,nan,nan,nan,0.55756345599458,1.7935178305691,nan,nan,13,2,2,84,-1.1694529048489e-39,1.1694529048489e-39,-89.644282590012,1,84
1.3,110,-1.9322612592219,nan,nan,nan,0.51549211556687,1.9398938796577,nan,nan,13,2,2,1,0.025384081276321,0.025384081276321,-3.6736330228343,1,84
1.3,110,-1.9322612592219,nan,nan,nan,0.51549211556687,1.9398938796577,nan,nan,13,2,2,2,0.0033223303099914,0.0033223303099914,-5.7070888416709,1,84
1.3,110,-1.9322612592219,nan,nan,nan,0.51549211556687,1.9398938796577,nan,nan,13,2,2,3,0.00046113406789607,0.00046113406789607,-7.6818217375163,1,84
1.3,110,-1.9322612592219,nan,nan,nan,0.51549211556687,1.9398938796577,nan,nan,13,2,2,4,6.5777184555959e-05,6.5777184555959e-05,-9.6292375190321,1,84
1.3,110,-1.9322612592219,nan,nan,nan,0.51549211556687,1.9398938796577,nan,nan,13,2,2,5,9.4678879939795e-06,9.4678879939795e-06,-11.567604696338,1,84
1.3,110,-1.9322612592219,nan,nan,nan,0.51549211556687,1.9398938796577,nan,nan,13,2,2,6,1.3667217267563e-06,1.3667217267563e-06,-13.503095585863,1,84
1.3,110,-1.9322612592219,nan,nan,nan,0.51549211556687,1.9398938796577,nan,nan,13,2,2,7,1.9746968859789e-07,1.9746968859789e-07,-15.437680739838,1,84
1.3,110,-1.9322612592219,nan,nan,nan,0.51549211556687,1.9398938796577,nan,nan,13,2,2,8,2.8539365904973e-08,2.8539365904973e-08,-17.37198144291,1,84
1.3,110,-1.9322612592219,nan,nan,nan,0.51549211556687,1.9398938796577,nan,nan,13,2,2,9,4.1250285919213e-09,4.1250285919213e-09,-19.306192885809,1,84
1.3,110,-1.9322612592219,nan,nan,nan,0.51549211556687,1.9398938796577,nan,nan,13,2,2,10,5.9624090578547e-10,5.9624090578547e-10,-21.240376326194,1,84
1.3,110,-1.9322612592219,nan,nan,nan,0.51549211556687,1.9398938796577,nan,nan,13,2,2,11,8.6182757920994e-11,8.6182757920994e-11,-23.174550982385,1,84
1.3,110,-1.9322612592219,nan,nan,nan,0.51549211556687,1.9398938796577,nan,nan,13,2,2,12,1.2457193320613e-11,1.2457193320613e-11,-25.108722883111,1,84
1.3,110,-1.9322612592219,nan,nan,nan,0.51549211556687,1.9398938796577,nan,nan,13,2,2,13,1.8006130611456e-12,1.8006130611456e-12,-27.042893919489,1,84
1.3,110,-1.9322612592219,nan,nan,nan,0.51549211556687,1.9398938796577,nan,nan,13,2,2,14,2.6026795856498e-13,2.6026795856498e-13,-28.977064684744,1,84
1.3,110,-1.9322612592219,nan,nan,nan,0.51549211556687,1.9398938796577,nan,nan,13,2,2,15,3.7620195853665e-14,3.7620195853665e-14,-30.911235364946,1,84
1.3,110,-1.9322612592219,nan,nan,nan,0.51549211556687,1.9398938796577,nan,nan,13,2,2,16,5.437777210954e-15,5.437777210954e-15,-32.845406018471,1,84
1.3,110,-1.9322612592219,nan,nan,nan,0.51549211556687,1.9398938796577,nan,nan,13,2,2,17,7.8599859921993e-16,7.8599859921993e-16,-34.779576663628,1,84
1.3,110,-1.9322612592219,nan,nan,nan,0.51549211556687,1.9398938796577,nan,nan,13,2,2,18,1.1361145843541e-16,1.1361145843541e-16,-36.713747306184,1,84
1.3,110,-1.9322612592219,nan,nan,nan,0.51549211556687,1.9398938796577,nan,nan,13,2,2,19,1.642186577858e-17,1.642186577858e-17,-38.647917947908,1,84
1.3,110,-1.9322612592219,nan,nan,nan,0.51549211556687,1.9398938796577,nan,nan,13,2,2,20,2.3736837765886e-18,2.3736837765886e-18,-40.582088589363,1,84
1.3,110,-1.9322612592219,nan,nan,nan,0.51549211556687,1.9398938796577,nan,nan,13,2,2,21,3.4310198047616e-19,3.4310198047616e-19,-42.516259230727,1,84
1.3,110,-1.9322612592219,nan,nan,nan,0.51549211556687,1.9398938796577,nan,nan,13,2,2,22,4.9593366298326e-20,4.9593366298326e-20,-44.450429872074,1,84
1.3,110,-1.9322612592219,nan,nan,nan,0.51549211556687,1.9398938796577,nan,nan,13,2,2,23,7.1684283996814e-21,7.1684283996814e-21,-46.384600513408,1,84
1.3,110,-1.9322612592219,nan,nan,nan,0.51549211556687,1.9398938796577,nan,nan,13,2,2,24,1.0361540172954e-21,1.0361540172954e-21,-48.318771154744,1,84
1.3,110,-1.9322612592219,nan,nan,nan,0.51549211556687,1.9398938796577,nan,nan,13,2,2,25,1.4976994784629e-22,1.4976994784629e-22,-50.252941796078,1,84
1.3,110,-1.9322612592219,nan,nan,nan,0.51549211556687,1.9398938796577,nan,nan,13,2,2,26,2.1648362022825e-23,2.1648362022825e-23,-52.187112437415,1,84
1.3,110,-1.9322612592219,nan,nan,nan,0.51549211556687,1.9398938796577,nan,nan,13,2,2,27,3.1291429623231e-24,3.1291429623231e-24,-54.121283078753,1,84
1.3,110,-1.9322612592219,nan,nan,nan,0.51549211556687,1.9398938796577,nan,nan,13,2,2,28,4.5229914708375e-25,4.5229914708375e-25,-56.055453720088,1,84
1.3,110,-1.9322612592219,nan,nan,nan,0.51549211556687,1.9398938796577,nan,nan,13,2,2,29,6.5377172253344e-26,6.5377172253344e-26,-57.989624361422,1,84
1.3,110,-1.9322612592219,nan,nan,nan,0.51549211556687,1.9398938796577,nan,nan,13,2,2,30,9.4498843949051e-27,9.4498843949051e-27,-59.923795002752,1,84
1.3,110,-1.9322612592219,nan,nan,nan,0.51549211556687,1.9398938796577,nan,nan,13,2,2,31,1.3659250163019e-27,1.3659250163019e-27,-61.857965644095,1,84
1.3,110,-1.9322612592219,nan,nan,nan,0.51549211556687,1.9398938796577,nan,nan,13,2,2,32,1.9743639944984e-28,1.9743639944984e-28,-63.792136285444,1,84
1.3,110,-1.9322612592219,nan,nan,nan,0.51549211556687,1.9398938796577,nan,nan,13,2,2,33,2.8538266272387e-29,2.8538266272387e-29,-65.726306926906,1,84
1.3,110,-1.9322612592219,nan,nan,nan,0.51549211556687,1.9398938796577,nan,nan,13,2,2,34,4.1250379575899e-30,4.1250379575899e-30,-67.660477568237,1,84
1.3,110,-1.9322612592219,nan,nan,nan,0.51549211556687,1.9398938796577,nan,nan,13,2,2,35,5.9624989416279e-31,5.9624989416279e-31,-69.594648204106,1,84
1.3,110,-1.9322612592219,nan,nan,nan,0.51549211556687,1.9398938796577,nan,nan,13,2,2,36,8.6184395183434e-32,8.6184395183434e-32,-71.528818937876,1,84
1.3,110,-1.9322612592219,nan,nan,nan,0.51549211556687,1.9398938796577,nan,nan,13,2,2,37,1.2457444477251e-32,1.2457444477251e-32,-73.462989674614,1,84
1.3,110,-1.9322612592219,nan,nan,nan,0.51549211556687,1.9398938796577,nan,nan,13,2,2,38,1.8006503065863e-33,1.8006503065863e-33,-75.397160187711,1,84
1.3,110,-1.9322612592219,nan,nan,nan,0.51549211556687,1.9398938796577,nan,nan,13,2,2,39,2.6026949770336e-34,2.6026949770336e-34,-77.331345723968,1,84
1.3,110,-1.9322612592219,nan,nan,nan,0.51549211556687,1.9398938796577,nan,nan,13,2,2,40,3.7621688927342e-35,3.7621688927342e-35,-79.26548263052,1,84
1.3,110,-1.9322612592219,nan,nan,nan,0.51549211556687,1.9398938796577,nan,nan,13,2,2,41,5.4354332908771e-36,5.4354332908771e-36,-81.200124108058,1,84
1.3,110,-1.9322612592219,nan,nan,nan,0.51549211556687,1.9398938796577,nan,nan,13,2,2,42,7.866406486538e-37,7.866406486538e-37,-83.133047091708,1,84
1.3,110,-1.9322612592219,nan,nan,nan,0.51549211556687,1.9398938796577,nan,nan,13,2,2,43,1.1075466110414e-37,1.1075466110414e-37,-85.093501132009,1,84
1.3,110,-1.9322612592219,nan,nan,nan,0.51549211556687,1.9398938796577,nan,nan,13,2,2,44,1.893003594106e-38,1.893003594106e-38,-86.860068762919,1,84
1.3,110,-1.9322612592219,nan,nan,nan,0.51549211556687,1.9398938796577,nan,nan,13,2,2,45,6.5252397054396e-39,6.5252397054396e-39,-87.925140937768,1,84
1.3,110,-1.9322612592219,nan,nan,nan,0.51549211556687,1.9398938796577,nan,nan,13,2,2,46,1.1564108047071e-39,1.1564108047071e-39,-89.655497552252,1,84
1.3,110,-1.9322612592219,nan,nan,nan,0.51549211556687,1.9398938796577,nan,nan,13,2,2,47,2.3672391341363e-39,2.3672391341363e-39,-88.939094272976,1,84
1.3,110,-1.9322612592219,nan,nan,nan,0.51549211556687,1.9398938796577,nan,nan,13,2,2,48,-2.2958542071442e-39,2.2958542071442e-39,-88.969713648957,1,84
1.3,110,-1.9322612592219,nan,nan,nan,0.51549211556687,1.9398938796577,nan,nan,13,2,2,49,-4.6502429281372e-39,4.6502429281372e-39,-88.263899165923,1,84
1.3,110,-1.9322612592219,nan,nan,nan,0.51549211556687,1.9398938796577,nan,nan,13,2,2,50,-6.1561742920634e-39,6.1561742920634e-39,-87.983363098641,1,84
1.3,110,-1.9322612592219,nan,nan,nan,0.51549211556687,1.9398938796577,nan,nan,13,2,2,51,-1.2240894946475e-38,1.2240894946475e-38,-87.296036235814,1,84
1.3,110,-1.9322612592219,nan,nan,nan,0.51549211556687,1.9398938796577,nan,nan,13,2,2,52,1.1262540945952e-39,1.1262540945952e-39,-89.681921461233,1,84
1.3,110,-1.9322612592219,nan,nan,nan,0.51549211556687,1.9398938796577,nan,nan,13,2,2,53,-9.163110038511e-40,9.163110038511e-40,-89.888218074846,1,84
1.3,110,-1.9322612592219,nan,nan,nan,0.51549211556687,1.9398938796577,nan,nan,13,2,2,54,1.9014737296078e-39,1.9014737296078e-39,-89.158189394092,1,84
1.3,110,-1.9322612592219,nan,nan,nan,0.51549211556687,1.9398938796577,nan,nan,13,2,2,55,6.2272593560902e-39,6.2272593560902e-39,-87.971882301497,1,84
1.3,110,-1.9322612592219,nan,nan,nan,0.51549211556687,1.9398938796577,nan,nan,13,2,2,56,-1.0309935238312e-38,1.0309935238312e-38,-87.467710610203,1,84
1.3,110,-1.9322612592219,nan,nan,nan,0.51549211556687,1.9398938796577,nan,nan,13,2,2,57,9.495536761076e-39,9.495536761076e-39,-87.549996753182,1,84
1.3,110,-1.9322612592219,nan,nan,nan,0.51549211556687,1.9398938796577,nan,nan,13,2,2,58,-1.5933094197057e-38,1.5933094197057e-38,-87.032420284604,1,84
1.3,110,-1.9322612592219,nan,nan,nan,0.51549211556687,1.9398938796577,nan,nan,13,2,2,59,-2.9676085111824e-39,2.9676085111824e-39,-88.713062213403,1,84
1.3,110,-1.9322612592219,nan,nan,nan,0.51549211556687,1.9398938796577,nan,nan,13,2,2,60,3.0676511448909e-39,3.0676511448909e-39,-88.679906457391,1,84
1.3,110,-1.9322612592219,nan,nan,nan,0.51549211556687,1.9398938796577,nan,nan,13,2,2,61,1.0483473959758e-39,1.0483473959758e-39,-89.753603611088,1,84
1.3,110,-1.9322612592219,nan,nan,nan,0.51549211556687,1.9398938796577,nan,nan,13,2,2,62,7.0129996446586e-39,7.0129996446586e-39,-87.853053107882,1,84
1.3,110,-1.9322612592219,nan,nan,nan,0.51549211556687,1.9398938796577,nan,nan,13,2,2,63,-1.3569337782647e-38,1.3569337782647e-38,-87.193005954211,1,84
1.3,110,-1.9322612592219,nan,nan,nan,0.51549211556687,1.9398938796577,nan,nan,13,2,2,64,-5.2983756325625e-39,5.2983756325625e-39,-88.133418337608,1,84
1.3,110,-1.9322612592219,nan,nan,nan,0.51549211556687,1.9398938796577,nan,nan,13,2,2,65,-7.4899495911579e-39,7.4899495911579e-39,-87.787256559414,1,84
1.3,110,-1.9322612592219,nan,nan,nan,0.51549211556687,1.9398938796577,nan,nan,13,2,2,66,-2.0094755316024e-39,2.0094755316024e-39,-89.102944868296,1,84
1.3,110,-1.9322612592219,nan,nan,nan,0.51549211556687,1.9398938796577,nan,nan,13,2,2,67,2.5970118357259e-39,2.5970118357259e-39,-88.846457136637,1,84
1.3,110,-1.9322612592219,nan,nan,nan,0.51549211556687,1.9398938796577,nan,nan,13,2,2,68,1.6237460598139e-39,1.6237460598139e-39,-89.316082764365,1,84
1.3,110,-1.9322612592219,nan,nan,nan,0.51549211556687,1.9398938796577,nan,nan,13,2,2,69,3.7112682733914e-39,3.7112682733914e-39,-88.489444955901,1,84
1.3,110,-1.9322612592219,nan,nan,nan,0.51549211556687,1.9398938796577,nan,nan,13,2,2,70,-3.9394689219563e-39,3.9394689219563e-39,-88.429772703925,1,84
1.3,110,-1.9322612592219,nan,nan,nan,0.51549211556687,1.9398938796577,nan,nan,13,2,2,71,-3.3788089651841e-39,3.3788089651841e-39,-88.583295356537,1,84
1.3,110,-1.9322612592219,nan,nan,nan,0.51549211556687,1.9398938796577,nan,nan,13,2,2,72,-7.0646260090731e-39,7.0646260090731e-39,-87.845718547762,1,84
1.3,110,-1.9322612592219,nan,nan,nan,0.51549211556687,1.9398938796577,nan,nan,13,2,2,73,-1.055738375774e-39,1.055738375774e-39,-89.746578222393,1,84
1.3,110,-1.9322612592219,nan,nan,nan,0.51549211556687,1.9398938796577,nan,nan,13,2,2,74,-1.3790143521039e-39,1.3790143521039e-39,-89.479449620394,1,84
1.3,110,-1.9322612592219,nan,nan,nan,0.51549211556687,1.9398938796577,nan,nan,13,2,2,75,1.1174196983939e-39,1.1174196983939e-39,-89.689796440105,1,84
1.3,110,-1.9322612592219,nan,nan,nan,0.51549211556687,1.9398938796577,nan,nan,13,2,2,76,-1.0887238711533e-39,1.0887238711533e-39,-89.715812376812,1,84
1.3,110,-1.9322612592219,nan,nan,nan,0.51549211556687,1.9398938796577,nan,nan,13,2,2,77,-2.1075742728205e-40,2.1075742728205e-40,-91.357866067344,1,84
1.3,110,-1.9322612592219,nan,nan,nan,0.51549211556687,1.9398938796577,nan,nan,13,2,2,78,-4.266315533096e-39,4.266315533096e-39,-88.350068044828,1,84
1.3,110,-1.9322612592219,nan,nan,nan,0.51549211556687,1.9398938796577,nan,nan,13,2,2,79,7.7994371539885e-39,7.7994371539885e-39,-87.746767055421,1,84
1.3,110,-1.9322612592219,nan,nan,nan,0.51549211556687,1.9398938796577,nan,nan,13,2,2,80,-6.5228248875902e-39,6.5228248875902e-39,-87.925511079694,1,84
1.3,110,-1.9322612592219,nan,nan,nan,0.51549211556687,1.9398938796577,nan,nan,13,2,2,81,-2.0438875607915e-39,2.0438875607915e-39,-89.085964965337,1,84
1.3,110,-1.9322612592219,nan,nan,nan,0.51549211556687,1.9398938796577,nan,nan,13,2,2,82,-3.4355541274341e-39,3.4355541274341e-39,-88.566640396074,1,84
1.3,110,-1.9322612592219,nan,nan,nan,0.51549211556687,1.9398938796577,nan,nan,13,2,2,83,-1.4017600905714e-39,1.4017600905714e-39,-89.463089972219,1,84
1.3,110,-1.9322612592219,nan,nan,nan,0.51549211556687,1.9398938796577,nan,nan,13,2,2,84,2.6597572864992e-39,2.6597572864992e-39,-88.822583753814,1,84
1.35,110,-1.5610089884307,nan,nan,nan,0.48014854919017,2.0826887880566,nan,nan,13,2,2,1,0.022269655684266,0.022269655684266,-3.8045302587993,1,84
1.35,110,-1.5610089884307,nan,nan,nan,0.48014854919017,2.0826887880566,nan,nan,13,2,2,2,0.0025122114638918,0.0025122114638918,-5.9865918524337,1,84
1.35,110,-1.5610089884307,nan,nan,nan,0.48014854919017,2.0826887880566,nan,nan,13,2,2,3,0.00030207401914823,0.00030207401914823,-8.1048384741033,1,84
1.35,110,-1.5610089884307,nan,nan,nan,0.48014854919017,2.0826887880566,nan,nan,13,2,2,4,3.73747025891e-05,3.73747025891e-05,-10.194516483767,1,84
1.35,110,-1.5610089884307,nan,nan,nan,0.48014854919017,2.0826887880566,nan,nan,13,2,2,5,4.6682015973208e-06,4.6682015973208e-06,-12.274736657386,1,84
1.35,110,-1.5610089884307,nan,nan,nan,0.48014854919017,2.0826887880566,nan,nan,13,2,2,6,5.8483073522159e-07,5.8483073522159e-07,-14.351943373083,1,84
1.35,110,-1.5610089884307,nan,nan,nan,0.48014854919017,2.0826887880566,nan,nan,13,2,2,7,7.3337128103773e-08,7.3337128103773e-08,-16.428198833731,1,84
1.35,110,-1.5610089884307,nan,nan,nan,0.48014854919017,2.0826887880566,nan,nan,13,2,2,8,9.1991492038652e-09,9.1991492038652e-09,-18.504154835008,1,84
1.35,110,-1.5610089884307,nan,nan,nan,0.48014854919017,2.0826887880566,nan,nan,13,2,2,9,1.154017337638e-09,1.154017337638e-09,-20.580016645024,1,84
1.35,110,-1.5610089884307,nan,nan,nan,0.48014854919017,2.0826887880566,nan,nan,13,2,2,10,1.4477376458386e-10,1.4477376458386e-10,-22.655848836206,1,84
1.35,110,-1.5610089884307,nan,nan,nan,0.48014854919017,2.0826887880566,nan,nan,13,2,2,11,1.8162325143824e-11,1.8162325143824e-11,-24.731671714397,1,84
1.35,110,-1.5610089884307,nan,nan,nan,0.48014854919017,2.0826887880566,nan,nan,13,2,2,12,2.2785276151325e-12,2.2785276151325e-12,-26.807491664406,1,84
1.35,110,-1.5610089884307,nan,nan,nan,0.48014854919017,2.0826887880566,nan,nan,13,2,2,13,2.8584957221093e-13,2.8584957221093e-13,-28.883310693753,1,84
1.35,110,-1.5610089884307,nan,nan,nan,0.48014854919017,2.0826887880566,nan,nan,13,2,2,14,3.5860878333193e-14,3.5860878333193e-14,-30.959129433637,1,84
1.35,110,-1.5610089884307,nan,nan,nan,0.48014854919017,2.0826887880566,nan,nan,13,2,2,15,4.4988792602621e-15,4.4988792602621e-15,-33.034948082428,1,84
1.35,110,-1.5610089884307,nan,nan,nan,0.48014854919017,2.0826887880566,nan,nan,13,2,2,16,5.6440098844893e-16,5.6440098844893e-16,-35.110766702589,1,84
1.35,110,-1.5610089884307,nan,nan,nan,0.48014854919017,2.0826887880566,nan,nan,13,2,2,17,7.0806185312117e-17,7.0806185312117e-17,-37.186585313844,1,84
1.35,110,-1.5610089884307,nan,nan,nan,0.48014854919017,2.0826887880566,nan,nan,13,2,2,18,8.8828970809118e-18,8.8828970809118e-18,-39.262403922246,1,84
1.35,110,-1.5610089884307,nan,nan,nan,0.48014854919017,2.0826887880566,nan,nan,13,2,2,19,1.1143921999637e-18,1.1143921999637e-18,-41.338222529749,1,84
1.35,110,-1.5610089884307,nan,nan,nan,0.48014854919017,2.0826887880566,nan,nan,13,2,2,20,1.3980461153697e-19,1.3980461153697e-19,-43.414041136946,1,84
1.35,110,-1.5610089884307,nan,nan,nan,0.48014854919017,2.0826887880566,nan,nan,13,2,2,21,1.7539004138893e-20,1.7539004138893e-20,-45.489859744117,1,84
1.35,110,-1.5610089884307,nan,nan,nan,0.48014854919017,2.0826887880566,nan,nan,13,2,2,22,2.2003327558317e-21,2.2003327558317e-21,-47.565678351297,1,84
1.35,110,-1.5610089884307,nan,nan,nan,0.48014854919017,2.0826887880566,nan,nan,13,2,2,23,2.7603985941576e-22,2.7603985941576e-22,-49.641496958394,1,84
1.35,110,-1.5610089884307,nan,nan,nan,0.48014854919017,2.0826887880566,nan,nan,13,2,2,24,3.4630218444921e-23,3.4630218444921e-23,-51.717315565495,1,84
1.35,110,-1.5610089884307,nan,nan,nan,0.48014854919017,2.0826887880566,nan,nan,13,2,2,25,4.344488625955e-24,4.344488625955e-24,-53.793134172597,1,84
1.35,110,-1.5610089884307,nan,nan,nan,0.48014854919017,2.0826887880566,nan,nan,13,2,2,26,5.4503212132121e-25,5.4503212132121e-25,-55.868952779709,1,84
1.35,110,-1.5610089884307,nan,nan,nan,0.48014854919017,2.0826887880566,nan,nan,13,2,2,27,6.8376289788698e-26,6.8376289788698e-26,-57.944771386821,1,84
1.35,110,-1.5610089884307,nan,nan,nan,0.48014854919017,2.0826887880566,nan,nan,13,2,2,28,8.5780577371478e-27,8.5780577371478e-27,-60.020589993927,1,84
1.35,110,-1.5610089884307,nan,nan,nan,0.48014854919017,2.0826887880566,nan,nan,13,2,2,29,1.0761489804342e-27,1.0761489804342e-27,-62.096408601031,1,84
1.35,110,-1.5610089884307,nan,nan,nan,0.48014854919017,2.0826887880566,nan,nan,13,2,2,30,1.3500685861511e-28,1.3500685861511e-28,-64.172227208117,1,84
1.35,110,-1.5610089884307,nan,nan,nan,0.48014854919017,2.0826887880566,nan,nan,13,2,2,31,1.693710833672e-29,1.693710833672e-29,-66.24804581548,1,84
1.35,110,-1.5610089884307,nan,nan,nan,0.48014854919017,2.0826887880566,nan,nan,13,2,2,32,2.1248227082843e-30,2.1248227082843e-30,-68.323864422321,1,84
1.35,110,-1.5610089884307,nan,nan,nan,0.48014854919017,2.0826887880566,nan,nan,13,2,2,33,2.6656684493436e-31,2.6656684493436e-31,-70.399683031379,1,84
1.35,110,-1.5610089884307,nan,nan,nan,0.48014854919017,2.0826887880566,nan,nan,13,2,2,34,3.3441793859589e-32,3.3441793859589e-32,-72.475501637899,1,84
1.35,110,-1.5610089884307,nan,nan,nan,0.48014854919017,2.0826887880566,nan,nan,13,2,2,35,4.1953946846488e-33,4.1953946846488e-33,-74.551320648769,1,84
1.35,110,-1.5610089884307,nan,nan,nan,0.48014854919017,2.0826887880566,nan,nan,13,2,2,36,5.2632741842939e-34,5.2632741842939e-34,-76.627139860204,1,84
1.35,110,-1.5610089884307,nan,nan,nan,0.48014854919017,2.0826887880566,nan,nan,13,2,2,37,6.6031477756445e-35,6.6031477756445e-35,-78.702931783753,1,84
1.35,110,-1.5610089884307,nan,nan,nan,0.48014854919017,2.0826887880566,nan,nan,13,2,2,38,8.2824636396495e-36,8.2824636396495e-36,-80.778922882625,1,84
1.35,110,-1.5610089884307,nan,nan,nan,0.48014854919017,2.0826887880566,nan,nan,13,2,2,39,1.0403275525833e-36,1.0403275525833e-36,-82.853527729813,1,84
1.35,110,-1.5610089884307,nan,nan,nan,0.48014854919017,2.0826887880566,nan,nan,13,2,2,40,1.3036336730218e-37,1.3036336730218e-37,-84.930492942339,1,84
1.35,110,-1.5610089884307,nan,nan,nan,0.48014854919017,2.0826887880566,nan,nan,13,2,2,41,1.6057890608159e-38,1.6057890608159e-38,-87.024618271324,1,84
1.35,110,-1.5610089884307,nan,nan,nan,0.48014854919017,2.0826887880566,nan,nan,13,2,2,42,3.3944205288163e-39,3.3944205288163e-39,-88.578685564032,1,84
1.35,110,-1.5610089884307,nan,nan,nan,0.48014854919017,2.0826887880566,nan,nan,13,2,2,43,-2.5027294117003e-39,2.5027294117003e-39,-88.883436725755,1,84
1.35,110,-1.5610089884307,nan,nan,nan,0.48014854919017,2.0826887880566,nan,nan,13,2,2,44,1.2426400720558e-39,1.2426400720558e-39,-89.583580420084,1,84
1.35,110,-1.5610089884307,nan,nan,nan,0.48014854919017,2.0826887880566,nan,nan,13,2,2,45,7.1006381437752e-40,7.1006381437752e-40,-90.143219060349,1,84
1.35,110,-1.5610089884307,nan,nan,nan,0.48014854919017,2.0826887880566,nan,nan,13,2,2,46,1.4037926804644e-39,1.4037926804644e-39,-89.461640995554,1,84
1.35,110,-1.5610089884307,nan,nan,nan,0.48014854919017,2.0826887880566,nan,nan,13,2,2,47,1.0023196009037e-39,1.0023196009037e-39,-89.798501711985,1,84
1.35,110,-1.5610089884307,nan,nan,nan,0.48014854919017,2.0826887880566,nan,nan,13,2,2,48,8.4475017526455e-41,8.4475017526455e-41,-92.272118065675,1,84
1.35,110,-1.5610089884307,nan,nan,nan,0.48014854919017,2.0826887880566,nan,nan,13,2,2,49,-2.3508193007951e-39,2.3508193007951e-39,-88.946054720736,1,84
1.35,110,-1.5610089884307,nan,nan,nan,0.48014854919017,2.0826887880566,nan,nan,13,2,2,50,1.0880895786344e-39,1.0880895786344e-39,-89.71639514842,1,84
1.35,110,-1.5610089884307,nan,nan,nan,0.48014854919017,2.0826887880566,nan,nan,13,2,2,51,-1.0459425314024e-40,1.0459425314024e-40,-92.058485296926,1,84
1.35,110,-1.5610089884307,nan,nan,nan,0.48014854919017,2.0826887880566,nan,nan,13,2,2,52,-7.7913935246344e-40,7.7913935246344e-40,-90.050383989532,1,84
1.35,110,-1.5610089884307,nan,nan,nan,0.48014854919017,2.0826887880566,nan,nan,13,2,2,53,-9.9602470209369e-40,9.9602470209369e-40,-89.804801847174,1,84
1.35,110,-1.5610089884307,nan,nan,nan,0.48014854919017,2.0826887880566,nan,nan,13,2,2,54,1.3278781661916e-39,1.3278781661916e-39,-89.517236322248,1,84
1.35,110,-1.5610089884307,nan,nan,nan,0.48014854919017,2.0826887880566,nan,nan,13,2,2,55,-1.2896998530721e-39,1.2896998530721e-39,-89.546409107504,1,84
1.35,110,-1.5610089884307,nan,nan,nan,0.48014854919017,2.0826887880566,nan,nan,13,2,2,56,9.5681980576802e-40,9.5681980576802e-40,-89.844958822759,1,84
1.35,110,-1.5610089884307,nan,nan,nan,0.48014854919017,2.0826887880566,nan,nan,13,2,2,57,-4.0992014395674e-39,4.0992014395674e-39,-88.390026442865,1,84
1.35,110,-1.5610089884307,nan,nan,nan,0.48014854919017,2.0826887880566,nan,nan,13,2,2,58,1.3958521522211e-39,1.3958521522211e-39,-89.467313536187,1,84
1.35,110,-1.5610089884307,nan,nan,nan,0.48014854919017,2.0826887880566,nan,nan,13,2,2,59,-2.9179211060179e-39,2.9179211060179e-39,-88.729947214038,1,84
1.35,110,-1.5610089884307,nan,nan,nan,0.48014854919017,2.0826887880566,nan,nan,13,2,2,60,-2.9336480142274e-40,2.9336480142274e-40,-91.027157015122,1,84
1.35,110,-1.5610089884307,nan,nan,nan,0.48014854919017,2.0826887880566,nan,nan,13,2,2,61,-1.7514003172546e-39,1.7514003172546e-39,-89.240402977518,1,84
1.35,110,-1.5610089884307,nan,nan,nan,0.48014854919017,2.0826887880566,nan,nan,13,2,2,62,6.8283303905894e-40,6.8283303905894e-40,-90.182323528392,1,84
1.35,110,-1.5610089884307,nan,nan,nan,0.48014854919017,2.0826887880566,nan,nan,13,2,2,63,-3.7885577050443e-40,3.7885577050443e-40,-90.771418325855,1,84
1.35,110,-1.5610089884307,nan,nan,nan,0.48014854919017,2.0826887880566,nan,nan,13,2,2,64,2.8587051558721e-40,2.8587051558721e-40,-91.053034940151,1,84
1.35,110,-1.5610089884307,nan,nan,nan,0.48014854919017,2.0826887880566,nan,nan,13,2,2,65,1.6104553113239e-39,1.6104553113239e-39,-89.324301685688,1,84
1.35,110,-1.5610089884307,nan,nan,nan,0.48014854919017,2.0826887880566,nan,nan,13,2,2,66,-1.2680140806749e-40,1.2680140806749e-40,-91.865951759175,1,84
1.35,110,-1.5610089884307,nan,nan,nan,0.48014854919017,2.0826887880566,nan,nan,13,2,2,67,-3.458767325951e-40,3.458767325951e-40,-90.862491458345,1,84
1.35,110,-1.5610089884307,nan,nan,nan,0.48014854919017,2.0826887880566,nan,nan,13,2,2,68,-1.1955263728884e-39,1.1955263728884e-39,-89.622232058962,1,84
1.35,110,-1.5610089884307,nan,nan,nan,0.48014854919017,2.0826887880566,nan,nan,13,2,2,69,1.8831797145163e-39,1.8831797145163e-39,-89.167856941118,1,84
1.35,110,-1.5610089884307,nan,nan,nan,0.48014854919017,2.0826887880566,nan,nan,13,2,2,70,1.0703568015021e-39,1.0703568015021e-39,-89.732826574531,1,84
1.35,110,-1.5610089884307,nan,nan,nan,0.48014854919017,2.0826887880566,nan,nan,13,2,2,71,-1.8090156684404e-39,1.8090156684404e-39,-89.20803575901,1,84
1.35,110,-1.5610089884307,nan,nan,nan,0.48014854919017,2.0826887880566,nan,nan,13,2,2,72,2.2141795125021e-40,2.2141795125021e-40,-91.308521808138,1,84
1.35,110,-1.5610089884307,nan,nan,nan,0.48014854919017,2.0826887880566,nan,nan,13,2,2,73,3.1140314135031e-40,3.1140314135031e-40,-90.967485558571,1,84
1.35,110,-1.5610089884307,nan,nan,nan,0.48014854919017,2.0826887880566,nan,nan,13,2,2,74,-7.2303925550651e-40,7.2303925550651e-40,-90.125110389759,1,84
1.35,110,-1.5610089884307,nan,nan,nan,0.48014854919017,2.0826887880566,nan,nan,13,2,2,75,-5.5397171488648e-40,5.5397171488648e-40,-90.391460276468,1,84
1.35,110,-1.5610089884307,nan,nan,nan,0.48014854919017,2.0826887880566,nan,nan,13,2,2,76,-2.8068129121614e-39,2.8068129121614e-39,-88.768768982068,1,84
1.35,110,-1.5610089884307,nan,nan,nan,0.48014854919017,2.0826887880566,nan,nan,13,2,2,77,1.4928005702987e-40,1.4928005702987e-40,-91.702749786618,1,84
1.35,110,-1.5610089884307,nan,nan,nan,0.48014854919017,2.0826887880566,nan,nan,13,2,2,78,-2.8100727759221e-40,2.8100727759221e-40,-91.070193337847,1,84
1.35,110,-1.5610089884307,nan,nan,nan,0.48014854919017,2.0826887880566,nan,nan,13,2,2,79,2.1730189247877e-41,2.1730189247877e-41,-93.629871402459,1,84
1.35,110,-1.5610089884307,nan,nan,nan,0.48014854919017,2.0826887880566,nan,nan,13,2,2,80,-1.3881827977778e-39,1.3881827977778e-39,-89.472823074668,1,84
1.35,110,-1.5610089884307,nan,nan,nan,0.48014854919017,2.0826887880566,nan,nan,13,2,2,81,3.172201298595e-39,3.172201298595e-39,-88.646392863913,1,84
1.35,110,-1.5610089884307,nan,nan,nan,0.48014854919017,2.0826887880566,nan,nan,13,2,2,82,-1.1463257643093e-39,1.1463257643093e-39,-89.66425678682,1,84
1.35,110,-1.5610089884307,nan,nan,nan,0.48014854919017,2.0826887880566,nan,nan,13,2,2,83,-9.0893106042677e-40,9.0893106042677e-40,-89.896304655563,1,84
1.35,110,-1.5610089884307,nan,nan,nan,0.48014854919017,2.0826887880566,nan,nan,13,2,2,84,-5.7792020059589e-40,5.7792020059589e-40,-90.349138107862,1,84
1.4,110,-1.2686584351579,nan,nan,nan,0.44966194135773,2.2238929027005,nan,nan,13,2,2,1,0.019577198861923,0.019577198861923,-3.9333897133028,1,84
1.4,110,-1.2686584351579,nan,nan,nan,0.44966194135773,2.2238929027005,nan,nan,13,2,2,2,0.0019123865758555,0.0019123865758555,-6.2594033007645,1,84
1.4,110,-1.2686584351579,nan,nan,nan,0.44966194135773,2.2238929027005,nan,nan,13,2,2,3,0.00019980474485617,0.00019980474485617,-8.5181699440029,1,84
1.4,110,-1.2686584351579,nan,nan,nan,0.44966194135773,2.2238929027005,nan,nan,13,2,2,4,2.1489622212948e-05,2.1489622212948e-05,-10.747940427132,1,84
1.4,110,-1.2686584351579,nan,nan,nan,0.44966194135773,2.2238929027005,nan,nan,13,2,2,5,2.3333755912294e-06,2.3333755912294e-06,-12.968194587214,1,84
1.4,110,-1.2686584351579,nan,nan,nan,0.44966194135773,2.2238929027005,nan,nan,13,2,2,6,2.5412587948117e-07,2.5412587948117e-07,-15.185436104183,1,84
1.4,110,-1.2686584351579,nan,nan,nan,0.44966194135773,2.2238929027005,nan,nan,13,2,2,7,2.7702795540708e-08,2.7702795540708e-08,-17.401732506798,1,84
1.4,110,-1.2686584351579,nan,nan,nan,0.44966194135773,2.2238929027005,nan,nan,13,2,2,8,3.0208330144861e-09,3.0208330144861e-09,-19.617733210983,1,84
1.4,110,-1.2686584351579,nan,nan,nan,0.44966194135773,2.2238929027005,nan,nan,13,2,2,9,3.2943518880777e-10,3.2943518880777e-10,-21.833641476909,1,84
1.4,110,-1.2686584351579,nan,nan,nan,0.44966194135773,2.2238929027005,nan,nan,13,2,2,10,3.5927400976421e-11,3.5927400976421e-11,-24.049520853172,1,84
1.4,110,-1.2686584351579,nan,nan,nan,0.44966194135773,2.2238929027005,nan,nan,13,2,2,11,3.9181904002454e-12,3.9181904002454e-12,-26.265391201302,1,84
1.4,110,-1.2686584351579,nan,nan,nan,0.44966194135773,2.2238929027005,nan,nan,13,2,2,12,4.273133849904e-13,4.273133849904e-13,-28.481258728177,1,84
1.4,110,-1.2686584351579,nan,nan,nan,0.44966194135773,2.2238929027005,nan,nan,13,2,2,13,4.6602352442376e-14,4.6602352442376e-14,-30.697125373457,1,84
1.4,110,-1.2686584351579,nan,nan,nan,0.44966194135773,2.2238929027005,nan,nan,13,2,2,14,5.0824053911334e-15,5.0824053911334e-15,-32.912991743195,1,84
1.4,110,-1.2686584351579,nan,nan,nan,0.44966194135773,2.2238929027005,nan,nan,13,2,2,15,5.5428203577042e-16,5.5428203577042e-16,-35.128858026849,1,84
1.4,110,-1.2686584351579,nan,nan,nan,0.44966194135773,2.2238929027005,nan,nan,13,2,2,16,6.0449444661453e-17,6.0449444661453e-17,-37.344724283616,1,84
1.4,110,-1.2686584351579,nan,nan,nan,0.44966194135773,2.2238929027005,nan,nan,13,2,2,17,6.5925560543101e-18,6.5925560543101e-18,-39.560590531944,1,84
1.4,110,-1.2686584351579,nan,nan,nan,0.44966194135773,2.2238929027005,nan,nan,13,2,2,18,7.1897758012396e-19,7.1897758012396e-19,-41.776456777665,1,84
1.4,110,-1.2686584351579,nan,nan,nan,0.44966194135773,2.2238929027005,nan,nan,13,2,2,19,7.8410977000273e-20,7.8410977000273e-20,-43.992323022561,1,84
1.4,110,-1.2686584351579,nan,nan,nan,0.44966194135773,2.2238929027005,nan,nan,13,2,2,20,8.55142286212e-21,8.55142286212e-21,-46.20818926715,1,84
1.4,110,-1.2686584351579,nan,nan,nan,0.44966194135773,2.2238929027005,nan,nan,13,2,2,21,9.3260963920166e-22,9.3260963920166e-22,-48.424055511699,1,84
1.4,110,-1.2686584351579,nan,nan,nan,0.44966194135773,2.2238929027005,nan,nan,13,2,2,22,1.0170947609167e-22,1.0170947609167e-22,-50.639921756234,1,84
1.4,110,-1.2686584351579,nan,nan,nan,0.44966194135773,2.2238929027005,nan,nan,13,2,2,23,1.1092333911324e-23,1.1092333911324e-23,-52.855788000759,1,84
1.4,110,-1.2686584351579,nan,nan,nan,0.44966194135773,2.2238929027005,nan,nan,13,2,2,24,1.2097188612982e-24,1.2097188612982e-24,-55.07165424528,1,84
1.4,110,-1.2686584351579,nan,nan,nan,0.44966194135773,2.2238929027005,nan,nan,13,2,2,25,1.3193073117661e-25,1.3193073117661e-25,-57.287520489803,1,84
1.4,110,-1.2686584351579,nan,nan,nan,0.44966194135773,2.2238929027005,nan,nan,13,2,2,26,1.4388233816822e-26,1.4388233816822e-26,-59.503386734316,1,84
1.4,110,-1.2686584351579,nan,nan,nan,0.44966194135773,2.2238929027005,nan,nan,13,2,2,27,1.5691664142346e-27,1.5691664142346e-27,-61.719252978828,1,84
1.4,110,-1.2686584351579,nan,nan,nan,0.44966194135773,2.2238929027005,nan,nan,13,2,2,28,1.7113172241255e-28,1.7113172241255e-28,-63.935119223346,1,84
1.4,110,-1.2686584351579,nan,nan,nan,0.44966194135773,2.2238929027005,nan,nan,13,2,2,29,1.8663454785254e-29,1.8663454785254e-29,-66.150985467635,1,84
1.4,110,-1.2686584351579,nan,nan,nan,0.44966194135773,2.2238929027005,nan,nan,13,2,2,30,2.0354177448429e-30,2.0354177448429e-30,-68.366851711973,1,84
1.4,110,-1.2686584351579,nan,nan,nan,0.44966194135773,2.2238929027005,nan,nan,13,2,2,31,2.2198062628301e-31,2.2198062628301e-31,-70.582717959735,1,84
1.4,110,-1.2686584351579,nan,nan,nan,0.44966194135773,2.2238929027005,nan,nan,13,2,2,32,2.4208982924999e-32,2.4208982924999e-32,-72.798584309269,1,84
1.4,110,-1.2686584351579,nan,nan,nan,0.44966194135773,2.2238929027005,nan,nan,13,2,2,33,2.6402072242506e-33,2.6402072242506e-33,-75.014450660691,1,84
1.4,110,-1.2686584351579,nan,nan,nan,0.44966194135773,2.2238929027005,nan,nan,13,2,2,34,2.8793852551189e-34,2.8793852551189e-34,-77.230316343518,1,84
1.4,110,-1.2686584351579,nan,nan,nan,0.44966194135773,2.2238929027005,nan,nan,13,2,2,35,3.1401362304058e-35,3.1401362304058e-35,-79.446212070333,1,84
1.4,110,-1.2686584351579,nan,nan,nan,0.44966194135773,2.2238929027005,nan,nan,13,2,2,36,3.4225954616079e-36,3.4225954616079e-36,-81.662664177632,1,84
1.4,110,-1.2686584351579,nan,nan,nan,0.44966194135773,2.2238929027005,nan,nan,13,2,2,37,3.761519667181e-37,3.761519667181e-37,-83.870825398228,1,84
1.4,110,-1.2686584351579,nan,nan,nan,0.44966194135773,2.2238929027005,nan,nan,13,2,2,38,4.0383900882277e-38,4.0383900882277e-38,-86.102387414233,1,84
1.4,110,-1.2686584351579,nan,nan,nan,0.44966194135773,2.2238929027005,nan,nan,13,2,2,39,1.2815188680628e-39,1.2815188680628e-39,-89.552772636634,1,84
1.4,110,-1.2686584351579,nan,nan,nan,0.44966194135773,2.2238929027005,nan,nan,13,2,2,40,-4.0380104794882e-39,4.0380104794882e-39,-88.405066511663,1,84
1.4,110,-1.2686584351579,nan,nan,nan,0.44966194135773,2.2238929027005,nan,nan,13,2,2,41,9.993958812294e-40,9.993958812294e-40,-89.801422928092,1,84
1.4,110,-1.2686584351579,nan,nan,nan,0.44966194135773,2.2238929027005,nan,nan,13,2,2,42,8.0000915429227e-40,8.0000915429227e-40,-90.023950735282,1,84
1.4,110,-1.2686584351579,nan,nan,nan,0.44966194135773,2.2238929027005,nan,nan,13,2,2,43,7.9827454327813e-39,7.9827454327813e-39,-87.723536235278,1,84
1.4,110,-1.2686584351579,nan,nan,nan,0.44966194135773,2.2238929027005,nan,nan,13,2,2,44,2.7353712887711e-39,2.7353712887711e-39,-88.79455144553,1,84
1.4,110,-1.2686584351579,nan,nan,nan,0.44966194135773,2.2238929027005,nan,nan,13,2,2,45,9.1999437017098e-40,9.1999437017098e-40,-89.884206355105,1,84
1.4,110,-1.2686584351579,nan,nan,nan,0.44966194135773,2.2238929027005,nan,nan,13,2,2,46,-3.9021604830501e-40,3.9021604830501e-40,-90.741873349998,1,84
1.4,110,-1.2686584351579,nan,nan,nan,0.44966194135773,2.2238929027005,nan,nan,13,2,2,47,7.455458546523e-39,7.455458546523e-39,-87.791872171855,1,84
1.4,110,-1.2686584351579,nan,nan,nan,0.44966194135773,2.2238929027005,nan,nan,13,2,2,48,-8.7113508520532e-39,8.7113508520532e-39,-87.636191755845,1,84
1.4,110,-1.2686584351579,nan,nan,nan,0.44966194135773,2.2238929027005,nan,nan,13,2,2,49,-1.1617369949591e-38,1.1617369949591e-38,-87.348317239208,1,84
1.4,110,-1.2686584351579,nan,nan,nan,0.44966194135773,2.2238929027005,nan,nan,13,2,2,50,-2.4225463184684e-39,2.4225463184684e-39,-88.915999442057,1,84
1.4,110,-1.2686584351579,nan,nan,nan,0.44966194135773,2.2238929027005,nan,nan,13,2,2,51,1.4921209951772e-40,1.4921209951772e-40,-91.703205125305,1,84
1.4,110,-1.2686584351579,nan,nan,nan,0.44966194135773,2.2238929027005,nan,nan,13,2,2,52,5.9002631151423e-39,5.9002631151423e-39,-88.025821681064,1,84
1.4,110,-1.2686584351579,nan,nan,nan,0.44966194135773,2.2238929027005,nan,nan,13,2,2,53,-2.2515489900751e-39,2.2515489900751e-39,-88.989200207384,1,84
1.4,110,-1.2686584351579,nan,nan,nan,0.44966194135773,2.2238929027005,nan,nan,13,2,2,54,3.0181885847706e-40,3.0181885847706e-40,-90.998746874698,1,84
1.4,110,-1.2686584351579,nan,nan,nan,0.44966194135773,2.2238929027005,nan,nan,13,2,2,55,-7.9552758705936e-39,7.9552758705936e-39,-87.726983286686,1,84
1.4,110,-1.2686584351579,nan,nan,nan,0.44966194135773,2.2238929027005,nan,nan,13,2,2,56,6.634312862368e-40,6.634312862368e-40,-90.211148619908,1,84
1.4,110,-1.2686584351579,nan,nan,nan,0.44966194135773,2.2238929027005,nan,nan,13,2,2,57,-2.0886657808043e-39,2.0886657808043e-39,-89.064293147034,1,84
1.4,110,-1.2686584351579,nan,nan,nan,0.44966194135773,2.2238929027005,nan,nan,13,2,2,58,4.105849720124e-39,4.105849720124e-39,-88.388405908908,1,84
1.4,110,-1.2686584351579,nan,nan,nan,0.44966194135773,2.2238929027005,nan,nan,13,2,2,59,8.660793224016e-39,8.660793224016e-39,-87.642012312081,1,84
1.4,110,-1.2686584351579,nan,nan,nan,0.44966194135773,2.2238929027005,nan,nan,13,2,2,60,-4.8134305333181e-41,4.8134305333181e-41,-92.834578774261,1,84
1.4,110,-1.2686584351579,nan,nan,nan,0.44966194135773,2.2238929027005,nan,nan,13,2,2,61,1.2367927192478e-39,1.2367927192478e-39,-89.5882971147,1,84
1.4,110,-1.2686584351579,nan,nan,nan,0.44966194135773,2.2238929027005,nan,nan,13,2,2,62,2.8727781002952e-39,2.8727781002952e-39,-88.745539085989,1,84
1.4,110,-1.2686584351579,nan,nan,nan,0.44966194135773,2.2238929027005,nan,nan,13,2,2,63,-3.0537794551897e-39,3.0537794551897e-39,-88.684438637645,1,84
1.4,110,-1.2686584351579,nan,nan,nan,0.44966194135773,2.2238929027005,nan,nan,13,2,2,64,-5.5322172062921e-40,5.5322172062921e-40,-90.39281504312,1,84
1.4,110,-1.2686584351579,nan,nan,nan,0.44966194135773,2.2238929027005,nan,nan,13,2,2,65,-7.446686829002e-41,7.446686829002e-41,-92.398219600221,1,84
1.4,110,-1.2686584351579,nan,nan,nan,0.44966194135773,2.2238929027005,nan,nan,13,2,2,66,-4.56546918422e-39,4.56546918422e-39,-88.282297339422,1,84
1.4,110,-1.2686584351579,nan,nan,nan,0.44966194135773,2.2238929027005,nan,nan,13,2,2,67,-7.4092456112004e-39,7.4092456112004e-39,-87.798089999498,1,84
1.4,110,-1.2686584351579,nan,nan,nan,0.44966194135773,2.2238929027005,nan,nan,13,2,2,68,-1.7555595089651e-40,1.7555595089651e-40,-91.540616105125,1,84
1.4,110,-1.2686584351579,nan,nan,nan,0.44966194135773,2.2238929027005,nan,nan,13,2,2,69,1.1211698869527e-39,1.1211698869527e-39,-89.686445944693,1,84
1.4,110,-1.2686584351579,nan,nan,nan,0.44966194135773,2.2238929027005,nan,nan,13,2,2,70,4.7735808022637e-40,4.7735808022637e-40,-90.540307004192,1,84
1.4,110,-1.2686584351579,nan,nan,nan,0.44966194135773,2.2238929027005,nan,nan,13,2,2,71,-6.0938754509626e-40,6.0938754509626e-40,-90.296119477385,1,84
1.4,110,-1.2686584351579,nan,nan,nan,0.44966194135773,2.2238929027005,nan,nan,13,2,2,72,5.3227480914129e-39,5.3227480914129e-39,-88.128828898248,1,84
1.4,110,-1.2686584351579,nan,nan,nan,0.44966194135773,2.2238929027005,nan,nan,13,2,2,73,1.3312929389609e-39,1.3312929389609e-39,-89.514668022194,1,84
1.4,110,-1.2686584351579,nan,nan,nan,0.44966194135773,2.2238929027005,nan,nan,13,2,2,74,7.3433045628822e-39,7.3433045628822e-39,-87.80702967253,1,84
1.4,110,-1.2686584351579,nan,nan,nan,0.44966194135773,2.2238929027005,nan,nan,13,2,2,75,2.2497439177497e-40,2.2497439177497e-40,-91.292587324356,1,84
1.4,110,-1.2686584351579,nan,nan,nan,0.44966194135773,2.2238929027005,nan,nan,13,2,2,76,6.1105457215693e-39,6.1105457215693e-39,-87.99080254144,1,84
1.4,110,-1.2686584351579,nan,nan,nan,0.44966194135773,2.2238929027005,nan,nan,13,2,2,77,-1.4162845257474e-39,1.4162845257474e-39,-89.452781715419,1,84
1.4,110,-1.2686584351579,nan,nan,nan,0.44966194135773,2.2238929027005,nan,nan,13,2,2,78,-1.9151964343191e-39,1.9151964343191e-39,-89.150998432728,1,84
1.4,110,-1.2686584351579,nan,nan,nan,0.44966194135773,2.2238929027005,nan,nan,13,2,2,79,2.1149126065438e-39,2.1149126065438e-39,-89.051805135906,1,84
1.4,110,-1.2686584351579,nan,nan,nan,0.44966194135773,2.2238929027005,nan,nan,13,2,2,80,1.8478115330493e-39,1.8478115330493e-39,-89.18681664303,1,84
1.4,110,-1.2686584351579,nan,nan,nan,0.44966194135773,2.2238929027005,nan,nan,13,2,2,81,9.7810220613122e-39,9.7810220613122e-39,-87.520374642935,1,84
1.4,110,-1.2686584351579,nan,nan,nan,0.44966194135773,2.2238929027005,nan,nan,13,2,2,82,-2.291150369959e-39,2.291150369959e-39,-88.971764590374,1,84
1.4,110,-1.2686584351579,nan,nan,nan,0.44966194135773,2.2238929027005,nan,nan,13,2,2,83,1.1671104991681e-39,1.1671104991681e-39,-89.646287591426,1,84
1.4,110,-1.2686584351579,nan,nan,nan,0.44966194135773,2.2238929027005,nan,nan,13,2,2,84,1.2356705387919e-39,1.2356705387919e-39,-89.58920485764,1,84
